,23.706613530303205,37.91265038807441,0
,23.706712341095937,37.91259345331504,0
,23.7066584442999,37.91250805109267,0
,23.706523702309806,37.91235148009202,0
,23.706433874316414,37.91228742822217,0
,23.706245235530286,37.91217355809248,0
,23.706146424737554,37.912123739854856,0
,23.705975751550103,37.91198851875269,0
,23.70588592355671,37.91192446656419,0
,23.705652370773883,37.91171095886299,0
,23.705580508379168,37.91163267254935,0
,23.70520323080691,37.911383579174334,0
,23.705104420014177,37.911347994337056,0
,23.704799004836637,37.911397813104394,0
,23.704682228445225,37.911397813104394,0
,23.70420614008023,37.91146186575528,0
,23.70409834648816,37.91147609967005,0
,23.703963604498067,37.91148321662641,0
,23.703604292524492,37.91148321662641,0
,23.703487516133077,37.91146186575528,0
,23.70336175694233,37.91143339791739,0
,23.703253963350253,37.911397813104394,0
,23.702714995389883,37.91118430386201,0
,23.702463477008383,37.91112025096743,0
,23.702211958626876,37.91107754900649,0
,23.701879595051317,37.91121277179709,0
,23.701780784258585,37.91125547367887,0
,23.701565197074437,37.91133376039728,0
,23.701457403482365,37.911376462208274,0
,23.70134960989029,37.91142628095618,0
,23.70122385069954,37.91147609967005,0
,23.700999280716054,37.911540152252215,0
,23.70089148712398,37.911575736995765,0
,23.70040641595965,37.9116824911223,0
,23.69978660280523,37.91161132172196,0
,23.69941830803231,37.91148321662641,0
,23.6990050992627,37.91101349601819,0
,23.698771546479872,37.910465484819795,0
,23.698358337710257,37.909988640557835,0
,23.698286475315545,37.90980359567655,0
,23.697954111739982,37.9097039559307,0
,23.69737022978292,37.9096968388008,0
,23.696992952210667,37.90991035239612,0
,23.696534829444353,37.90999575765928,0
,23.696310259460866,37.9099530550402,0
,23.69640008745426,37.909896118175865,0
,23.696480932648317,37.91015233371548,0
,23.6964090702536,37.910614942827586,0
,23.695672480707763,37.911383579174334,0
,23.695402996727584,37.91184618047962,0
,23.695097581550044,37.91292082757464,0
,23.694908942763917,37.91388870809785,0
,23.694873011566557,37.914458043583636,0
,23.694774200773825,37.9154828362609,0
,23.69469335557977,37.915554001884466,0
,23.694594544787034,37.91551130251867,0
,23.694513699592978,37.91500602479221,0
,23.694738269576465,37.91433706016468,0
,23.695313168734188,37.9134759370922,0
,23.695411979526924,37.91289947712423,0
,23.695519773118995,37.91211662296101,0
,23.69562756671107,37.911540152252215,0
,23.695663497908427,37.91097079399477,0
,23.69562756671107,37.91047260187472,0
,23.695879085092574,37.90971107305994,0
,23.69630127666153,37.909227106691766,0
,23.69675939942784,37.90892818468421,0
,23.696992952210667,37.90885701259713,0
,23.697684627759802,37.90851538561288,0
,23.698340372111577,37.9082733988646,0
,23.698807477677228,37.90784636146869,0
,23.69913984125279,37.906700465439094,0
,23.699256617644203,37.90614530437002,0
,23.699085944456755,37.90504920472963,0
,23.69897815086468,37.90445844290069,0
,23.698942219667323,37.90386767628934,0
,23.698708666884496,37.903134549627865,0
,23.69833138931224,37.90265765745772,0
,23.69766666216112,37.901867575511844,0
,23.69705583180604,37.90102054122301,0
,23.69561858391173,37.898927826129295,0
,23.69498978795797,37.8979597471487,0
,23.69433404360619,37.896984536958925,0
,23.693813041244503,37.89612320909479,0
,23.693166279692065,37.895169330013616,0
,23.692187154564067,37.893681538506065,0
,23.691477513416253,37.89263508325397,0
,23.690893631459186,37.89169539636815,0
,23.690255852706088,37.89046381872753,0
,23.6903277151008,37.88952410389597,0
,23.690246869906748,37.889246458563,0
,23.68992348913053,37.888733879789996,0
,23.68937553837082,37.88780838122492,0
,23.688962329601207,37.88714628659231,0
,23.68858505202895,37.88661233493506,0
,23.687830496884438,37.88567257053547,0
,23.686716629766345,37.884419532523104,0
,23.685890212227118,37.88331598692293,0
,23.685530900253543,37.88279624676731,0
,23.68482125910573,37.881820834025106,0
,23.68425534274734,37.88103052655661,0
,23.68358163279688,37.88017613048432,0
,23.68281809485303,37.879150842004755,0
,23.68246776567879,37.87862395204888,0
,23.681776090129656,37.87766272409474,0
,23.681174242573913,37.876808288627586,0
,23.68106644898184,37.876623159625744,0
,23.680320876636667,37.87575447112041,0
,23.679745977478944,37.87490713385564,0
,23.679045319130466,37.87396721883763,0
,23.67864109316019,37.873262274638215,0
,23.678344660781992,37.87274958367529,0
,23.677949417611053,37.87185236583293,0
,23.677608071236158,37.8707486303573,0
,23.67725774206192,37.869659120277404,0
,23.676485221318725,37.867522778845526,0
,23.676027098552417,37.866354885790955,0
,23.6756588037795,37.865258188734536,0
,23.675407285397995,37.86460301121137,0
,23.675074921822432,37.86362023391321,0
,23.6746796786515,37.86263744339908,0
,23.674284435480562,37.86171161415923,0
,23.6737454675202,37.85987416447225,0
,23.673628691128787,37.859489576133775,0
,23.673305310352564,37.85850673007541,0
,23.672559738007394,37.85632020629794,0
,23.6721734776358,37.855145011773736,0
,23.671859079658915,37.854062391615294,0
,23.67148180208666,37.85279456604952,0
,23.671409939691948,37.85260225350958,0
,23.67135604289591,37.852409940463794,0
,23.67103266211969,37.85147685887525,0
,23.670727246942146,37.85052951958414,0
,23.670574539353378,37.85015200501786,0
,23.67052064255734,37.850045160918825,0
,23.670484711359983,37.84994543961883,0
,23.670457762961963,37.849852841147055,0
,23.67034098657055,37.849546553058886,0
,23.670305055373195,37.84945395408195,0
,23.67024217577782,37.8492545097334,0
,23.670134382185744,37.84894109608654,0
,23.669775070212168,37.84796523135568,0
,23.66942474103793,37.84699647684388,0
,23.66875103108747,37.84546496375029,0
,23.668346805117196,37.844531793535616,0
,23.667924613548244,37.843605734986376,0
,23.667385645587874,37.84236622288481,0
,23.66689159162421,37.84131190870226,0
,23.666505331252612,37.84054253470708,0
,23.665921449295546,37.83933146665272,0
,23.665319601739807,37.83846233486698,0
,23.664654874588685,37.837578944436984,0
,23.66429556261511,37.83707312737167,0
,23.66362185266465,37.83620396875316,0
,23.663190678296356,37.83559127696417,0
,23.66266069313533,37.8348147183698,0
,23.662310363961094,37.83429463323439,0
,23.66157377441526,37.83332569764237,0
,23.660980909658857,37.832577613590885,0
,23.660397027701794,37.83210026072232,0
,23.659759248948692,37.83164427895445,0
,23.6592831605837,37.83096030097441,0
,23.65921129818899,37.83017656834507,0
,23.659301126182385,37.829556701138365,0
,23.65921129818899,37.82905795359657,0
,23.658807072218714,37.82818157468131,0
,23.6583489494524,37.827568815708936,0
,23.658016585876844,37.82657129012751,0
,23.65792675788345,37.82607964751719,0
,23.657845912689393,37.82538849217531,0
,23.65789980948543,37.82488259082878,0
,23.657756084695997,37.82407741668481,0
,23.65770218789996,37.82294445753394,0
,23.657854895488736,37.821925491871305,0
,23.657648291103925,37.82114878823719,0
,23.657271013531666,37.82042908301746,0
,23.656642217577907,37.819595356242665,0
,23.65596850762745,37.818797249921055,0
,23.65577088604198,37.81832693319242,0
,23.655582247255854,37.81784948736192,0
,23.6552049696836,37.81729365097965,0
,23.65450431133512,37.81644563606013,0
,23.65405517136815,37.815961051695616,0
,23.65340840981571,37.81512727403153,0
,23.652671820269877,37.814215096137424,0
,23.651665746743863,37.813217388552296,0
,23.651261520773588,37.812839681418694,0
,23.650785432408593,37.81237645302856,0
,23.649967997668707,37.81163528150837,0
,23.649473943705036,37.81117917222837,0
,23.648845147751274,37.810573397698185,0
,23.64820736899818,37.80988209593495,0
,23.647138415876782,37.80887007539754,0
,23.646635379113775,37.80841394889264,0
,23.645584391591058,37.80737339966973,0
,23.644811870847867,37.806568032928986,0
,23.643509364943647,37.80531363877192,0
,23.642548205414332,37.804337192084745,0
,23.641901443861887,37.80365295891142,0
,23.641452303894916,37.803168289879366,0
,23.64067080035239,37.80240564240845,0
,23.6398084516158,37.80160734869884,0
,23.639026948073273,37.800844684974614,0
,23.6379400293532,37.79974700548826,0
,23.63752682058358,37.79934784523305,0
,23.63677226543907,37.798585157982664,0
,23.635766191913056,37.79763000574077,0
,23.634598427998927,37.796518021770304,0
,23.633637268469606,37.79557709907333,0
,23.632873730525755,37.79480724424165,0
,23.632056295785866,37.793994610920734,0
,23.631247843845316,37.793203354026325,0
,23.63072684148363,37.79274000142733,0
,23.630008217536474,37.791948730983655,0
,23.629675853960915,37.791663586386875,0
,23.629559077569503,37.791663586386875,0
,23.629379421582716,37.79192021657387,0
,23.62928959358932,37.791984373980206,0
,23.62897519561244,37.79250475975558,0
,23.62852605564547,37.793053655814745,0
,23.628238606066606,37.79349562108169,0
,23.627591844514168,37.79419420590479,0
,23.627178635744553,37.79484288584764,0
,23.626855254968333,37.795805202655025,0
,23.62658577098815,37.796988478586975,0
,23.62619951061655,37.79759436549072,0
,23.625930026636368,37.797922255137124,0
,23.625238351087233,37.79869920517924,0
,23.624762262722246,37.799148264289784,0
,23.62364839560415,37.80014616356834,0
,23.622804012466247,37.800809046288606,0
,23.62218419931182,37.801265220159806,0
,23.62189674973296,37.801571710383925,0
,23.62176200774287,37.80183543350369,0
,23.62133981617392,37.80216330416633,0
,23.621258970979863,37.80234862171773,0
,23.620998469799016,37.80254819394105,0
,23.620279845851865,37.80342487976643,0
,23.619435462713955,37.80428017289778,0
,23.61866294197076,37.80509981944275,0
,23.618204819204454,37.80559160296659,0
,23.617333487668528,37.80638985325,0
,23.616569949724674,37.80714533211113,0
,23.616057930162327,37.80755157695567,0
,23.615914205372896,37.80770837260865,0
,23.61539320301121,37.8081074873014,0
,23.61487220064952,37.80847096486112,0
,23.614072731508312,37.80906250291465,0
,23.613632574340677,37.80936896050905,0
,23.61345291835389,37.80959702114228,0
,23.61299479558758,37.80988922279055,0
,23.612949881590882,37.80998187185019,0
,23.61299479558758,37.80904824904183,0
,23.613273262367102,37.8081074873014,0
,23.613192417173046,37.80713107786512,0
,23.61308462358097,37.806147528190856,0
,23.613030726784935,37.80556309386696,0
,23.613057675182958,37.805149710675394,0
,23.61299479558758,37.804565268388636,0
,23.61301276118626,37.804002203725666,0
,23.61277920840343,37.803032867076524,0
,23.612590569617307,37.801985113770876,0
,23.612330068436457,37.80104426129573,0
,23.6120426188576,37.79965434348001,0
,23.611809066074773,37.79872058900884,0
,23.611584496091286,37.797729798348655,0
,23.611512633696574,37.796738994287715,0
,23.611288063713086,37.79561274030478,0
,23.611108407726295,37.79465042096931,0
,23.61118027012101,37.793581162438315,0
,23.611234166917047,37.792811286633295,0
,23.611386874505822,37.79214833154111,0
,23.611368908907142,37.79118596670129,0
,23.611656358485998,37.790159430273555,0
,23.612024653258917,37.78916139495904,0
,23.612303120038444,37.78833444111513,0
,23.612599552416643,37.787322122843555,0
,23.61270734600872,37.78695141124597,0
,23.612572604018624,37.78668050543105,0
,23.612473793225888,37.78642385689314,0
,23.612419896429856,37.78530457359571,0
,23.612563621219287,37.784570257432954,0
,23.61266243201202,37.784199531915185,0
,23.613075640781634,37.783636310713085,0
,23.61328224516644,37.78341529867922,0
,23.613165468775026,37.78284494196431,0
,23.613192417173046,37.78263818655909,0
,23.612824122400127,37.782238933091556,0
,23.61236599963382,37.78188245494352,0
,23.61169228968336,37.78133347520472,0
,23.610883837742808,37.780613378664256,0
,23.61010233420028,37.77997170251917,0
,23.609626245835287,37.779650862340176,0
,23.608808811095397,37.77892361940218,0
,23.607784771970707,37.77822488899903,0
,23.607012251227513,37.77762597192404,0
,23.606104988494227,37.77694861933588,0
,23.60492824178076,37.77622134958983,0
,23.603832340261352,37.77554398402361,0
,23.603104733514858,37.775137561679834,0
,23.60207171159082,37.774417404274516,0
,23.60114648325886,37.773611675228636,0
,23.60005058173945,37.77277741547037,0
,23.599340940591635,37.77221410650432,0
,23.598298935868257,37.77129426357312,0
,23.59699642996404,37.77020327211403,0
,23.596295771615562,37.76962568182882,0
,23.59489445491861,37.76842770228937,0
,23.594032106182024,37.76770747897993,0
,23.593142809047418,37.76699437962561,0
,23.592091821524708,37.766259880041495,0
,23.59102286840331,37.76555389777979,0
,23.589989846479277,37.76484077748486,0
,23.58909156654533,37.76412051894875,0
,23.587914819831866,37.7633004139839,0
,23.586450623539537,37.76238759071783,0
,23.58589368998049,37.76198109545134,0
,23.58472592606637,37.76136778254011,0
,23.584079164513923,37.76101120290869,0
,23.58383662893176,37.76093275515715,0
,23.583180884579985,37.76086143894659,0
,23.58259700262292,37.760526251828175,0
,23.581267548320685,37.7596989749383,0
,23.58020757799863,37.75905711575148,0
,23.57911167647922,37.7584081190858,0
,23.577773239377642,37.75763074189577,0
,23.576623441062193,37.756988864612495,0
,23.575599401937495,37.75637550996126,0
,23.57442265522403,37.755755018061485,0
,23.573290822507264,37.75529856089995,0
,23.572401525372655,37.75484210089854,0
,23.571449348642677,37.75416453784755,0
,23.57025463633053,37.75356542425321,0
,23.569113820814426,37.75308755633151,0
,23.56783826330822,37.75243850685656,0
,23.565529683877987,37.75130443959874,0
,23.56385888320085,37.75046279344769,0
,23.562996534464265,37.749949241901476,0
,23.561577252168636,37.74907191636229,0
,23.560400505455167,37.74836576867555,0
,23.5592237587417,37.747559753415715,0
,23.558505134794547,37.7470889793457,0
,23.558020063630217,37.74671806431507,0
,23.5570139901042,37.7460689585006,0
,23.555954019782146,37.745355648786976,0
,23.55523539583499,37.74478499602455,0
,23.55473235907198,37.74450680119411,0
,23.553977803927467,37.74417153935632,0
,23.551327878122336,37.74345107788519,0
,23.55074399616527,37.74327274474599,0
,23.549432507461717,37.74303734433878,0
,23.54918098908021,37.74303734433878,0
,23.54839948553768,37.74384340926626,0
,23.5479952595674,37.74421433882514,0
,23.547096979633462,37.74527718429524,0
,23.546863426850635,37.7455125775188,0
,23.546638856867148,37.74559817486745,0
,23.546522080475736,37.74559817486745,0
,23.546611908469128,37.74587636556116,0
,23.546513097676396,37.74581930088944,0
,23.546728684860543,37.74614028909067,0
,23.546611908469128,37.746154555200334,0
,23.54659394287045,37.74598336170103,0
,23.546665805265167,37.7458977648016,0
,23.546540046074416,37.74531998311933,0
,23.54648614927838,37.74481352876804,0
,23.546270562094232,37.74385767582241,0
,23.546189716900177,37.74335121138062,0
,23.546045992110745,37.742766276268014,0
,23.545875318923297,37.74201726718364,0
,23.54564176614047,37.741360986275055,0
,23.545417196156986,37.74038368752568,0
,23.54516567777548,37.73942064318337,0
,23.54520160897284,37.739335038630394,0
,23.545102798180107,37.739156695491054,0
,23.54516567777548,37.73898548566968,0
,23.545282454166895,37.738964084413944,0
,23.54526448856822,37.73887134556695,0
,23.54488721099596,37.73865733239594,0
,23.54457281301908,37.738165099734935,0
,23.54444705382833,37.7377941396066,0
,23.54412367305211,37.73688813295206,0
,23.543440980302307,37.735625412113805,0
,23.543063702730056,37.73468370785967,0
,23.54261456276308,37.73377766282035,0
,23.542407958378273,37.73331393465574,0
,23.543090651128068,37.7330856366373,0
,23.54362961908844,37.732785994410875,0
,23.544806365801904,37.73237933514773,0
,23.545947181318013,37.731922732589254,0
,23.546980203242047,37.73155174091982,0
,23.547582050797793,37.731444723743806,0
,23.54873184911324,37.73109513321509,0
,23.54922590307691,37.73097384631628,0
,23.549423524662373,37.73083829013344,0
,23.549899613027367,37.73067419547206,0
,23.55046552938575,37.73042448550117,0
,23.551103308138853,37.730139101637484,0
,23.552127347263543,37.729775235602794,0
,23.55221717525694,37.729718158414165,0
,23.55223514085562,37.72962540788799,0
,23.5519566740761,37.729454175839614,0
,23.551273981326297,37.72862654864384,0
,23.550501460583106,37.72770615917054,0
,23.550088251813495,37.727328011315095,0
,23.549621146247844,37.72699267102189,0
,23.548893539501346,37.72619355606615,0
,23.548219829550888,37.725373027198074,0
,23.548147967156176,37.7251732448686,0
,23.547986276768064,37.724923516192526,0
,23.547564085199113,37.72433129908067,0
,23.547070031235442,37.72376761811703,0
,23.546369372886964,37.72293279152712,0
,23.54581243932792,37.722176444714954,0
,23.545758542531882,37.72198378909373,0
,23.54499500458803,37.72107758735657,0
,23.544411122630972,37.72032835700559,0
,23.543952999864658,37.719736102844216,0
,23.543342169509575,37.71888695902919,0
,23.542641511161097,37.7180806201027,0
,23.542075594802714,37.717210049556044,0
,23.54147374724697,37.71643937193914,0
,23.541087486875377,37.716061166077424,0
,23.54088088249057,37.71570436630996,0
,23.540297000533506,37.71519770766295,0
,23.53988379176389,37.714705317742876,0
,23.538446543869583,37.71334944438774,0
,23.537620126330353,37.71247168145319,0
,23.53701827877461,37.7118579547987,0
,23.536452362416227,37.71130845100284,0
,23.535679841673037,37.71052343845201,0
,23.534889355331163,37.70964564175931,0
,23.534422249765512,37.7091817612237,0
,23.533730574216374,37.708739287830376,0
,23.532841277081772,37.70802561545325,0
,23.53236518871678,37.70768305025051,0
,23.532167567131314,37.70757599829717,0
,23.53152978837821,37.70674812459235,0
,23.53100878601653,37.70633418424287,0
,23.530631508444273,37.70593451548631,0
,23.529418830533444,37.70520654180957,0
,23.52887087977374,37.7046998107783,0
,23.52878105178035,37.704528520625566,0
,23.5294996757275,37.70440718985918,0
,23.52982305650372,37.70429299601377,0
,23.5311165796086,37.70415025345748,0
,23.53224841232537,37.70405033350313,0
,23.532904156677148,37.704128842050125,0
,23.533523969831567,37.704128842050125,0
,23.53414378298599,37.704185939122546,0
,23.535033080120595,37.70429299601377,0
,23.53604813644595,37.70428585889252,0
,23.536937433580558,37.704421464077384,0
,23.537844696313837,37.70433581872659,0
,23.538186042688736,37.704250173275966,0
,23.538796873043818,37.70433581872659,0
,23.539147202218057,37.70427158464798,0
,23.538787890244482,37.70390759047561,0
,23.538042317899304,37.703279517861176,0
,23.53689251958386,37.7023873600353,0
,23.535859497659825,37.70152374094566,0
,23.534943252127203,37.70059587441892,0
,23.534341404571457,37.700103386658434,0
,23.533784471012414,37.69974650940797,0
,23.533452107436855,37.6996180331737,0
,23.53252687910489,37.69913267648453,0
,23.532005876743206,37.698561664512376,0
,23.531520805578875,37.69796923490351,0
,23.53064049124361,37.69712697736189,0
,23.529903901697775,37.69631326175936,0
,23.529167312151944,37.69554950295648,0
,23.52853851619818,37.694821426430885,0
,23.52828699781668,37.694614422965145,0
,23.52778396105367,37.69392202782778,0
,23.5266970423336,37.692844162628525,0
,23.526382644356715,37.692430143981085,0
,23.52632874756068,37.692244548658266,0
,23.52597841838644,37.69172345159411,0
,23.525502330021453,37.691080998076025,0
,23.52525979443929,37.690881122503434,0
,23.52504420725514,37.69086684565602,0
,23.524774723274955,37.69065269261235,0
,23.524675912482223,37.690167276737846,0
,23.524208806916572,37.68972468888323,0
,23.523014094604427,37.68918215820182,0
,23.522079883473126,37.688711009889325,0
,23.521154655141164,37.68813991697892,0
,23.5205258591874,37.687704455654774,0
,23.51942097486865,37.687176187636446,0
,23.518882006908285,37.68699771785385,0
,23.51834303894792,37.68664077698939,0
,23.516339874695227,37.685834084254296,0
,23.515522439955337,37.6854414429961,0
,23.514390607238568,37.68503452166217,0
,23.51418400285376,37.68493457572701,0
,23.51403129526499,37.684677571270115,0
,23.513923501672917,37.684641876135615,0
,23.5138067252815,37.684677571270115,0
,23.512746754959448,37.68420639410011,0
,23.511543059847966,37.683913691611004,0
,23.51117476507505,37.683856578794376,0
,23.51081545310147,37.68384943968918,0
,23.509656671986683,37.68332114398194,0
,23.509018893233584,37.68304985552266,0
,23.50813857889832,37.68241446547837,0
,23.506584554612594,37.68152205446329,0
,23.506009655454868,37.681193644484594,0
,23.505300014307053,37.680686747943916,0
,23.504725115149327,37.68034405534596,0
,23.50375497282067,37.67960868875801,0
,23.50300041767616,37.6791017812961,0
,23.50219196573561,37.67865198724326,0
,23.501455376189774,37.67835926265233,0
,23.500817597436672,37.67780950844355,0
,23.500521165058473,37.677666714470504,0
,23.50008999069018,37.67752392022029,0
,23.499497125933775,37.677209771894276,0
,23.498850364381337,37.67680280502297,0
,23.498616811598513,37.676752826480076,0
,23.498473086809085,37.67661717026391,0
,23.49848206960842,37.67652435270873,0
,23.498158688832202,37.67641725538418,0
,23.497449047684388,37.67633157741229,0
,23.496631612944498,37.67613880161077,0
,23.49549978022773,37.67579608782757,0
,23.494583534695106,37.67557475099419,0
,23.493927790343328,37.67537483328205,0
,23.49358644396843,37.6751320753299,0
,23.4927600264292,37.67496785626107,0
,23.49214021327478,37.67481077680876,0
,23.49102634615669,37.67455373698165,0
,23.490702965380464,37.67445377680641,0
,23.489454356272287,37.6741681755574,0
,23.488816577519184,37.674039654633674,0
,23.487585934009683,37.67370407116339,0
,23.486786464868473,37.67358268953128,0
,23.485986995727263,37.673297084901165,0
,23.485367182572844,37.67315428217044,0
,23.484073659467963,37.672947217718566,0
,23.482735222366387,37.672718732129965,0
,23.48143271646217,37.67264733023801,0
,23.480166141755305,37.672440264359615,0
,23.47952836300221,37.67247596541471,0
,23.478755842259012,37.672625909656944,0
,23.478046201111198,37.672790133952624,0
,23.477300628766027,37.67313286173694,0
,23.47627658964133,37.67352556869395,0
,23.475548982894836,37.67371121125317,0
,23.47439020178005,37.67408963501956,0
,23.472970919484418,37.67455373698165,0
,23.47177620717227,37.67490359652567,0
,23.470554546462107,37.67528915409629,0
,23.470204217287872,37.67537483328205,0
,23.469952698906365,37.67536055342468,0
,23.46959338693279,37.675453372448025,0
,23.468973573778367,37.675803227714326,0
,23.468317829426585,37.676260179026166,0
,23.46814715623914,37.67652435270873,0
,23.468111225041778,37.67672426729746,0
,23.467590222680094,37.67726688987149,0
,23.46760818827877,37.67735970648994,0
,23.467706999071506,37.677416824350765,0
,23.46793156905499,37.67738826542588,0
,23.468039362647065,37.676424395210674,0
,23.468236984232533,37.676174500871376,0
,23.46835376062395,37.676195920419424,0
,23.468371726222625,37.675924605683335,0
,23.468219018633853,37.67527487422228,0
,23.46828189822923,37.67499641612544,0
,23.468578330607436,37.674575157001534,0
,23.468829848988936,37.67436809654811,0
,23.468955608179687,37.67398253415108,0
,23.468811883390256,37.67350414836852,0
,23.468757986594223,37.67331136515901,0
,23.469000522176387,37.67285439553376,0
,23.469045436173083,37.67256164787625,0
,23.469153229765155,37.67253308706682,0
,23.46927000615657,37.67256164787625,0
,23.469278988955907,37.671976149067255,0
,23.469341868551282,37.67179050213067,0
,23.469314920153263,37.671690538201595,0
,23.468757986594223,37.67151203084762,0
,23.46849748541338,37.671476329324896,0
,23.468138173439797,37.67146204871091,0
,23.46782377546292,37.67198328932469,0
,23.46778784426556,37.672283179511446,0
,23.467742930268866,37.672376002416804,0
,23.467266841903875,37.67241170350309,0
,23.46680871913756,37.67226889905407,0
,23.46618890598314,37.67217607601362,0
,23.465946370400978,37.671990429581406,0
,23.465937387601635,37.67179764240612,0
,23.46606314679239,37.671526311451885,0
,23.46658414915408,37.67203327110733,0
,23.46698837512435,37.6723902828534,0
,23.467042271920388,37.67277585359363,0
,23.466925495528976,37.673068600398956,0
,23.46669194274615,37.67312572159104,0
,23.466449407163985,37.67312572159104,0
,23.46600026719701,37.67323996384215,0
,23.465946370400978,37.67342560712193,0
,23.46601823279569,37.67453231695555,0
,23.466170940384462,37.67501069605347,0
,23.46651228675936,37.675838927137775,0
,23.46649432116068,37.6760459834521,0
,23.466449407163985,37.67614594146427,0
,23.46634161357191,37.676181640721424,0
,23.46573976601617,37.67600314426247,0
,23.4652457120525,37.67607454289801,0
,23.465173849657784,37.67614594146427,0
,23.4652457120525,37.67653863234022,0
,23.465506213233343,37.67672426729746,0
,23.465614006825415,37.67676710606721,0
,23.46569485201947,37.67670284790322,0
,23.465757731614847,37.67620306026741,0
,23.465560110029383,37.675539051442556,0
,23.465218763654484,37.67499641612544,0
,23.465048090467032,37.67486075667087,0
,23.46478758928619,37.67489645655158,0
,23.464589967700725,37.6751320753299,0
,23.4642665869245,37.6757461086008,0
,23.46347610058263,37.67646723415504,0
,23.463260513398485,37.67683136417511,0
,23.462703579839438,37.677202632143995,0
,23.461841231102856,37.677888045010626,0
,23.460853123175514,37.67841637973714,0
,23.460350086412507,37.6788376168682,0
,23.459568582869974,37.67945161921371,0
,23.459460789277905,37.67948731686684,0
,23.45934401288649,37.67944447968099,0
,23.459236219294418,37.67926599113807,0
,23.459119442903003,37.67858059110897,0
,23.459209270896398,37.678523474151646,0
,23.459245202093754,37.67871624370491,0
,23.459514686073938,37.67902324602472,0
,23.460188396024396,37.67943020061348,0
,23.460951933968246,37.679815734463126,0
,23.461059727560322,37.67976575796697,0
,23.461140572754378,37.67920887471287,0
,23.461131589955034,37.678630568410256,0
,23.461248366346453,37.67782378782562,0
,23.46125734914579,37.67723833088844,0
,23.461463953530597,37.676674288701214,0
,23.461508867527293,37.675631870240736,0
,23.461553781523993,37.675346273564536,0
,23.461437005132577,37.67483933673412,0
,23.461203452349753,37.674360956522065,0
,23.46091600277089,37.67398967421382,0
,23.460826174777495,37.673903993415095,0
,23.460754312382782,37.6738183125166,0
,23.460682449988067,37.673732631518334,0
,23.46059262199467,37.673654090515605,0
,23.460305172415808,37.67321140329601,0
,23.460179413225056,37.67261162926607,0
,23.46012551642902,37.67210467359511,0
,23.460017722836948,37.671690538201595,0
,23.460080602432324,37.67161913531197,0
,23.460727363984763,37.67192616724578,0
,23.461445987931917,37.672154655295344,0
,23.46215562907973,37.6723902828534,0
,23.462730528237458,37.67266875081289,0
,23.46282933903019,37.672740152684035,0
,23.4629461154216,37.67280441430883,0
,23.46312577140839,37.67292579722478,0
,23.463233565000465,37.67300433900489,0
,23.46349406618131,37.67325424411106,0
,23.464257604125162,37.67423957597357,0
,23.465209780855144,37.675731828815486,0
,23.465335540045896,37.67591032593268,0
,23.465560110029383,37.6758603467835,0
,23.465703834818814,37.67609596247518,0
,23.46573976601617,37.67646723415504,0
,23.465937387601635,37.67658861102864,0
,23.466117043588422,37.67683136417511,0
,23.466745839542188,37.677416824350765,0
,23.46766208507481,37.678037978224005,0
,23.469305937353926,37.67880191889977,0
,23.46943169654468,37.67879477930401,0
,23.469305937353926,37.67895185025071,0
,23.469332885751943,37.67885903564093,0
,23.469225092159874,37.67887331481928,0

,23.46923407495921,37.678894733581615,0
,23.469332885751943,37.67884475645978,0
,23.469467627742038,37.678709104100804,0
,23.46943169654468,37.67862342879786,0
,23.469350851350626,37.67855203263586,0
,23.46924305775855,37.678502055281214,0
,23.46912628136714,37.67846635714997,0
,23.469009504975723,37.67843065900142,0
,23.468883745784975,37.67840210047009,0
,23.4687759521929,37.67839496083552,0
,23.468632227403468,37.67837354192771,0
,23.468524433811396,37.678337843734106,0
,23.468434605818004,37.67827358694197,0
,23.46835376062395,37.678187911131836,0
,23.46810224224244,37.677830927515636,0
,23.468048345446405,37.677738111491685,0
,23.46752734308472,37.67673854689014,0
,23.46700634072303,37.67577466816313,0
,23.46658414915408,37.675153495181426,0
,23.46653923515738,37.67506781573792,0
,23.466152974785786,37.67442521673141,0
,23.466117043588422,37.67392541362413,0
,23.465910439203622,37.67338990652756,0
,23.465892473604942,37.673297084901165,0
,23.46600026719701,37.67326138424449,0
,23.46609009519041,37.67331136515901,0
,23.466548217956717,37.6732685243772,0
,23.466638045950113,37.67321854343356,0
,23.46670990834483,37.67284725536086,0
,23.46635059637125,37.67208325285607,0
,23.46600026719701,37.67158343384119,0
,23.465892473604942,37.671090751775466,0
,23.465452316437307,37.670191062970154,0
,23.465182832457124,37.66929850368352,0
,23.465003176470333,37.66828454320013,0
,23.464742675289493,37.667827542358914,0
,23.464356414917898,37.66682070236776,0
,23.464015068543,37.66576386259623,0
,23.463655756569416,37.66479269915663,0
,23.463233565000465,37.663757253434305,0
,23.46300001221764,37.662986015431485,0
,23.462667648642082,37.66204338023217,0
,23.46222749147445,37.661122156897605,0
,23.46175140310946,37.659993821137256,0
,23.461275314744466,37.65905828913367,0
,23.460826174777495,37.658108462036736,0
,23.460341103613167,37.65721575622613,0
,23.45995484324157,37.656330181367416,0
,23.459900946445536,37.65623019643998,0
,23.45939790968253,37.655308900362016,0
,23.45918232249838,37.654830393199404,0
,23.458643354538015,37.653823375430306,0
,23.458293025363776,37.65332343241498,0
,23.457807954199446,37.65278063329795,0
,23.45736779703181,37.65200928030147,0
,23.456774932275408,37.65130934188646,0
,23.456406637502496,37.650816524113395,0
,23.45614613632165,37.650295133603805,0
,23.455840721144106,37.64978088181401,0
,23.455077183200256,37.64819524952334,0
,23.45467295722998,37.647509560121684,0
,23.45422381726301,37.6466238685296,0
,23.45408009247358,37.6461738759792,0
,23.453657900904627,37.64549531058559,0
,23.453325537329064,37.64488816782918,0
,23.452714706973985,37.643952443898804,0
,23.452058962622203,37.64304528034356,0
,23.451555925859196,37.64218810766393,0
,23.45114271708958,37.641123771038906,0
,23.450630697527235,37.64008084909417,0
,23.450019867172152,37.639080773088715,0
,23.449489882011125,37.638080683507546,0
,23.449022776445474,37.63705200577546,0
,23.44851075688313,37.63614475724549,0
,23.448214324504924,37.635701844456285,0
,23.447890943728705,37.63493745644485,0
,23.447118422985515,37.633687272046316,0
,23.44674114541326,37.63292286313618,0
,23.4460674354628,37.631508328538985,0
,23.445339828716303,37.63003661220869,0
,23.44458527357179,37.6285791554227,0
,23.44402834001275,37.62736458608418,0
,23.44366004523983,37.62641435023503,0
,23.442932438493337,37.62417803256606,0
,23.44256414372042,37.623006260756625,0
,23.442357539335614,37.62221316073034,0
,23.442088055355427,37.62123427776196,0
,23.4418994165693,37.62029110815422,0
,23.441396379806292,37.61796171333268,0
,23.441081981829413,37.616782697104284,0
,23.440965205437998,37.61651830905911,0
,23.440731652655174,37.61631108533396,0
,23.440516065471027,37.61576086778938,0
,23.44033640948424,37.61551076754817,0
,23.44018370189547,37.6150177103023,0
,23.439483043546993,37.61318122169633,0
,23.439141697172094,37.6122165109149,0
,23.438692557205123,37.611258933658796,0
,23.43853086681701,37.61066580121191,0
,23.438135623646076,37.609922592376236,0
,23.43764156968241,37.609136497957515,0
,23.43724632651147,37.608171734264886,0
,23.43693192853459,37.60712834599307,0
,23.436527702564316,37.60618499594651,0
,23.436410926172904,37.60600632980604,0
,23.43633008097885,37.605913423241994,0
,23.436249235784793,37.60584195657461,0
,23.43619533898876,37.605756196482346,0
,23.435988734603953,37.605148726307654,0
,23.435809078617165,37.604569838309516,0
,23.435773147419802,37.60446978313333,0
,23.43572823342311,37.604376874633914,0
,23.43567433662707,37.604283966017476,0
,23.435521629038302,37.60385515550215,0
,23.435476715041602,37.603740805610386,0
,23.435422818245566,37.60355498665824,0
,23.435279093456135,37.60304040865555,0
,23.434955712679916,37.6019898007546,0
,23.434587417907,37.60103923785627,0
,23.434183191936725,37.59947399857623,0
,23.433859811160502,37.59848051897459,0
,23.43358134438098,37.59729404379299,0
,23.43337473999617,37.59661502832814,0
,23.433168135611364,37.59612899236875,0
,23.43299746242392,37.59554288592433,0
,23.432871703233165,37.59472804727861,0
,23.43255730525628,37.59367017315702,0
,23.43230578687478,37.59270520718516,0
,23.431614111325644,37.59008901374013,0
,23.43052719260557,37.58581426860988,0
,23.43019482903001,37.5844131277065,0
,23.429646878270304,37.58237570700191,0
,23.429206721102673,37.5808458172987,0
,23.428461148757503,37.57792893039633,0
,23.427931163596476,37.57586273245112,0
,23.427571851622893,37.57442565411547,0
,23.42737423003743,37.57341038788574,0
,23.427230505247998,37.57293134897292,0
,23.42700593526451,37.571837412641045,0
,23.42675441688301,37.57083641095025,0
,23.426529846899523,37.56989974708088,0
,23.426152569327265,37.568877268379815,0
,23.42593698214312,37.56787622656817,0
,23.425622584166238,37.56671786125345,0
,23.425406996982094,37.56570248906187,0
,23.425191409797943,37.56445113089377,0
,23.42462549343956,37.56173382302411,0
,23.424409906255416,37.56068977815939,0
,23.42420330187061,37.55962426510606,0
,23.42400568028514,37.55867315658185,0
,23.42383500709769,37.557707733152874,0
,23.423610437114206,37.5566207227877,0
,23.42339484993006,37.55541927167421,0
,23.423116383150536,37.5539817955677,0
,23.422936727163748,37.5529376411622,0
,23.42269419158158,37.551907775790404,0
,23.42262232918687,37.55141429354713,0
,23.422532501193473,37.550520295584256,0
,23.422280982811966,37.549218615215175,0
,23.421993533233103,37.54785254138338,0
,23.42191268803905,37.54719452822448,0
,23.421724049252923,37.54588563680927,0
,23.42148151367076,37.544684011170645,0
,23.42131982328265,37.54372555766996,0
,23.4211042360985,37.541601179870895,0
,23.42098745970709,37.5405425445759,0
,23.420816786519637,37.53945528173772,0
,23.420691027328886,37.53841807531332,0
,23.420538319740118,37.53705180188658,0
,23.42047544014474,37.53567834975179,0
,23.420421543348706,37.53510607049993,0
,23.420232904562575,37.53402588134313,0
,23.420116128171166,37.53295283013508,0
,23.419999351779747,37.53170091738056,0
,23.419792747394947,37.529933895885904,0
,23.41965800540485,37.5290181758319,0
,23.419873592589,37.52876062752404,0
,23.419972403381735,37.528266990760635,0
,23.419909523786355,37.52755872356316,0
,23.419918506585695,37.526979227175374,0
,23.419855626990323,37.52609208810803,0
,23.41946936661872,37.52535518224509,0
,23.418759725470906,37.52448233279405,0
,23.41842736189535,37.52397435829073,0
,23.417663823951496,37.52313726593591,0
,23.416882320408966,37.52237171164413,0
,23.41565167689946,37.52109815517817,0
,23.41557981450475,37.520697481194745,0
,23.415732522093517,37.5202181005421,0
,23.41646911163935,37.51930941525899,0
,23.416999096800378,37.51844364960785,0
,23.417915342333,37.51774959875389,0
,23.418571086684782,37.51718433603181,0
,23.419460383819384,37.516053797633376,0
,23.420062231375127,37.51522377110487,0
,23.42100542530577,37.514329335544936,0
,23.421813877246315,37.51377835785927,0
,23.42257741519017,37.51343488917444,0
,23.42304452075582,37.51312004147965,0
,23.424077542679854,37.512611988965766,0
,23.424742269830972,37.512168334622196,0
,23.42499378821248,37.512096777220954,0
,23.42609867253123,37.51249034207167,0
,23.427715576412325,37.513034173694045,0
,23.428865374727778,37.51346351162573,0
,23.43010500103662,37.5138856914964,0
,23.431120057361976,37.514243469162466,0
,23.431757836115075,37.51429355789766,0
,23.43248544286157,37.514243469162466,0
,23.43374303476909,37.5140717360986,0
,23.435180282663403,37.513764046695904,0
,23.435898906610554,37.51363524610099,0
,23.436482788567623,37.51363524610099,0
,23.436725324149787,37.51342773355988,0
,23.4374349652976,37.513062796300304,0
,23.43857578081371,37.512418784981755,0
,23.438971023984642,37.51201806399964,0
,23.4395998199384,37.511159368874786,0
,23.440048959905376,37.510672770548354,0
,23.440875377444605,37.50989277538055,0
,23.44170179498383,37.5091270840557,0
,23.44256414372042,37.50841147752607,0
,23.443920546420674,37.507552740558246,0
,23.444387651986325,37.50721639919741,0
,23.444504428377737,37.50694446251176,0
,23.4447469639599,37.506736931211115,0
,23.446516575429776,37.50597120724055,0
,23.44747773495909,37.50563485869369,0
,23.44874430966595,37.50538438537878,0
,23.449202432432266,37.50529850861861,0
,23.449813262787348,37.50540585455329,0
,23.450873233109398,37.505735047782366,0
,23.45119661388562,37.50566348416144,0
,23.451690667849288,37.504776089514344,0
,23.45194218623079,37.50391015383812,0
,23.45229251540503,37.5034091946899,0
,23.45295724255615,37.50300126830808,0
,23.453163846940956,37.50289391888665,0
,23.453415365322464,37.50255755635824,0
,23.453415365322464,37.50246451964442,0
,23.453011139352185,37.50212099845745,0
,23.45296622535549,37.5019420805413,0
,23.45345129651982,37.50169159473229,0
,23.453478244917836,37.50151267577844,0
,23.454035178476882,37.50119777736954,0
,23.453460279319156,37.50152698931066,0
,23.45275962097068,37.50200649104091,0
,23.452669792977286,37.50227128917286,0
,23.452696741375306,37.50236432612951,0
,23.452921311358793,37.50241442290391,0
,23.453244692135012,37.5022856025584,0
,23.453532141713875,37.50197786415911,0
,23.453478244917836,37.5020637447713,0
,23.45354112451321,37.5019921776014,0
,23.45345129651982,37.5021496252839,0
,23.45355010731255,37.50197786415911,0
,23.45343333092114,37.502135311872046,0
,23.453532141713875,37.50197786415911,0
,23.45339739972378,37.502128155165096,0
,23.453505193315856,37.501963550714045,0
,23.453325537329064,37.50219972220356,0
,23.453217743736992,37.502242662393435,0
,23.453065036148224,37.50200649104091,0
,23.452256584207674,37.50159140017142,0
,23.451735581845984,37.5011763069747,0
,23.451088820293545,37.50036758423528,0
,23.450792387915342,37.499959641094634,0
,23.450756456717986,37.499752090213065,0
,23.450963061102794,37.49922963197012,0
,23.451205596684957,37.49891472385126,0
,23.451600839855896,37.498692855963334,0
,23.451978117428148,37.49832784605598,0
,23.452723689773325,37.49803440541404,0
,23.45354112451321,37.497876948980434,0
,23.453792642894715,37.497862634742596,0
,23.45487057881545,37.497812534888375,0
,23.456065291127594,37.497633606560825,0
,23.45643358590051,37.497590663697885,0
,23.456667138683336,37.49750477789727,0
,23.45743965942653,37.49721849117583,0
,23.457646263811338,37.497125447753064,0
,23.457951678988877,37.49698946100176,0
,23.459083511705646,37.496130591540044,0
,23.459424858080542,37.495715467729326,0
,23.46063753599137,37.4944056652791,0
,23.461320228741165,37.493625498712724,0
,23.46189512789889,37.49326046382726,0
,23.462577820648686,37.493002791060086,0
,23.463547962977348,37.492866796738205,0
,23.46415879333243,37.49279522067902,0
,23.46497622807232,37.492802378288054,0
,23.466170940384462,37.49293121513232,0
,23.467392601094627,37.492895427142514,0
,23.468030379847725,37.492888269542476,0
,23.468901711383655,37.492945530323404,0
,23.4696652493275,37.49290258474185,0
,23.471120462820494,37.49265206835313,0
,23.472351106329995,37.492580492086425,0
,23.47422851139194,37.49240870876407,0
,23.474471046974102,37.49236576287123,0
,23.47532441291135,37.49192914488046,0
,23.475665759286247,37.49183609481198,0
,23.476294555240006,37.491850410214745,0
,23.476878437197072,37.491692940632234,0
,23.47821687429865,37.49077674732965,0
,23.47979784698239,37.48971738469564,0
,23.480750023712368,37.489037380426055,0
,23.482268116800736,37.4879207282935,0
,23.48334605272147,37.4870331210005,0
,23.484801266214454,37.48600949615919,0
,23.485519890161612,37.48555136577425,0
,23.48652596368763,37.484899956754944,0
,23.4876128824077,37.48413400695457,0
,23.488511162341645,37.48347542696273,0
,23.491143122548102,37.4816786191669,0
,23.492059368080724,37.48107728730412,0
,23.49293069961665,37.48064060277343,0
,23.493972704340024,37.48006073900902,0
,23.495257244645565,37.47942359951687,0
,23.49558960822112,37.479001223125884,0
,23.496604664546478,37.47848577748856,0
,23.497745480062587,37.4780991909076,0
,23.49880545038464,37.47764817068069,0
,23.49958695392717,37.4772114659404,0
,23.500521165058473,37.476731803669736,0
,23.501257754604307,37.47620918303453,0
,23.50185960216005,37.475607806784026,0
,23.502569243307864,37.47478448614609,0
,23.50396157720548,37.473438516186754,0
,23.504671218353295,37.47260085232919,0
,23.50541679069847,37.47167726325592,0
,23.506422864224483,37.47072502371177,0
,23.507258264563053,37.47003052550232,0
,23.50780621532276,37.469643894813444,0
,23.508461959674538,37.46882050792214,0
,23.509899207568846,37.466908783087845,0
,23.510671728312037,37.46607104543367,0
,23.511399335058535,37.4652404585844,0
,23.512180838601065,37.46445282452761,0
,23.513231826123782,37.463471850410464,0
,23.51404027806433,37.4627414816894,0
,23.51562125074807,37.46110886676718,0
,23.516357840293903,37.46034983179837,0
,23.517292051425205,37.459526341676494,0
,23.518091520566415,37.45881025587563,0
,23.51884607571093,37.457936621833824,0
,23.519519785661387,37.45703433324849,0
,23.520507893588725,37.45626093429445,0
,23.52133431112795,37.45521540066406,0
,23.522600885834812,37.45386191400444,0
,23.52322968178857,37.45305983617981,0
,23.52442439410072,37.45144849290503,0
,23.525223863241926,37.450381406313916,0
,23.525906555991728,37.44957212906582,0
,23.52651738634681,37.44874135739688,0
,23.52739770068207,37.44774585150451,0
,23.528071410632528,37.44692938346291,0
,23.528448688204787,37.44652114607227,0
,23.529122398155245,37.44556858342421,0
,23.531080648411244,37.4431620548854,0
,23.53180825515774,37.442230936590356,0
,23.532463999509517,37.44124966851046,0
,23.533263468650723,37.44003201854376,0
,23.533874299005806,37.4390578841834,0
,23.534503094959568,37.43818401747872,0
,23.53505104571927,37.4372886515749,0
,23.53579661806445,37.435920511608884,0
,23.536326603225476,37.434924833682295,0
,23.53688353678452,37.43415120420105,0
,23.536874553985182,37.43395779557073,0
,23.536173895636704,37.433055215298246,0
,23.53541934049219,37.43232454703837,0
,23.534727664943052,37.43149358223645,0
,23.534395301367496,37.43107809634684,0
,23.533640746222982,37.43034024498294,0
,23.532850259881112,37.42960954999635,0
,23.531996893943866,37.42874273583193,0
,23.531448943184156,37.428112319172925,0
,23.530586594447573,37.42726697934124,0
,23.5295445897242,37.42622103707348,0
,23.52889782817176,37.425425824529626,0
,23.52843072260611,37.42477388717125,0
,23.528143273027247,37.42432970679099,0
,23.52739770068207,37.42366343123792,0
,23.526894663919062,37.42336253064116,0
,23.526158074373228,37.42258161626045,0
,23.52534063963334,37.42174337792301,0
,23.524702860880243,37.420940952871454,0
,23.523795598146958,37.42002388505135,0
,23.522699696627544,37.41910680590511,0
,23.521936158683694,37.41831868196484,0
,23.521100758345128,37.41735859240929,0
,23.520310272003258,37.41659194482136,0
,23.519645544852136,37.41579662914685,0
,23.51881014451357,37.41508012124629,0
,23.51802864097104,37.41409132899163,0
,23.517247137428505,37.413295986538344,0
,23.51655546187937,37.41250780093024,0
,23.515917683126272,37.412034885550625,0
,23.515118213985062,37.4111893626708,0
,23.514399590037904,37.410372492442576,0
,23.513959432870273,37.40992106030462,0
,23.513231826123782,37.40915433594227,0
,23.512558116173324,37.408308780273195,0
,23.511561025446646,37.40729123442001,0
,23.510887315496188,37.406488653211056,0
,23.50989022476951,37.4053420935861,0
,23.509063807230277,37.40435317169714,0
,23.50812959609898,37.40328540792227,0
,23.507599610937948,37.40271927191076,0
,23.50704267737891,37.40193097407694,0
,23.507060642977585,37.401737481512114,0
,23.50712352257296,37.40165865106348,0
,23.506710313803346,37.40105667033424,0
,23.50555153268856,37.39965919626829,0
,23.504877822738102,37.39881353253128,0
,23.504105301994908,37.397881857950686,0
,23.503332781251718,37.39706484139822,0
,23.502569243307864,37.39623348200209,0
,23.501724860169958,37.395473783387395,0
,23.50118589220959,37.394656740361334,0
,23.500619975851208,37.39399736575604,0
,23.49995524870009,37.39318030649942,0
,23.499191710756236,37.392270063242165,0
,23.498518000805777,37.391431482817275,0
,23.498149706032866,37.39092259606663,0
,23.49764666926985,37.39047104575097,0
,23.496910079724017,37.38966111529652,0
,23.49609264498413,37.388786667199845,0
,23.495059623060094,37.38753231795373,0
,23.494314050714923,37.38674385902332,0
,23.49389185914597,37.38626361175881,0
,23.493397805182298,37.38569017812572,0
,23.49258935324175,37.384808515287055,0
,23.491807849699217,37.383941178227886,0
,23.491008380558007,37.383088167450005,0
,23.490307722209533,37.38227815656051,0
,23.48958909826238,37.38148964190906,0
,23.489148941094747,37.38102369750283,0
,23.488681835529096,37.380457391909204,0
,23.488286592358158,37.38007029446491,0
,23.487558985611663,37.378923327243825,0
,23.486705619674417,37.377747667482794,0
,23.48622054851009,37.377453749638455,0
,23.485995978526603,37.37736772468379,0
,23.485295320178125,37.3765863267886,0
,23.484513816635598,37.37582642738328,0
,23.483741295892404,37.375102365066,0
,23.48300470634657,37.37429943623413,0
,23.482591497576955,37.37391230673598,0
,23.481801011235085,37.373130872536336,0
,23.480911714100483,37.3723350916574,0
,23.480309866544737,37.37172570414727,0
,23.47995055457116,37.37146043978916,0
,23.479195999426647,37.370693318619416,0
,23.4783875474861,37.369983545257504,0
,23.47757011274621,37.36941715559527,0
,23.47720181797329,37.36901566157725,0
,23.47625862404265,37.36811229211398,0
,23.475719656082287,37.367732300093884,0
,23.474659685760233,37.367101365660545,0
,23.47415664899722,37.36665684046047,0
,23.47342904225073,37.36584665060265,0
,23.472602624711502,37.365151170855476,0
,23.471740275974913,37.36437681462219,0
,23.470958772432386,37.363401687901295,0
,23.470320993679284,37.36244805896881,0
,23.469817956916277,37.361573290854714,0
,23.469278988955907,37.360583786658296,0
,23.468731038196204,37.35969465572225,0
,23.467338704298587,37.35803109189055,0
,23.466682959946812,37.35709890624507,0
,23.466224837180498,37.356188221300926,0
,23.465802645611546,37.35506239852626,0
,23.46562298962476,37.35451740813604,0
,23.46555112723004,37.35391504569358,0
,23.46556909282872,37.353420244326216,0
,23.465829594009566,37.35244497402928,0
,23.466251785578518,37.351519889659514,0
,23.466422458765965,37.35095335944684,0
,23.466377544769273,37.35067367838511,0
,23.466296699575217,37.3506091364524,0
,23.46639551036795,37.35065216441375,0
,23.466296699575217,37.35132626589459,0
,23.465883490805602,37.35227286617982,0
,23.465892473604942,37.35277484629513,0
,23.466009249996354,37.35294695298391,0
,23.46698837512435,37.35354215221484,0
,23.468057328245745,37.354029781772766,0
,23.469189160962515,37.3544528695361,0
,23.470886910037667,37.354954834949524,0
,23.471731293175576,37.35519147461311,0
,23.472396020326695,37.35527752521335,0
,23.47325836906328,37.35529903784785,0
,23.47435427058269,37.355456796977606,0
,23.4754950860988,37.35582251003776,0
,23.476204727246614,37.35600178048935,0
,23.477453336354795,37.35616670892342,0
,23.478297719492705,37.356231246037254,0
,23.478971429443163,37.35604480533348,0
,23.479519380202866,37.35568626420579,0
,23.47983377817975,37.355377917454526,0
,23.47992360617314,37.35519864550025,0
,23.48012122775861,37.35494766403887,0
,23.480453591334168,37.35484727121734,0
,23.48076798931105,37.35475404919038,0
,23.480705109715675,37.354581946680014,0
,23.480776972110387,37.35450306622977,0
,23.48072307531435,37.35441701473415,0
,23.480399694538132,37.35435247604716,0
,23.48062426452162,37.3543955018447,0
,23.48072307531435,37.35434530507848,0
,23.480830868906427,37.35435247604716,0
,23.48101950769255,37.35412300470685,0
,23.48109137008727,37.35394372972996,0
,23.480902731301143,37.35418037260826,0
,23.480974593695855,37.354438527617404,0
,23.481163232481983,37.35456043383822,0
,23.48150457885688,37.3546393142277,0
,23.481827959633105,37.35454609194027,0
,23.482286082399416,37.354137346686336,0
,23.482384893192148,37.35409432073956,0
,23.48225015120206,37.35385767758768,0
,23.482384893192148,37.35415885965041,0
,23.482366927593468,37.3542520824228,0
,23.482564549178935,37.35433813410913,0
,23.482825050359782,37.35415168866306,0
,23.482914878353174,37.35389353265907,0
,23.4828519987578,37.35371425712947,0
,23.482923861152518,37.35398675576381,0
,23.484271281053427,37.35434530507848,0
,23.48493600820455,37.35448155336518,0
,23.484819231813137,37.35450306622977,0
,23.48491804260587,37.354438527617404,0
,23.484810249013798,37.354402672808554,0
,23.48491804260587,37.354409843771684,0
,23.48486414580983,37.35450306622977,0
,23.484855163010494,37.354402672808554,0
,23.484962956602565,37.35444569857709,0

,23.484666524224366,37.354581946680014,0
,23.484432971441542,37.354409843771684,0
,23.484343143448147,37.35433813410913,0
,23.48411857346466,37.354409843771684,0
,23.484010779872584,37.35446004049441,0
,23.48382214108646,37.354581946680014,0
,23.483732313093064,37.35464648516803,0
,23.4834897775109,37.354868783976215,0
,23.483390966718165,37.35494766403887,0
,23.48299572354723,37.35532055047616,0
,23.482914878353174,37.35539943006002,0
,23.48262742877431,37.355722118396294,0
,23.48253760078092,37.35579382672545,0
,23.482124392011304,37.35600895129842,0
,23.481639320846977,37.35615953812954,0
,23.481199163679342,37.35633880776932,0
,23.480238004150024,37.35679773607948,0
,23.480094279360593,37.35695549203251,0
,23.48015715895597,37.357134759755056,0
,23.480471556932848,37.357249490870856,0
,23.480669178518312,37.357342709772226,0
,23.480651212919636,37.35752914722466,0
,23.480022416965873,37.35780163189194,0
,23.47983377817975,37.357930703228206,0
,23.479258879022026,37.358052603729135,0
,23.47817196030195,37.35850435090334,0
,23.477363508361403,37.3589560953353,0
,23.476689798410945,37.35920706327926,0
,23.475477120500123,37.35942934846569,0
,23.47516272252324,37.35956558744531,0
,23.47467765135891,37.36003883669965,0
,23.474542909368818,37.36019658578228,0
,23.474471046974102,37.36027546019822,0
,23.47439020178005,37.36034716414015,0
,23.474309356585994,37.36041886801298,0
,23.474138683398543,37.36059095702587,0
,23.473626663836193,37.361085710721156,0
,23.47356378424082,37.36116458419467,0
,23.473500904645444,37.36124345758455,0
,23.473420059451392,37.36132233089085,0
,23.47322243786592,37.361573290854714,0
,23.47311464427385,37.36186010120558,0
,23.47308769587583,37.362247293425646,0
,23.473033799079793,37.36234767626497,0
,23.472934988287058,37.36242654840082,0
,23.47201874275444,37.36312922373916,0
,23.471812138369632,37.363272626054126,0
,23.471695361978217,37.36330847658968,0
,23.47117435961653,37.36292846003389,0
,23.47050963246541,37.36231899546755,0
,23.469602369732126,37.361644993546065,0
,23.468982556577707,37.36126496849457,0
,23.468210035834517,37.360483401439446,0
,23.467859706660278,37.36005317753917,0
,23.466961426726332,37.35934330266584,0
,23.466161957585122,37.35860473879188,0
,23.465658920822115,37.358066944951425,0
,23.465218763654484,37.35774426678173,0
,23.463547962977348,37.357299685678406,0
,23.462937132622265,37.35722797880012,0
,23.46173343751078,37.35707022342467,0
,23.460547707997975,37.35691963843619,0
,23.45947875487658,37.35675471167062,0
,23.45778998860077,37.35650373545655,0
,23.45650544829523,37.356367490871605,0
,23.455274804785724,37.35623841682423,0
,23.454062126874902,37.35609500095353,0
,23.4530830017469,37.356037634527844,0
,23.452364377799746,37.35607348854907,0
,23.451735581845984,37.3560663177462,0
,23.449651572399233,37.35607348854907,0
,23.44863651607388,37.356059146942656,0
,23.44801670291946,37.3561021717536,0
,23.447280113373623,37.35614519653971,0
,23.44656148942647,37.35624558761054,0
,23.445842865479317,37.35625992918101,0
,23.44510627593348,37.356345978545924,0
,23.444711032762545,37.35631729543534,0
,23.44401037441407,37.35645354011216,0
,23.44363309684181,37.35646071087773,0
,23.442411436131646,37.35662563829479,0
,23.441710777783175,37.356733199456855,0
,23.439797441523872,37.35676905314302,0
,23.4371385329194,37.3569626627497,0
,23.436689392952424,37.35682641900488,0
,23.4364558401696,37.35660412604373,0
,23.436392960574224,37.35631729543534,0
,23.436626513357048,37.35579382672545,0
,23.437012773728643,37.35527035433379,0
,23.437506827692314,37.354130175696945,0
,23.437749363274477,37.35364971783313,0
,23.437875122465233,37.35325530980615,0
,23.437902070863252,37.35315491470194,0
,23.43792003646193,37.35304017727418,0
,23.43793800206061,37.35292543966957,0
,23.438000881655984,37.35273899068486,0
,23.43803681285334,37.352638594884276,0
,23.438099692448716,37.352423460569845,0
,23.438279348435508,37.35191430688199,0
,23.438369176428903,37.351613115737074,0
,23.43873747120182,37.35086730384745,0
,23.43882729919521,37.350329454097356,0
,23.43884526479389,37.35022905504696,0
,23.438953058385966,37.34979877186858,0
,23.438980006783986,37.34968402926763,0
,23.439114748774074,37.34886648311678,0
,23.439123731573414,37.3486441663827,0
,23.43933931875756,37.34773337799258,0
,23.43966269953378,37.346801063375565,0
,23.439680665132457,37.34670783127175,0
,23.439608802737744,37.34652136671381,0
,23.439123731573414,37.34621298199702,0
,23.43888119599125,37.346177123226134,0
,23.438423073224936,37.346299042976725,0
,23.43794698485995,37.34675803318831,0
,23.43758767288637,37.34719550559992,0
,23.437452930896278,37.34821387404367,0
,23.437524793290994,37.34907445623469,0
,23.437650552481745,37.35003542792447,0
,23.43775834607382,37.351046586233906,0
,23.437839191267877,37.351613115737074,0
,23.437839191267877,37.35170634169786,0
,23.437839191267877,37.35182108118164,0
,23.437794277271177,37.352366091314316,0
,23.43765953528109,37.353470441716304,0
,23.437372085702226,37.35425925340048,0
,23.437255309310814,37.35444569857709,0
,23.43696785973195,37.354610630459376,0
,23.436734306949123,37.35468233985942,0
,23.436258218584136,37.354739707329706,0
,23.435557560235658,37.35496200585948,0
,23.434578435107657,37.35557870153067,0
,23.433940656354558,37.35605197613841,0
,23.43330287760146,37.356539589253224,0
,23.432638150450337,37.35708456483628,0
,23.432126130887994,37.35737856316473,0
,23.431272764950748,37.35823903940321,0
,23.43102124656924,37.358482839195325,0
,23.429916362250488,37.35892741323067,0
,23.428865374727778,37.35947954180297,0
,23.428443183158823,37.35987391684662,0
,23.428236578774015,37.36022526739776,0
,23.428092853984584,37.360497742193296,0
,23.42772455921167,37.36080606773237,0
,23.427257453646018,37.36135101207241,0
,23.426996952465174,37.36156612058177,0
,23.426619674892915,37.362082378467115,0
,23.425658515363594,37.362706185299785,0
,23.42494887421578,37.36348055891992,0
,23.424086525479197,37.364204734364776,0
,23.423278073538643,37.36498626233304,0
,23.422334879608005,37.36574627248388,0
,23.42147253087142,37.36647042587643,0
,23.420996442506425,37.36691495219034,0
,23.42077187252294,37.367259099770536,0
,23.420250870161254,37.36766777295429,0
,23.41986460978966,37.36813380103819,0
,23.419262762233917,37.368979813791675,0
,23.41872379427355,37.36964657977553,0
,23.418346516701295,37.37005523984398,0
,23.41809499831979,37.370528422381675,0
,23.417825514339604,37.37104461808092,0
,23.41716078718849,37.37151779432514,0
,23.41662181922812,37.372170199059106,0
,23.41632538684992,37.372930135820255,0
,23.41590319528097,37.37338896180382,0
,23.415705573695497,37.37346782223474,0
,23.414977966949003,37.37287995155659,0
,23.41425934300185,37.3721200142827,0
,23.413370045867243,37.371431762504606,0
,23.412552611127357,37.370686149225385,0
,23.411896866775578,37.370212967690975,0
,23.410854862052204,37.369381308003184,0
,23.410270980095138,37.36904433979325,0
,23.41004641011165,37.36880774418058,0
,23.409570321746664,37.368535299815655,0
,23.40900440538828,37.36819832777358,0
,23.40863611061536,37.36798323843801,0
,23.40832171263848,37.36753871850721,0
,23.407809693076132,37.366965140478264,0
,23.40750427789859,37.3667572173507,0
,23.406282617188428,37.36546664701035,0
,23.405626872836653,37.364728143911975,0
,23.403641674182634,37.362620143288936,0
,23.403300327807735,37.36218993174242,0
,23.402411030673132,37.36130081999743,0
,23.402105615495593,37.36086343048241,0
,23.401485802341167,37.36054793480996,0
,23.400946834380804,37.35997430288763,0
,23.400093468443558,37.35921423377951,0
,23.399446706891116,37.35858322711286,0
,23.398755031341977,37.35771558421005,0
,23.39813521818756,37.35695549203251,0
,23.39736269744437,37.356016122106816,0
,23.39705728226683,37.355593043229646,0
,23.39636560671769,37.354739707329706,0
,23.39599731194477,37.35433813410913,0
,23.395063100813474,37.35364971783313,0
,23.394461253257727,37.353119059274775,0
,23.393976182093397,37.352638594884276,0
,23.393275523744926,37.351799567541924,0
,23.391326256288263,37.34971988634944,0
,23.390544752745736,37.34883062562391,0
,23.38995188798933,37.34821387404367,0
,23.389906973992634,37.348134986845075,0
,23.389556644818395,37.34814215841203,0
,23.389448851226323,37.34818518779933,0
,23.38954766201906,37.347919839514944,0
,23.38964647281179,37.34757560249349,0
,23.389655455611127,37.34700187058727,0
,23.38978121480188,37.346420962527674,0
,23.38978121480188,37.34585439351086,0
,23.389844094397258,37.34470689874922,0
,23.38999680198603,37.343523526253676,0
,23.38994290518999,37.342935418987246,0
,23.389853077196598,37.34196001132924,0
,23.389709352407166,37.341271480583735,0
,23.38954766201906,37.340095225832336,0
,23.389556644818395,37.339499919090585,0
,23.389385971630947,37.33884005545456,0
,23.389403937229627,37.33852446643135,0
,23.389287160838208,37.33824473867912,0
,23.3891254704501,37.337161680293356,0
,23.388999711259352,37.33649462325131,0
,23.388927848864633,37.336207715159254,0
,23.38883802087124,37.33602839704045,0
,23.38850565729568,37.335103108686084,0
,23.388469726098325,37.334902269385445,0
,23.38831701850955,37.33455079930621,0
,23.387876861341923,37.33336009242553,0
,23.38766127415777,37.33289384659366,0
,23.387319927782872,37.33237738626545,0
,23.38723908258882,37.33219805892506,0
,23.387041461003353,37.33196134617474,0
,23.38674502862515,37.331315762123275,0
,23.38642164784893,37.33079929085377,0
,23.386017421878655,37.32989545751588,0
,23.38570302390178,37.329465056834046,0
,23.385343711928197,37.32897009297587,0
,23.384957451556602,37.32807341094477,0
,23.384607122382363,37.32745648744048,0
,23.384580173984347,37.32726280110057,0
,23.384274758806807,37.32673195447667,0
,23.383861550037192,37.325734813431225,0
,23.38342139286956,37.32473765904073,0
,23.383322582076826,37.324558313309964,0
,23.38320580568541,37.324285706972425,0
,23.383160891688714,37.32409918627211,0
,23.38257700973165,37.32420679442542,0
,23.382334474149488,37.324221142167445,0
,23.38115772743602,37.32450092258495,0
,23.37987318713048,37.324795049583386,0
,23.378328145644097,37.3250389588966,0
,23.377528676502887,37.3252541723334,0
,23.376810052555733,37.32532591000756,0
,23.375408735858777,37.32562003374936,0
,23.374420627931443,37.32575633460187,0
,23.37365708998759,37.32597871966804,0
,23.37329777801401,37.32594285115389,0
,23.372722878856287,37.32610784617605,0
,23.372013237708472,37.32620110407044,0
,23.371312579359998,37.32645218243669,0
,23.37062090381086,37.32672478084774,0
,23.369417208699375,37.326975857449234,0
,23.368168599591193,37.32719106529134,0
,23.36756675203545,37.32732018969821,0
,23.366866093686973,37.32754257009659,0
,23.36615645253916,37.32761430556739,0
,23.365536639384736,37.32771473511042,0
,23.364377858269947,37.32800884942202,0
,23.363668217122132,37.328130798918025,0
,23.362967558773658,37.32823122776483,0
,23.36230283162254,37.328432085052306,0
,23.36194351964896,37.32848947274926,0
,23.361647087270764,37.32865446213177,0
,23.361036256915682,37.32879075743305,0
,23.360272718971828,37.32906334728754,0
,23.360155942580416,37.32908486749672,0
,23.360066114587017,37.329020306850516,0
,23.360146959781073,37.328525340037416,0
,23.36005713178768,37.328346003423974,0
,23.35985951020221,37.32812362542377,0
,23.35987747580089,37.32695433663081,0
,23.35995832099495,37.32536177881872,0
,23.36003018338966,37.32439331485638,0
,23.360093062985037,37.3233315769369,0
,23.360128994182396,37.32244917512762,0
,23.360137976981736,37.321373061218516,0
,23.360218822175792,37.32026823477119,0
,23.360263736172488,37.31931405329404,0
,23.360245770573805,37.31882619639027,0
,23.3603805125639,37.317850473001904,0
,23.360434409359936,37.31679581644416,0
,23.360416443761256,37.31629359379028,0
,23.36051525455399,37.31570527152018,0
,23.360667962142763,37.31477255596526,0
,23.360757790136155,37.31363893211603,0
,23.36089253212625,37.312598565943816,0
,23.36104523971502,37.31175908748183,0
,23.361153033307094,37.31068281921386,0
,23.361179981705106,37.30998682412743,0
,23.36116201610643,37.309706989219976,0
,23.361260826899166,37.30883160144502,0
,23.361323706494538,37.308257571094536,0
,23.361458448484633,37.30799925599486,0
,23.361709966866133,37.30707361953814,0
,23.362105210037072,37.30549498821676,0
,23.362365711217915,37.30456932066946,0
,23.362536384405367,37.303830213524236,0
,23.36261722959942,37.303650817481156,0
,23.36247350480999,37.30250267258523,0
,23.362482487609327,37.3018783613784,0
,23.36245553921131,37.30086653556395,0
,23.362491470408667,37.30066560398114,0
,23.362275883224523,37.2995461181092,0
,23.36230283162254,37.29934518296873,0
,23.362563332803386,37.299000721468424,0
,23.36310230076375,37.29874237429908,0
,23.363928718302976,37.298469673538335,0
,23.36427006467788,37.298326146421665,0
,23.364746153042866,37.298283088232786,0
,23.36498868862503,37.298326146421665,0
,23.365599518980112,37.2983476755068,0
,23.36676728289424,37.2985988477072,0
,23.367216422861212,37.298728021652316,0
,23.367279302456588,37.2988069611753,0
,23.36726133685791,37.29872084532789,0
,23.367153543265836,37.29868496369547,0
,23.367153543265836,37.2987782559039,0
,23.36726133685791,37.29872084532789,0
,23.367360147650643,37.29875672694308,0
,23.367279302456588,37.298821313806876,0
,23.36741404444668,37.299058131828936,0
,23.367324216453287,37.29890025323112,0
,23.367351164851303,37.2988069611753,0
,23.367449975644035,37.29885001906173,0
,23.3674859068414,37.29893613475999,0
,23.367396078848,37.29887872430554,0
,23.36751285523941,37.2988715479956,0
,23.367503872440075,37.29896483997064,0
,23.36746794124272,37.2988715479956,0
,23.367521838038755,37.29895766366901,0
,23.36741404444668,37.29891460584472,0
,23.36751285523941,37.29897201627157,0
,23.367405061647343,37.29892895845558,0
,23.367476924042055,37.2988571953737,0
,23.3674409928447,37.298943311063674,0
,23.367548786436775,37.29890025323112,0
,23.367476924042055,37.29897201627157,0
,23.36755776923611,37.298907429538275,0
,23.36746794124272,37.29895766366901,0
,23.36755776923611,37.29890025323112,0
,23.36746794124272,37.29896483997064,0
,23.36755776923611,37.298907429538275,0
,23.367458958443375,37.2988715479956,0
,23.367153543265836,37.29844096813711,0
,23.36659660970679,37.29803909135968,0
,23.366372039723302,37.29796732742153,0
,23.36615645253916,37.29785968138487,0
,23.365545622184076,37.297737682355496,0
,23.36520427580918,37.29764438884543,0
,23.36471920464485,37.29739321343059,0
,23.36403651189505,37.29721380190212,0
,23.362599264000742,37.29704156642875,0
,23.36159319047472,37.29692674255888,0
,23.361117102109734,37.29681909502031,0
,23.360632030945403,37.296768859449145,0
,23.360164925379753,37.296668388205326,0
,23.35955409502467,37.296639682110786,0
,23.35918580025175,37.29658944641879,0
,23.35807193313366,37.296596622948286,0
,23.356401132456526,37.29654638722727,0
,23.35494591896354,37.296689917768965,0
,23.35365239585866,37.2965750933577,0
,23.35296072030952,37.2964028564094,0
,23.351810921994076,37.29615885338511,0
,23.350768917270702,37.295965085708914,0
,23.349466411366482,37.29580720056359,0
,23.348864563810743,37.295785670745126,0
,23.34794831827812,37.295871789981625,0
,23.3472386771303,37.295771317529386,0
,23.347023089946155,37.295685198176876,0
,23.346564967179845,37.29563496184202,0
,23.34587329163071,37.29548425263438,0
,23.345262461275627,37.295534489070754,0
,23.34384317897999,37.29572825786555,0
,23.34265744946719,37.295785670745126,0
,23.34131901236561,37.29588614317802,0
,23.339845833273944,37.295835906978475,0
,23.33898348453736,37.29579284735196,0
,23.33863315536312,37.29571390463876,0
,23.337213873067487,37.29564213846334,0
,23.33586645316657,37.29556319559064,0
,23.33429446328217,37.2954268395228,0
,23.33299195737795,37.29531201316708,0
,23.331698434273072,37.29510388994674,0
,23.330297117576123,37.29480964578233,0
,23.328931732076526,37.29451540045715,0
,23.327853796155793,37.29432880525927,0
,23.326578238649596,37.294063265134405,0
,23.325194887551323,37.293804900862376,0
,23.32395526124248,37.293467590604834,0
,23.322787497328353,37.29323075483173,0
,23.32220361537129,37.293072863898566,0
,23.32185328619705,37.29305851016078,0
,23.320640608286222,37.29293650327825,0
,23.319391999178045,37.29293650327825,0
,23.318781168822962,37.29300827205683,0
,23.3175595081128,37.293108748230885,0
,23.31445145954135,37.29346041377429,0
,23.31288845245629,37.29357524298043,0
,23.311684757344803,37.29358959661876,0
,23.310687666618126,37.293603950254344,0
,23.308055706411675,37.2936111270711,0
,23.306627441316703,37.29355371251773,0
,23.305163245024374,37.293309700172976,0
,23.303717014330726,37.29300827205683,0
,23.303034321580924,37.29279296551387,0
,23.301803678071423,37.292434119894594,0
,23.300644896956637,37.29213268824037,0
,23.2999532214075,37.29199632590142,0
,23.29880342309205,37.291745131466605,0
,23.297617693579248,37.291544175309774,0
,23.296602637253887,37.29142216595043,0
,23.29532707974769,37.291142261372066,0
,23.294177281432244,37.29082647033051,0
,23.293593399475174,37.2906613972086,0
,23.291383630837675,37.289871912009424,0
,23.290242815321566,37.289484343490614,0
,23.289075051407437,37.28926902677681,0
,23.287413233529644,37.288902986937224,0
,23.286577833191075,37.28870202312436,0
,23.285311258484214,37.28847234953254,0
,23.28410756337273,37.288551299909464,0
,23.283254197435483,37.28860871831295,0
,23.281960674330605,37.28887427785422,0
,23.27767587904569,37.28962071042127,0
,23.276696753917697,37.28978578584593,0
,23.274055810911896,37.29030254133559,0
,23.27296889219183,37.29050350083714,0
,23.270229138393297,37.29094130359119,0
,23.269034426081152,37.29115661547855,0
,23.267588195387503,37.29137192674447,0
,23.26651025946677,37.29152264426087,0
,23.26624975828593,37.29158006037747,0
,23.26492030398369,37.29177383944484,0
,23.2638513508623,37.29195326405837,0
,23.2621895329845,37.292297758106656,0
,23.26156971983008,37.292355173626696,0
,23.260617543100103,37.29252741992166,0
,23.260150437534453,37.29259201217975,0
,23.25903657041636,37.292240342542414,0
,23.258021514091002,37.291917379170194,0
,23.25659324899603,37.291436520003046,0
,23.255488364677284,37.29107766785868,0
,23.25515600110172,37.29098436601838,0
,23.254949396716913,37.29106331373699,0
,23.254949396716913,37.29133604157663,0
,23.255344639887852,37.292017856813594,0
,23.255407519483228,37.2925633045164,0
,23.255380571085208,37.292843203762835,0
,23.255209897897757,37.29308721763356,0
,23.2551290527037,37.293252285387624,0
,23.254329583562495,37.293654187957095,0
,23.253503166023265,37.29418527017402,0
,23.253000129260258,37.294572814270275,0
,23.252542006493943,37.29485988267305,0
,23.252038969730936,37.295247423264286,0
,23.25135627698114,37.2959866154756,0
,23.25073646382672,37.29627367843713,0
,23.250026822678905,37.29641003295686,0
,23.249290233133067,37.296445915683776,0
,23.248679402777988,37.296725800361244,0
,23.24832907360375,37.296991331007426,0
,23.24800569282753,37.29778791727409,0
,23.24766434645263,37.29816108989602,0
,23.24752960446254,37.2987997848585,0
,23.247511638863863,37.299460003115286,0
,23.24734096567641,37.30029962006423,0
,23.247439776469143,37.300572314133674,0
,23.24794281323215,37.301239692781394,0
,23.248221280011677,37.3017778970178,0
,23.248284159607053,37.30197882560364,0
,23.24894888675817,37.30284711791024,0
,23.249865132290793,37.30380868602184,0
,23.250206478665692,37.304224883299746,0
,23.2503232550571,37.304389926404625,0
,23.251257466188402,37.305552393577706,0
,23.252065918128956,37.30660003365126,0
,23.2532157164444,37.30804948400102,0
,23.253970271588916,37.30898945901656,0
,23.25466194713805,37.3099724736449,0
,23.25535362268719,37.310948300163695,0
,23.256162074627735,37.3119815143197,0
,23.256799853380837,37.31287838999696,0
,23.257356786939884,37.313717855853774,0
,23.258282015271845,37.314894527124245,0
,23.258928776824288,37.31573397027523,0
,23.259476727583994,37.316537530930546,0
,23.26059957750142,37.31800113700613,0
,23.261228373455182,37.31893381215829,0
,23.26186615220828,37.31982342988845,0
,23.262503930961383,37.320705862790575,0
,23.263105778517122,37.32158828524353,0
,23.263743557270224,37.32242047895838,0
,23.26462387160549,37.32353962136967,0
,23.26541435794736,37.32443635796645,0
,23.26687855423969,37.326122193552024,0
,23.26830681933466,37.32792276730466,0
,23.26855833771616,37.32828861561648,0
,23.26930391006134,37.32906334728754,0
,23.26971711883095,37.32957983059232,0
,23.27047167397546,37.33041193505173,0
,23.271082504330543,37.33130858893573,0
,23.271432833504782,37.33183940294918,0
,23.271846042274397,37.33234869392001,0
,23.272142474652597,37.332915365696294,0
,23.272717373810323,37.33384785417221,0
,23.273355152563425,37.33484488662863,0
,23.274217501300008,37.336179024289244,0
,23.275340351217437,37.33761355424993,0
,23.275933215973843,37.33843839646565,0
,23.276310493546102,37.33886157283924,0
,23.277002169095237,37.33988005527002,0
,23.27770282744371,37.34074073378895,0
,23.278304674999458,37.34153685256258,0
,23.278367554594826,37.342232552990566,0
,23.278322640598134,37.342426200406905,0
,23.278116036213326,37.34267722408593,0
,23.278089087815307,37.34279197748596,0
,23.278906522555197,37.34383909409144,0
,23.279211937732736,37.34428375559283,0
,23.279732940094423,37.345137211357326,0
,23.28028089085413,37.346148436196984,0
,23.280559357633653,37.34672217467993,0
,23.280882738409872,37.34764731867087,0
,23.280990532001947,37.347919839514944,0
,23.28075697921912,37.34868002396537,0
,23.280541392034976,37.349153342437766,0
,23.280253942456113,37.35020036957909,0
,23.280182080061394,37.35069519235024,0
,23.279876664883854,37.35162028696897,0
,23.279562266906975,37.35253819894825,0
,23.279625146502354,37.352903926349015,0
,23.279238886130756,37.35339156008811,0
,23.279068212943304,37.3535349811681,0
,23.278969402150572,37.35371425712947,0
,23.27884364295982,37.35389353265907,0
,23.278834660160477,37.354087149746015,0
,23.27914905813736,37.355098253017275,0
,23.279670060499047,37.35595875562036,0
,23.280218011258757,37.35681207754358,0
,23.28073901362044,37.35767256033178,0
,23.281277981580807,37.3583322570651,0
,23.281745087146458,37.35920706327926,0
,23.282005588327305,37.35975201932903,0
,23.282625401481724,37.36059095702587,0
,23.282903868261247,37.36100683716404,0
,23.28350571581699,37.361852930960275,0
,23.283523681415666,37.36204652734082,0
,23.28318233504077,37.36301450168818,0
,23.282894885461907,37.36345904865041,0
,23.281978639929285,37.3642764345204,0
,23.281466620366935,37.36484286332078,0
,23.280828841613832,37.36569608337372,0
,23.280397667245545,37.366276841006325,0
,23.27966107769971,37.36705834720889,0
,23.278942453752553,37.3679043721925,0
,23.2778375694338,37.369108865738845,0
,23.276562011927602,37.370528422381675,0
,23.275564921200925,37.37161099535176,0
,23.274549864875567,37.37272222936466,0
,23.27403784531322,37.373267086427994,0
,23.273355152563425,37.374084364539485,0
,23.27258263182023,37.374779760773485,0
,23.271855025073734,37.37553967087294,0
,23.27133402271205,37.37604149404046,0
,23.270929796741775,37.376407105930376,0
,23.27014829319924,37.37726736211091,0
,23.26944763485077,37.37738206218313,0
,23.269133236873888,37.377503930816054,0
,23.268989512084456,37.37766164286809,0
,23.26880985609767,37.37804158416546,0
,23.268127163347874,37.378894652836635,0
,23.267444470598072,37.3797262061561,0
,23.26667194985488,37.38073696103242,0
,23.26636653467734,37.38118857047265,0
,23.26585451511499,37.381719028851926,0
,23.265028097575765,37.38283728006472,0
,23.264022024049744,37.38392684199315,0
,23.263132726915142,37.38465798644042,0
,23.261946997402337,37.385281603963804,0
,23.260851095882924,37.38579769726881,0
,23.2602761967252,37.38600556717124,0
,23.259674349169458,37.38616326119231,0
,23.25914436400843,37.3862492759719,0
,23.25827303247251,37.3861704290944,0
,23.256997474966305,37.38660766981566,0
,23.255533278673976,37.3871524251493,0
,23.25436551475985,37.387453472436974,0
,23.25358401121732,37.38769717649124,0
,23.253224699243745,37.38776168625423,0
,23.253009112059594,37.387682840980744,0
,23.25265878288536,37.38767567322447,0
,23.252577937691306,37.387611163386836,0
,23.252937249664882,37.38783336370302,0
,23.252173711721028,37.387417633538085,0
,23.252739628079414,37.38753231795373,0
,23.252515058095927,37.387496479092825,0
,23.25264980008602,37.387647002192445,0
,23.252874370069506,37.387575324563976,0
,23.253134871250346,37.38738896240652,0
,23.253691804809392,37.38650731971357,0
,23.253979254388256,37.38607007840211,0
,23.254113996378347,37.38541779560058,0
,23.253997219986935,37.38514541207753,0
,23.25403315118429,37.38505939602082,0
,23.25391637479288,37.38489453163401,0
,23.254131961977023,37.38495187581002,0
,23.25405111678297,37.38489453163401,0

,23.253826546799484,37.384708162756496,0
,23.253799598401468,37.38479417921955,0
,23.253781632802784,37.38484435544371,0
,23.253727736006752,37.38493037174918,0
,23.253754684404772,37.38510240406162,0
,23.2535570628193,37.38521709204878,0
,23.253485200424585,37.38529593993732,0
,23.253107922852333,37.38549664327628,0
,23.252991146460914,37.3855324831012,0
,23.252865387270163,37.38556115494871,0
,23.252524040895267,37.38566867427843,0
,23.252065918128956,37.385697346073414,0
,23.251383225379158,37.385890880400396,0
,23.251266448987746,37.38589804832875,0
,23.25114068979699,37.385754689630225,0
,23.251275431787086,37.385611330655266,0
,23.251392208178498,37.385611330655266,0
,23.25105984460294,37.38563283451913,0
,23.25052985944191,37.385819201078775,0
,23.249730390300698,37.38590521625645,0
,23.249631579507966,37.385948223807944,0
,23.250179530267673,37.38577619345263,0
,23.250143599070313,37.38569017812572,0
,23.250233427063712,37.385640002472364,0
,23.25035020345512,37.38566150632796,0
,23.25024240986305,37.385819201078775,0
,23.251131706997654,37.38589804832875,0
,23.251266448987746,37.38590521625645,0
,23.25166169215868,37.38591238418342,0
,23.252038969730936,37.385883712471355,0
,23.2522815053131,37.38583353694862,0
,23.252542006493943,37.38576185757172,0
,23.25265878288536,37.38574752168805,0
,23.253548080019964,37.38567584222822,0
,23.254545170746642,37.3856830101773,0
,23.255263794693796,37.38573318580162,0
,23.255632089466715,37.38571884991241,0
,23.256099195032366,37.385812033142805,0
,23.256206988624434,37.38586220868003,0
,23.256224954223114,37.385955391730775,0
,23.255982418640947,37.38594105588442,0
,23.25549734747662,37.38549664327628,0
,23.25524582909512,37.38526726798751,0
,23.255021259111633,37.385181252071796,0
,23.254796689128145,37.38513824407661,0
,23.25473380953277,37.38523142803472,0
,23.25486855152286,37.385396291674525,0
,23.25612614343038,37.385754689630225,0
,23.25745559773262,37.38601990300517,0
,23.258075410887038,37.38604140675086,0
,23.2587042068408,37.386113085858256,0
,23.259566555577386,37.3860342388363,0
,23.26060856030076,37.38583353694862,0
,23.261336167047254,37.38563283451913,0
,23.26226139537922,37.38532461187605,0
,23.263141709714485,37.38495904382892,0
,23.26396812725371,37.384744002961526,0
,23.264848441588978,37.38442860856429,0
,23.265216736361893,37.38434259167831,0
,23.265450289144717,37.38433542359997,0
,23.26558503113481,37.38447878503517,0
,23.26583654951631,37.38448595309966,0
,23.265917394710367,37.38465798644042,0
,23.265773669920936,37.384808515287055,0
,23.265962308707067,37.38493037174918,0
,23.266052136700463,37.38520992405475,0
,23.26615993029253,37.38526009999833,0
,23.266842623042333,37.38516691607619,0
,23.267291763009304,37.38515258007777,0
,23.268064283752494,37.38490886768216,0
,23.268405630127393,37.3848658595294,0
,23.26863020011088,37.38478701118477,0
,23.26909730567653,37.384758339038704,0
,23.269672204834254,37.384923203727546,0
,23.270013551209153,37.38500205192777,0
,23.270085413603866,37.38508806805079,0
,23.270696243958948,37.38540345965058,0
,23.270813020350364,37.385568322908874,0
,23.271055555932527,37.385618498610576,0
,23.271594523892894,37.38586220868003,0
,23.27261856301759,37.386514487582495,0
,23.272834150201735,37.386614837674934,0
,23.273480911754177,37.38721693538502,0
,23.274199535701328,37.3877760217495,0
,23.2747385036617,37.38818458220306,0
,23.275475093207532,37.38892285241574,0
,23.276148803157987,37.38966828286137,0
,23.27678658191109,37.39028469085282,0
,23.2772447046774,37.390220183279226,0
,23.278062139417287,37.39034203087123,0
,23.278529244982938,37.390363533366745,0
,23.278960419351233,37.39067890258618,0
,23.279247868930096,37.39123079550069,0
,23.27919397213406,37.39130963701112,0
,23.278834660160477,37.391288134789285,0
,23.278592124578314,37.391352641436114,0
,23.27756808545362,37.391947533429125,0
,23.277154876684005,37.39216255345998,0
,23.276984203496554,37.39230589980166,0
,23.276714719516374,37.392270063242165,0
,23.27629252794742,37.3919977048253,0
,23.276193717154683,37.39193319873828,0
,23.27597812997054,37.391775516956606,0
,23.275879319177808,37.391696675940324,0
,23.275780508385076,37.391632169592064,0
,23.275672714793,37.39156049580614,0
,23.275582886799604,37.39148165456178,0
,23.275376282414793,37.39124513032698,0
,23.275286454421405,37.39116628874813,0
,23.274747486461035,37.39025602082704,0
,23.27437020888878,37.38942458526887,0
,23.273678533339645,37.388550134389824,0
,23.273498877352857,37.38838527774381,0
,23.2734180321588,37.38832076852194,0
,23.273004823389186,37.38806273107471,0
,23.272744322208343,37.38806273107471,0
,23.272097560655904,37.38837811005526,0
,23.27193587026779,37.38852146369502,0
,23.271837059475057,37.388550134389824,0
,23.271522661498178,37.388471289952534,0
,23.270902848343756,37.388471289952534,0
,23.270301000788017,37.38857880507353,0
,23.269788981225666,37.38865048173445,0
,23.26968118763359,37.38869348769784,0
,23.269636273636895,37.388786667199845,0
,23.269878809219062,37.38902319925728,0
,23.27051658797216,37.38914504881132,0
,23.27203468106053,37.38918088687743,0
,23.27250178662618,37.38918088687743,0
,23.273651584941625,37.389338574163105,0
,23.274262415296707,37.389216724926285,0
,23.275430179210836,37.38883684072945,0
,23.276148803157987,37.388614643412645,0
,23.27688539270382,37.38845695459133,0
,23.278511279384258,37.388026892469526,0
,23.27914007533802,37.38790504108269,0
,23.28030783925215,37.38761833114934,0
,23.28090968680789,37.387453472436974,0
,23.282122364718717,37.38721693538502,0
,23.283424870622934,37.38706641141465,0
,23.28471839372781,37.3869445584535,0
,23.286083779227404,37.38674385902332,0
,23.287260525940873,37.38662917339135,0
,23.288437272654342,37.38647148035855,0
,23.290611110094485,37.386277947542986,0
,23.29178785680795,37.38612742167142,0
,23.293171207906223,37.38601990300517,0
,23.294015591044133,37.38592672003529,0
,23.295318096948353,37.385890880400396,0
,23.296288239277008,37.385754689630225,0
,23.296611620053227,37.38566150632796,0
,23.297447020391797,37.38569017812572,0
,23.29930645985506,37.38555398698788,0
,23.30041134417381,37.385546819026345,0
,23.301902488864158,37.38537478774224,0
,23.30251331921924,37.385317443892404,0
,23.303708031531382,37.38538912369778,0
,23.305100365429,37.38536045178394,0
,23.30620524974775,37.38523859602666,0
,23.3076514804414,37.38527443597601,0
,23.310508010631338,37.38519558806466,0
,23.311990172522346,37.38505939602082,0
,23.31272676206818,37.38523859602666,0
,23.314029267972398,37.385252932008484,0
,23.314774840317575,37.38519558806466,0
,23.315960569830377,37.38516691607619,0
,23.317245110135918,37.38530310792302,0
,23.318646426832867,37.385367619763414,0
,23.319688431556244,37.385367619763414,0
,23.320487900697454,37.38543929952043,0
,23.321152627848573,37.38542496357457,0
,23.322140735775914,37.385575490868334,0
,23.323218671696647,37.38559699474257,0
,23.324539143199544,37.38553965106413,0
,23.325922494297817,37.38555398698788,0
,23.327485501382878,37.385611330655266,0
,23.32826700492541,37.385611330655266,0
,23.32955154523095,37.385640002472364,0
,23.33015339278669,37.38582636901405,0
,23.330440842365554,37.38599839925326,0
,23.330818119937806,37.386392633716724,0
,23.331482847088928,37.3869445584535,0
,23.332354178624854,37.387510814639256,0
,23.332973991779273,37.3880985696626,0
,23.333279406956812,37.38842828386062,0
,23.334141755693402,37.38888701422521,0
,23.33465377525575,37.389044702134264,0
,23.33521070881479,37.38946042320025,0
,23.335857470367234,37.38981880156352,0
,23.336629991110428,37.390148508131816,0
,23.33717794187013,37.390148508131816,0
,23.338004359409357,37.38986180685103,0
,23.33863315536312,37.38981163401321,0
,23.3389924673367,37.389711288235944,0
,23.339809902076585,37.389202389708814,0
,23.34008836885611,37.38883684072945,0
,23.34032192163893,37.388757996596276,0
,23.34106749398411,37.38872215832628,0
,23.341768152332584,37.388614643412645,0
,23.34295388184539,37.38859314041125,0
,23.343600643397828,37.38854296671714,0
,23.345549910854487,37.3884927929892,0
,23.347606971903218,37.388435451544346,0
,23.34872083902131,37.38844261922735,0
,23.349960465330152,37.388342271602106,0
,23.351532455214556,37.38837094236601,0
,23.352772081523398,37.38831360082717,0
,23.355089643752972,37.388363774676066,0
,23.355969958088235,37.388306433131696,0
,23.356284356065117,37.38816307907729,0
,23.35715568760104,37.38814874365663,0
,23.35857496989667,37.38812007280704,0
,23.360120011383056,37.38817024678656,0
,23.3616560700701,37.38833510390941,0
,23.36291366197762,37.38852146369502,0
,23.36357838912874,37.38862897874344,0
,23.36531206940125,37.388851176017404,0
,23.366039676147746,37.38887267894417,0
,23.367306250854604,37.389044702134264,0
,23.36912975912051,37.38918088687743,0
,23.370360402630013,37.38925973056209,0
,23.371609011738197,37.38938874732024,0
,23.372399498080068,37.38943175285652,0
,23.373118122027222,37.3895392665884,0
,23.374330799938047,37.389682617989,0
,23.375534495049532,37.38971845579594,0
,23.377115467733276,37.38970412067525,0
,23.378382042440133,37.389711288235944,0
,23.381031968245267,37.38976146114151,0
,23.381373314620166,37.3898403042104,0
,23.382747682919103,37.38976862869669,0
,23.383753756445117,37.38976862869669,0
,23.384975417155278,37.389682617989,0
,23.386233009062806,37.389632445030244,0
,23.387526532167684,37.38966111529652,0
,23.38769720535513,37.38942458526887,0
,23.387975672134655,37.38924539535292,0
,23.389709352407166,37.38918088687743,0
,23.390311199962905,37.38905903738214,0
,23.3910388067094,37.389016031630234,0
,23.392080811432777,37.38905186975854,0
,23.3927006245872,37.38918088687743,0
,23.392961125768043,37.38922389253399,0
,23.393877371300665,37.38944608802975,0
,23.394649892043855,37.38958943961006,0
,23.394946324422055,37.38976862869669,0
,23.39585358715534,37.389868974396514,0
,23.39670695309259,37.38981163401321,0
,23.397739975016624,37.38987614194133,0
,23.398988584124805,37.38990481211365,0
,23.39987788125941,37.389962152425085,0
,23.40102767957486,37.390048162809336,0
,23.402222391887005,37.39006966538982,0
,23.40303982662689,37.390026660222574,0
,23.404468091721863,37.39010550301019,0
,23.405707718030705,37.39018434571416,0
,23.40646227317522,37.39028469085282,0
,23.40719886272105,37.39030619336491,0
,23.408555265421306,37.390478213237714,0
,23.409175078575725,37.39037786836029,0
,23.41056741247334,37.390413705832074,0
,23.41184296997954,37.39049254820913,0
,23.413441908261962,37.39070757244888,0
,23.414663568972127,37.390850921596495,0
,23.415391175718618,37.39080791688122,0
,23.416927234405662,37.390965600715525,0
,23.417529081961405,37.3911017819396,0
,23.418616000681475,37.391065944799564,0
,23.419325641829296,37.39100143790394,0
,23.420538319740118,37.39100143790394,0
,23.42117609849322,37.39102294020871,0
,23.421831842844995,37.39102294020871,0
,23.42259538078885,37.39108027965766,0
,23.42382602429835,37.39103010764225,0
,23.424445837452772,37.39098710303067,0
,23.4259549477418,37.391123284215325,0
,23.426431036106788,37.39123079550069,0
,23.427212539649318,37.39125946515052,0
,23.428461148757503,37.391445817604904,0
,23.429071979112585,37.39152465888725,0
,23.429700775066344,37.39153899365688,0
,23.431497334934228,37.39193319873828,0
,23.43282678923647,37.39212671683136,0
,23.433994553150598,37.39227723055545,0
,23.434991643877275,37.392291565179946,0
,23.435710267824426,37.392291565179946,0
,23.436096528196025,37.39226289592818,0
,23.437228360912794,37.39244207857019,0
,23.438027830054004,37.392391907473986,0
,23.43929440476086,37.3924134093765,0
,23.439536940343025,37.3924134093765,0
,23.440839446247246,37.39214105148487,0
,23.441486207799688,37.39212671683136,0
,23.442680920111833,37.392313067111495,0
,23.443920546420674,37.39230589980166,0
,23.444720015561884,37.39225572861352,0
,23.44557338149913,37.39212671683136,0
,23.446318953844305,37.39216972078364,0
,23.44706452618948,37.39207654552227,0
,23.44801670291946,37.39195470077352,0
,23.44876227526463,37.39191886404469,0
,23.450118677964888,37.391775516956606,0
,23.450936112704774,37.391646504340954,0
,23.451430166668445,37.39155332842374,0
,23.452490136990498,37.39155332842374,0
,23.453819591292735,37.391546161040665,0
,23.454610077634605,37.391460152389726,0
,23.45587665234147,37.39128096738064,0
,23.457260003439742,37.391123284215325,0
,23.458849958922823,37.39099427046765,0
,23.460062636833644,37.39080074942627,0
,23.461499884727953,37.39070757244888,0
,23.463098823010377,37.39051405066112,0
,23.46366473936876,37.39034919837044,0
,23.463880326552903,37.390263188334515,0
,23.46399710294432,37.390263188334515,0
,23.46441031171393,37.38994064981347,0
,23.466170940384462,37.38905186975854,0
,23.466727873943505,37.38884400837379,0
,23.467293790301895,37.388471289952534,0
,23.468012414249046,37.38785486692418,0
,23.469063401771763,37.38733878789971,0
,23.470123372093816,37.386801201772926,0
,23.47134503280398,37.386113085858256,0
,23.472503813918767,37.38536045178394,0
,23.473608698237516,37.38458630593015,0
,23.4739230962144,37.38440710435212,0
,23.474776462151645,37.38364011671786,0
,23.475791518477,37.383030821836584,0
,23.476896402795752,37.38245019500961,0
,23.47824382269667,37.38184089037748,0
,23.479519380202866,37.38121724399531,0
,23.48017512455465,37.38086599258093,0
,23.482456755586867,37.37969036353237,0
,23.483058603142606,37.379417959027464,0
,23.484370091846166,37.37901651899083,0
,23.485115664191337,37.37884447259747,0
,23.485915133332547,37.378579233627846,0
,23.487226622036104,37.37819212640676,0
,23.488547093539,37.377883872919185,0
,23.48923876908814,37.37771182390543,0
,23.49047839539698,37.37749676207848,0
,23.491897677692613,37.377181336940644,0
,23.492526473646375,37.37710248044714,0
,23.494251171119547,37.376873079263355,0
,23.49544588343169,37.376679521464176,0
,23.49703583891477,37.376478794325486,0
,23.49846410400974,37.376313910913446,0
,23.499865420706694,37.37619204033046,0
,23.501149961012235,37.376084507297264,0
,23.502452466916452,37.37596263633836,0
,23.503332781251718,37.375869440764454,0
,23.504877822738102,37.37554683979916,0
,23.505120358320266,37.37547515050574,0
,23.505353911103093,37.375439305833105,0
,23.506108466247607,37.37498766147786,0
,23.50622524263902,37.37499483045728,0
,23.50617134584298,37.37518122368022,0
,23.50634201903043,37.375855102973496,0
,23.506728279402026,37.377002117516305,0
,23.507006746181546,37.37828531907008,0
,23.50729419576041,37.37901651899083,0
,23.507500800145216,37.38002011501906,0
,23.507617576536628,37.38114556016796,0
,23.50774333572738,37.38219930547164,0
,23.50783316372078,37.38277993425778,0
,23.507896043316155,37.38386949702656,0
,23.507851129319455,37.38436409590912,0
,23.507824180921435,37.3845576337067,0
,23.5078151981221,37.38484435544371,0
,23.50788706051681,37.38542496357457,0
,23.507348092556448,37.38700906886959,0
,23.50729419576041,37.387510814639256,0
,23.506872004191457,37.38842828386062,0
,23.506386933027127,37.389295568572926,0
,23.5059018618628,37.39018434571416,0
,23.505470687494505,37.3911017819396,0
,23.505048495925553,37.3920550435223,0
,23.50466223555396,37.39310146697317,0
,23.504159198790944,37.39427688396605,0
,23.503485488840486,37.39549528439838,0
,23.502928555281443,37.3964843241789,0
,23.502614157304563,37.396943004826944,0
,23.501994344150145,37.397810190191464,0
,23.50156316978185,37.39839069705387,0
,23.500952339426767,37.39942269805696,0
,23.50074573504196,37.399888527148335,0
,23.500215749880933,37.400741345148745,0
,23.49997321429877,37.40135049487088,0
,23.499416280739723,37.40254011404654,0
,23.49885934718068,37.40350039515098,0
,23.498239534026254,37.40471147825001,0
,23.497781411259947,37.405664565269106,0
,23.49725142609892,37.406739460770254,0
,23.49682923452996,37.407592200138,0
,23.49657771614846,37.40840910094055,0
,23.496380094562994,37.40939080317836,0
,23.496182472977523,37.41005720679389,0
,23.496119593382147,37.41055879696961,0
,23.49636212896431,37.410522969212245,0
,23.496595681747138,37.410422651399664,0
,23.497467013283064,37.41031516787872,0
,23.498005981243434,37.410207684202234,0
,23.498625794397853,37.41019335303361,0
,23.49988338630537,37.41007153798878,0
,23.501302668601006,37.40989956346771,0
,23.50220993133429,37.409770582315616,0
,23.50282974448871,37.40951261933957,0
,23.504069370797552,37.40919016435975,0
,23.504814943142726,37.40901818779819,0
,23.50505747872489,37.408939365074424,0
,23.50706962577692,37.40865990201616,0
,23.508057733704263,37.40854525020095,0
,23.509306342812444,37.40828011720049,0
,23.510581900318645,37.408186962137854,0
,23.51132747266382,37.40783583815953,0
,23.511525094249283,37.40772118507246,0
,23.512728789360768,37.40736289303489,0
,23.51335758531453,37.40702609694395,0
,23.514381624439228,37.40667496747875,0
,23.51500143759365,37.40635250018144,0
,23.515495491557317,37.40605152944113,0
,23.516250046701828,37.40544958430263,0
,23.51660935867541,37.405033952670166,0
,23.51705849864238,37.40465414931764,0
,23.517588483803404,37.404367503992425,0
,23.517902881780287,37.40417401777269,0
,23.518334056148582,37.40403786050122,0
,23.518882006908285,37.40361505475195,0
,23.51931318127658,37.40287693047393,0
,23.5195916480561,37.40231795769496,0
,23.520175530013162,37.40153682202381,0
,23.520319254802594,37.40125733111921,0
,23.52119058633852,37.40048335081989,0
,23.521675657502854,37.39978819497541,0
,23.521963107081714,37.399308031986585,0
,23.522349367453312,37.39861286514705,0
,23.52310392259782,37.39776002271886,0
,23.52397525413375,37.396993172851055,0
,23.524972344860426,37.39593247027234,0
,23.525430467626734,37.3955741213854,0
,23.526211971169268,37.39510826524923,0
,23.526436541152755,37.39502942776804,0
,23.527370752284057,37.39437722357989,0
,23.52828699781668,37.39371067932043,0
,23.52913138095458,37.39301546012193,0
,23.52999372969117,37.39222705934794,0
,23.53036202446409,37.391832855824994,0
,23.531179459203976,37.3911017819396,0
,23.532104687535938,37.390263188334515,0
,23.532733483489697,37.38978296380493,0
,23.53302093306856,37.389618109892936,0
,23.533550918229587,37.38923106014097,0
,23.533946161400525,37.38874366129035,0
,23.534548008956264,37.3882562592441,0
,23.535248667304742,37.387453472436974,0
,23.53609305044265,37.38675819471486,0
,23.53703624437329,37.38609875004231,0
,23.53722488315942,37.38597689549513,0
,23.537566229534317,37.38584787281573,0
,23.539228047412113,37.38468665862519,0
,23.540027516553323,37.384106044728725,0
,23.540476656520294,37.38354693076531,0
,23.54090783088859,37.38320285854423,0
,23.54139290205292,37.382665242511216,0
,23.541860007618567,37.38222081032235,0
,23.542946926338637,37.38146096849143,0
,23.54375537827919,37.380858824167454,0
,23.544465019427005,37.38047889726369,0
,23.544941107792,37.38015631629335,0
,23.54534533376227,37.37991975602574,0
,23.545974129716033,37.37986957647828,0
,23.546836478452615,37.37965452089136,0
,23.547564085199113,37.37964735236109,0
,23.54850727912975,37.379389284810976,0
,23.54925285147493,37.3793319363449,0
,23.54935166226766,37.37938211625514,0
,23.54919895467889,37.37973337467877,0
,23.54922590307691,37.37992692452975,0
,23.548947436297386,37.38057925550239,0
,23.548767780310595,37.38133193797534,0
,23.54885760830399,37.381382116535995,0
,23.54883964270531,37.380665276742036,0
,23.54899235029408,37.38042154963789,0
,23.54919895467889,37.380328359651664,0
,23.549315731070305,37.380328359651664,0
,23.549055229889458,37.38084448733839,0
,23.548938453498046,37.381303264496935,0
,23.548785745909278,37.38147530520162,0
,23.54855219312645,37.382213642039474,0
,23.54805813916278,37.383317549461495,0
,23.54771679278788,37.384414272423534,0
,23.54742036040968,37.385575490868334,0
,23.547025117238743,37.386915887139516,0
,23.546701736462524,37.38814157594526,0
,23.546495132077716,37.38886551130262,0
,23.546028026512065,37.390858089046624,0
,23.545893284521977,37.3914028132338,0
,23.545938198518677,37.39209804751605,0
,23.545920232919993,37.3927646062373,0
,23.545893284521977,37.39325197872342,0
,23.545902267321313,37.393452660582945,0
,23.5458304049266,37.393746515185356,0
,23.545839387725938,37.39413354142556,0
,23.545560920946418,37.39543078134681,0
,23.545282454166895,37.396512991802325,0
,23.545075849782087,37.39753068527004,0
,23.54503991858473,37.39842653066223,0
,23.545066866982747,37.39893536603589,0
,23.545102798180107,37.399229198960576,0
,23.545066866982747,37.39953019733724,0
,23.545084832581423,37.40003902515376,0
,23.54496805619001,37.40076284463572,0
,23.544770434604548,37.401479490641904,0
,23.544599761417096,37.40205996884022,0
,23.544626709815116,37.4030632537991,0
,23.544626709815116,37.404080857561276,0
,23.544635692614456,37.40476164102951,0
,23.54468060661115,37.4053420935861,0
,23.544635692614456,37.406022865497505,0
,23.544662641012472,37.40630233847608,0
,23.544644675413792,37.40650298509439,0
,23.544581795818416,37.406961603901294,0
,23.544411122630972,37.40762086347613,0
,23.54440213983163,37.40817979635899,0
,23.544321294637573,37.40914000457044,0
,23.544258415042197,37.409634435300994,0
,23.54422248384484,37.41020051861829,0
,23.54410570745343,37.41096006667155,0
,23.543961982663998,37.41123235559186,0
,23.543458945900987,37.412486304841934,0
,23.543045737131376,37.41358976267071,0
,23.542569648766385,37.41470753440612,0
,23.54216542279611,37.41551719188789,0
,23.542084577602054,37.41600441514498,0
,23.541860007618567,37.41697885206991,0
,23.541868990417907,37.417279778536276,0
,23.541958818411302,37.417222459303375,0
,23.54184204201989,37.41721529439613,0
,23.54149171284565,37.41748039550309,0
,23.541249177263488,37.41844764827292,0
,23.541240194464145,37.418547955246574,0
,23.54133900525688,37.418598108682566,0
,23.54168933443112,37.41850496656016,0
,23.542902012341944,37.418411824320934,0
,23.543665550285795,37.41831868196484,0
,23.545551938147074,37.418110902441875,0
,23.546522080475736,37.418075078327426,0
,23.547159859228834,37.418060748676794,0
,23.54843541673504,37.41798193554899,0
,23.5499535098234,37.41788879265372,0
,23.5509326349514,37.4177884847897,0
,23.55130991252366,37.41780281449288,0
,23.552540556033158,37.417673847064925,0
,23.553286128378332,37.41762369300469,0
,23.554543720285857,37.417501890145935,0
,23.555028791450184,37.417473230620736,0
,23.55590012298611,37.417315603034396,0
,23.557130766495614,37.417129315455526,0
,23.558082943225592,37.416914367668475,0
,23.558478186396528,37.41683555332401,0
,23.558235650814364,37.41770967137295,0
,23.558073960426253,37.418304352361254,0
,23.55781345924541,37.42030330535253,0
,23.5576068548606,37.42100543377638,0
,23.55749007846919,37.42180785813109,0
,23.55733737088042,37.422545794302835,0
,23.557238560087686,37.423548802582964,0
,23.557058904100895,37.424652096041086,0
,23.55683433411741,37.425698060413424,0
,23.556564850137228,37.42693027350726,0
,23.555989950979505,37.4288860115987,0
,23.555810294992714,37.429767151484185,0
,23.555693518601302,37.430741407799374,0
,23.555630639005926,37.43143627397613,0
,23.555361155025746,37.43272569913033,0
,23.555019808650844,37.43402226517015,0
,23.55477727306868,37.43498213924897,0
,23.554229322308974,37.43650788368938,0
,23.55413051151624,37.436715611727,0
,23.553878993134735,37.43760382160514,0
,23.55366340595059,37.43854932366443,0
,23.55322324878296,37.43950913919024,0
,23.552738177618625,37.44079126145653,0
,23.55239683124373,37.44192294873638,0
,23.551839897684687,37.4430474563412,0
,23.55151651690846,37.44354166129872,0
,23.550968566148757,37.44420775842412,0
,23.550537391780466,37.44461600854508,0
,23.549782836635956,37.445160338545115,0
,23.549477421458413,37.44570466455135,0
,23.549459455859736,37.445898042565794,0
,23.549118109484834,37.44670019783598,0
,23.548471347932395,37.44745937251328,0
,23.54762696479449,37.44816124407667,0
,23.54662987406781,37.44893472749547,0
,23.546072940508765,37.449385922431816,0
,23.545102798180107,37.45020236343557,0
,23.5441685870488,37.450796784127235,0
,23.543297255512876,37.451455654508145,0
,23.54216542279611,37.45202858051673,0
,23.541401884852256,37.45239381853727,0
,23.540467673720954,37.45335345496137,0
,23.539632273382384,37.454019463986434,0
,23.53864416545505,37.45457804758938,0
,23.537817747915824,37.45522256190343,0
,23.53752131553762,37.45553765575172,0
,23.536623035603675,37.45628957884397,0
,23.536200844034724,37.45658318483884,0
,23.535967291251893,37.456941239356965,0
,23.535850514860485,37.457549928070144,0
,23.53561696207766,37.45823738225589,0
,23.534808510137108,37.45912533447998,0
,23.53395514419986,37.459812774060545,0
,23.533119743861292,37.460507367996925,0
,23.532239429526033,37.46128072266243,0
,23.5314579259835,37.46196814226014,0
,23.53064049124361,37.462648394962926,0
,23.530227282473994,37.46302074116764,0
,23.52971526291165,37.463321480967835,0
,23.528960707767137,37.464116287424545,0
,23.528125307428567,37.46480368073192,0
,23.527182113497926,37.46560563153511,0
,23.52634671315936,37.466278690691944,0
,23.52586164199503,37.46667249906701,0
,23.524954379261747,37.46730974818768,0
,23.52409203052516,37.46798995187878,0
,23.52322968178857,37.46875606856212,0
,23.522421229848025,37.46952217732736,0
,23.522079883473126,37.46984437023721,0
,23.521163637940504,37.47016656174653,0
,23.5205258591874,37.47051023114617,0
,23.519537751260067,37.47126916209218,0
,23.518307107750562,37.4721855966505,0
,23.517363913819917,37.47287291513301,0
,23.516348857494563,37.473524429893246,0
,23.515378715165905,37.47408286655781,0
,23.51411214045904,37.474727211326645,0
,23.513124032531707,37.47532143542566,0
,23.511866440624186,37.47603020251767,0
,23.511183747874387,37.47635236713676,0
,23.510545969121285,37.47668884868803,0
,23.509854293572147,37.47714703387562,0
,23.508848220046133,37.477719761376186,0
,23.507644524934648,37.47838555153161,0
,23.506898952589477,37.47879361350877,0
,23.505758137073368,37.47932337482839,0
,23.504779011945367,37.479888926651725,0
,23.503745990021333,37.48042583894537,0
,23.502748899294655,37.48107728730412,0
,23.502111120541553,37.48140658869065,0
,23.501572152581186,37.48165714311298,0
,23.50074573504196,37.482394484068685,0
,23.500341509071685,37.48283115826231,0
,23.499389332341707,37.48362575551999,0
,23.498544949203797,37.484441819508376,0
,23.498095809236826,37.484842689754046,0
,23.49767361766787,37.48547262432901,0
,23.4972244777009,37.4863530920886,0
,23.496999907717413,37.48683269207528,0
,23.496685509740537,37.487305130817326,0
,23.496074679385455,37.488035257492086,0
,23.49516741665217,37.48925927724232,0
,23.49465539708982,37.48976033212411,0
,23.493945755942004,37.49062643328372,0
,23.49373016875786,37.49071232706161,0
,23.49336187398494,37.49074811610634,0
,23.49288578561995,37.49086979872901,0
,23.492239024067512,37.49095569222468,0
,23.491664124909786,37.491120321146234,0
,23.490379584604245,37.491385158208786,0
,23.48985858224256,37.49149252431571,0
,23.48939147667691,37.49179314858712,0
,23.489023181903992,37.49192914488046,0
,23.488044056775994,37.492580492086425,0
,23.48781050399317,37.49268069884043,0
,23.487558985611663,37.49269501407994,0
,23.486732568072437,37.493417930076944,0
,23.48600496132594,37.49411220909458,0
,23.48600496132594,37.49420525630338,0
,23.486112754918015,37.494248201129565,0
,23.48649003249027,37.493997689292506,0
,23.486723585273097,37.49394042932507,0
,23.487298484430823,37.493768649157104,0
,23.488026091177314,37.49381875174724,0
,23.488609973134377,37.49394042932507,0
,23.48892437111126,37.49385453929088,0
,23.489130975496067,37.49374717660807,0
,23.489355545479555,37.49377580667206,0
,23.489921461837937,37.4934250876258,0
,23.491107191350746,37.49318173057683,0
,23.491735987304505,37.49316741543142,0
,23.4920773336794,37.493203203289816,0
,23.493200183596834,37.492823851111,0
,23.493802031152573,37.49273795978186,0
,23.49402660113606,37.49267354121965,0
,23.494619465892463,37.492279871010844,0
,23.496191455776867,37.491614205715415,0
,23.496838217329305,37.49125631867502,0
,23.497655652069195,37.49097716558302,0
,23.499146796759543,37.490612117644396,0
,23.50008100789084,37.49039738272241,0
,23.50070082104526,37.49023275219394,0
,23.50116792661091,37.49031148857929,0
,23.502398570120416,37.49011106852466,0
,23.50298245207748,37.48994643735982,0
,23.50354836843586,37.48971738469564,0
,23.50470714955065,37.489631489763944,0
,23.50543475629715,37.48963864767872,0
,23.506395915826463,37.4895098051069,0
,23.50709657417494,37.48953127888442,0
,23.5084080628785,37.489516963033445,0
,23.50888415124349,37.489502647179656,0
,23.509126686825656,37.48953127888442,0
,23.509108721226976,37.489624331848475,0
,23.508443994075858,37.489796121628835,0
,23.50788706051681,37.49046180326437,0
,23.50706962577692,37.4912348453976,0
,23.506162363043643,37.49202219483203,0
,23.504994599129514,37.49303857899801,0
,23.50457240756056,37.4934250876258,0
,23.50350345443917,37.49444145253915,0
,23.502479415314472,37.49534328578265,0
,23.501904516156745,37.495887243381524,0
,23.501284703002327,37.496209321655414,0
,23.50037744026904,37.49693936055674,0
,23.49997321429877,37.49720417681069,0
,23.499658816321887,37.49734016316768,0
,23.49881443318398,37.498206175687045,0
,23.498203602828898,37.49853540092985,0
,23.497583789674476,37.49884315363747,0
,23.49687414852666,37.498993451006534,0
,23.496164507378847,37.49925825991451,0
,23.494646414290482,37.49951591091598,0
,23.49370322035984,37.49965904997386,0
,23.493182217998154,37.49957316657234,0
,23.492409697254963,37.499558852662396,0
,23.490945500962635,37.49976640408565,0
,23.489975358633973,37.499931013421424,0
,23.489607063861055,37.499959641094634,0
,23.489193855091443,37.50004552404788,0
,23.488672852729753,37.500059837863745,0
,23.48843031714759,37.500188662081904,0
,23.488187781565426,37.50026738788265,0
,23.48734339842752,37.500918661751065,0
,23.486409187296214,37.50109042533312,0
,23.48257353197828,37.50114052296948,0
,23.481181198080662,37.501126209362546,0
,23.479914623373805,37.50116915017506,0
,23.47869296266364,37.50114052296948,0
,23.477983321515822,37.50124787493326,0
,23.4777048547363,37.501433951301784,0
,23.476977247989808,37.50136238352308,0
,23.476617936016233,37.50137669708437,0
,23.475369326908048,37.50119777736954,0
,23.474551892168158,37.50098307314102,0
,23.47406682100383,37.50085425030505,0
,23.473033799079793,37.50015287759934,0
,23.47244093432339,37.4999238565014,0
,23.471416895198693,37.49927257388256,0
,23.471048600425778,37.499122277080055,0
,23.470788099244935,37.49910080608336,0
,23.470518615264748,37.4991795330408,0
,23.470258114083908,37.49940139947048,0
,23.470222182886552,37.49949444003344,0
,23.47050963246541,37.49965189302751,0
,23.471758241573593,37.49978071795547,0
,23.472090605149152,37.499931013421424,0
,23.472225347139243,37.5001027792947,0
,23.473024816280454,37.500818466144196,0
,23.47320447226724,37.500975916322695,0
,23.473626663836193,37.501620027202655,0
,23.47390513061572,37.501784632417426,0
,23.474533926569478,37.50174169196189,0
,23.474776462151645,37.501756005449835,0
,23.47596219166445,37.501577086651636,0
,23.476977247989808,37.50128365888663,0
,23.47808213230856,37.50111189575286,0
,23.47833365069006,37.501126209362546,0
,23.47896244664382,37.50108326852514,0
,23.47985174377843,37.50104748447495,0
,23.48061528172228,37.500904348101244,0
,23.480875782903123,37.50093297539811,0
,23.48108238728793,37.50103317085002,0
,23.481199163679342,37.50119777736954,0
,23.481288991672738,37.50145542162192,0
,23.481495596057545,37.50136238352308,0
,23.482384893192148,37.5008327798106,0
,23.483148431136,37.50056081967531,0
,23.483399949517505,37.50053934909577,0
,23.48364248509967,37.50060376081573,0
,23.483867055083152,37.50051787850998,0
,23.483974848675228,37.500532192234544,0
,23.484100607865983,37.500689643021815,0
,23.48474736941842,37.50046778045232,0
,23.484998887799925,37.50043915297559,0
,23.486606808881685,37.50057513339154,0
,23.487972194381282,37.50096160268392,0
,23.488196764364766,37.50104032766285,0
,23.488340489154197,37.50119777736954,0
,23.48861895593372,37.50137669708437,0
,23.488933353910596,37.501763162192766,0
,23.48905013030201,37.501763162192766,0
,23.489032164703335,37.501577086651636,0
,23.489077078700028,37.501756005449835,0
,23.48891538831192,37.501627183958725,0
,23.489104027098048,37.502056588057435,0
,23.48906809590069,37.501791789157586,0
,23.489148941094747,37.501856199787966,0
,23.489130975496067,37.502035117911646,0
,23.489023181903992,37.502013647759625,0
,23.488960302308616,37.501934923815654,0
,23.48885250871654,37.50194923726624,0
,23.488960302308616,37.50197070743692,0
,23.489157923894084,37.50187766998563,0

,23.48891538831192,37.502128155165096,0
,23.48892437111126,37.502085214908796,0
,23.488888439913904,37.50207805819697,0
,23.48890640551258,37.5019921776014,0
,23.489095044298708,37.50197786415911,0
,23.489139958295404,37.50188482671679,0
,23.489148941094747,37.501791789157586,0
,23.489130975496067,37.50169159473229,0
,23.489104027098048,37.50159855693025,0
,23.48908606149937,37.501398167421065,0
,23.48908606149937,37.50130512925031,0
,23.48906809590069,37.50121924775815,0
,23.489059113101348,37.50111905255804,0
,23.488978267907296,37.500818466144196,0
,23.48896928510796,37.50071827040171,0
,23.48891538831192,37.500403368614094,0
,23.488888439913904,37.50031032919323,0
,23.488861491515884,37.50010993619743,0
,23.488690818328433,37.49952306787544,0
,23.48857404193702,37.49873579818706,0
,23.488636921532397,37.498528243874915,0
,23.488816577519184,37.498356474349066,0
,23.489481304670303,37.49804871961867,0
,23.4904604297983,37.497812534888375,0
,23.491691073307805,37.49729722013458,0
,23.49258037044241,37.49670317228801,0
,23.493092390004758,37.49638109616206,0
,23.49321814919551,37.4963596243705,0
,23.493370856784278,37.49649561227844,0
,23.493155269600134,37.49643119698475,0
,23.492993579212026,37.496667386120954,0
,23.493101372804098,37.496832002346174,0
,23.493793048353236,37.49695367497308,0
,23.494017618336724,37.49703240421334,0
,23.494161343126155,37.4971898624428,0
,23.494260153918887,37.497468992117625,0
,23.494188291524168,37.497740963609225,0
,23.49398168713936,37.497633606560825,0
,23.49360440956711,37.49762644941873,0
,23.493370856784278,37.49769802080852,0
,23.49308340720542,37.49788410609832,0
,23.492517490847032,37.498063033820564,0
,23.492221058468832,37.49823480402713,0
,23.49209529927808,37.49822048985847,0
,23.49209529927808,37.49772664934509,0
,23.492221058468832,37.49674611566564,0
,23.492212075669492,37.49633815257274,0
,23.492212075669492,37.49623795076752,0
,23.492176144472136,37.49603754675033,0
,23.492149196074116,37.49594450184369,0
,23.49214021327478,37.495851456820155,0
,23.4921222476761,37.49524308263126,0
,23.492194110070812,37.49467049059375,0
,23.492005471284685,37.4939261143263,0
,23.492005471284685,37.49372570405283,0
,23.491906660491953,37.49293837272821,0
,23.49165514211045,37.49211524466669,0
,23.49162819371243,37.492007879462484,0
,23.491232950541495,37.491034427841505,0
,23.491197019344135,37.49092706107051,0
,23.491170070946122,37.49081253634324,0
,23.49115210534744,37.49071232706161,0
,23.49098143215999,37.48969591097206,0
,23.491197019344135,37.489610016015455,0
,23.492041402482045,37.489574226420835,0
,23.492526473646375,37.48969591097206,0
,23.493487633175697,37.49029717287909,0
,23.49357746116909,37.490354435663306,0
,23.493667289162484,37.49043317191929,0
,23.493757117155877,37.490490434598385,0
,23.493873893547292,37.49055485505941,0
,23.49514046825415,37.491055901177035,0
,23.496164507378847,37.491664309763095,0
,23.497017873316093,37.49219397905085,0
,23.49712566690817,37.49225839803018,0
,23.49723346050024,37.492315659298114,0
,23.497458030483727,37.492394393469226,0
,23.497565824075796,37.49241586641046,0
,23.498203602828898,37.49269501407994,0
,23.498949175174072,37.49308868208208,0
,23.499551022729815,37.49348950553431,0
,23.500655907048564,37.49407642167546,0
,23.501320634199686,37.4944987121192,0
,23.50189553335741,37.49474922226144,0
,23.502838727288047,37.49527886948662,0
,23.50359328243256,37.49562242241804,0
,23.505569498287237,37.496832002346174,0
,23.506566589013914,37.49721849117583,0
,23.50680912459608,37.49744752064152,0
,23.507051660178245,37.49814176188138,0
,23.507105556974285,37.49832784605598,0
,23.50812959609898,37.49866422780031,0
,23.509198549220372,37.498828839586416,0
,23.509935138766206,37.499158062060694,0
,23.51068071111138,37.499294044829455,0
,23.51179457822947,37.49941571341083,0
,23.51240540858455,37.49964473608052,0
,23.5128725141502,37.49977356102089,0
,23.514300779245172,37.50055366281616,0
,23.515217024777794,37.50128365888663,0
,23.515800906734857,37.50156277312911,0
,23.516483599484655,37.50197070743692,0
,23.51704951584304,37.50220687890359,0
,23.51819033135915,37.50280088259551,0
,23.51911555969111,37.503495073641766,0
,23.519394026470636,37.50370977058562,0
,23.520184512812506,37.50441826608271,0
,23.520669583976833,37.50515538046354,0
,23.521037878749752,37.50567064052665,0
,23.521783451094922,37.506586649561235,0
,23.522025986677086,37.5068013375391,0
,23.522403264249345,37.50752411582108,0
,23.522690713828208,37.508211106458006,0
,23.52280749021962,37.5083971653249,0
,23.523014094604427,37.508654784522385,0
,23.522969180607728,37.50906983578793,0
,23.52325663018659,37.509728188194,0
,23.52340933777536,37.51000011465286,0
,23.52395728853507,37.510372222925035,0
,23.524316600508644,37.51045093789673,0
,23.524523204893455,37.51090175839462,0
,23.524505239294776,37.511202303867655,0
,23.524595067288168,37.511603029266624,0
,23.524702860880243,37.511774768059105,0
,23.524900482465707,37.51188210460206,0
,23.525152000847214,37.512096777220954,0
,23.525250811639946,37.51228998204555,0
,23.52535860523202,37.51268354586887,0
,23.52566402040956,37.51298408410644,0
,23.52565503761022,37.51346351162573,0
,23.525717917205597,37.51365671288239,0
,23.52602333238314,37.514200535933846,0
,23.526149091573892,37.514708577542436,0
,23.526526369146147,37.51578189341665,0
,23.52666111113624,37.51639009883517,0
,23.527056354307174,37.51795709917596,0
,23.527227027494625,37.519051833148666,0
,23.527487528675465,37.519946211627406,0
,23.527712098658952,37.5206044672811,0
,23.528439705405447,37.52167054281901,0
,23.529167312151944,37.52274375770996,0
,23.52950865852684,37.52330182330065,0
,23.52983203930306,37.52426769610549,0
,23.530047626487207,37.52533371885752,0
,23.53003864368787,37.52561274241032,0
,23.530137454480602,37.52616363197561,0
,23.530209316875315,37.52635680007247,0
,23.530371007263426,37.527322632990234,0
,23.530442869658142,37.52801659404158,0
,23.53059557724691,37.529089716869386,0
,23.530748284835685,37.5297908153748,0
,23.531035734414548,37.53074944951394,0
,23.531314201194068,37.53162222501382,0
,23.53157470237491,37.53226606919091,0
,23.53176334116104,37.53282406294383,0
,23.532410102713477,37.533782657767254,0
,23.532616707098285,37.5344550974668,0
,23.53309279546328,37.53539936416978,0
,23.533407193440155,37.535957334281285,0
,23.53418869698269,37.53688012176483,0
,23.534664785347676,37.537481000447094,0
,23.534916303729183,37.53803895485129,0
,23.53512290811399,37.53901894149766,0
,23.535347478097474,37.539791476559735,0
,23.535518151284926,37.54065699236561,0
,23.53559001367964,37.54125784035503,0
,23.53574272126841,37.54236653513622,0
,23.53577865246577,37.54337507530196,0
,23.535859497659825,37.54431922809409,0
,23.536039153646612,37.54525621629177,0
,23.536155930038024,37.546236107274474,0
,23.536335586024812,37.54788115051825,0
,23.53638948282085,37.54885385451619,0
,23.53654219040962,37.54983369780699,0
,23.53668591519905,37.550985175874544,0
,23.53675777759377,37.55197929468272,0
,23.536856588386502,37.552794605163236,0
,23.53691946798188,37.553702879054164,0
,23.53717098636338,37.55469696130497,0
,23.537413521945545,37.55589127265565,0
,23.53763809192903,37.556885325467526,0
,23.53778181671846,37.557993785854315,0
,23.537880627511196,37.55849437541709,0
,23.537880627511196,37.558887693408565,0
,23.53779978231714,37.55945263740553,0
,23.53769198872507,37.5594740908899,0
,23.536443379616887,37.55927385812684,0
,23.53477257893975,37.559023566409955,0
,23.5330748298646,37.55880902997778,0
,23.5311165796086,37.55847292164823,0
,23.52994881569447,37.558322745091914,0
,23.528646309790254,37.55827268617197,0
,23.527343803886037,37.55817256823034,0
,23.52619400557059,37.55797948324553,0
,23.52428066931129,37.5577434898011,0
,23.52359797656149,37.55767912782183,0
,23.522726645025564,37.55749319290003,0
,23.521891244686998,37.55722144101888,0
,23.52122651753588,37.55707841331157,0
,23.52049891078938,37.55677090280334,0
,23.518926920904985,37.55640617937872,0
,23.51775017419152,37.55601999967279,0
,23.51690579105361,37.55568387865636,0
,23.515684130343445,37.55534775611099,0
,23.51449840083064,37.55499017725668,0
,23.513501310103962,37.5545539287112,0
,23.512531167775304,37.554010402330064,0
,23.511911354620878,37.55364566528026,0
,23.510770539104772,37.55330238170652,0
,23.50967463758536,37.55295194474689,0
,23.5084080628785,37.55265156888743,0
,23.507240298964373,37.55229397698667,0
,23.506467778221182,37.5519721427966,0
,23.504877822738102,37.551485812917015,0
,23.503745990021333,37.55119258306075,0
,23.502560260508528,37.550770616103925,0
,23.501257754604307,37.55064187994255,0
,23.50061099305187,37.550606119857946,0
,23.499245607552275,37.55037725490665,0
,23.49799699844409,37.55013408511937,0
,23.496613647345818,37.54993382704675,0
,23.495347072638957,37.54980508942782,0
,23.493945755942004,37.54961198257901,0
,23.493316959988245,37.54955476563801,0
,23.493182217998154,37.549569069877414,0
,23.493101372804098,37.54963343892046,0
,23.493128321202114,37.54982654571322,0
,23.49333492558692,37.55030573446403,0
,23.493325942787585,37.55059896783892,0
,23.49351458157371,37.55107099960839,0
,23.493649323563805,37.55163600336844,0
,23.493828979550592,37.55232258440239,0
,23.493846945149272,37.553023462628694,0
,23.4940804979321,37.55402470570709,0
,23.494412861507655,37.554654051555914,0
,23.494601500293786,37.55523333106586,0
,23.494933863869345,37.55579115148729,0
,23.495652487816496,37.55651345116107,0
,23.49621840417488,37.556899628288086,0
,23.496631612944498,37.557135624427715,0
,23.49729634009562,37.5577434898011,0
,23.498212585628234,37.558358501442534,0
,23.499173745157556,37.55898065917335,0
,23.49998219709811,37.559738683351604,0
,23.500673872647248,37.560196354561825,0
,23.501257754604307,37.56053245505136,0
,23.502156034538253,37.56126185936461,0
,23.503386678047754,37.56201270922385,0
,23.504401734373108,37.56260623275992,0
,23.505219169112998,37.5633785213063,0
,23.505677291879312,37.56386477291574,0
,23.506611503010614,37.564644198965574,0
,23.50739300655314,37.565423616791534,0
,23.508273320888406,37.56610291919859,0
,23.509081772828957,37.566767914451184,0
,23.509288377213764,37.56690377295985,0
,23.509755482779415,37.567740369848146,0
,23.510060897956954,37.5687128124421,0
,23.510447158328553,37.569542238654925,0
,23.510698676710057,37.56973529341987,0
,23.511201713473064,37.570028449690575,0
,23.51135442106184,37.57019290269882,0
,23.511417300657214,37.57039310586677,0
,23.511399335058535,37.57078636050959,0
,23.511255610269103,37.571029462332355,0
,23.5109142638942,37.57140126357228,0
,23.510456141127893,37.57184456260433,0
,23.510132760351674,37.5722592592899,0
,23.509827345174134,37.57278835168027,0
,23.509764465578755,37.57327454134552,0
,23.50969260318404,37.57393232226838,0
,23.509315325611784,37.57487608466271,0
,23.50921651481905,37.575054826181905,0
,23.508866185644813,37.575305063581894,0
,23.508461959674538,37.5756410953279,0
,23.508479925273218,37.575462355227856,0
,23.508372131681142,37.57544805600114,0
,23.508470942473874,37.57547665445179,0
,23.508372131681142,37.57563394573222,0
,23.50939617080584,37.57594852728798,0
,23.509530912795928,37.57610581756328,0
,23.509584809591967,37.57629170563848,0
,23.50895601363821,37.57717824232839,0
,23.50892906524019,37.57805046965138,0
,23.509198549220372,37.57902992575679,0
,23.509324308411127,37.580109457214434,0
,23.509459050401215,37.58073143174801,0
,23.50971955158206,37.58126046343427,0
,23.510105811953654,37.58173944831265,0
,23.510348347535817,37.58227562172885,0
,23.51029445073978,37.582947620244944,0
,23.510240553943742,37.58352667788941,0
,23.51033936473648,37.58391986258966,0
,23.51029445073978,37.5844131277065,0
,23.510276485141105,37.58531386419746,0
,23.510375295933837,37.58629322394154,0
,23.510501055124593,37.587436985295376,0
,23.510599865917325,37.58772292286454,0
,23.51064477991402,37.58818042067117,0
,23.5107076595094,37.588366278345106,0
,23.510581900318645,37.58893099686749,0
,23.510617831516,37.58930270796719,0
,23.510950195091564,37.58991030861826,0
,23.510932229492884,37.59018908841939,0
,23.510887315496188,37.59028201478574,0
,23.5110040918876,37.59064657093928,0
,23.510905281094864,37.590703756054864,0
,23.51046512392723,37.59057508948247,0
,23.510042932358278,37.59041783003383,0
,23.50969260318404,37.590403533703686,0
,23.509575826792627,37.59042497819784,0
,23.51021360554573,37.590846718649985,0
,23.51064477991402,37.591304197093365,0
,23.5113005242658,37.59187604115969,0
,23.511668819038714,37.59238354905718,0
,23.511866440624186,37.59261228387,0
,23.511830509426826,37.592698059242004,0
,23.51145323185457,37.59293394100099,0
,23.510833418700148,37.59382027784081,0
,23.510105811953654,37.59495677482439,0
,23.509333291210464,37.59585738264406,0
,23.5090009276349,37.596414896262026,0
,23.508030785306243,37.597851546555816,0
,23.507518765743896,37.59875926640004,0
,23.50704267737891,37.5996669750767,0
,23.50636896742845,37.600638997182216,0
,23.505767119872704,37.601525241469844,0
,23.505398825099785,37.60199694779768,0
,23.505344928303753,37.60209700632794,0
,23.505425773497805,37.60216132959719,0
,23.50601863825421,37.602018388922744,0
,23.507222333365696,37.601682477247586,0
,23.508461959674538,37.60143232926183,0
,23.509827345174134,37.60096776646659,0
,23.510995109088256,37.60072476322374,0
,23.51194728581824,37.60043172883692,0
,23.512656926966056,37.600124398839284,0
,23.513231826123782,37.599838509320016,0
,23.514516366429316,37.599559765972074,0
,23.51530685277119,37.59940967296391,0
,23.51653749628069,37.599123780675036,0
,23.517786105388875,37.598909360731376,0
,23.518396935743958,37.598830739929234,0
,23.51973537284553,37.598795003173294,0
,23.520507893588725,37.59872352960949,0
,23.521478035917383,37.5985734349001,0
,23.52236733305199,37.59848766635764,0
,23.5224841094434,37.5985091085026,0
,23.522520040640757,37.59860202439209,0
,23.52229547065727,37.59884503462677,0
,23.521729554298886,37.59935964189333,0
,23.52059772158212,37.600553231041005,0
,23.51996892562836,37.60118932754922,0
,23.519052680095736,37.601939771433706,0
,23.517480690211332,37.60311902497158,0
,23.516591393076727,37.603890889806976,0
,23.515657181945425,37.60459127868677,0
,23.514776867610163,37.60523448710621,0
,23.5138516392782,37.60585624991362,0
,23.513330636916514,37.606170702671186,0
,23.512809634554824,37.606449421040146,0
,23.512638961367376,37.60659235312851,0
,23.512701840962755,37.60667096565908,0
,23.513905536074233,37.606449421040146,0
,23.51455229762668,37.60645656765115,0
,23.515432611961938,37.60647086087107,0
,23.515675147544105,37.606463714261444,0
,23.516573427478047,37.60647800748,0
,23.517965761375663,37.606449421040146,0
,23.518208296957827,37.606427981203005,0
,23.51945690606601,37.606449421040146,0
,23.52075941197023,37.606449421040146,0
,23.521397190723327,37.606520887118975,0
,23.52395728853507,37.606899656180595,0
,23.52504420725514,37.607099759805294,0
,23.526014349583797,37.60732130247081,0
,23.526104177577192,37.60737847466357,0
,23.526059263580496,37.60746423286964,0
,23.52581672799833,37.60752855145873,0
,23.525313691235322,37.60782870413293,0
,23.52404711652846,37.60862910529241,0
,23.521828365091622,37.609958323741644,0
,23.52055280758542,37.61066580121191,0
,23.51881912731291,37.611887791765874,0
,23.51766932899746,37.61284536085634,0
,23.516681221070122,37.61361712390978,0
,23.515818872333536,37.614295982881444,0
,23.514911609600254,37.61498912717245,0
,23.514022312465652,37.615660827794684,0
,23.513007256140295,37.61638254185669,0
,23.51192033742022,37.617182850180164,0
,23.51098612628892,37.617883112837355,0
,23.509782431177435,37.61877629535029,0
,23.5087494092534,37.619505124263604,0
,23.50779723252342,37.620176783745464,0
,23.50600067265553,37.62163440667736,0
,23.505542549889217,37.62199166280232,0
,23.50471613234999,37.62272045992874,0
,23.503835818014725,37.62343495992081,0
,23.50252432931117,37.62452098664517,0
,23.501473341788454,37.625399799189665,0
,23.500548113456492,37.62619286493076,0
,23.499407297940383,37.62721454965928,0
,23.498913243976713,37.62754320047744,0
,23.49832037922031,37.62818620870932,0
,23.497988015644754,37.62862202221017,0
,23.497143632506845,37.62937218695453,0
,23.49642500855969,37.63006518950463,0
,23.49563452221782,37.63098680135692,0
,23.49496081226736,37.63160834702881,0
,23.49419727432351,37.632501363242646,0
,23.493433736379657,37.633401512634165,0
,23.492688164034483,37.634230211876414,0
,23.49167310770913,37.63537323002124,0
,23.49095448376197,37.63628048805115,0
,23.48941842507493,37.63818069307654,0
,23.488654887131077,37.63923078535496,0
,23.488053039575334,37.6397951144779,0
,23.4876128824077,37.64032372264667,0
,23.486741550871777,37.64141664372429,0
,23.48607682372066,37.64208810353492,0
,23.48553785576029,37.64251669170336,0
,23.48474736941842,37.64342386176825,0
,23.484028745471264,37.644323877721384,0
,23.48327419032675,37.64525245408356,0
,23.482591497576955,37.64608816280075,0
,23.482259134001396,37.64654529859986,0
,23.48160338964962,37.64745956168643,0
,23.480830868906427,37.64830953046964,0
,23.480166141755305,37.649138062027006,0
,23.479510397403526,37.65002372338446,0
,23.478917532647127,37.650723674018835,0
,23.47808213230856,37.6516021740736,0
,23.477336559963383,37.652423526433644,0
,23.476465228427458,37.653430563346866,0
,23.475899312069075,37.65410905562936,0
,23.475153739723897,37.65477325780799,0
,23.47513577412522,37.65486610279653,0
,23.475252550516636,37.654851818959756,0
,23.475827449674355,37.65448043823113,0
,23.47675267800632,37.65372338709879,0
,23.477138938377916,37.65326629585424,0
,23.477597061144227,37.652866338687694,0
,23.47789349352243,37.65240209996672,0
,23.479402603811454,37.651002223951345,0
,23.480516470929544,37.65023085232645,0
,23.48171118324169,37.649638033457336,0
,23.48222320280404,37.649566609175096,0
,23.482905895553838,37.64907377973972,0
,23.48455873063229,37.6481166812699,0
,23.48542107936888,37.64767384045565,0
,23.48661579168102,37.64685957781593,0
,23.48728950163148,37.64638101574866,0
,23.487729658799115,37.646031020626374,0
,23.488205747164102,37.64570245226338,0
,23.488717766726452,37.645266739782336,0
,23.489750788650486,37.64466673804907,0
,23.490649068584432,37.64398101579782,0
,23.491664124909786,37.64335243145968,0
,23.49263426723845,37.64268098317343,0
,23.493038493208722,37.64228811165718,0
,23.49386491074795,37.64132378177939,0
,23.494296085116243,37.64085947029896,0
,23.4946733626885,37.64045944575373,0
,23.49479912187925,37.640180855948074,0
,23.49487098427397,37.64010942249485,0
,23.494924881070006,37.64018799928956,0
,23.4946733626885,37.64073089121774,0
,23.49386491074795,37.641438073387256,0
,23.492715112432503,37.64230239793083,0
,23.491906660491953,37.64305242340731,0
,23.4911880365448,37.64373101130577,0
,23.490873638567916,37.64418101878051,0
,23.490496360995664,37.64510245407936,0
,23.490244842614157,37.645559595996204,0
,23.489678926255774,37.64595959284604,0
,23.489328597081535,37.64640244396743,0
,23.488789629121165,37.647409563217224,0
,23.4882955751575,37.648016685189745,0
,23.48763084800638,37.648623802157594,0
,23.487172725240068,37.64919520179083,0
,23.486732568072437,37.650073720078964,0
,23.486229531309426,37.65113792738295,0
,23.485591752556328,37.65203070688268,0
,23.484944991003886,37.652909191345174,0
,23.484244332655415,37.6537733812815,0
,23.483453846313544,37.65455185774749,0
,23.48304962034327,37.6549303800277,0
,23.482636411573655,37.65530175848693,0
,23.482519635182243,37.65528747473469,0
,23.482465738386203,37.65520177216296,0
,23.4826004803763,37.65471612237222,0
,23.483265207527413,37.65361625659293,0
,23.48332808712279,37.65339485305354,0
,23.483777227089764,37.65279491753651,0
,23.484127556264003,37.65183072521544,0
,23.484100607865983,37.650809381802596,0
,23.484361109046823,37.64972374250459,0
,23.484621610227666,37.64914520449991,0
,23.484846180211154,37.6486809423204,0
,23.48489109420785,37.647866690814986,0
,23.48463059302701,37.6468524351214,0
,23.484406023043523,37.64586673662808,0
,23.48430721225079,37.645373882434676,0
,23.4837862098891,37.64442387881513,0
,23.48351672590892,37.64344529084729,0
,23.483453846313544,37.64266669697321,0
,23.4834448635142,37.64208810353492,0
,23.48330113872477,37.64169522885667,0
,23.483085551540626,37.641559508026354,0
,23.48296877514921,37.64158808085352,0
,23.482313030797435,37.642380972386476,0
,23.481872873629797,37.64296670659651,0
,23.480750023712368,37.64398101579782,0
,23.48017512455465,37.644438164674604,0
,23.479717001788334,37.644881024943416,0
,23.478899567048444,37.64568102384095,0
,23.478809739055052,37.64603816340059,0
,23.478800756255712,37.646316731054945,0
,23.478845670252408,37.64640244396743,0
,23.479393621012115,37.64660244037527,0
,23.48010326215993,37.64671672379308,0
,23.480390711738792,37.64688100589548,0
,23.480345797742093,37.647159570362135,0
,23.479519380202866,37.648209534651336,0
,23.479258879022026,37.648509521698955,0
,23.478486358278833,37.64878808000619,0
,23.477902476321766,37.64915234697214,0
,23.477129955578576,37.64995229947628,0
,23.47665386721359,37.65041655364125,0
,23.47627658964133,37.65083795104168,0
,23.475378309707384,37.651516467212524,0
,23.474471046974102,37.652394957809676,0
,23.473932079013736,37.652766349056634,0
,23.472584659112822,37.65322344340457,0
,23.47197382875774,37.653366284806424,0
,23.47164146518218,37.65350198388154,0
,23.471398929600017,37.65352341002842,0
,23.470186251689192,37.6533877109928,0
,23.469207126561194,37.65337342686926,0
,23.468245967031873,37.65318059093,0
,23.46765310227547,37.653244869632545,0
,23.467563274282075,37.6533020062099,0
,23.467724964670182,37.65384480148367,0
,23.467895637857634,37.65409477164574,0
,23.467922586255654,37.6541876174898,0
,23.46748242908802,37.654644703015194,0
,23.467024306321708,37.6551874883913,0
,23.46634161357191,37.655965949906744,0
,23.465119952861745,37.65708006399525,0
,23.464230655727143,37.657837080615415,0
,23.463350341391877,37.658622655670655,0
,23.462955098220945,37.65899401550616,0
,23.46160767832003,37.6603937395878,0
,23.460682449988067,37.66130068945217,0
,23.459936877642892,37.66207908633089,0
,23.4591643568997,37.66282176925757,0
,23.458284042564433,37.66372154814962,0
,23.45790676499218,37.66412144634898,0
,23.45692763986418,37.66484268582293,0
,23.455679030756,37.665478227620646,0
,23.454583129236585,37.66606377812765,0
,23.454062126874902,37.66633512922204,0
,23.453334520128408,37.66712061359271,0
,23.452894362960773,37.66757047813866,0
,23.452202687411635,37.668255980730684,0
,23.451304407477693,37.669219957948044,0
,23.450406127543747,37.670141079936236,0
,23.449948004777436,37.670598066411195,0
,23.449076673241514,37.67154059205337,0
,23.448322118097,37.6722046369616,0
,23.44794484052474,37.67259020867458,0
,23.44733401016966,37.67321854343356,0
,23.446678265817884,37.673946833826925,0
,23.446453695834396,37.67416103551195,0
,23.446076418262138,37.674667977015666,0
,23.445609312696487,37.675046395861465,0
,23.444899671548672,37.675838927137775,0
,23.4444505315817,37.6762958782279,0
,23.443776821631243,37.67701699839376,0
,23.44302226648673,37.67778808936528,0
,23.442240762944202,37.67857345149175,0
,23.441486207799688,37.67933738660718,0
,23.440605893464422,37.680165568985636,0
,23.43966269953378,37.681086553957165,0
,23.43888119599125,37.68182904507407,0
,23.43855781521503,37.6821003380358,0
,23.43852188401767,37.682193148556195,0
,23.439159662770773,37.682428743966604,0
,23.439635751135764,37.682764287642456,0
,23.440255564290183,37.68364240533711,0
,23.440516065471027,37.68407789071174,0
,23.441019102234037,37.68464901516393,0
,23.441710777783175,37.68557708294043,0
,23.442276694141558,37.68669788764412,0
,23.442555160921078,37.68736179575094,0
,23.44306718048343,37.688304106644864,0
,23.4435612344471,37.68933920696857,0
,23.44383970122662,37.6899745371931,0
,23.444118168006142,37.69040998507563,0
,23.444297823992933,37.69153785448763,0
,23.444369686387645,37.69268712134701,0
,23.444199013200194,37.693236764364954,0
,23.444603239170473,37.69340808082936,0
,23.44484577475264,37.69341521900674,0
,23.44574405468658,37.69367219293001,0
,23.44683097340665,37.69410048080643,0
,23.44715435418287,37.69423610478056,0
,23.448322118097,37.69452162811891,0
,23.451609822655232,37.69578505558294,0
,23.453208760937656,37.69649884681237,0
,23.454232800062346,37.697112701727185,0
,23.4553825983778,37.69755524511429,0
,23.456191050318346,37.698062025398535,0
,23.456730018278716,37.69852597611685,0
,23.45727796903842,37.69910412599127,0
,23.458284042564433,37.699782197211,0
,23.45920028809706,37.700467399669066,0
,23.45946977207724,37.70066011170966,0
,23.45972129045875,37.70068152412742,0
,23.46015246482704,37.70085282324504,0
,23.46017043042572,37.70093847265418,0
,23.45897571811357,37.70152374094566,0
,23.458014558584253,37.701959120432626,0
,23.457529487419922,37.70226602573449,0
,23.456819846272108,37.7025158314296,0
,23.455723944752695,37.70306540097052,0
,23.454753802424037,37.70364351514385,0
,23.454107040871598,37.70412170491296,0
,23.453621969707264,37.70446428671537,0
,23.452858431763417,37.70519940477705,0
,23.452427257395122,37.705677584423725,0
,23.451636771053252,37.7063127734717,0
,23.451762530244004,37.70649119637402,0
,23.452526068187854,37.70698364133683,0
,23.453612986907928,37.7075617246916,0
,23.454340593654422,37.707882880146144,0
,23.45571496195336,37.708525186844945,0
,23.456550362291928,37.70876069789463,0
,23.457080347452948,37.70905330148074,0
,23.45786185099548,37.709538592664835,0
,23.45850861254792,37.71033075227133,0
,23.458598440541316,37.710394981054364,0
,23.457969644587557,37.71072326062424,0
,23.457340848633795,37.71109435750249,0
,23.456685104282016,37.711551089549204,0
,23.45612817072297,37.711793727294356,0
,23.455741910351374,37.71187936395434,0
,23.45545446077251,37.71188650033816,0
,23.454798716420736,37.71201495512846,0
,23.453972298881503,37.712293273070465,0
,23.453370451325764,37.71246454512619,0
,23.45277758656936,37.71283563321074,0
,23.45218472181296,37.71307113044621,0
,23.45101695789883,37.71336371686916,0
,23.45055883513252,37.713534986429785,0
,23.449840211185364,37.713663438338266,0
,23.449489882011125,37.71379902622031,0
,23.449103621639527,37.714234332992454,0
,23.448124496511532,37.71506212236199,0
,23.44703757779146,37.71570436630996,0
,23.446570472225808,37.716068302055085,0
,23.446157263456193,37.7166391780235,0
,23.445348811515647,37.71737417430063,0
,23.44430680679227,37.718102027445205,0
,23.443103111680784,37.7188084662482,0
,23.442222797345522,37.719557712100844,0
,23.441486207799688,37.720135696537334,0
,23.440075908303395,37.72107758735657,0
,23.439078817576718,37.72163415352759,0
,23.438306296833527,37.722169309330575,0
,23.437776311672497,37.72244045344926,0
,23.437183446916094,37.72266878456237,0
,23.436536685363656,37.723061227004685,0
,23.435934837807913,37.723325232558864,0
,23.435476715041602,37.72370340102392,0
,23.434785039492464,37.724067297142604,0
,23.433590327180323,37.72441692112706,0
,23.4326740816477,37.725016272657044,0
,23.431569197328947,37.72581540042234,0
,23.430796676585757,37.726400470594264,0
,23.4300780526386,37.72690705197824,0
,23.4278233700044,37.728740704673676,0
,23.426790348080367,37.72960400390379,0
,23.426035792935853,37.7303103320888,0
,23.425272254992,37.731066595139296,0
,23.424463803051452,37.73185138818301,0
,23.424068559880517,37.732293722384306,0
,23.423322987535343,37.73305709933509,0
,23.42261334638753,37.733948884786955,0
,23.42180489444698,37.734976208201495,0
,23.4211042360985,37.73588937250255,0
,23.42030476695729,37.73669551592288,0
,23.419505297816084,37.73744457930875,0
,23.418633966280158,37.738129430573274,0
,23.41779856594159,37.73884281051352,0
,23.416864354810283,37.739677456243314,0
,23.415840315685593,37.74061196285077,0
,23.41489712175495,37.741318185142426,0
,23.413495805057998,37.742509474014405,0
,23.413082596288383,37.74295174400354,0
,23.41231007554519,37.743957541637876,0
,23.411744159186807,37.74479212921143,0
,23.410989604042292,37.74576936926529,0
,23.41007335850967,37.74682505922782,0
,23.409363717361856,37.74792353131051,0
,23.408779835404793,37.748829401761235,0
,23.40806121145764,37.749713862908315,0
,23.40802528026028,37.74981372075522,0
,23.40814205665169,37.749842251543654,0
,23.409058302184317,37.749428554025634,0
,23.40992963372024,37.74883653455505,0
,23.41086384485154,37.74826590885832,0
,23.411321967617855,37.74782367089148,0
,23.41238193793991,37.74745989250171,0
,23.413010733893667,37.74744562664575,0
,23.413585633051394,37.7472316384737,0
,23.41440306779128,37.746554005145875,0
,23.414771362564196,37.74610462380431,0
,23.415220502531167,37.74572657070328,0
,23.415714556494837,37.74507032296038,0
,23.415957092077004,37.744592399715785,0
,23.416756561218214,37.74382200942682,0
,23.417573995958104,37.742866143568456,0
,23.41812194671781,37.742445273310615,0
,23.4191908998392,37.74175332882797,0
,23.42030476695729,37.74071183308227,0
,23.421095253299164,37.73994853572083,0
,23.42189472244037,37.73909962559497,0
,23.422855881969692,37.73843618479714,0
,23.423817041499014,37.73768713152893,0
,23.42459854504154,37.737009410081534,0
,23.42539801418275,37.736253208239546,0
,23.42591901654444,37.735454194056906,0
,23.426826279277723,37.73303569635115,0
,23.427248470846674,37.73197267363238,0
,23.42769761081365,37.73092390459383,0
,23.428227595974676,37.72985371666474,0
,23.42866775314231,37.72866935717582,0
,23.428874357527114,37.72829834906963,0
,23.42970975786568,37.7276134061032,0
,23.43171292211838,37.72642187551219,0
,23.432260872878082,37.72598664095511,0
,23.43278187523977,37.72529454134775,0
,23.433877776759186,37.724381245286516,0
,23.434380813522193,37.723917457782655,0
,23.434946729880576,37.72343226156729,0
,23.435521629038302,37.72305409170626,0
,23.436887014537895,37.72204800769029,0
,23.437327171705526,37.72169123699901,0
,23.438306296833527,37.72106331637367,0
,23.439590837139065,37.72016423886083,0
,23.439932183513964,37.72000725594445,0
,23.441216723819505,37.719828865859554,0
,23.442132969352127,37.719464948743116,0
,23.443758856032563,37.71862293752336,0
,23.444252909996234,37.71832323628575,0
,23.445510501903755,37.718109163224646,0
,23.446678265817884,37.717887953739464,0
,23.447567562952486,37.71764533611887,0
,23.448609567675863,37.7171886419536,0
,23.449247346428958,37.71704592444477,0
,23.45042409314243,37.7168675271688,0
,23.451591857056552,37.7166391780235,0
,23.452786569368698,37.716417964112146,0
,23.453981281680846,37.71617534163707,0
,23.454628043233285,37.716096845958866,0
,23.455274804785724,37.71611111790659,0
,23.45566106515732,37.716161069701805,0
,23.455750893150714,37.71623242935033,0
,23.455598185561943,37.71638228438664,0
,23.454762785223373,37.71666772170546,0
,23.45386450528943,37.717017380909724,0
,23.452535050987198,37.717424125237095,0
,23.451313390277033,37.71783086731259,0
,23.449948004777436,37.71826615019711,0
,23.448807189261327,37.718580123135695,0
,23.448061616916156,37.7188084662482,0
,23.44685792180467,37.71918665796703,0
,23.44561829549583,37.71952203390019,0
,23.444899671548672,37.71968615347973,0
,23.444297823992933,37.71987881512699,0
,23.442923455693997,37.72021418790021,0
,23.441818571375244,37.72050674587754,0
,23.440632841862442,37.7209348774027,0
,23.439087800376058,37.7213772773573,0
,23.437749363274477,37.72179826838833,0
,23.436276184182812,37.72221212162638,0
,23.43535993865019,37.72247613023248,0
,23.434829953489164,37.7227544085468,0
,23.43412031234135,37.72347507312696,0
,23.433545413183623,37.72415291949677,0
,23.432638150450337,37.724923516192526,0
,23.431326661746784,37.72582967048198,0
,23.43040143341482,37.726429010483436,0
,23.42945823948418,37.72707115505754,0
,23.428847409129098,37.727435034490625,0
,23.42781438720506,37.72819132715224,0
,23.42670052008697,37.729047498124515,0
,23.42579325735369,37.72978237024825,0
,23.424832097824368,37.73046729298507,0
,23.423754161903634,37.73105232609721,0
,23.4230175723578,37.731780043707445,0
,23.422703174380924,37.73222237833851,0
,23.422128275223198,37.73264330720661,0
,23.421634221259527,37.73295008435301,0
,23.420924580111713,37.73351369483958,0
,23.41983766139164,37.73400595868708,0
,23.41822974030988,37.73460523195995,0
,23.416388266445296,37.73508322023051,0
,23.415543883307386,37.73521876857672,0
,23.415346261721922,37.735318646145366,0
,23.415409141317298,37.73558974171821,0
,23.415292364925886,37.735582607637,0
,23.41548100371201,37.735810897891504,0
,23.41557981450475,37.7360677235793,0
,23.416289455652564,37.73660990819214,0
,23.416711647221515,37.736938070617875,0
,23.41753806476074,37.73767999765155,0
,23.418553121086102,37.738528924193886,0
,23.41955021181278,37.739156695491054,0
,23.420098162572486,37.739570450910854,0
,23.420924580111713,37.74004840685492,0
,23.42177794604896,37.74061909644323,0
,23.42259538078885,37.74108277846683,0
,23.423305021936663,37.74119691513108,0
,23.42402364588382,37.74116124744256,0
,23.426395104909428,37.740333752203675,0
,23.426871193274422,37.74025528234335,0
,23.427248470846674,37.74074036740916,0
,23.42732931604073,37.74091870670101,0
,23.427203556849978,37.740554894086046,0

,23.427392195636106,37.74059769566374,0
,23.42734728163941,37.740747500989166,0
,23.42737423003743,37.74084023746599,0
,23.427266436445354,37.74089017244343,0
,23.427140677254606,37.74093297382563,0
,23.427014918063854,37.74094010738691,0
,23.426898141672435,37.7409472409475,0
,23.426520864100183,37.74091157313766,0
,23.42579325735369,37.74073323382849,0
,23.425245306593983,37.74034801944201,0
,23.424436854653433,37.7396203867521,0
,23.423619419913546,37.73887134556695,0
,23.42334095313402,37.73870013508005,0
,23.42323315954195,37.738643064829034,0
,23.42303553795648,37.73850752280503,0
,23.42287384756837,37.73836484671993,0
,23.422810967972993,37.73827924093579,0
,23.422703174380924,37.738100895231476,0
,23.422631311986205,37.73790828138421,0
,23.42259538078885,37.73782267506763,0
,23.42194861923641,37.737002276138305,0
,23.421517444868115,37.73663131013419,0
,23.42063713053285,37.736103393742674,0
,23.420448491746722,37.73595357894009,0
,23.420107145371823,37.735860836290044,0
,23.419873592589,37.735875104397685,0
,23.41965800540485,37.735789495710314,0
,23.419316659029953,37.735789495710314,0
,23.41919988263854,37.73576095945901,0
,23.418939381457697,37.73593931084772,0
,23.418831587865625,37.73596071298523,0
,23.4182566887079,37.73678825751852,0
,23.417825514339604,37.73736610636004,0
,23.417017062399058,37.73805095835664,0
,23.41667571602416,37.73845758620677,0
,23.416594870830107,37.73874293773921,0
,23.41587624688295,37.739285102595055,0
,23.41518457133381,37.73937070720625,0
,23.414528826982032,37.739570450910854,0
,23.413711392242142,37.73971312465283,0
,23.413010733893667,37.73984866445086,0
,23.412696335916785,37.739998471304865,0
,23.411851952778882,37.74009834237104,0
,23.41070215446343,37.74036942029429,0
,23.40982184012817,37.740669031571116,0
,23.408698990210738,37.74112557973672,0
,23.407261742316425,37.74155359106308,0
,23.406588032365967,37.74176759579038,0
,23.40531247485977,37.74225980429534,0
,23.404656730507988,37.74245954013852,0
,23.403956072159517,37.742552274452386,0
,23.40372251937669,37.742595074865434,0
,23.40335422460377,37.742538007642494,0
,23.403282362209058,37.74299454418364,0
,23.403156603018303,37.74354381094632,0
,23.402743394248688,37.7439789414378,0
,23.402078667097573,37.74462093253414,0
,23.40180020031805,37.74492052645736,0
,23.40149478514051,37.74553397686533,0
,23.401369025949755,37.745698038314735,0
,23.401261232357683,37.746061825437764,0
,23.400901920384108,37.74643274378508,0
,23.4006054880059,37.747545487579174,0
,23.40030007282836,37.74847276118608,0
,23.399958726453463,37.74895779194398,0
,23.399662294075263,37.74946421769662,0
,23.39902451532216,37.75037720177292,0
,23.398611306552546,37.75094781105235,0
,23.398341822572366,37.75135436745692,0
,23.398323856973683,37.75174665658909,0
,23.39862028935189,37.752409977077576,0
,23.39908739491754,37.75330865978665,0
,23.39951856928583,37.75432858000238,0
,23.400075502844874,37.75509172781366,0
,23.400479728815153,37.755569582682114,0
,23.400946834380804,37.75645396258636,0
,23.401575630334566,37.75728127607134,0
,23.402132563893606,37.75815137156712,0
,23.40228527148238,37.75862207466494,0
,23.402375099475773,37.75918548803814,0
,23.402572721061244,37.75986300471836,0
,23.403138637419627,37.760797254297806,0
,23.40373150217603,37.76161738725073,0
,23.404602833711955,37.76260153469009,0
,23.405222646866374,37.76342877884457,0
,23.405815511622777,37.764256013668955,0
,23.40624668599107,37.76493348351533,0
,23.40703717233294,37.76573217677008,0
,23.40802528026028,37.76678044846716,0
,23.40849238582593,37.76732240618981,0
,23.40913016457903,37.76822090622146,0
,23.409381682960532,37.76852753466516,0
,23.410226066098442,37.76886268521844,0
,23.41125908802248,37.76906234864976,0
,23.412238213150477,37.76937610437203,0
,23.413181407081115,37.76946167388148,0
,23.413405977064603,37.769525850948035,0
,23.413675461044786,37.769704120282675,0
,23.41445696458732,37.769896650677296,0
,23.41557981450475,37.77039580119808,0
,23.41646012884001,37.77115878185636,0
,23.416927234405662,37.771779143455646,0
,23.416990114001038,37.77187184071515,0
,23.417205701185186,37.772135670735416,0
,23.417412305569993,37.77240663030863,0
,23.41759196155678,37.77267758888052,0
,23.41853515548742,37.77376854352462,0
,23.41937055582599,37.77463844343844,0
,23.420080196973803,37.77558676519189,0
,23.42078085532228,37.77642099298365,0
,23.421993533233103,37.7779896007317,0
,23.422649277584885,37.77885945056126,0
,23.423251125140627,37.779793458148646,0
,23.424409906255416,37.781504586213714,0
,23.425128530202567,37.782445689623,0
,23.426008844537833,37.78342242811007,0
,23.42670052008697,37.78424230803217,0
,23.426808313679047,37.78442054158421,0
,23.428775546734382,37.786673376317125,0
,23.429575015875592,37.78759302628662,0
,23.430356519418126,37.7885197936502,0
,23.431937492101863,37.790323391918044,0
,23.433823879963146,37.79246198846138,0
,23.4348389362885,37.79357403399572,0
,23.435548577436315,37.79439380034507,0
,23.439168645570113,37.798442598737246,0
,23.440893343043285,37.80034574179271,0
,23.441620949789776,37.80117256007215,0
,23.442384487733634,37.80199224139501,0
,23.442941421292673,37.80264797984878,0
,23.44358818284511,37.80328232994014,0
,23.44388461522332,37.80372423349854,0
,23.444225961598214,37.804472612475834,0
,23.444890688749332,37.805178219935925,0
,23.44540270831168,37.80547756650153,0
,23.44560032989715,37.80560585751223,0
,23.446615386222508,37.806895882405634,0
,23.447289096172966,37.80770837260865,0
,23.44801670291946,37.80843532988603,0
,23.449696486395933,37.8104023545706,0
,23.450460024339787,37.81122193259406,0
,23.4511696654876,37.81206288137798,0
,23.451870323836076,37.81298933919526,0
,23.452544033786534,37.81384452062153,0
,23.453172829740293,37.814721071216745,0
,23.453936367684147,37.81574726345625,0
,23.45394535048349,37.81584703137897,0
,23.453828574092075,37.81587553647479,0
,23.454322628055742,37.81611782934104,0
,23.45438550765112,37.81619621803783,0
,23.454457370045834,37.81612495558968,0
,23.45434957645376,37.816146334331386,0
,23.454116023670935,37.81593967289976,0
,23.45407110967424,37.81584703137897,0
,23.454295679657722,37.81561899021293,0
,23.454753802424037,37.81546933781169,0
,23.45548140917053,37.815483590434525,0
,23.456676121482676,37.81578289487283,0
,23.458158283373685,37.816238975473425,0
,23.45900266651159,37.81648126713681,0
,23.459317064488474,37.816616665070015,0
,23.45937994408385,37.816887460185136,0
,23.45895775251489,37.817728343894714,0
,23.458966735314235,37.817927874204464,0
,23.459361978485166,37.81817016027804,0
,23.459730273258085,37.8182271686494,0
,23.459945860442232,37.8181345300234,0
,23.460395000409207,37.81778535261012,0
,23.460547707997975,37.817222389599756,0
,23.46061957039269,37.81655965544445,0
,23.460835157576835,37.815590485017246,0
,23.460853123175514,37.81539807465595,0
,23.46108667595834,37.81517715843237,0
,23.46215562907973,37.814692565671415,0
,23.46271256263878,37.81449302654343,0
,23.463422203786596,37.81447877372777,0
,23.46368270496744,37.814485900135935,0
,23.464050999740355,37.81425072829971,0
,23.464356414917898,37.813609346725066,0
,23.464814537684205,37.81315324974243,0
,23.465155884059108,37.81274703597513,0
,23.465461299236647,37.81244059251892,0
,23.465982301598334,37.81156401462065,0
,23.466251785578518,37.81059477806106,0
,23.466593131953417,37.80966828994449,0
,23.466763805140868,37.808706155261895,0
,23.46728480750255,37.8077012455408,0
,23.467671067874146,37.807323509951985,0
,23.46795851745301,37.80713820498847,0
,23.468183087436497,37.807066933723824,0
,23.468245967031873,37.80698853525255,0
,23.468228001433197,37.806895882405634,0
,23.46807529384442,37.80676046649536,0
,23.468380709021964,37.80646825236218,0
,23.46896459097903,37.806318581257045,0
,23.46970118052486,37.806382726053826,0
,23.470931824034366,37.80626869082067,0
,23.47210857074783,37.80597647472518,0
,23.472746349500934,37.80571276651613,0
,23.47292600548772,37.80584105711484,0
,23.473303283059973,37.80645399798438,0
,23.473815302622324,37.80699566238979,0
,23.47437223618137,37.80791505727468,0
,23.475108825727204,37.80867052040124,0
,23.47546813770078,37.80918366072154,0
,23.475971174463787,37.81018855009924,0
,23.477606043943567,37.81224817387926,0
,23.47820789149931,37.813060604695636,0
,23.478432461482793,37.813737623489516,0
,23.478971429443163,37.81468543928335,0
,23.47948344900551,37.81561899021293,0
,23.480166141755305,37.81677344131138,0
,23.480812903307744,37.81782098303475,0
,23.481127301284626,37.81844094964654,0
,23.481684234843673,37.819303193331066,0
,23.48237591039281,37.8204362088464,0
,23.483148431136,37.821747349564376,0
,23.483660450698345,37.82265230799034,0
,23.48425331545475,37.8236855145601,0
,23.48505278459596,37.825139104624625,0
,23.485555821358968,37.8260155199767,0
,23.486112754918015,37.827013053133925,0
,23.48679544766781,37.82818157468131,0
,23.487541020012987,37.82958520089522,0
,23.48778355559515,37.83010531950796,0
,23.488627938733057,37.830133819051134,0
,23.488861491515884,37.830083944843274,0
,23.489077078700028,37.82999132122425,0
,23.490128066222745,37.829521076426694,0
,23.491241933340834,37.82907932856096,0
,23.491807849699217,37.8288370785991,0
,23.49240071445562,37.82870882829463,0
,23.493316959988245,37.82838107649529,0
,23.493667289162484,37.828338326152384,0
,23.494394895908975,37.82820294990168,0
,23.49512250265547,37.82811032390164,0
,23.495706384612536,37.82796069703851,0
,23.496200438576203,37.82793932174739,0
,23.496892114125338,37.82779681964689,0
,23.497745480062587,37.82766144239441,0
,23.498194620029558,37.82750468947339,0
,23.49880545038464,37.827547440303334,0
,23.499775592713302,37.827575940842756,0
,23.50060201025253,37.827682817766714,0
,23.501608083778546,37.827761194078434,0
,23.502452466916452,37.82773269361116,0
,23.50345854044247,37.827860945626455,0
,23.503530402837185,37.82793932174739,0
,23.503440574843793,37.82858770280066,0
,23.503189056462286,37.829136328435396,0
,23.503233970458986,37.829221828163845,0
,23.503341764051054,37.829257453021235,0
,23.503674127626617,37.829171953334395,0
,23.504536476363203,37.82918620328913,0
,23.505003581928854,37.82926457799063,0
,23.505461704695165,37.82929307786124,0
,23.506386933027127,37.82972769951297,0
,23.506863021392114,37.830133819051134,0
,23.50698878058287,37.83029769120892,0
,23.507545714141916,37.83066105859755,0
,23.50822840689171,37.830853428837436,0
,23.50920753201971,37.831252417352296,0
,23.509953104364886,37.83145191079382,0
,23.510572917519305,37.83153028306847,0
,23.511534077048626,37.83165852842772,0
,23.512755737758788,37.83163715421678,0
,23.51335758531453,37.83172265102304,0
,23.51371689728811,37.831679902632416,0
,23.513770794084145,37.83176539938871,0
,23.514731953613467,37.831701276830835,0
,23.515351766767886,37.83172265102304,0
,23.516348857494563,37.83207176194511,0
,23.51658241027739,37.832121634797986,0
,23.516708169468142,37.832150133555785,0
,23.516824945859554,37.83218575698745,0
,23.516968670648986,37.83221425572026,0
,23.517094429839737,37.83224275444201,0
,23.517220189030493,37.83227837782856,0
,23.51735493102058,37.83230687652533,0
,23.518136434563115,37.8324137465393,0
,23.518271176553203,37.832435120523385,0
,23.518387952944614,37.83245649450118,0
,23.51851371213537,37.83248499312858,0
,23.518756247717533,37.8325491149996,0
,23.518873024108945,37.832577613590885,0
,23.518998783299697,37.83263461074019,0
,23.51911555969111,37.83268448320942,0
,23.51924131888186,37.832727231013116,0
,23.519349112473936,37.83276285416378,0
,23.52077737756891,37.833197455205344,0
,23.521783451094922,37.83349668720872,0
,23.521900227486338,37.833539434537855,0
,23.52330154418329,37.83412364553296,0
,23.524406428502036,37.83445849607324,0
,23.52479268887363,37.83445137160963,0
,23.525951469988424,37.83467935410144,0
,23.52662517993888,37.83479334508093,0
,23.527550408270844,37.83514244135075,0
,23.528673258188274,37.83555565519069,0
,23.529436796132124,37.835748012561425,0
,23.52969729731297,37.83577650990666,0
,23.53031711046739,37.83591187214497,0
,23.531053700013224,37.83613985008541,0
,23.532760431887716,37.83670979182828,0
,23.53354193543025,37.83700900946575,0
,23.534341404571457,37.83732959843344,0
,23.53556306528162,37.8375575719557,0
,23.53629067202812,37.83766443429968,0
,23.537233865958758,37.83765018599617,0
,23.5382219738861,37.83778554476746,0
,23.53974006697446,37.83809188211452,0
,23.540638346908406,37.83824148825962,0
,23.54087189969123,37.838305605085274,0
,23.542111526000074,37.838576319951834,0
,23.543090651128068,37.83894677025092,0
,23.54451891622304,37.839317218673926,0
,23.54603700931141,37.83970903707972,0
,23.547177824827518,37.84018634030201,0
,23.547887465975332,37.8404926675948,0
,23.54933369666898,37.840749126667255,0
,23.550501460583106,37.84094147038147,0
,23.551803966487324,37.84114806121484,0
,23.553079523993528,37.84131903249772,0
,23.55399576952615,37.8414543844799,0
,23.555289292631027,37.84168946890629,0
,23.55617858976563,37.84185331518085,0
,23.55678942012071,37.842081274604446,0
,23.557903287238805,37.84262979905578,0
,23.558999188758218,37.84303584697386,0
,23.56022983226772,37.84349888132227,0
,23.561586234967976,37.84383368894799,0
,23.56228689331645,37.84401177748616,0
,23.56352651962529,37.844147124485104,0
,23.564927836322244,37.84443918820838,0
,23.5663291530192,37.844631522218414,0
,23.567514882532002,37.84481673226856,0
,23.56866468084745,37.8450660527492,0
,23.56967973717281,37.84521564462962,0
,23.570982243077026,37.845571814541806,0
,23.571889505810308,37.84574989884739,0
,23.573245908510565,37.845856749222584,0
,23.57459332841148,37.84591373602552,0
,23.57534788355599,37.84596359944169,0
,23.576551578667477,37.84616305276625,0
,23.577369013407367,37.84619866937411,0
,23.57798882656179,37.84634825893769,0
,23.579183538873934,37.84647647832006,0
,23.58041418238344,37.846504971485594,0
,23.581896344274444,37.846469355026926,0
,23.58321681577734,37.84640524535759,0
,23.584618132474294,37.84637675215319,0
,23.585714033993703,37.846469355026926,0
,23.586944677503208,37.846383875455324,0
,23.58773516384508,37.846383875455324,0
,23.588130407016013,37.846419491955636,0
,23.58934308492684,37.84628414916219,0
,23.590915074811242,37.846326889018755,0
,23.5921816495181,37.84636250554683,0
,23.592819428271202,37.84649072490421,0
,23.59352008661968,37.84664743714685,0
,23.594319555760887,37.846654560422635,0
,23.595541216471048,37.846590450915656,0
,23.59687965357263,37.84664743714685,0
,23.598038434687417,37.84656195778339,0
,23.59930500939427,37.846412368656964,0
,23.6005626013018,37.846191546053916,0
,23.601811210409977,37.84607044950462,0
,23.603014905521462,37.84614880611825,0
,23.60402097904748,37.84606332617195,0
,23.605260605356325,37.84589948932896,0
,23.605979229303475,37.845856749222584,0
,23.60786561716476,37.84564304831608,0
,23.608853725092096,37.84547208714124,0
,23.6094915038452,37.84552907424392,0
,23.609743022226706,37.8456145548147,0
,23.6104257149765,37.846191546053916,0
,23.61153059929525,37.8466973000627,0
,23.612276171640424,37.84733839166645,0
,23.61312953757767,37.84803646279855,0
,23.614054765909632,37.84885561940424,0
,23.616147758155723,37.85075032908738,0
,23.617037055290325,37.85146973606924,0
,23.617701782441443,37.85218913597259,0
,23.618447354786618,37.85300112339931,0
,23.619255806727168,37.853777488908975,0
,23.61974986069084,37.85436153826204,0
,23.620576278230065,37.854981195279194,0
,23.621169142986467,37.85535156248275,0
,23.622049457321733,37.856049557112264,0
,23.62292078885766,37.85669768901508,0
,23.623531619212738,37.85708229204285,0
,23.62453769273876,37.857837247657315,0
,23.62547190387006,37.85846399733829,0
,23.626576788188807,37.859104985771765,0
,23.627762517701616,37.859852798506545,0
,23.629379421582716,37.86085699214378,0
,23.630619047891557,37.861583421493954,0
,23.6328377993284,37.86295792001888,0
,23.633879804051773,37.86362023391321,0
,23.63487689477845,37.86427542024711,0
,23.63584703710711,37.864909236219596,0
,23.636996835422554,37.86562850386674,0
,23.638281375728095,37.86647594874301,0
,23.639395242846188,37.86712398819379,0
,23.64034741957617,37.86771505213213,0
,23.641649925480387,37.868420049854535,0
,23.643590210137702,37.86960215198315,0
,23.644722042854475,37.87030713149842,0
,23.64573709917983,37.87094089515552,0
,23.646931811491974,37.871645861753834,0
,23.64783907422526,37.87213719808771,0
,23.649357167313624,37.87302017102071,0
,23.650623742020485,37.873782082635806,0
,23.652420301888373,37.87490713385564,0
,23.653561117404482,37.875569339447885,0
,23.65482769211134,37.87633834486058,0
,23.65581580003868,37.8769079732804,0
,23.656651200377247,37.87767696460119,0
,23.657495583515153,37.87834626527252,0
,23.658627416231926,37.87930748423167,0
,23.659480782169172,37.88002661014412,0
,23.66031618250774,37.88077420878436,0
,23.66126835923772,37.881543159402554,0
,23.662076811178267,37.88229786232227,0
,23.66320864389504,37.88323767014987,0
,23.66409794102964,37.8839781162841,0
,23.66618195047639,37.885772243090564,0
,23.66681972922949,37.88635603675277,0
,23.6680054587423,37.887274434409086,0
,23.668993566669634,37.88810027050031,0
,23.669963708998296,37.8888833823038,0
,23.670888937330258,37.88960953301678,0
,23.671886028056935,37.890435342698204,0
,23.672874135984276,37.891225548389755,0
,23.674760523845556,37.89280593411562,0
,23.675577958585446,37.89356052063851,0
,23.676530135315424,37.89434357387809,0
,23.677365535653994,37.89496289185541,0
,23.678425505976048,37.895632034109624,0
,23.679251923515274,37.89627269647777,0
,23.67976394307762,37.896550315091126,0
,23.68043765302808,37.8970058920661,0
,23.68137186415938,37.89768213389568,0
,23.682611490468222,37.89845090647136,0
,23.68318638962595,37.8988352897229,0
,23.684237377148662,37.89942609707018,0
,23.68521650227666,37.90003113578265,0
,23.686231558602017,37.9008852995441,0
,23.686923234151152,37.90146185443207,0
,23.688019135670565,37.90198146172533,0
,23.689016226397243,37.90264342182263,0
,23.689483331962897,37.902977958512636,0
,23.690103145117316,37.903369435670754,0
,23.69148649621559,37.90429473696933,0
,23.69209732657067,37.90465773658236,0
,23.69247460414293,37.90468620706387,0
,23.693480677668944,37.904494031098054,0
,23.693947783234595,37.90445844290069,0
,23.69463945878373,37.90423067802664,0
,23.696211448668134,37.903817852380534,0
,23.697684627759802,37.903625674128016,0
,23.6982774925162,37.90346908406659,0
,23.69978660280523,37.90301354743196,0
,23.700379467561632,37.90281424926021,0
,23.701583162673117,37.902586479254616,0
,23.702714995389883,37.902344472844746,0
,23.702777874985262,37.90226617648151,0
,23.702679064192527,37.90221635147937,0
,23.702400597413007,37.902380062073014,0
,23.701807732656604,37.90292813399642,0
,23.701466386281705,37.90342637762788,0
,23.70133164429161,37.903903264774804,0
,23.701295713094254,37.90477873605211,0
,23.70104419471275,37.90563996177613,0
,23.70088250432464,37.905775194644214,0
,23.700738779535207,37.90563284424981,0
,23.700963349518695,37.90565419682667,0
,23.70106216031143,37.90560437413761,0
,23.700945383920015,37.905618609195095,0
,23.700675899939835,37.90579654717942,0
,23.700325570765596,37.905881957257755,0
,23.699714740410514,37.9062378315082,0
,23.699526101624386,37.9063801807224,0
,23.698960185266003,37.90660082145564,0
,23.69865477008846,37.90678587445946,0
,23.698403251706956,37.9072556222845,0
,23.698115802128093,37.908252047054155,0
,23.69790021494395,37.909034942684634,0
,23.697522937371687,37.90968972167019,0
,23.69748700617433,37.90988900106469,0
,23.69781038695055,37.91084980479267,0
,23.697981060138,37.91110601698322,0
,23.698520028098372,37.911369345241496,0
,23.699454239229674,37.911661140309484,0
,23.700074052384092,37.91170384192887,0
,23.70045132995635,37.911639789490444,0
,23.701565197074437,37.911155835915785,0
,23.702050268238768,37.911084666001706,0
,23.702598218998475,37.91124123972105,0
,23.702786857784602,37.911362228274044,0
,23.703146169758178,37.91145474879684,0
,23.703855810905992,37.91139069613972,0
,23.704861884432013,37.91127682461042,0
,23.705086454415497,37.9113052925094,0
,23.705194248007572,37.91126259065677,0
,23.705643387974547,37.91179636201846,0
,23.706119476339534,37.91218779186841,0
,23.706586581905185,37.912479583663014,0
,23.70663149590188,37.912657504916226,0
,23.706559633507165,37.912728673295994,0