,16.249937,43.51411,0
,16.249812,43.51413,0
,16.249452,43.51460,0
,16.237505707553805,43.51334737994066,0
,16.236948773994758,43.51325585256762,0
,16.236319978041,43.513007420421836,0
,16.236050494060816,43.512955118786216,0
,16.235448646505073,43.51290281710496,0
,16.235268990518286,43.512758987246094,0
,16.234900695745367,43.512628232529394,0
,16.234002415811425,43.51239941108869,0
,16.231595025588454,43.511523343782294,0
,16.23086741884196,43.511327207556135,0
,16.23004998410207,43.51101992617783,0
,16.228846288990585,43.51054265623221,0
,16.22766954227712,43.51001961631026,0
,16.226735331145818,43.50954233839836,0
,16.225334014448865,43.50899967533298,0
,16.223932697751913,43.50843739275679,0
,16.222755951038447,43.50796664049651,0
,16.221561238726302,43.50758088241578,0
,16.220600079196984,43.507234351853434,0
,16.2193963840855,43.506874742547794,0
,16.218767588131737,43.50667205271568,0
,16.217554910220912,43.50648243902637,0
,16.21633324951075,43.50615551746379,0
,16.21535412438275,43.50585474805135,0
,16.214644483234935,43.505593208205035,0
,16.214042635679192,43.5052728203381,0
,16.213009613755155,43.50488704491982,0
,16.21183286704169,43.504350878350785,0
,16.21055730953549,43.50395855831063,0
,16.20926378643061,43.503422383436586,0
,16.208087039717142,43.502964669383815,0
,16.207287570575936,43.502690039274604,0
,16.206137772260487,43.502153853054324,0
,16.204862214754286,43.50159804520276,0
,16.203577674448745,43.50103569319084,0
,16.202275168544528,43.50048641404017,0
,16.20081995505154,43.49989789507978,0
,16.200245055893816,43.499570937605455,0
,16.19984981272288,43.49913281179428,0
,16.19968812233477,43.49859005448387,0
,16.19965219113741,43.49806691025725,0
,16.199445586752603,43.49708600252899,0
,16.19954439754534,43.496425515618,0
,16.199607277140714,43.495935050333166,0
,16.199535414746002,43.49533340743805,0
,16.199616259940054,43.49473175850613,0
,16.199751001930146,43.4941431830574,0
,16.19970608793345,43.4933453271145,0
,16.199571345943358,43.492861376534144,0
,16.199427621153927,43.49269133891653,0
,16.199077291979687,43.49256054042107,0
,16.198996446785635,43.49248860112696,0
,16.199283896364495,43.49132448055222,0
,16.19951744914732,43.49025190002086,0
,16.199759984729486,43.4896174988489,0
,16.199993537512313,43.48915967940132,0
,16.20003845150901,43.48867569504238,0
,16.199885743920238,43.48829635322,0
,16.20035284948589,43.486890151395286,0
,16.200667247462768,43.48585019488599,0
,16.201107404630402,43.48487562808082,0
,16.201493665001998,43.48403186282305,0
,16.201709252186145,43.483044184536844,0
,16.201969753366985,43.48208919536627,0
,16.202140426554436,43.48113419099266,0
,16.20253566972537,43.47937458832973,0
,16.20277820530754,43.47817096421909,0
,16.202894981698947,43.47764110029837,0
,16.203011758090362,43.477006565742315,0
,16.20305667208706,43.47649631659238,0
,16.20338005286328,43.475515056031206,0
,16.203586657248085,43.47483470595528,0
,16.203757330435536,43.47418705785092,0
,16.203954952021004,43.47350669271765,0
,16.20400884881704,43.472610430719925,0
,16.204215453201847,43.47213285499158,0
,16.204700524366178,43.471210403441006,0
,16.204898145951645,43.47071973194564,0
,16.20528440632324,43.46966641025263,0
,16.205446096711352,43.46863269769833,0
,16.20556287310276,43.467801789256924,0
,16.205446096711352,43.46701012563143,0
,16.2052754235239,43.466153023487884,0
,16.20545507951069,43.46525010875532,0
,16.205904219477663,43.46398077087342,0
,16.206146755059827,43.46302547827086,0
,16.206622843424817,43.46209634348482,0
,16.206910293003677,43.461644857305494,0
,16.20769179654621,43.46085311247392,0
,16.208212798907898,43.4602903783942,0
,16.20909311324316,43.45947898508642,0
,16.209362597223343,43.459276135046004,0
,16.209748857594942,43.459027479222776,0
,16.2110154323018,43.45839929150308,0
,16.2110603462985,43.458202981492725,0
,16.210512395538792,43.45779072838167,0
,16.210144100765877,43.45764676631097,0
,16.209694960798902,43.45724105316368,0
,16.209066164845144,43.45698584510185,0
,16.208239747305914,43.45682879344771,0
,16.20721570818122,43.45675026746658,0
,16.206128789461147,43.45657358363356,0
,16.20542813111267,43.45654086434817,0
,16.205194578329845,43.45644925025421,0
,16.204565782376083,43.45552655765736,0
,16.203811227231572,43.454217749512075,0
,16.203263276471866,43.45347826029754,0
,16.202966844093663,43.45293508985209,0
,16.20250872132735,43.45230683838989,0
,16.202167374952456,43.45179637923711,0
,16.20095469704163,43.45110267138216,0
,16.200218107495797,43.45065110252916,0
,16.199759984729486,43.450284609369724,0
,16.1991940683711,43.45000319346139,0
,16.198673066009412,43.44968905321544,0
,16.195627897033344,43.44795470769646,0
,16.19453199551393,43.44731331440398,0
,16.193516939188576,43.4467046389249,0
,16.19232222687643,43.44612213726022,0
,16.191235308156358,43.44555272006047,0
,16.190211269031664,43.44487203034751,0
,16.18908841911423,43.44406697390368,0
,16.187830827206714,43.44339935793718,0
,16.18656425249985,43.442744825276705,0
,16.185522247776476,43.44228664817093,0
,16.184444311855746,43.44192010397024,0
,16.183285530740953,43.44127210071493,0
,16.18236928520833,43.44072227428954,0
,16.181408125679013,43.44021171667439,0
,16.180536794143087,43.43991716223039,0
,16.180321206958943,43.4397993400484,0
,16.179422927024998,43.43964224344633,0
,16.179800204597253,43.43962915204427,0
,16.18046493174837,43.439910616559665,0
,16.180581708139783,43.4399433449061,0
,16.180123585373472,43.439792794364855,0
,16.18002477458074,43.4397338831808,0
,16.180527811343747,43.43967497193896,0
,16.181075762103454,43.43943932639398,0
,16.18080627812327,43.43996298190541,0
,16.180941020113362,43.4401200776688,0
,16.181210504093546,43.44013316896386,0
,16.18126440088958,43.44004152983845,0
,16.181102710501474,43.43978624868059,0
,16.18079729532393,43.439602969231615,0
,16.180141550972152,43.43944587211605,0
,16.179342081830942,43.43931495753929,0
,16.17921632264019,43.43931495753929,0
,16.179737325001877,43.439380414863315,0
,16.180195447768188,43.439544057861404,0
,16.180087654176116,43.439596423526666,0
,16.179970877784704,43.43953751215005,0
,16.179970877784704,43.43944587211605,0
,16.18076136412657,43.43877165899719,0
,16.181417108478353,43.43786833247369,0
,16.181677609659197,43.43708282010892,0
,16.18161473006382,43.4361598299575,0
,16.18144405687637,43.43554449531288,0
,16.18097695131072,43.43477859126063,0
,16.18046493174837,43.43439890870942,0
,16.179611565811125,43.43419597394821,0
,16.178857010666615,43.434150149875016,0
,16.17797669633135,43.43424179798646,0
,16.177105364795423,43.43451674148207,0
,16.176449620443645,43.43490296950576,0
,16.175784893292523,43.435420118395726,0
,16.175111183342068,43.43627765927696,0
,16.174697974572453,43.437004268307604,0
,16.174509335786325,43.43715482583658,0
,16.17424883460548,43.43720064761831,0
,16.17413205821407,43.43716791777778,0
,16.174239851806142,43.43742975600294,0
,16.17445543899029,43.43754758283198,0
,16.174814750963865,43.43781596530223,0
,16.17475187136849,43.43789451604232,0
,16.17485068216122,43.43783560299687,0
,16.174823733763205,43.437743960366895,0

,16.1745722153817,43.43771777673266,0
,16.174338662598878,43.43775705217973,0
,16.174051213020014,43.43781596530223,0
,16.173916471029923,43.43765231759715,0
,16.17375478064181,43.437475577575036,0
,16.1736380042504,43.43727919916289,0
,16.173368520270216,43.43670969813804,0
,16.173090053490693,43.43564268743405,0
,16.173027173895317,43.43447091765348,0
,16.17318886428343,43.433803195044064,0
,16.173081070691353,43.43288015451335,0
,16.173090053490693,43.43259211059405,0
,16.172766672714474,43.431917820565744,0
,16.172461257536934,43.431557759684885,0
,16.17200313477062,43.431066764097956,0
,16.171832461583172,43.43089655135808,0
,16.17128451082347,43.43041864378066,0
,16.170655714869707,43.429921092127834,0
,16.17054792127763,43.42965922118233,0
,16.17124857962611,43.427963579195946,0
,16.17156297760299,43.426994619438844,0
,16.172461257536934,43.42480130823773,0
,16.173242761079464,43.42276505813998,0
,16.17366495264842,43.42178291928737,0
,16.17411409261539,43.42065016588535,0
,16.17506626934537,43.41850245922077,0
,16.175308804927536,43.41799171280717,0
,16.175901669683938,43.41681305067787,0
,16.176593345233073,43.41526765865655,0
,16.176988588404008,43.41432468808081,0
,16.177401797173626,43.41351922233704,0
,16.177895851137293,43.41244525122871,0
,16.178344991104264,43.41155462649302,0
,16.178641423482468,43.411037272244556,0
,16.179728342202537,43.40893506552677,0
,16.180294258560924,43.407821717564104,0
,16.180941020113362,43.40661665889645,0
,16.181839300047308,43.404998960660166,0
,16.182117766826828,43.40452739670925,0
,16.182513009997763,43.403564608830365,0
,16.182647751987854,43.402608355275504,0
,16.1826118207905,43.40159313794793,0
,16.1826118207905,43.400780951749965,0
,16.18227945721494,43.399746053449164,0
,16.18180336884995,43.398789739193354,0
,16.181569816067125,43.398226423681855,0
,16.18157879886646,43.39771550505208,0
,16.181767437652592,43.397132528495355,0
,16.18190217964268,43.39685086364072,0
,16.181983024836736,43.39647094151544,0
,16.182683683185214,43.39537046389031,0
,16.18387839549736,43.39434202315397,0
,16.18432753546433,43.39394243315811,0
,16.18497429701677,43.39307773752584,0
,16.1854593681811,43.39213441902842,0
,16.185656989766567,43.391643101454434,0
,16.186052232937502,43.39103386209172,0
,16.18637561371372,43.390005347236986,0
,16.186636114894565,43.38906853178607,0
,16.18669899448994,43.388544432865054,0
,16.186968478470124,43.387234165595,0
,16.187139151657576,43.38620558580304,0
,16.18721101405229,43.385688013527506,0
,16.18718406565427,43.385078713879366,0
,16.187920655200106,43.384285959943064,0
,16.18799251759482,43.38419423567323,0
,16.187884724002746,43.38353250644225,0
,16.187812861608034,43.38333595180405,0
,16.187884724002746,43.38305422237008,0
,16.187669136818602,43.382602142150716,0
,16.187157117256255,43.38215661049689,0
,16.186339682516365,43.38167176347984,0
,16.185818680154675,43.381265537296876,0
,16.184857520625357,43.38061688012801,0
,16.183770601905287,43.37992235056281,0
,16.18277351117861,43.379312992553,0
,16.182243526017583,43.37902469199043,0
,16.181345246083637,43.37834324880895,0
,16.18066255333384,43.3778911332112,0
,16.180132568172812,43.377583168468746,0
,16.179135477446135,43.37697378678285,0
,16.178614475084448,43.37666581734813,0
,16.17760840155843,43.37603021587483,0
,16.17646758604232,43.375230790062346,0
,16.1752099941348,43.374490328816904,0
,16.174230869006802,43.37380883431417,0
,16.173557159056344,43.37329115545066,0
,16.172578033928346,43.37258343537296,0
,16.171994151971283,43.37219680700258,0
,16.17087130205385,43.371495627184224,0
,16.16967658974171,43.37072235399279,0
,16.168661533416348,43.370067029956026,0
,16.168014771863913,43.36956897891882,0
,16.166990732739215,43.36892674913303,0
,16.166047538808574,43.368251745139744,0
,16.1650055340852,43.36757673358112,0
,16.16405335735522,43.36688205359266,0
,16.16307423222722,43.36621358037877,0
,16.162059175901863,43.3655582072805,0
,16.161610035934892,43.36519774903687,0
,16.160496168816803,43.36450304160967,0
,16.159463146892765,43.363880419654365,0
,16.158825368139667,43.363533059345684,0
,16.158115726991852,43.36294975167973,0
,16.15716355026187,43.362418871253865,0
,16.156705427495556,43.36206494837072,0
,16.155923923953026,43.361671698283985,0
,16.15520530000587,43.36108837259382,0
,16.154558538453433,43.36074755047523,0
,16.1538219489076,43.36020354194468,0
,16.15319315295384,43.35982338848943,0
,16.152663167792813,43.359417014901794,0
,16.152097251434427,43.35912206461335,0
,16.151028298313033,43.35836829620463,0
,16.150058155984375,43.35770628312813,0
,16.149339532037217,43.35730644992486,0
,16.148647856488083,43.35703770808406,0
,16.14772262815612,43.35623147536942,0
,16.147462126975277,43.356041386409785,0
,16.146860279419535,43.35581852272783,0
,16.14642910505124,43.35545145133706,0
,16.146366225455864,43.355274469688915,0
,16.1464201222519,43.3551958110118,0
,16.14678841702482,43.35514992673603,0
,16.146851296620195,43.355058158079686,0
,16.146815365422835,43.35496638928359,0
,16.14580929189682,43.35452065314301,0
,16.14500083995627,43.35405524865396,0
,16.1442103536144,43.35373405191014,0
,16.143482746867907,43.35351773477088,0
,16.14216227536501,43.352829447797916,0
,16.141695169799355,43.352685234293105,0
,16.141075356644937,43.35256068598848,0
,16.140437577891834,43.35221326040976,0
,16.13909914079026,43.35179372496565,0
,16.13849729323452,43.351452850266625,0
,16.13750918530718,43.351144750322,0
,16.136709716165967,43.35080387195204,0
,16.136431249386447,43.350764539708344,0
,16.135793470633345,43.350443325424024,0
,16.133700478387258,43.34982055815853,0
,16.133080665232836,43.34947311678213,0
,16.132074591706818,43.349269895426,0
,16.13032294583563,43.34856844870624,0
,16.129316872309612,43.34814233222678,0
,16.127843693217944,43.347519541183566,0
,16.126370514126275,43.347067194180745,0
,16.1253285094029,43.34666073455772,0
,16.123999055100665,43.34627393979051,0
,16.123406190344262,43.34603792820469,0
,16.122660617999088,43.34582158343916,0
,16.121259301302135,43.34528399611424,0
,16.120199330980082,43.34485130039444,0
,16.118860893878505,43.3444841621963,0
,16.11816023553003,43.34421536316899,0
,16.117468559980892,43.34395967517695,0
,16.116345710063463,43.343677761518336,0
,16.11560912051763,43.34329094760852,0
,16.114863548172455,43.34313359886718,0
,16.113929337041153,43.34281890015233,0
,16.113246644291358,43.34255664996829,0
,16.112016000781853,43.342222279328894,0
,16.111009927255836,43.341920688533904,0
,16.110354182904057,43.34159287074098,0
,16.109455902970115,43.34141584839158,0
,16.108171362664574,43.3408913346747,0
,16.106716149171586,43.34024879915209,0
,16.105602282053493,43.339888189481,0
,16.105018400096434,43.33962592654717,0
,16.103859618981645,43.33914729375189,0
,16.10279964865959,43.33877356413283,0
,16.101577987949426,43.338360491858445,0
,16.101003088791703,43.3381113357849,0
,16.100041929262385,43.33780972442345,0
,16.09945804730532,43.33756056607377,0
,16.098263334993174,43.337134371772834,0
,16.09720336467112,43.336708174459176,0
,16.095837979171527,43.33629508803392,0
,16.094535473267307,43.335790200781865,0
,16.093313812557145,43.33535087986294,0
,16.09251434341593,43.33500335507746,0
,16.091804702268117,43.33472795665506,0
,16.091086078320963,43.334505014153734,0
,16.090250677982397,43.33420994192862,0
,16.08969374442335,43.33400011191228,0
,16.089163759262323,43.33392798267552,0
,16.088499032111205,43.333632907626686,0
,16.08773549416735,43.333462419162544,0
,16.086253332276346,43.33283947644515,0
,16.085570639526548,43.33257062549488,0
,16.084348978816386,43.332255871639774,0
,16.083684251665264,43.331960788408516,0
,16.08266919533991,43.331731278230365,0
,16.081681087412573,43.33127225525354,0
,16.08090856666938,43.331173892732494,0
,16.079866561946005,43.33080011368935,0
,16.07801610528208,43.33043288991715,0
,16.07755798251577,43.330249277192486,0
,16.07744120612436,43.33008533678735,0
,16.07754001691709,43.33003287576358,0
,16.077674758907182,43.33003287576358,0
,16.077791535298594,43.32987549241846,0
,16.077566965315107,43.329777127619195,0
,16.077306464134264,43.32977056996018,0
,16.076524960591733,43.329423013013376,0
,16.07626445941089,43.32944924379622,0
,16.075267368684212,43.329724666327294,0
,16.0739199487833,43.32981647355814,0
,16.072716253671814,43.32986237712116,0
,16.07179102533985,43.329914838293256,0
,16.06984175788319,43.330065663908776,0
,16.068494337982276,43.33019681631132,0
,16.067587075248994,43.330301738028005,0
,16.066104913357986,43.33040665956212,0
,16.063859213523127,43.330577156665775,0
,16.06319448637201,43.33064273234652,0
,16.06242196562882,43.33074109573391,0
,16.061083528527238,43.330819786328334,0
,16.060005592606508,43.33085913158702,0
,16.05816411874192,43.330977167209106,0
,16.056825681640344,43.33104274245489,0
,16.05535250254868,43.33114766269979,0
,16.05306188871712,43.33133127268915,0
,16.051624640822812,43.33139029006699,0
,16.050834154480942,43.3314820947622,0
,16.049657407767473,43.331567341854026,0
,16.04875014503419,43.3316853760899,0
,16.047564415521386,43.33167881863842,0
,16.046782911978852,43.331750950565564,0
,16.04669308398546,43.3316853760899,0
,16.046746980781496,43.33160668662499,0
,16.04700748196234,43.331580456780536,0
,16.048013555488357,43.33171816333664,0
,16.04875014503419,43.331587014242714,0
,16.049010646215034,43.33161980154294,0
,16.049495717379365,43.331705048440085,0
,16.050923982474334,43.33173783567613,0
,16.0534212006907,43.331593571704175,0
,16.05419372143389,43.33153455452528,0
,16.055595038130843,43.33133127268915,0
,16.056996354827795,43.33123291026439,0
,16.057912600360417,43.3311804502389,0
,16.058703086702288,43.33125258276217,0
,16.060068472201884,43.331849312145366,0
,16.061415892102797,43.332301773345954,0
,16.062439931227495,43.33249849454822,0
,16.063428039154832,43.33250505191054,0
,16.065305444216776,43.332380461903874,0
,16.066077964959966,43.332255871639774,0
,16.067524195653615,43.33198701808753,0
,16.068179940005397,43.33187554187287,0
,16.068566200376992,43.331757508009225,0
,16.068835684357175,43.33174439312121,0
,16.070542416231667,43.331350945154846,0
,16.073380980822932,43.33082634387323,0
,16.074908056710637,43.33052469606983,0
,16.076327339006266,43.33026895001115,0
,16.07787238049265,43.32999352996581,0
,16.07912098960083,43.32974433931711,0
,16.080513323498444,43.329482032258724,0
,16.08187870899804,43.32923939721401,0
,16.083378836487725,43.328937741472814,0
,16.08604672789154,43.32843935042076,0
,16.087582786578583,43.32814424851442,0
,16.09049321356456,43.327599945654974,0
,16.091849616264817,43.32730483964143,0
,16.093116190971674,43.32705563788326,0
,16.094544456066647,43.32676708719272,0
,16.095811030773508,43.32649165115486,0
,16.097347089460552,43.326176865571405,0
,16.098838234150897,43.3258948687578,0
,16.10038327563728,43.32556696382831,0
,16.101775609534894,43.325324313032844,0
,16.10314099503449,43.325022637709644,0
,16.104560277330123,43.32477998472437,0
,16.10537771207001,43.3247931011269,0
,16.106069387619144,43.32484556670854,0
,16.108863038213713,43.32490459043333,0
,16.110192492515946,43.32489147405505,0
,16.114351528610108,43.32499640500155,0
,16.115052186958586,43.3249832886432,0
,16.116938574819866,43.325068544921365,0
,16.121070662516008,43.32518003371869,0
,16.121744372466466,43.32518659187681,0
,16.12291213638059,43.325252173418896,0
,16.124618868255087,43.325252173418896,0
,16.1263076345309,43.325252173418896,0
,16.12986482306932,43.32533087117526,0
,16.13191290131871,43.32537022001497,0
,16.133260321219623,43.325376778152396,0
,16.13474248311063,43.32537022001497,0
,16.138901519204794,43.32546859200185,0
,16.139162020385633,43.325481708254664,0
,16.13943150436582,43.32546859200185,0
,16.139916575530147,43.32544891761731,0
,16.140581302681266,43.32552105699594,0
,16.141219081434368,43.325691567911534,0
,16.14257548413462,43.32612440114777,0
,16.142835985315465,43.326189981670204,0
,16.143931886834878,43.32656378928636,0
,16.144632545183352,43.32681955105732,0
,16.14579132629814,43.32715400712132,0
,16.146725537429443,43.32729172378509,0
,16.14836040690922,43.32762617723075,0
,16.149025134060338,43.32775733493846,0
,16.149716809609476,43.327790124320835,0
,16.150938470319637,43.32792128167201,0
,16.151782853457547,43.32801309164812,0
,16.152618253796113,43.32805899658377,0
,16.153714155315523,43.32817703768642,0
,16.154540572854753,43.32829507855806,0
,16.156606616702824,43.32845902382985,0
,16.158007933399777,43.328557390779004,0
,16.15940925009673,43.328695104238264,0
,16.16292152463845,43.32899676119306,0
,16.164951637289164,43.32917382000729,0
,16.166766162755728,43.32931808976791,0
,16.168239341847396,43.32944268610159,0
,16.168931017396535,43.329455801490155,0
,16.17056588687631,43.32957383985894,0
,16.174832716562545,43.32980991590343,0
,16.17601844607535,43.32990828064923,0
,16.177518573565035,43.329967299419685,0
,16.179018701054723,43.330065663908776,0
,16.18039306935366,43.33016402823744,0
,16.181839300047308,43.33022304675762,0
,16.18319570274756,43.3302886228234,0
,16.184597019444514,43.33038698678838,0
,16.18527971219431,43.33039354438034,0
,16.186537304101833,43.33049190817422,0
,16.18832488117038,43.330623059649774,0
,16.189726197867333,43.330708307955945,0
,16.1905615982059,43.330773883494075,0
,16.191944949304172,43.33085257404571,0
,16.193489990790557,43.33095749462147,0
,16.194846393490813,43.33109520260017,0
,16.196292624184462,43.33121979526228,0
,16.198268840039137,43.33133127268915,0
,16.200757075456163,43.331521439588776,0
,16.202221271748492,43.33165914627969,0
,16.20355072605073,43.331750950565564,0
,16.20514068153381,43.33190177158899,0
,16.207009103796413,43.33200669033931,0
,16.208617024878173,43.332131281118244,0
,16.20928175202929,43.33224931425032,0
,16.21073696552228,43.332387019279054,0
,16.212255058610644,43.33255095342707,0
,16.213315028932698,43.3326821004246,0
,16.214015687281176,43.33268865776699,0
,16.214806173623046,43.33281980446506,0
,16.215569711566896,43.33291816430139,0
,16.216665613086306,43.3330165239773,0
,16.218075912582602,43.333193570989664,0
,16.21936943568748,43.33333127386209,0
,16.221183961154043,43.33349520544307,0
,16.22250443265694,43.33366569381452,0
,16.22607958679404,43.334072241062756,0
,16.22763361107976,43.33424272780273,0
,16.229061876174733,43.334262399318625,0
,16.23037336487829,43.33426895648915,0
,16.231388421203647,43.33430829949744,0
,16.232708892706544,43.33430174233117,0
,16.233391585456342,43.33430174233117,0
,16.23533187011366,43.33433452815535,0
,16.236032528462136,43.33432797099195,0
,16.23792789912276,43.33437387112083,0
,16.239311250221032,43.33436075680187,0
,16.240739515316,43.334393542593965,0
,16.242428281591817,43.334406656905806,0
,16.2433355443251,43.33445255697481,0
,16.244664998627336,43.33445255697481,0
,16.246093263722305,43.334465671273826,0
,16.247413735225205,43.334459114124655,0
,16.248204221567075,43.33444599982422,0
,16.2500995922277,43.33432797099195,0
,16.251824289700867,43.334196827574004,0
,16.253171709601784,43.33407879825399,0
,16.25449218110468,43.33396076870293,0
,16.25578570420956,43.33385585335248,0
,16.256962450923027,43.333718151678,0
,16.257761920064237,43.33367880828468,0
,16.259109339965153,43.333521434454674,0
,16.260834037438325,43.33340340381261,0
,16.2624689069181,43.33327881566207,0
,16.26380734401968,43.333154227254056,0
,16.26541526510144,43.333023081283336,0
,16.26838857168279,43.33273455914375,0
,16.270140217553983,43.33259685490866,0
,16.27147865465556,43.332439478254905,0
,16.27257455617497,43.33234111763777,0
,16.273957907273243,43.33219685510905,0
,16.27544905196359,43.332065707056174,0
,16.27614072751273,43.33194767356471,0
,16.277083921443367,43.33190832901622,0
,16.278557100535036,43.3316853760899,0
,16.280290780807547,43.33151488211948,0
,16.281602269511104,43.331311600217035,0
,16.28293172381334,43.33120668025735,0
,16.284315074911614,43.331068972533224,0
,16.285042681658112,43.33102962741144,0
,16.285419959230367,43.33093126449465,0
,16.28680331032864,43.330773883494075,0
,16.288204627025593,43.33064273234652,0
,16.28953408132783,43.330459120260755,0
,16.29113301961025,43.33028206522004,0
,16.292507387909183,43.330124682525245,0
,16.29387277340878,43.33001320286791,0
,16.295372900898464,43.32986237712116,0
,16.296890993986832,43.32965253197647,0
,16.299199573417066,43.329403339918755,0
,16.300520044919963,43.32925251264678,0
,16.301175789271742,43.32916726228271,0
,16.30252320917266,43.32901643442032,0
,16.303178953524437,43.32893118372256,0
,16.304481459428654,43.328806586332114,0
,16.305927690122306,43.32865575756771,0
,16.306682245266817,43.328531159608225,0
,16.308011699569054,43.328406561391354,0
,16.30970944864421,43.328157364185365,0
,16.311802440890297,43.327908165949715,0
,16.31830598761205,43.32710154354765,0
,16.31989594309513,43.326924478649595,0
,16.321234380196707,43.326740855243294,0
,16.32297704326856,43.32648509313863,0
,16.32391125439986,43.32641951293709,0
,16.324432256761547,43.326294910357724,0
,16.32538443349153,43.32626212016249,0
,16.326219833830095,43.326137517257976,0
,16.32677676738914,43.32601291409603,0
,16.32824096368147,43.3258751945123,0
,16.32889670803325,43.32573747461412,0
,16.329714142773135,43.325665335494335,0
,16.330890889486604,43.32550138262849,0
,16.331160373466787,43.32544891761731,0
,16.33143884024631,43.325435801357386,0
,16.332732363351187,43.32523249896376,0
,16.334025886456065,43.32540956882896,0
,16.335328392360285,43.325632544956825,0
,16.33702614143544,43.32596700760308,0
,16.337924421369383,43.326189981670204,0
,16.33958623924718,43.32653099923729,0
,16.3411402635329,43.326878572850454,0
,16.3428020814107,43.32729172378509,0
,16.344257294903688,43.32761961933786,0
,16.345559800807905,43.327809797941676,0
,16.346970100304198,43.32786881876576,0
,16.348155829817003,43.328019649498195,0
,16.34948528411924,43.328222942497305,0
,16.3507518588261,43.328452466027514,0
,16.35252147029597,43.328800028567585,0
,16.35382397620019,43.32900987667861,0
,16.354425823755932,43.32921972405946,0
,16.355683415663453,43.329547609130294,0
,16.357012869965686,43.32997385705728,0
,16.35827046187321,43.330334526027016,0
,16.359761606563556,43.33090503435641,0
,16.3609563188757,43.331501767178686,0
,16.361594097628803,43.331868984442075,0
,16.362734913144912,43.33276734582006,0
,16.363660141476874,43.33349520544307,0
,16.364324868627993,43.33435419964132,0
,16.364603335407516,43.33481975626895,0
,16.365079423772507,43.3359213407343,0
,16.365582460535514,43.33680652795281,0
,16.365824996117677,43.33727862248888,0
,16.365807030518997,43.33748188427573,0
,16.36567228852891,43.33763269096509,0
,16.3664448092721,43.337698258973234,0
,16.367064622426522,43.33755400926119,0
,16.36692089763709,43.33780972442345,0
,16.36692988043643,43.33771137256632,0
,16.36660649966021,43.337586793316945,0
,16.366211256489276,43.33758023650721,0
,16.36577109932164,43.33735074771749,0
,16.36527704535797,43.33687209685944,0
,16.364468593417424,43.335744301731125,0
,16.363947591055734,43.33487877023264,0
,16.363022362723772,43.333554220703114,0
,16.362016289197758,43.332065707056174,0
,16.361351562046636,43.33116077771758,0
,16.361153940461172,43.33102962741144,0
,16.360767680089573,43.33100995484091,0
,16.360408368115998,43.33112143265567,0
,16.360138884135814,43.331108317629344,0
,16.35909687941244,43.331167335225395,0
,16.358710619040842,43.33121323776017,0
,16.35860282544877,43.33127225525354,0
,16.35822554787651,43.3312919277385,0
,16.356949990370314,43.331501767178686,0
,16.356599661196075,43.33160668662499,0
,16.356123572831084,43.331731278230365,0
,16.35589002004826,43.33167226118622,0
,16.35574629525883,43.33140996251346,0
,16.355773243656845,43.33121979526228,0
,16.355907985646937,43.33104274245489,0
,16.356042727637032,43.33088536174524,0
,16.356006796439672,43.33079355614161,0
,16.3558990028476,43.33074765328739,0
,16.355440880081286,43.33091814942696,0
,16.3549198777196,43.33089847682007,0
,16.354165322575085,43.331023069888644,0
,16.353401784631235,43.331108317629344,0
,16.35303348985832,43.331193565249556,0
,16.352772988677472,43.3311804502389,0
,16.351380654779863,43.33124602526362,0
,16.35112015359902,43.33124602526362,0
,16.349727819701403,43.33148865223509,0
,16.348551072987938,43.33157389931764,0
,16.347652793053992,43.33167226118622,0
,16.347122807892966,43.331698490990746,0
,16.346880272310802,43.331777180335855,0
,16.346485029139867,43.331764065452134,0
,16.34550590401187,43.33201980517028,0
,16.34513760923895,43.33211816631154,0
,16.344751348867355,43.332177182919295,0
,16.34449084768651,43.332177182919295,0
,16.34371832694332,43.33224275686016,0
,16.34274818461466,43.332478822456864,0
,16.341481609907802,43.33268865776699,0
,16.340592312773197,43.33287882038611,0
,16.340233000799618,43.3329771801262,0
,16.339846740428023,43.3329902947461,0
,16.339640136043215,43.33288537770711,0
,16.339667084441235,43.33269521510868,0
,16.34036774278971,43.332419806144316,0
,16.341472627108462,43.331823082406444,0
,16.34291885780211,43.33076732594346,0
,16.343853068933413,43.330091894412114,0
,16.345209471633666,43.3291541468314,0
,16.345748439594033,43.32873445088316,0
,16.346035889172896,43.328695104238264,0
,16.346206562360344,43.32885249066379,0
,16.346125717166288,43.329055780855576,0
,16.345874198784784,43.329147589104664,0
,16.344266277703028,43.32921972405946,0
,16.34402374212086,43.32913447364906,0
,16.343951879726145,43.328944299222364,0
,16.34388001733143,43.32868198868426,0
,16.34367341294662,43.32813113284063,0
,16.343691378545305,43.328045880891445,0
,16.343808154936713,43.32805899658377,0
,16.343808154936713,43.32758027196566,0
,16.344185432508972,43.326950710519164,0
,16.34355663655521,43.32604570442677,0
,16.34352968815719,43.32584240408889,0
,16.343610533351246,43.32575714890455,0
,16.343871034532093,43.32570468411583,0
,16.343996793722845,43.32570468411583,0
,16.344167466910292,43.325848962174994,0
,16.34422136370633,43.326032588296606,0
,16.34401475932152,43.326176865571405,0
,16.343790189338037,43.326281794281776,0
,16.343520705357854,43.32631458446632,0
,16.342963771798807,43.32622932994942,0
,16.342514631831836,43.325973565675625,0
,16.34229006184835,43.32573091651588,0
,16.342254130650993,43.325337429317,0
,16.34246971783514,43.324865241289885,0
,16.343161393384275,43.324130719233715,0
,16.343691378545305,43.323815921328666,0
,16.345002867248862,43.32346177172173,0
,16.346511977537887,43.32307482810754,0
,16.34805701902427,43.32256327172303,0
,16.34979968209612,43.32215008839927,0
,16.35123692999043,43.32176969490071,0
,16.352566384292665,43.32142865041439,0
,16.35424616776914,43.3210023420951,0
,16.35620441802514,43.32051700280285,0
,16.35749794113002,43.320175951234496,0
,16.36145935563871,43.319198696639965,0
,16.363193035911223,43.31877893141704,0
,16.364782991394303,43.318326368764275,0
,16.3664448092721,43.3180180995063,0
,16.367837143169712,43.31792627431648,0
,16.369247442666005,43.31792627431648,0
,16.373990360717226,43.31799842269168,0
,16.376263008950104,43.31801154056881,0
,16.37776313643979,43.31803777631451,0
,16.379146487538062,43.31805089418309,0
,16.380359165448887,43.31807712991166,0
,16.381410152971604,43.31818863163091,0
,16.38214674251744,43.31836572217318,0
,16.38292824605997,43.31870678397521,0
,16.384572098339085,43.31942825451086,0
,16.386009346233394,43.32003821832382,0
,16.387787940502605,43.32070064515643,0
,16.388883842022018,43.32127780319965,0
,16.389818053153316,43.32182216311208,0
,16.39134512904102,43.32256983016566,0
,16.393249482500984,43.32365852176007,0
,16.394318435622374,43.32433402534093,0
,16.394704695993973,43.32458979656702,0
,16.394803506786705,43.32477998472437,0
,16.39474960999067,43.32497673046296,0
,16.394471143211145,43.32520626634692,0
,16.394201659230962,43.325225940810626,0
,16.393536932079844,43.324911148621425,0
,16.392899153326745,43.32420286018891,0
,16.39218052937959,43.32310762003553,0
,16.391875114202048,43.32263541455284,0
,16.391875114202048,43.32242554426289,0
,16.39201883899148,43.32224190716025,0
,16.392252391774306,43.32212385444189,0
,16.392539841353166,43.322130412932324,0
,16.3936177772739,43.32256327172303,0
,16.394219624829642,43.322943660217405,0
,16.394668764796613,43.32342897998626,0
,16.395010111171512,43.32385527115664,0
,16.395764666316023,43.324438957257186,0
,16.396725825845344,43.32501607953368,0
,16.397399535795802,43.325278406015755,0
,16.398666110502663,43.32561942873683,0
,16.399420665647177,43.32571124221691,0
,16.400723171551395,43.32567845170436,0
,16.40206160865297,43.325632544956825,0
,16.402492783021263,43.32571780031729,0
,16.402798198198806,43.32593421722956,0
,16.402995819784273,43.32642607096046,0
,16.403274286563793,43.327357303038255,0
,16.40364258133671,43.328216384669304,0
,16.40397494491227,43.32889839496056,0
,16.405232536819792,43.330629617216076,0
,16.40591522956959,43.33151488211948,0
,16.40657097392137,43.33244603562369,0
,16.40719976987513,43.333482090932996,0
,16.407810600230214,43.33403289790047,0
,16.408394482187273,43.334367313961714,0
,16.40906819213773,43.33457714270027,0
,16.409930540874317,43.33464927116047,0
,16.411394737166646,43.3345312427261,0
,16.412724191468886,43.33440009975023,0
,16.41346976381406,43.33430829949744,0
,16.414817183714973,43.33394109708861,0
,16.415940033632403,43.33369192275197,0
,16.417116780345868,43.33329193021634,0
,16.417808455895006,43.333095211602526,0
,16.418634873434236,43.332668985737705,0
,16.419613998562234,43.33204603482364,0
,16.420260760114672,43.331665703733286,0
,16.421060229255882,43.33098372473688,0
,16.42143750682814,43.330459120260755,0
,16.421796818801717,43.32947547456766,0
,16.42205731998256,43.328904952714375,0
,16.42238968355812,43.32858362193834,0
,16.42316220430131,43.328196711181086,0
,16.42481503937977,43.32763929301435,0
,16.42591992369852,43.3270753117437,0
,16.426638547645673,43.32686545690139,0
,16.42732124039547,43.326924478649595,0
,16.428147657934698,43.32733107134553,0
,16.42842612471422,43.32733107134553,0
,16.42909983466468,43.32721958652422,0
,16.429414232641562,43.32702940605935,0
,16.429513043434294,43.32685234094951,0
,16.429468129437595,43.326655601328916,0
,16.429180679858735,43.32646541908568,0
,16.428911195878552,43.32648509313863,0
,16.427806311559802,43.327016290143106,0
,16.42733920599415,43.327488461330674,0
,16.4271685328067,43.32795407096523,0
,16.42720446400406,43.328150806350266,0
,16.427420051188207,43.32839344577461,0
,16.428174606332718,43.32858362193834,0
,16.429692699421082,43.328504928426085,0
,16.43104910212134,43.32836721453254,0
,16.43260312640706,43.32825573162653,0
,16.4339325807093,43.3282032690112,0
,16.43660945491245,43.3280262073476,0
,16.4383521179843,43.32798686024064,0
,16.440058849858794,43.327980302386976,0
,16.44141525255905,43.327908165949715,0
,16.442753689660627,43.32777700857002,0
,16.443930436374092,43.32767864034804,0
,16.44444245593644,43.32761961933786,0
,16.444433473137103,43.327534366665645,0
,16.444181954755596,43.32733762926979,0

,16.4440921267622,43.32723270239626,0
,16.444208903153616,43.32727204999522,0
,16.444235851551632,43.327370418880314,0
,16.444074161163524,43.327508135049925,0
,16.44380467718334,43.327567156169216,0
,16.443436382410425,43.32766552457301,0
,16.443184864028918,43.32769831400526,0
,16.442259635696956,43.32773110341973,0
,16.44171168493725,43.32778356644577,0
,16.440373247835677,43.32787537663153,0
,16.439304294714283,43.32800653379732,0
,16.438621601964485,43.32809834364365,0
,16.437372992856304,43.32835409890724,0
,16.43675317970188,43.32852460181377,0
,16.436079469751423,43.3287082197894,0
,16.435369828603605,43.328944299222364,0
,16.43421104748882,43.32944924379622,0
,16.43357326873572,43.32989516535906,0
,16.432836679189887,43.33072798062488,0
,16.431767726068493,43.331665703733286,0
,16.430797583739835,43.332642756355284,0
,16.43004302859532,43.333462419162544,0
,16.429369318644863,43.33405912667817,0
,16.428506969908277,43.334800084934884,0
,16.42782427715848,43.335626275440205,0
,16.427491913582923,43.33609837921765,0
,16.42700684241859,43.33704913255112,0
,16.42606364848795,43.3391079539011,0
,16.42556061172494,43.340045546693645,0
,16.425219265350044,43.34102901996714,0
,16.424958764169197,43.342032146177395,0
,16.424707245787694,43.34327127903831,0
,16.42446471020553,43.34395967517695,0
,16.42432996821544,43.345218436356355,0
,16.42412336383063,43.34628705151817,0
,16.42400658743922,43.34738187071602,0
,16.423925742245164,43.34871922766191,0
,16.423737103459036,43.35037121585955,0
,16.423611344268284,43.351734727559574,0
,16.42349456787687,43.35471074690034,0
,16.423458636679513,43.35589718059206,0
,16.423395757084137,43.35686073109527,0
,16.423404739883477,43.35788325763325,0
,16.42336880868612,43.359476004786195,0
,16.423395757084137,43.3607868762027,0
,16.423386774284797,43.361822444453985,0
,16.423422705482153,43.3628907651968,0
,16.423458636679513,43.36414913097184,0
,16.423431688281497,43.36519119523062,0
,16.42332389468942,43.3665478179131,0
,16.423234066696025,43.36811412203789,0
,16.423144238702633,43.369188884566675,0
,16.423261015094045,43.37018498880893,0
,16.42336880868612,43.37127937381726,0
,16.42354846467291,43.37222301917396,0
,16.42381794865309,43.37439203681656,0
,16.423907776646484,43.37537494959986,0
,16.42404251863658,43.3765609763301,0
,16.424231157422703,43.377583168468746,0
,16.42450064140289,43.37899848277992,0
,16.424743176985054,43.380420315969666,0
,16.424895884573825,43.38142933850691,0
,16.42508452335995,43.3827593878295,0
,16.425309093343436,43.38389940671639,0
,16.425461800932208,43.384416994371804,0
,16.425479766530884,43.38543250152276,0
,16.425524680527584,43.386035246051826,0
,16.425883992501163,43.38699176302332,0
,16.426270252872758,43.38790895680149,0
,16.426638547645673,43.3888392390697,0
,16.4272134468034,43.38970399560599,0
,16.427743431964426,43.39012326702964,0
,16.428695608694404,43.390765270736296,0
,16.429872355407873,43.39152518463979,0
,16.430851480535868,43.39221958033333,0
,16.43159705288104,43.392769850475176,0
,16.432701937199795,43.39294672195216,0
,16.435190172616817,43.393248057345204,0
,16.43661843771179,43.393477333263824,0
,16.437938909214687,43.3936279998204,0
,16.438819223549952,43.393752463213055,0
,16.439609709891823,43.393876926348256,0
,16.442699792864587,43.39428306741983,0
,16.44450533553182,43.39453199123774,0
,16.446571379379886,43.394807116364795,0
,16.449311133178416,43.3951346446377,0
,16.450209413112358,43.39523945330853,0
,16.452212577365053,43.395298408105624,0
,16.45352406606861,43.39531150916379,0
,16.454952331163582,43.395337711271594,0
,16.45868917568879,43.395403216491175,0
,16.46027913117187,43.39547527215033,0
,16.4627224525922,43.39553422671639,0
,16.465264584805258,43.39558663072658,0
,16.466585056308155,43.395540777220155,0
,16.468318736580667,43.39549492367877,0
,16.469648190882904,43.39546872163944,0
,16.4716513551356,43.39544251958869,0
,16.4744989025262,43.3953770144119,0
,16.474786352105063,43.39540976700922,0
,16.47676256795974,43.39535081232121,0
,16.478442351436215,43.395318059691824,0
,16.48328408028017,43.395154296277404,0
,16.487353288380937,43.395036386343044,0
,16.490299646564274,43.3949774312892,0
,16.495374928191055,43.394846419851675,0
,16.499533964285213,43.39475471167568,0
,16.500917315383486,43.39466955395852,0
,16.502327614879782,43.394663003359895,0
,16.503890621964842,43.39457784551295,0
,16.506360891783185,43.394427181334656,0
,16.508687436812103,43.39428306741983,0
,16.51068161826546,43.39419135838521,0
,16.512792576110225,43.394047243905554,0
,16.515155052336496,43.39391623044272,0
,16.51654738623411,43.39385727429139,0
,16.52149690867014,43.39356904338669,0
,16.52260179298889,43.3935166376193,0
,16.526715915086353,43.39324150659182,0
,16.528620268546316,43.393149795969784,0
,16.532797270239154,43.39288121405832,0
,16.53480941729119,43.392769850475176,0
,16.537243755912176,43.39263883423114,0
,16.538213898240834,43.39233749578731,0
,16.539669111733822,43.391905137993064,0
,16.54099856603606,43.39157759214148,0
,16.542489710726407,43.39127624838341,0
,16.543262231469598,43.39119763672011,0
,16.544591685771834,43.390824229916994,0
,16.54584927767936,43.390549086579504,0
,16.546540953228494,43.39027394198403,0
,16.547942269925446,43.38963193303587,0
,16.54902020584618,43.38905542936869,0
,16.54981069218805,43.38872131676114,0
,16.550870662510103,43.38853133033355,0
,16.551634200453954,43.38845271508462,0
,16.552909757960155,43.38827583039911,0
,16.554697335028703,43.387882751458925,0
,16.55571239135406,43.38770586509828,0
,16.55728438123846,43.38747656719038,0
,16.55858688714268,43.38731933383435,0
,16.559467201477947,43.38718830572387,0
,16.559952272642274,43.38705072590087,0
,16.562162041279777,43.38699176302332,0
,16.56449756910803,43.3870376230442,0
,16.565809057811588,43.386972108717984,0
,16.56672530334421,43.386893491432375,0
,16.567488841288064,43.386945902967526,0
,16.56880032999162,43.38688693998728,0
,16.5703902854747,43.38678866822518,0
,16.57233955293136,43.38667729336749,0
,16.574019336407837,43.386618330124094,0
,16.577522628150216,43.38642178556231,0
,16.579462912807536,43.38631041002574,0
,16.580765418711753,43.386271100963626,0
,16.5822116494054,43.38618593124098,0
,16.583756690891786,43.38610731292847,0
,16.58542749156892,43.3860155914341,0
,16.58759234620973,43.3859369728991,0
,16.588894852113945,43.385878008930476,0
,16.590314134409574,43.38579939021578,0
,16.591742399504547,43.38572732297045,0
,16.59328744099093,43.38567491037416,0
,16.59468875768788,43.385583188220885,0
,16.596889543526043,43.385498017524824,0
,16.598443567811767,43.38546525953271,0
,16.59983590170938,43.38520974658233,0
,16.60095875162681,43.38513767863102,0
,16.601677375573967,43.38517043680139,0
,16.603168520264312,43.3850131974209,0
,16.604749492948052,43.38471837247537,0
,16.6062406376384,43.38444975293441,0
,16.607713816730065,43.38412871825205,0
,16.60881870104882,43.38388630317366,0
,16.61021103494643,43.38364388711903,0
,16.611594386044704,43.38334905546658,0
,16.612842995152885,43.38309353353303,0
,16.61688525485563,43.382300753451624,0
,16.61834945114796,43.38200591522065,0
,16.619607043055485,43.381737283575205,0
,16.620855652163666,43.38152106698986,0
,16.62237374525203,43.381403130343266,0
,16.623694216754927,43.381265537296876,0
,16.625356034632723,43.38105587109768,0
,16.626883110520428,43.380872412574334,0
,16.62863475639162,43.38059067161063,0
,16.630422333460167,43.380322033649826,0
,16.63167992536769,43.38007960324153,0
,16.633117173261997,43.37988303732894,0
,16.634761025541113,43.379601291734986,0
,16.636180307836746,43.37939161973956,0
,16.63757264173436,43.37913608100782,0
,16.63900090682933,43.37892640739218,0
,16.640375275128264,43.37869052370177,0
,16.64138134865428,43.378513610327445,0
,16.64252216417039,43.37834980118397,0
,16.643698910883856,43.378100810432315,0
,16.64509124478147,43.377917342903785,0
,16.64650154427776,43.377688007706865,0
,16.647786084583302,43.37747177657825,0
,16.649465868059774,43.37695412920641,0
,16.650786339562675,43.37666581734813,0
,16.652250535855003,43.376403714460764,0
,16.6538674397361,43.37608263686875,0
,16.655178928439657,43.375807426141456,0
,16.656697021528025,43.375473239995706,0
,16.658457650198553,43.375125946545595,0
,16.659724224905414,43.374876942461576,0
,16.662275339917816,43.37427408620431,0
,16.6628412562762,43.37415613536106,0
,16.663586828621373,43.37397920866293,0
,16.66457493654871,43.373500848691116,0
,16.66503305931502,43.37312733209845,0
,16.66540135408794,43.372360632886334,0
,16.665769648860856,43.37106967284101,0
,16.66582354565689,43.37085997113452,0
,16.66616489203179,43.370748566805936,0
,16.666290651222543,43.37076822640831,0
,16.66605709843972,43.370230861633765,0
,16.66604811564038,43.37014566921694,0
,16.66617387483113,43.37013911594912,0
,16.66614692643311,43.37032916042646,0
,16.666326582419902,43.37057818331655,0
,16.66652420400537,43.371063119673735,0
,16.66692842997564,43.37146941469625,0
,16.66797043469902,43.3721116173669,0
,16.66890464583032,43.37277347213662,0
,16.66925497500456,43.372937296451525,0
,16.669964616152374,43.37299627309577,0
,16.67178812441828,43.37295695533936,0
,16.673171475516554,43.372878319749525,0
,16.676028005706495,43.37279968405695,0
,16.678291671140034,43.37275381318889,0
,16.680860751751112,43.372701389296864,0
,16.681929704872505,43.37266207134791,0
,16.683232210776723,43.37258343537296,0
,16.684004731519913,43.3724851402599,0
,16.68536113422017,43.37228854955241,0
,16.69364327521113,43.371194182883734,0
,16.695179333898174,43.37103690699751,0
,16.69685911737465,43.37076167320824,0
,16.699419215186392,43.37038813962507,0
,16.700793583485325,43.37016532901614,0
,16.7031111457149,43.36986387805666,0
,16.704422634418457,43.369660725472,0
,16.706497661065868,43.36938548539316,0
,16.70779118417075,43.36916922444873,0
,16.709587744038632,43.36892674913303,0
,16.710881267143513,43.36871703996462,0
,16.713612038142703,43.36833038677103,0
,16.715139114030407,43.368081354586344,0
,16.71717820948046,43.36779955376704,0
,16.72006168806842,43.36738668041821,0
,16.721471987564712,43.367176965887246,0
,16.725460350471423,43.36661335446704,0
,16.72710420275054,43.366344654142715,0
,16.728415691454096,43.366167704493996,0
,16.730221234121323,43.36591210963922,0
,16.73155068842356,43.36574171246682,0
,16.733338265492108,43.36549266957847,0
,16.735242618952068,43.36519119523062,0
,16.73747035318825,43.364850396324805,0
,16.738305753526816,43.364745534735086,0
,16.741072455723366,43.364312978747854,0
,16.743479845946336,43.36403771422957,0
,16.745698597383175,43.3637493405279,0
,16.74838445438567,43.363467519440164,0
,16.749713908687905,43.3632971153521,0
,16.75040558423704,43.36319225105832,0
,16.751070311388162,43.36306772447234,0
,16.751842832131352,43.36300218406052,0
,16.752130281710215,43.36292353547223,0
,16.751941642924084,43.362943197628915,0
,16.753289062825,43.36292353547223,0
,16.754519706334506,43.36272691355224,0
,16.756064747820886,43.362576169645585,0
,16.757259460133035,43.362386100703894,0
,16.75998124833288,43.36207805666274,0
,16.761274771437762,43.36194041945434,0
,16.762550328943963,43.36177001104633,0
,16.76419418122308,43.361573385361176,0
,16.765343979538528,43.36145540964205,0
,16.766341070265206,43.36129155409327,0
,16.766646485442745,43.36127844563009,0
,16.767176470603772,43.36123912022352,0
,16.767463920182635,43.36121290327154,0
,16.76771543856414,43.361153915087876,0
,16.76832626891922,43.36114736084168,0
,16.768712529290816,43.3610293842882,0
,16.76941318763929,43.36099005871903,0
,16.770985177523695,43.36078032191657,0
,16.772323614625268,43.360609910226906,0
,16.773141049365158,43.360557475763876,0
,16.775943682759067,43.36017732454205,0
,16.777210257465924,43.3600462373576,0
,16.77762346623554,43.35994136740469,0
,16.778854109745044,43.35990859550695,0
,16.779599682090215,43.359764398945174,0
,16.7808482911984,43.35962020203825,0
,16.782141814303277,43.35953499461285,0
,16.783309578217406,43.3593776882801,0
,16.784037184963896,43.359266262712545,0
,16.784863602503126,43.35918105478655,0
,16.78628288479876,43.35901719305169,0
,16.78716319913402,43.35893853926065,0
,16.78788182308118,43.35887299435634,0
,16.788151307061362,43.35880744938071,0
,16.78946279576492,43.35866980469979,0
,16.790405989695557,43.35852560517297,0
,16.791322235228183,43.358479723432986,0
,16.79279541431985,43.35829619612355,0
,16.794286559010196,43.35816510484594,0
,16.795598047713753,43.35799468575864,0
,16.79745748717702,43.35777838391518,0
,16.798831855475953,43.357568635931436,0
,16.800421810959033,43.35715569245446,0
,16.802137525632865,43.35674930087266,0
,16.803565790727834,43.356388789917,0
,16.805029987020163,43.356047941211465,0
,16.80643130371712,43.35568742605926,0
,16.80717687606229,43.3554907805216,0
,16.80892852193348,43.35495983436424,0
,16.81037475262713,43.35461897757513,0
,16.811542516541255,43.354317448808224,0
,16.813401956004522,43.35377993726408,0
,16.814982928688263,43.353386633096434,0
,16.81582731182617,43.353124428891846,0
,16.81676152295747,43.352953995547054,0
,16.817650820092076,43.35265901361879,0
,16.81884553240422,43.352344364637034,0
,16.820246849101174,43.35195760634613,0
,16.821468509811336,43.35163639842109,0
,16.82286084370895,43.35124308026271,0
,16.82416334961317,43.350836648802186,0
,16.825771270694926,43.3503843266959,0
,16.82699293140509,43.350069665837,0
,16.828681697680906,43.34961078247276,0
,16.830684861933598,43.34907322894501,0
,16.831870591446407,43.34872578326013,0
,16.833146148952604,43.348365224299506,0
,16.834754070034364,43.3477621026708,0
,16.83600267914255,43.34724419993399,0
,16.837170443056674,43.346778739246794,0
,16.838446000562875,43.34628705151817,0
,16.839586816078985,43.34581502752506,0
,16.84109592636801,43.3451725444834,0
,16.84252419146298,43.344602171146704,0
,16.84364704138041,43.344117021761946,0
,16.846575433965068,43.3429434685901,0
,16.84780607747457,43.342464862134314,0
,16.84910858337879,43.341920688533904,0
,16.85051888287508,43.34131750241728,0
,16.852045958762783,43.34070119732531,0
,16.85276458270994,43.340399598920385,0
,16.853617948647187,43.340084885932626,0
,16.85402217461746,43.340084885932626,0
,16.85467791896924,43.33982262385451,0
,16.855019265344136,43.33961281337055,0
,16.85660922082722,43.33893748091765,0
,16.857273947978335,43.33877356413283,0
,16.858235107507657,43.338340821679544,0
,16.859483716615838,43.33779005406486,0
,16.86059758373393,43.33718026976536,0
,16.86136112167778,43.33674751587588,0
,16.861891106838808,43.33644589769179,0
,16.863534959117924,43.3360262524909,0
,16.86484644782148,43.33566561756284,0
,16.86552015777194,43.33546890669295,0
,16.865924383742215,43.33537710806737,0
,16.866867577672856,43.335049254692215,0
,16.86809822118236,43.33473451377495,0
,16.869382761487902,43.33436075680187,0
,16.870550525402027,43.33378372394316,0
,16.87157456452672,43.33316078454509,0
,16.872975881223674,43.33239357665354,0
,16.874143645137803,43.331783737776675,0
,16.875194632660516,43.33116077771758,0
,16.876335448176626,43.33051813849214,0
,16.87691933013369,43.330209931535904,0
,16.877593040084147,43.329823031212136,0
,16.878455388820733,43.329423013013376,0
,16.879569255938822,43.328826259621394,0
,16.880323811083333,43.32842623481114,0
,16.881913766566417,43.32754092456778,0
,16.88535417871342,43.32570468411583,0
,16.88648601143019,43.32505542857874,0
,16.887078876186592,43.32476031011522,0
,16.887662758143655,43.324452073733895,0
,16.88887543605448,43.32375033822498,0
,16.889953371975214,43.32316664546095,0
,16.891336723073486,43.32237307657633,0
,16.894489685641627,43.320130040299205,0
,16.89511848159539,43.31968404653811,0
,16.89561253555906,43.31931675508267,0
,16.895828122743207,43.3191921378308,0
,16.896223365914143,43.31890354952242,0
,16.89707673185139,43.318247661869435,0
,16.897471975022324,43.31807057098059,0
,16.897597734213075,43.3178869206209,0
,16.898585842140413,43.31716543165298,0
,16.899672760860486,43.316424256729164,0
,16.90069679998518,43.31570930945868,0
,16.901613045517802,43.31501403151088,0
,16.902888603024003,43.31406293077645,0
,16.90310419020815,43.31382679309861,0
,16.902816740629287,43.31286255465662,0
,16.902484377053728,43.31193765840812,0
,16.902268789869584,43.31095371066676,0
,16.90216997907685,43.31065196347837,0
,16.90218794467553,43.3104617307798,0
,16.90196337469204,43.30944495963685,0
,16.901720839109878,43.30849377112356,0
,16.90151423472507,43.30752944746554,0
,16.90135254433696,43.306473265780106,0
,16.901415423932338,43.30598780961305,0
,16.90146033792903,43.30490535950565,0
,16.901442372330354,43.303960659911986,0
,16.901433389531014,43.303009384964696,0
,16.901451355129694,43.30167757485281,0
,16.901451355129694,43.299040110485016,0
,16.90146932072837,43.297721335090614,0
,16.90137949273498,43.296605930431035,0
,16.901316613139603,43.29440786681845,0
,16.901325595938943,43.29197350000547,0
,16.901226785146207,43.289972127638,0
,16.901244750744887,43.28820692778172,0
,16.901280681942243,43.28709790966111,0
,16.901271699142907,43.28566731183086,0
,16.90135254433696,43.284492621305645,0
,16.901415423932338,43.282746949610654,0
,16.901424406731675,43.2822744282955,0
,16.901684907912518,43.28193972346095,0
,16.902008288688737,43.281755963155355,0
,16.90214303067883,43.28159189098155,0
,16.902205910274205,43.28089622001426,0
,16.902232858672225,43.28010865830747,0
,16.902385566260996,43.27933421261714,0
,16.902690981438536,43.27899949149184,0
,16.902708947037215,43.27878946944674,0
,16.90227777266892,43.27844818206627,0
,16.902026254287417,43.277995316988836,0
,16.901604062718462,43.277503068489224,0
,16.90113695715281,43.27732585804756,0
,16.900633920389804,43.277220844207214,0
,16.8997895372519,43.276728589397585,0
,16.89956496726841,43.27663013795435,0
,16.89846008294966,43.27626258448229,0
,16.897732476203167,43.27604598942491,0
,16.897247405038836,43.275960663886075,0
,16.897310284634212,43.2758819017433,0
,16.897804338597883,43.275776885393206,0
,16.898828377722577,43.275100838269886,0
,16.900966283965364,43.273965324623155,0
,16.901702873511198,43.27347960706746,0
,16.902394549060332,43.27318423637452,0
,16.903265880596262,43.2728823003961,0
,16.903732986161913,43.27252128800679,0
,16.904083315336152,43.271490749866196,0
,16.90426297132294,43.270466758255715,0
,16.904658214493875,43.270020397508205,0
,16.90549361483244,43.26920643706935,0
,16.906364946368367,43.26864190968151,0
,16.907532710282496,43.26822179285426,0
,16.90773033186796,43.26808394138399,0
,16.908008798647483,43.26759161213762,0
,16.908035747045503,43.2672765193152,0
,16.907990833048807,43.267046763096566,0
,16.908484887012474,43.26594392108927,0
,16.90856573220653,43.26574041828157,0
,16.909257407755664,43.264887011949185,0
,16.909931117706122,43.2640270287638,0
,16.91078448364337,43.26270748878915,0
,16.911027019225536,43.26176869405669,0
,16.91124260640968,43.260764233198174,0
,16.911467176393167,43.25980571250298,0
,16.91172767757401,43.25886030734121,0
,16.912248679935697,43.257599744127674,0
,16.912715785501348,43.25664117325869,0
,16.913057131876247,43.25563662720417,0
,16.913398478251146,43.25467145939145,0
,16.91378473862274,43.253680012467804,0
,16.91415303339566,43.252668851178974,0
,16.914548276566595,43.2517627312435,0
,16.91491657133951,43.25041665844701,0
,16.915132158523658,43.24973376127963,0
,16.91555435009261,43.24878163216576,0
,16.915958576062888,43.247744122685766,0
,16.916443647227215,43.24652929466133,0
,16.9167131312074,43.24555084786309,0
,16.917099391578994,43.24441477903786,0
,16.91753954874663,43.2434362980331,0
,16.9179437747169,43.24241839831133,0
,16.918285121091802,43.2412691361033,0
,16.918617484667358,43.24021179558777,0
,16.919057641834993,43.23900995131854,0
,16.919488816203287,43.23810362673409,0
,16.919767282982807,43.237414022846075,0
,16.920189474551762,43.236238394286524,0
,16.920575734923357,43.23526634895177,0
,16.921078771686364,43.234038134204106,0
,16.921384186863907,43.233079189850784,0
,16.921779430034842,43.232146503367126,0
,16.922255518399833,43.231036456351376,0
,16.922587881975392,43.23012344384044,0
,16.92292922835029,43.2290462027324,0
,16.92341429951462,43.227679918134946,0
,16.92355802430405,43.227115002990274,0
,16.923746663090178,43.22663547785783,0
,16.92392631907697,43.22608369081252,0
,16.924456304237996,43.224920980213504,0
,16.924878495806947,43.22378452397603,0
,16.924923409803647,43.223272126323515,0
,16.92454613223139,43.22209622300443,0
,16.92362090389943,43.22053926558795,0
,16.923270574725187,43.21995457503417,0
,16.92263279597209,43.219067674088784,0
,16.922075862413042,43.21814791123631,0
,16.921384186863907,43.21666312171764,0
,16.920979960893632,43.21557250091073,0
,16.920611666120713,43.21437016725494,0
,16.92021642294978,43.2130495437591,0
,16.919884059374223,43.21185373047251,0
,16.919560678598003,43.210414780982966,0
,16.91891391704556,43.20868668229932,0
,16.918356983486518,43.20613715389978,0
,16.918222241496423,43.205020058673995,0
,16.917782084328792,43.20291723529772,0
,16.917440737953893,43.201734365067516,0
,16.917270064766445,43.20064347538184,0
,16.91718023677305,43.19962485583151,0
,16.91698261518758,43.198685081959674,0
,16.916677200010042,43.197620425415586,0
,16.9164166988292,43.19654917803446,0
,16.916102300852316,43.195563350825594,0
,16.91590467926685,43.19455779054784,0
,16.915662143684685,43.193085567621324,0
,16.91526690051375,43.190772002180225,0
,16.91494351973753,43.18979265383665,0
,16.914162016194997,43.18855694341068,0
,16.913497289043878,43.18766300952371,0
,16.912652905905972,43.186801928385755,0
,16.911934281958818,43.18599342121934,0
,16.91141327959713,43.18540839711338,0
,16.910748552446012,43.18438294797847,0
,16.910182636087626,43.183403496388166,0
,16.90964366812726,43.182272834603936,0
,16.909230459357648,43.181319644041494,0
,16.908781319390677,43.18039930789706,0
,16.908314213825026,43.179603863258286,0
,16.90809862664088,43.17913710989224,0
,16.907793211463336,43.17893331504196,0
,16.90740695109174,43.17884785248152,0
,16.907128484312217,43.1788544265289,0
,16.90676917233864,43.17895961119017,0
,16.906697309943926,43.179038499566346,0
,16.905933772000076,43.1788347043846,0
,16.90503549206613,43.17890701888236,0
,16.904783973684626,43.17895961119017,0
,16.903643158168517,43.1790713696928,0
,16.903517398977765,43.17910423980144,0
,16.903319777392298,43.178874148666786,0
,16.90310419020815,43.178124702916605,0
,16.90260115344514,43.17692820014834,0
,16.90213404787949,43.1759026075526,0
,16.901891512297325,43.17492959341205,0
,16.90135254433696,43.17393026533844,0
,16.90086747317263,43.172812576271,0
,16.90041833320566,43.17165541764855,0
,16.899870382445954,43.17040618753089,0
,16.899681743659823,43.16988676322315,0
,16.899511070472375,43.16972238751547,0
,16.898846343321257,43.1693607593903,0
,16.898549910943053,43.16914378148011,0
,16.8978312869959,43.168861051523194,0
,16.896456918696966,43.16800627852101,0
,16.895325085980197,43.16738820438359,0
,16.89385190688853,43.166651767400445,0
,16.892181106211392,43.16573120859657,0
,16.890636064725012,43.164797484679646,0
,16.889306610422775,43.16414649964189,0
,16.888138846508646,43.16350865904056,0
,16.886998030992537,43.162818205468874,0
,16.88583026707841,43.16216719918855,0
,16.88503978073654,43.1617923742214,0
,16.883845068424396,43.161358363471194,0
,16.882533579720835,43.16100326145681,0
,16.881204125418602,43.16063500532037,0
,16.880153137895885,43.16022071449473,0
,16.879039270777795,43.159668322326,0
,16.87782659286697,43.15920141549899,0
,16.876218671785214,43.15848460788411,0
,16.87510480466712,43.15793877622209,0
,16.874556853907414,43.157721757449906,0
,16.87449397431204,43.15791247095773,0
,16.874413129117986,43.1578401314219,0
,16.874287369927234,43.15785328407119,0
,16.874422111917323,43.157695452091424,0
,16.873829247160923,43.15757050148292,0
,16.87422449033186,43.15757050148292,0
,16.874907183081653,43.15782697876972,0
,16.87557191023277,43.15814921792651,0
,16.876173757788514,43.158478031628256,0
,16.877449315294715,43.15874108130651,0
,16.878778769596952,43.15912907750006,0
,16.879703997928914,43.159497342778195,0
,16.880844813445023,43.15999712779427,0
,16.881473609398782,43.160207562358686,0
,16.882722218506967,43.16056924506077,0
,16.883674395236945,43.16079282965257,0
,16.884375053585423,43.16075994961723,0
,16.884770296756358,43.16060870122508,0
,16.88521943672333,43.16020098628961,0
,16.885426041108136,43.15980642083974,0
,16.885381127111437,43.15918826314196,0
,16.885183505525973,43.15870820015911,0
,16.884797245154378,43.15818209937687,0
,16.884024724411184,43.15753104334259,0
,16.882856960497055,43.15684052173213,0
,16.88249764852348,43.15666953421461,0
,16.882425786128763,43.15659061673629,0
,16.88250663132282,43.15639989907325,0
,16.88261442491489,43.15634071071108,0
,16.882749166904983,43.15634071071108,0
,16.882794080901682,43.15642620499346,0
,16.882749166904983,43.15651169915534,0
,16.88264137331291,43.15656431088738,0
,16.8825245969215,43.15655773442338,0
,16.882452734526783,43.15647881679961,0
,16.882075456954524,43.15643935794927,0
,16.881653265385573,43.156215757312474,0
,16.881293953411994,43.15631440475382,0
,16.88121310821794,43.1563801696256,0
,16.881087349027187,43.15637359314164,0
,16.881177177020582,43.15630782826273,0
,16.88168021378359,43.15626179280506,0
,16.88215630214858,43.156386746108865,0
,16.882892891694414,43.156163145278185,0
,16.883907948019772,43.15555810360462,0
,16.88485114195041,43.15474260310681,0
,16.88533621311474,43.154170430892016,0
,16.885938060670483,43.1532036448895,0
,16.88633330384142,43.15217765105975,0
,16.886414149035474,43.15142129834653,0
,16.886369235038778,43.15122398739263,0
,16.88714175578197,43.15070439881156,0
,16.887483102156867,43.150559702465365,0
,16.887833431331103,43.150651781998306,0
,16.887869362528463,43.150743861391554,0
,16.887815465732427,43.15065835910246,0
,16.88811189811063,43.15048735416287,0
,16.888453244485525,43.15021111439637,0
,16.888713745666372,43.15063205068158,0

,16.878078111248474,43.166362450424806,0
,16.876658828952845,43.16671094570273,0
,16.875868342610975,43.16696080900906,0
,16.87510480466712,43.16713834283803,0
,16.874044834345067,43.16728299964776,0
,16.87272436284217,43.16742108082609,0
,16.872059635691052,43.167546011145156,0
,16.870730181388815,43.167670941206815,0
,16.870056471438357,43.16771039275179,0
,16.868358722363205,43.16760518857487,0
,16.867038250860308,43.16760518857487,0
,16.86569083095939,43.16757888750211,0
,16.864208669068383,43.16752628532241,0
,16.862600747986622,43.167532860597355,0
,16.86090299891147,43.16755258641796,0
,16.85884593786274,43.167598613307746,0
,16.856303805649677,43.16762491437195,0
,16.854830626558012,43.167677516466114,0
,16.853456258259076,43.167697242239676,0
,16.852548995525794,43.16771696800681,0
,16.850815315253282,43.16813120763459,0
,16.850087708506788,43.16836133953856,0
,16.849431964155006,43.168466542403834,0
,16.848363011033616,43.16847311757686,0
,16.84744676550099,43.168584895409104,0
,16.846386795178937,43.16861119604557,0
,16.844931581685948,43.168709823330786,0
,16.84361111018305,43.1687558493423,0
,16.84042221641755,43.168985978876,0
,16.839658678473697,43.16913720637981,0
,16.838311258572784,43.16916350677673,0
,16.837170443056674,43.169130631278776,0
,16.83641588791216,43.16922925771923,0
,16.83482593242908,43.1692950085904,0
,16.833954600893154,43.169281858421876,0
,16.832544301396865,43.169301583673615,0
,16.832256851818002,43.16933445907888,0
,16.831529245071508,43.16932788399926,0
,16.830810621124353,43.16935418431353,0
,16.829777599200316,43.16941335997888,0
,16.828331368506667,43.169419935049255,0
,16.82687615501368,43.169406784907814,0
,16.822636273725465,43.16940020983602,0
,16.820345659893906,43.16941335997888,0
,16.81902518839101,43.169387059690315,0
,16.817282525319158,43.16931473383786,0
,16.815279361066462,43.16926213316373,0
,16.814003803560265,43.16942651011891,0
,16.8112101529657,43.169761837725964,0
,16.807913465608124,43.17028783808,0
,16.805856404559393,43.170537686649894,0
,16.803772395112645,43.17083355862506,0
,16.803493928333122,43.17089273284689,0
,16.803251392750955,43.17082698370798,0
,16.80320647875426,43.17073493479375,0
,16.80451796745782,43.16884790126056,0
,16.805533023783173,43.16759203803991,0
,16.805784542164677,43.167112041562824,0
,16.80622469933231,43.166257243909676,0
,16.80637740692108,43.1660468303319,0
,16.807122979266254,43.16517229107745,0
,16.80782363761473,43.164205680388584,0
,16.808048207598215,43.16374538417017,0
,16.808551244361222,43.16323247855502,0
,16.809467489893848,43.162620931576285,0
,16.809853750265443,43.16251571857122,0
,16.8105274602159,43.162620931576285,0
,16.811282015360415,43.16272614439884,0
,16.81166827573201,43.162732720194185,0
,16.812189278093697,43.162805053895994,0
,16.812988747234908,43.1626998412103,0
,16.813392973205183,43.16274587178276,0
,16.813644491586686,43.16294972104084,0
,16.81361754318867,43.16314041811372,0
,16.81327619681377,43.16327193298708,0
,16.8130785752283,43.16316014536289,0
,16.813024678432264,43.16157536923443,0
,16.812898919241512,43.160562669030895,0
,16.81293485043887,43.1595433757808,0
,16.813087558027643,43.158287319898285,0
,16.813168403221695,43.15768887575004,0
,16.813312128011127,43.1571693425268,0
,16.81343788720188,43.15712330772283,0
,16.813671439984702,43.1571759189245,0
,16.813869061570173,43.15682736886329,0
,16.81394990676423,43.15675502803361,0
,16.81393194116555,43.15684052173213,0
,16.813815164774134,43.15688655675066,0
,16.81388702716885,43.15695889742352,0
,16.813824147573474,43.156879980321605,0
,16.813698388382722,43.15684709816548,0
,16.813518732395934,43.15697205026385,0
,16.81359059479065,43.157044390834756,0
,16.813842113172154,43.15703781442279,0
,16.813716353981402,43.157004932352216,0
,16.813743302379418,43.15691286245989,0
,16.81361754318867,43.156893133179054,0
,16.813518732395934,43.15707069647554,0
,16.813527715195274,43.15697862668297,0
,16.813366024807163,43.15745212698485,0
,16.81263841806067,43.15827416734309,0
,16.811578447738615,43.15895809643245,0
,16.809880698663463,43.15985902971465,0
,16.809171057515645,43.160260170885714,0
,16.808191932387647,43.16103614136028,0
,16.807455342841813,43.16154906554692,0
,16.807140944864933,43.16170031159448,0
,16.807257721256345,43.162285564486474,0
,16.807778723618032,43.163199599841995,0
,16.808066173196895,43.16365990020217,0
,16.808066173196895,43.16385059504232,0
,16.807778723618032,43.16428458796103,0
,16.807742792420676,43.1645870660377,0
,16.8076349988286,43.16463967076663,0
,16.80701518567418,43.164514734460944,0
,16.805964198151468,43.16514598894964,0
,16.80529048820101,43.165626000986464,0
,16.805155746210918,43.16579038779704,0
,16.80482338263536,43.165954774162095,0
,16.804122724286884,43.166783274660425,0
,16.803853240306697,43.166973959680874,0
,16.803619687523874,43.16704628832492,0
,16.803161564757563,43.16752628532241,0
,16.803071736764167,43.16771039275179,0
,16.80300885716879,43.168269286881774,0
,16.80299987436945,43.168828175861265,0
,16.80302682276747,43.169091180657695,0
,16.80296394317209,43.169176656970954,0
,16.80319749595492,43.16950541089914,0
,16.803170547556903,43.1701694883981,0
,16.80291004637606,43.17143187309697,0
,16.80285614958002,43.17274682921368,0
,16.8029190291754,43.173588386163736,0
,16.803116650760863,43.17405518224837,0
,16.803260375550295,43.1746337414223,0
,16.80383527470802,43.175481846597215,0
,16.803907137102737,43.17581714071986,0
,16.80384425750736,43.17600779733518,0
,16.80350291113246,43.17630364262033,0
,16.803161564757563,43.17643512895035,0
,16.802784287185304,43.17636938582099,0
,16.802568700001157,43.17647457479377,0
,16.801481781281087,43.17762506726946,0
,16.80083501972865,43.17821016649645,0
,16.800053516186114,43.178900444840664,0
,16.799442685831032,43.17915683193817,0
,16.798777958679917,43.179268590077236,0
,16.798319835913606,43.179117387839895,0
,16.798068317532103,43.17912396185806,0
,16.79788866154531,43.17947238380045,0
,16.79659513844043,43.18050448987789,0
,16.7955172025197,43.18148398831125,0
,16.794475197796327,43.182233392533114,0
,16.793873350240585,43.18269354842926,0
,16.793540986665022,43.18312740650331,0
,16.79310981229673,43.1833969228341,0
,16.792741517523815,43.18337062861069,0
,16.792427119546932,43.18308796498854,0
,16.79231034315552,43.18303537626225,0
,16.79219356676411,43.18307481781124,0
,16.79215763556675,43.1831602744127,0
,16.792265429158824,43.183337760815355,0
,16.792256446359485,43.183541540859004,0
,16.792076790372693,43.18379133481665,0
,16.791277321231487,43.18438952142561,0
,16.79104376844866,43.184632738468615,0
,16.79069343927442,43.18475763332763,0
,16.79055869728433,43.18475763332763,0
,16.790100574518018,43.18436322763277,0
,16.78947177856426,43.18398853984553,0
,16.789004672998608,43.183613849742095,0
,16.788753154617105,43.183574408543834,0
,16.788564515830974,43.1840148338009,0
,16.788277066252114,43.184205464636214,0
,16.787756063890427,43.18508630277958,0
,16.7868398183578,43.186322083970126,0
,16.786202039604703,43.18722918391466,0
,16.785681037243016,43.18811655115833,0
,16.784387514138135,43.1900227035275,0
,16.783614993394945,43.191225520548066,0
,16.783120939431274,43.19217198273065,0
,16.782501126276852,43.19316443761347,0
,16.78192622711913,43.19406486274772,0
,16.781665725938286,43.19451835647139,0
,16.780506944823497,43.196049694253304,0
,16.778934954939096,43.198027888772096,0
,16.778144468597226,43.19889538227405,0
,16.777066532676493,43.20001259045349,0
,16.776294011933302,43.20080119558734,0
,16.77526997280861,43.2017935091276,0
,16.774838798440314,43.20220094441692,0
,16.77410220889448,43.20293037817053,0
,16.773491378539397,43.203469233500385,0
,16.772395477019984,43.20436950549087,0
,16.77172176706953,43.20481635085293,0
,16.770778573138887,43.2055786088623,0
,16.769862327606265,43.206288288730384,0
,16.768703546491476,43.20713595100814,0
,16.76704172861368,43.208207011183816,0
,16.7661344658804,43.20893637260931,0
,16.765299065541832,43.20966572525097,0
,16.76434688881185,43.21045420471222,0
,16.763259970091777,43.21119668015299,0
,16.762191016970384,43.212050844178194,0
,16.76143646182587,43.21274073709518,0
,16.76050225069457,43.213575168501514,0
,16.759478211569874,43.21439644802723,0
,16.75859789723461,43.21518486589187,0
,16.758130791668957,43.215559360781235,0
,16.757726565698682,43.215966703469476,0
,16.757070821346904,43.21657114240814,0
,16.756298300603714,43.21725441394217,0
,16.75589407463344,43.21774058322297,0
,16.755938988630135,43.217944247572184,0
,16.7558850918341,43.21802965499862,0
,16.75599288542617,43.21806907377018,0
,16.75681032016606,43.21776029270606,0
,16.757546909711895,43.21732011272177,0
,16.758014015277546,43.216709111319986,0
,16.758130791668957,43.21622293375637,0
,16.75808587767226,43.21601269360084,0
,16.757816393692078,43.215552790715414,0
,16.757385219323783,43.215211146310544,0
,16.757358270925767,43.2154082490871,0
,16.756998958952188,43.21568419189629,0
,16.756846251363417,43.21595356342553,0
,16.75667557817597,43.21611124376465,0
,16.756558801784557,43.216282063668594,0
,16.75645100819248,43.21634776350331,0
,16.756442025393145,43.21653829262088,0
,16.75553476265986,43.21749749907056,0
,16.755148502288264,43.21789825890805,0
,16.755040708696193,43.218082213355,0
,16.75479817311403,43.2183252951597,0
,16.753675323196596,43.21958667695975,0
,16.75267823246992,43.22071007299851,0
,16.75220214410493,43.221294756255425,0
,16.75154639975315,43.222155347180404,0
,16.751124208184198,43.22266118499199,0
,16.750486429431096,43.22364000200038,0
,16.75041456703638,43.223929045606596,0
,16.750055255062804,43.224342901094346,0
,16.75000135826677,43.22500637779718,0
,16.749875599076013,43.225380811933924,0
,16.74977678828328,43.22543336390811,0
,16.749686960289885,43.22572896791271,0
,16.749516287102438,43.22588662279151,0
,16.749255785921594,43.226438411633424,0
,16.74853716197444,43.227522267927306,0
,16.747809555227942,43.22839590766009,0
,16.747216690471543,43.22906590853458,0
,16.746983137688716,43.22942061187698,0
,16.746803481701928,43.229558551504255,0
,16.74630044493892,43.230484709430534,0
,16.745977064162698,43.230957635670684,0
,16.745617752189123,43.23151594661377,0
,16.74486319704461,43.23245521104845,0
,16.744728455054517,43.23282303091046,0
,16.744566764666406,43.23296753095883,0
,16.744566764666406,43.23317771223139,0
,16.743434931949636,43.234530736696215,0
,16.74246478962098,43.23577864506104,0
,16.741692268877788,43.236625894492015,0
,16.740955679331954,43.2374665643713,0
,16.739967571404616,43.23849768256956,0
,16.73956334543434,43.238957411133654,0
,16.73893454948058,43.239548485582795,0
,16.7382788051288,43.24036941273735,0
,16.737676957573058,43.241078684828445,0
,16.736931385227884,43.24197839764545,0
,16.73620377848139,43.242851828673935,0
,16.735521085731595,43.243712113072725,0
,16.734883306978492,43.24454611756515,0
,16.734128751833982,43.245406377867226,0
,16.733221489100696,43.246220658789646,0
,16.732466933956182,43.24691672895163,0
,16.731371032436773,43.247737556113385,0
,16.73073325368367,43.24824974661775,0
,16.730032595335196,43.248715967536405,0
,16.7293049885887,43.24929381382792,0
,16.72873008943098,43.24966809768405,0
,16.72802044828316,43.25022623597377,0
,16.727355721132042,43.25071214040805,0
,16.726044232428485,43.25159857762859,0
,16.725487298869442,43.25204507441877,0
,16.724463259744745,43.25271481342255,0
,16.723493117416087,43.2533845450086,0
,16.722253491107242,43.25427094305491,0
,16.721732488745555,43.254678025210936,0
,16.721121658390473,43.25509167040085,0
,16.72098691640038,43.25511136772027,0
,16.720942002403685,43.25490782844358,0
,16.720959968002365,43.25471085429765,0
,16.720672518423502,43.25419215264363,0
,16.720663535624162,43.25390981949348,0
,16.72054675923275,43.25373910578639,0
,16.720438965640675,43.25324009372529,0
,16.720304223650583,43.253075944120866,0
,16.72010660206512,43.252938058108754,0
,16.72006168806842,43.25272794548574,0
,16.719208322131173,43.251815260306145,0
,16.71827411099987,43.250718706657445,0
,16.717887850628276,43.250232802275924,0
,16.7177800570362,43.25016713922223,0
,16.717654297845453,43.250173705530806,0
,16.717609383848753,43.250265633776046,0
,16.71829207659855,43.25052828513531,0
,16.719181373733157,43.2506858754033,0
,16.72019643005851,43.25096822360644,0
,16.721454021966032,43.25128340143887,0
,16.722316370702618,43.25148695291595,0
,16.72360091100816,43.251782429647335,0
,16.724804606119644,43.25215013200792,0
,16.72564000645821,43.25246530368029,0
,16.72628676801065,43.25262288890044,0
,16.72724792753997,43.252990586150446,0
,16.727499445921474,43.25306281213326,0
,16.72767011910892,43.25323352774966,0
,16.72767011910892,43.25342394075324,0
,16.727463514724118,43.253686578394934,0
,16.72721199634261,43.25374567170714,0
,16.726807770372336,43.25312190605501,0
,16.7264574411981,43.2528264358687,0
,16.726268802411973,43.25246530368029,0
,16.7255232300668,43.25159201147475,0
,16.72484952011634,43.25057424900588,0
,16.724166827366545,43.24939887619683,0
,16.723484134616747,43.24842704232017,0
,16.72275652787025,43.24754055861054,0
,16.72201095552508,43.24668032866286,0
,16.72119352078519,43.245839786819566,0
,16.72042998284134,43.24494669831194,0
,16.71938797811796,43.24379748413962,0
,16.71858850897675,43.24299630477131,0
,16.717223123477158,43.2415580955132,0
,16.716333826342552,43.240513894763694,0
,16.71544452920795,43.23958132288287,0
,16.714896578448244,43.23913473407476,0
,16.71477081925749,43.23914786908677,0
,16.714680991264096,43.23931862398325,0
,16.71543554640861,43.239476243459904,0
,16.71610925635907,43.2395222157299,0
,16.71689974270094,43.23959445779789,0
,16.71818428300648,43.23975207655591,0
,16.71908256294042,43.2398834252072,0
,16.7197383072922,43.23999507133659,0
,16.72129233157792,43.24023806514123,0
,16.722540940686102,43.24049419268951,0
,16.723511083014763,43.2407831558011,0
,16.724759692122944,43.241078684828445,0
,16.72551424726746,43.241256001551854,0
,16.7267538735763,43.241571229999025,0
,16.728011465483824,43.241866755176396,0
,16.729260074592005,43.242122875828954,0
,16.730032595335196,43.24226078650041,0
,16.73078715047971,43.24236586108665,0
,16.731038668861213,43.24243809975883,0
,16.73119137644998,43.24259571110777,0
,16.731146462453285,43.24279272471645,0
,16.730867995673762,43.243127646378596,0
,16.730742236483014,43.24314734759506,0
,16.73063444289094,43.243081676848476,0
,16.730562580496223,43.24280585893422,0
,16.72983497374973,43.24201780082064,0
,16.729116349802574,43.24147272128574,0
,16.728218069868632,43.24075688648435,0
,16.727301824336006,43.24004104321233,0
,16.726205922816593,43.239193841606316,0
,16.724840537317004,43.238215276148075,0
,16.72371768739957,43.23743372592337,0
,16.720717432420198,43.23541741107595,0
,16.71974729009154,43.23478688840723,0
,16.718579526177415,43.23417606330612,0
,16.717564469852057,43.233532391473354,0
,16.716468568332644,43.23277705355,0
,16.715552322800022,43.23207425240579,0
,16.714761836458152,43.231410853182716,0
,16.713890504922226,43.23059637290386,0
,16.712812569001493,43.22942718043781,0
,16.712084962255,43.22868492855487,0
,16.711303458712468,43.22782443046449,0
,16.711069905929644,43.22744344266952,0
,16.710872284344173,43.22708872773895,0
,16.710692628357386,43.22694421365267,0
,16.710441109975882,43.22656978918766,0
,16.710342299183147,43.22650410044619,0
,16.7101716259957,43.22576181271298,0
,16.710126711999,43.22558445057971,0
,16.710800421949457,43.225702692059656,0
,16.711033974732285,43.22581436435636,0
,16.711168716722376,43.225985156882224,0
,16.711159733923036,43.22617565566943,0
,16.71099804353493,43.22633330938469,0
,16.710881267143513,43.22638586053189,0
,16.7107644907521,43.2263398782806,0
,16.71073754235408,43.22607055296444,0
,16.708491842519223,43.22341664917751,0
,16.707701356177353,43.22243125923801,0
,16.70663240305596,43.22124220068802,0
,16.705886830710785,43.22036845769546,0
,16.704952619579487,43.21946185389083,0
,16.70403637404686,43.21840413229217,0
,16.70308419731688,43.21739895116317,0
,16.70229371097501,43.21655143253791,0
,16.70150322463314,43.21573675228879,0
,16.70073070388995,43.21486949997795,0
,16.700353426317694,43.21458698328522,0
,16.699527008778464,43.213660582091215,0
,16.698520935252446,43.21255019602755,0
,16.697874173700008,43.21189972372789,0
,16.697281308943605,43.21136094340122,0
,16.69676928938126,43.21088786403999,0
,16.69595185464137,43.21006653692666,0
,16.69540390388166,43.20956059388048,0
,16.69528712749025,43.20959344745336,0
,16.695332041486946,43.20979056851638,0
,16.695197299496858,43.21004682493906,0
,16.695008660710727,43.21018480871753,0
,16.695053574707426,43.21027022708951,0
,16.694272071164892,43.21110469253933,0
,16.693751068803206,43.211452930625626,0
,16.69370615480651,43.211650045635935,0
,16.693265997638875,43.21212311904283,0
,16.69221501011616,43.213056114096524,0
,16.69127181618552,43.213943103106416,0
,16.69047234704431,43.214619834131156,0
,16.68953813591301,43.215493660091006,0
,16.688963236755285,43.215946993402504,0
,16.688127836416715,43.21678138062452,0
,16.687148711288717,43.217628896030895,0
,16.686439070140903,43.2182136090463,0
,16.685927050578552,43.218535527284814,0
,16.685109615838666,43.219047965031294,0
,16.684849114657823,43.219297612618554,0
,16.68426523270076,43.21969836054011,0
,16.683744230339073,43.220171371066776,0
,16.683214245178046,43.22053269606253,0
,16.68196563606986,43.22139329782126,0
,16.6814266681095,43.22172833794532,0
,16.680492456978197,43.22229987270076,0
,16.679836712626415,43.222812278583376,0
,16.67961214264293,43.22291738694628,0
,16.678624034715593,43.22369255548599,0
,16.678390481932766,43.22385021566907,0
,16.677564064393536,43.2244808522948,0
,16.675992074509136,43.22539394993176,0
,16.6747075342036,43.226182224582416,0
,16.67401585865446,43.22662234012951,0
,16.672587593559488,43.22749599285278,0
,16.67164439962885,43.22801492346261,0
,16.670314945326613,43.228829438484674,0
,16.669281923402576,43.22942718043781,0
,16.668042297093734,43.23016942321712,0
,16.667395535541296,43.23053068853275,0
,16.666075064038395,43.23135173804756,0
,16.66460188494673,43.232199049466665,0
,16.663281413443833,43.23298066730979,0
,16.662562789496675,43.233427301544324,0
,16.66138604278321,43.2341694952608,0
,16.66045183165191,43.23483286424058,0
,16.65996676048758,43.235187533780724,0
,16.659526603319947,43.23556847282297,0
,16.65914034294835,43.23583118800647,0
,16.658736116978076,43.23634347933326,0
,16.658349856606478,43.236606191151616,0
,16.65802647583026,43.23713817908996,0
,16.65786478544215,43.237289236540754,0
,16.65772106065272,43.23755194425251,0
,16.657451576672536,43.23774897428771,0
,16.656858711916133,43.23861589881971,0
,16.65614008796898,43.239469675989895,0
,16.655726879199364,43.2399885039229,0
,16.654891478860797,43.24089480027,0
,16.654092009719587,43.24197839764545,0
,16.653337454575073,43.24279272471645,0
,16.652996108200178,43.24323928652054,0
,16.652573916631223,43.243744948112706,0
,16.65237629504575,43.24388285508601,0
,16.652340363848396,43.24417180201059,0
,16.652295449851696,43.244257172428675,0
,16.65242120904245,43.24427687327731,0
,16.65245714023981,43.244487015263154,0
,16.65237629504575,43.244664321995856,0
,16.65245714023981,43.24495326518735,0
,16.651720550693973,43.24573471826785,0
,16.65099294394748,43.246542428067734,0
,16.650094664013537,43.24737639353467,0
,16.64942993686242,43.24812498266375,0
,16.648522674129133,43.24884073027124,0
,16.647265082221615,43.24976002669789,0
,16.646294939892954,43.25046262240243,0
,16.645333780363636,43.25117834234392,0
,16.644731932807893,43.25162484223693,0
,16.644615156416478,43.25168393756397,0
,16.644498380025066,43.25163140838723,0
,16.6442558444429,43.251289967626235,0
,16.644157033650167,43.25122430572041,0
,16.64439956923233,43.25144755590933,0
,16.644363638034974,43.25165110683384,0
,16.64413008525215,43.25172990055615,0
,16.644049240058095,43.25164454068569,0
,16.644040257258755,43.251434423568085,0
,16.643141977324813,43.25042322472847,0
,16.642234714591527,43.24959586764659,0
,16.641641849835125,43.249175618444745,0
,16.64076153549986,43.248394209821896,0
,16.64055493111505,43.24824974661775,0
,16.63965665118111,43.247363260309356,0
,16.638758371247167,43.24656212817201,0
,16.637806194517186,43.24574785184677,0
,16.636827069389184,43.24506490195984,0
,16.635856927060527,43.244375377424056,0
,16.634599335153005,43.24338376169249,0
,16.633754952015096,43.242661382381954,0
,16.632703964492386,43.24184048633021,0
,16.631536200578257,43.24092106952686,0
,16.631078077811946,43.24046792324727,0
,16.6302247118747,43.23971923934851,0
,16.628508997200868,43.23812989720298,0
,16.62752088927353,43.23723012714839,0
,16.62631719416204,43.23610046988567,0
,16.62540094862942,43.23520066964967,0
,16.624547582692173,43.23436653631111,0
,16.624026580330487,43.2339133409361,0
,16.623083386399845,43.23302007634541,0
,16.622131209669867,43.23215307163208,0
,16.621053273749133,43.23125978105586,0
,16.61884350511163,43.22933522052158,0
,16.618196743559192,43.228829438484674,0
,16.617064910842423,43.22781786172972,0
,16.61631933849725,43.22725294787265,0
,16.615448006961323,43.226438411633424,0
,16.61518750578048,43.22615594892614,0
,16.615052763790388,43.226136242176445,0
,16.614962935796992,43.22641213608836,0
,16.614486847432005,43.22687195648016,0
,16.61436108824125,43.22688509415431,0
,16.613570601899383,43.2276930556337,0
,16.612842995152885,43.2284878690036,0
,16.612411820784594,43.228757183562905,0
,16.612277078794502,43.22876375219573,0
,16.612079457209035,43.22903306552734,0
,16.611567437646688,43.229354926229675,0
,16.610750002906798,43.23013001232496,0
,16.609914602568228,43.23087881488732,0
,16.609474445400597,43.231266349417055,0
,16.60881870104882,43.231850930707104,0
,16.608234819091756,43.23231727802377,0
,16.60812702549968,43.23236982397501,0
,16.607920421114873,43.23200200135816,0
,16.60764195433535,43.23178524769769,0
,16.6075161951446,43.231496241609335,0
,16.60571963527671,43.230070895938574,0
,16.604560854161925,43.22912502590268,0
,16.60306072667224,43.22804119831186,0
,16.60210854994226,43.227292360638444,0
,16.59953946933118,43.2255056227981,0
,16.599000501370814,43.22507863719691,0
,16.598147135433564,43.224303486407926,0
,16.59715902750623,43.22329840323172,0
,16.596117022782853,43.22243125923801,0
,16.59515586325353,43.22153125574398,0
,16.59427554891827,43.220729781514855,0
,16.59405097893478,43.22046700076916,0
,16.5928023698266,43.219494702091815,0
,16.591940021090014,43.21874575867989,0
,16.591230379942196,43.217950817378515,0
,16.590628532386454,43.21720185486716,0
,16.589864994442603,43.21617037378594,0
,16.589388906077613,43.21551337030556,0
,16.58910145649875,43.21513887513172,0
,16.58846367774565,43.214678965608954,0
,16.588239107762163,43.214468720092206,0
,16.58798758938066,43.214495000821735,0
,16.587385741824917,43.214343886471234,0
,16.586999481453322,43.21433074607509,0
,16.5867210146738,43.21414021001079,0
,16.586038321924,43.21327950514533,0
,16.584726833220444,43.21186687140621,0
,16.58406210606933,43.21102584590212,0
,16.583145860536703,43.21005996626485,0
,16.58246316778691,43.20916634961569,0
,16.582031993418614,43.208200440320226,0
,16.581717595441734,43.20710966708474,0
,16.58143014586287,43.20626857551297,0
,16.581259472675423,43.20601230310311,0
,16.581160661882688,43.2059400209453,0
,16.581034902691936,43.2059400209453,0
,16.58096304029722,43.20601887420409,0
,16.580891177902505,43.2057494584794,0
,16.580936091899204,43.205572037713566,0
,16.581034902691936,43.205841454227446,0
,16.581241507076744,43.2059400209453,0
,16.5806845735177,43.20571660282122,0
,16.580738470313733,43.205795456370886,0
,16.58045102073487,43.2056377491689,0
,16.58045102073487,43.205545753111466,0
,16.580567797126285,43.20549975503031,0
,16.580693556317037,43.205512897342786,0
,16.580639659521,43.205598322304255,0
,16.58064864232034,43.20577574299309,0
,16.58054084872827,43.205828311986295,0
,16.58048695193223,43.20565089145142,0
,16.580612711122985,43.20567060486983,0

,16.58048695193223,43.20546689923669,0
,16.580567797126285,43.20539461642799,0
,16.5806845735177,43.20542090109569,0
,16.58081033270845,43.20558518001032,0
,16.580900160701844,43.20575602960889,0
,16.581070833889296,43.20613058281164,0
,16.581205575879384,43.206518275792426,0
,16.581573870652303,43.20702424425487,0
,16.58164573304702,43.20720823173869,0
,16.5822116494054,43.20835157000213,0
,16.58256197857964,43.20877210278439,0
,16.58292129055322,43.20921234491215,0
,16.583478224112262,43.20986941676194,0
,16.583900415681217,43.2104213516063,0
,16.584430400842244,43.21130180868317,0
,16.584879540809215,43.21220853468074,0
,16.585068179595343,43.21252391445393,0
,16.585517319562317,43.2134240518554,0
,16.58595747672995,43.214534421894626,0
,16.586038321924,43.214718386562076,0
,16.586146115516076,43.215283417403114,0
,16.585894597134573,43.21659742222509,0
,16.58571494114778,43.21763546587143,0
,16.585526302361657,43.218732619239084,0
,16.58495140320393,43.221734907340995,0
,16.58481666121384,43.22285169424086,0
,16.58498733440129,43.223843646502964,0
,16.585032248397987,43.224375746646786,0
,16.58493343760525,43.22467135581662,0
,16.584089054467345,43.225781519584615,0
,16.583747708092446,43.22620193131716,0
,16.583289585326135,43.22720696628012,0
,16.58274163456643,43.228343358258186,0
,16.582148769810026,43.22927610335881,0
,16.581537939454947,43.23018256017549,0
,16.581358283468155,43.23053725697306,0
,16.58128642107344,43.23070803617117,0
,16.581187610280708,43.230760583519775,0
,16.580549831527605,43.23074087826939,0
,16.579930018373187,43.23105616150552,0
,16.579786293583755,43.23151594661377,0
,16.57980425918243,43.23189034047852,0
,16.579597654797624,43.23212023030025,0
,16.579292239620084,43.232639121258934,0
,16.579274274021405,43.232921553708145,0
,16.57894191044585,43.2333287795701,0
,16.57871734046236,43.23378854741074,0
,16.578367011288123,43.23443221651861,0
,16.578151424103975,43.23497735948936,0
,16.57763042174229,43.23589686662412,0
,16.577208230173333,43.23682949530032,0
,16.576714176209666,43.23785405671079,0
,16.576103345854584,43.23948937839775,0
,16.575654205887613,43.24052702947624,0
,16.575303876713374,43.241597498962165,0
,16.57504337553253,43.24248406977803,0
,16.57474694315433,43.24356107165917,0
,16.574306785986696,43.24468402271183,0
,16.573713921230294,43.24598425578022,0
,16.573543248042846,43.246457060875066,0
,16.57278869289833,43.24779665523911,0
,16.572366501329377,43.24874223339669,0
,16.571773636572974,43.249530203901294,0
,16.57101908142846,43.250298465258325,0
,16.57040825107338,43.25117834234392,0
,16.56980640351764,43.25165110683384,0
,16.56929438395529,43.252261755496406,0
,16.568414069620026,43.25316130197077,0
,16.567884084459,43.25375223762712,0
,16.56708461531779,43.25478964403303,0
,16.566348025771955,43.255813901250086,0
,16.565970748199696,43.256516426617075,0
,16.565548556630745,43.25699571494018,0
,16.565063485466418,43.25778357789999,0
,16.564928743476322,43.25805276205807,0
,16.564776035887554,43.25820376728053,0
,16.564407741114636,43.25779014338151,0
,16.563491495582014,43.257113895038664,0
,16.562224920875153,43.25601743747668,0
,16.561254778546495,43.25530177481042,0
,16.56045530940528,43.25454014285212,0
,16.559422287481247,43.25362748502502,0
,16.55858688714268,43.2528723979925,0
,16.55775148680411,43.25195971499318,0
,16.556925069264885,43.25110611411026,0
,16.55569442575538,43.24991761896789,0
,16.555083595400298,43.24930038023135,0
,16.55331398393043,43.24771128981674,0
,16.552460617993184,43.24698239553453,0
,16.551625217654614,43.24620095857415,0
,16.55073592052001,43.24537354372914,0
,16.549720864194654,43.24444761369642,0
,16.548885463856084,43.24365957697165,0
,16.547960235524123,43.242812426042036,0
,16.5473853363664,43.24236586108665,0
,16.5464511252351,43.24134794335196,0
,16.545624707695872,43.24054673153973,0
,16.54387306182468,43.238727547288285,0
,16.543145455078186,43.2379985447445,0
,16.542444796729708,43.23716444997807,0
,16.541753121180573,43.23633034371241,0
,16.540953652039363,43.23545681852458,0
,16.540621288463804,43.23514155821688,0
,16.540504512072392,43.235161262034225,0
,16.5403697700823,43.23543711480345,0
,16.54021706249353,43.23559474439266,0
,16.539740974128538,43.23628436901692,0
,16.53913014377346,43.23701995995235,0
,16.538555244615733,43.23780151552205,0
,16.53792644866197,43.23870127707891,0
,16.537207824714816,43.23978491374547,0
,16.53673173634983,43.24075688648435,0
,16.53632751037955,43.24165660408746,0
,16.536111923195406,43.242411831160744,0
,16.535779559619847,43.24335092645645,0
,16.53555498963636,43.24410613237619,0
,16.535294488455516,43.2450452013679,0
,16.535069918472033,43.24572158468603,0
,16.534971107679297,43.24589232102702,0
,16.535033987274673,43.246168124867395,0
,16.53478246889317,43.24723192789929,0
,16.534504002113646,43.24816438183492,0
,16.534153672939407,43.24941200898012,0
,16.53382130936385,43.250639911617554,0
,16.533444031791593,43.251815260306145,0
,16.533138616614053,43.252806737804924,0
,16.532788287439814,43.253785067216484,0
,16.53238406146954,43.25490126264907,0
,16.53201576669662,43.25582046694552,0
,16.53170136871974,43.256667435676775,0
,16.531153417960038,43.257770446934785,0
,16.531054607167302,43.25815124376767,0
,16.53093783077589,43.25820376728053,0
,16.53077614038778,43.25805276205807,0
,16.530174292832037,43.25786236363129,0
,16.529545496878278,43.25752095805414,0
,16.528835855730463,43.2572649026061,0
,16.52773097141171,43.25665430446917,0
,16.52548527157685,43.255557838572464,0
,16.524919355218465,43.255288643306216,0
,16.5214879258708,43.25383759452237,0
,16.52131725268335,43.253680012467804,0
,16.520814215920343,43.25356839159734,0
,16.519502727216786,43.25295775612975,0
,16.516762973418256,43.251749598970704,0
,16.51555029550743,43.25125713668225,0
,16.512765627712206,43.25008834346366,0
,16.51143617340997,43.24953677027905,0
,16.509783338331513,43.24878163216576,0
,16.508615574417387,43.24820378098043,0
,16.507528655697314,43.247645624025246,0
,16.506962739338928,43.24735012708117,0
,16.505723113030086,43.246831362287274,0
,16.504339761931814,43.24631915977088,0
,16.502103044896295,43.24541294469271,0
,16.501492214541212,43.24518310537672,0
,16.500638848603966,43.244802226873055,0
,16.499345325499085,43.24402076174491,0
,16.498375183170428,43.24333122530624,0
,16.49734216124639,43.24253003976231,0
,16.496614554499896,43.241945561646524,0
,16.495985758546137,43.24145301952385,0
,16.49586898215472,43.241446452268455,0
,16.495797119760006,43.241525259286114,0
,16.495994741345477,43.241998099236255,0
,16.49608456933887,43.24287809708094,0
,16.496048638141513,43.2439091230453,0
,16.495940844549438,43.244933564559034,0
,16.49590491335208,43.245222506464344,0
,16.495797119760006,43.245268474367485,0
,16.495689326167934,43.245222506464344,0
,16.495563566977182,43.24525534068444,0
,16.49429699227032,43.24469058961574,0
,16.493156176754212,43.2440470296443,0
,16.492590260395826,43.243744948112706,0
,16.49144944487972,43.243232719459066,0
,16.489652885011832,43.24248406977803,0
,16.488296482311576,43.24184048633021,0
,16.48713770119679,43.24119689603514,0
,16.486077730874737,43.240645241760916,0
,16.484927932559287,43.24003447580365,0
,16.483706271849123,43.23944340610279,0
,16.483077475895364,43.23908876151032,0
,16.481927677579915,43.238569925860986,0
,16.478038125465936,43.236593055587804,0
,16.476960189545206,43.23602822364549,0
,16.47597208161787,43.23541084316533,0
,16.474561782121576,43.23443221651861,0
,16.47369943338499,43.23396588550137,0
,16.471956770313138,43.2330594853554,0
,16.470699178405617,43.232382960455695,0
,16.4693966725014,43.23179838430529,0
,16.468606186159526,43.23127948613727,0
,16.4674833362421,43.23058980446995,0
,16.466495228314763,43.229939525984314,0
,16.465596948380817,43.229348357661024,0
,16.464375287670652,43.22850100632697,0
,16.46335124854596,43.22777844930616,0
,16.462264329825885,43.22708215892431,0
,16.461285204697887,43.226444980517904,0
,16.460449804359317,43.2258669159541,0
,16.460333027967906,43.22582750226009,0
,16.460225234375834,43.22589319173588,0
,16.46027913117187,43.226182224582416,0
,16.460180320379134,43.22637272274936,0
,16.460027612790366,43.226530375951334,0
,16.460081509586402,43.22681283691121,0
,16.45983897400424,43.22775874308474,0
,16.459641352418767,43.22835649561294,0
,16.459300006043872,43.229315514807084,0
,16.45911136725774,43.23035334037456,0
,16.458985608066993,43.230918225291845,0
,16.458761038083505,43.23139771649102,0
,16.45838376051125,43.232665394100536,0
,16.457763947356828,43.2346292567134,0
,16.45739565258391,43.23574580569695,0
,16.456973461014954,43.23704623089177,0
,16.456659063038074,43.238136464818425,0
,16.45640754465657,43.23908876151032,0
,16.45630873386384,43.23957475542427,0
,16.456120095077708,43.240172391236214,0
,16.4559584046896,43.240454788521895,0
,16.455670955110737,43.241538393779095,0
,16.45529367753848,43.242700785112255,0
,16.455042159156978,43.2436792780149,0
,16.454880468768867,43.24448044833714,0
,16.454727761180095,43.245038634502485,0
,16.45451217399595,43.24602365634595,0
,16.45435946640718,43.24652272795705,0
,16.454143879223036,43.24750772563102,0
,16.453856429644173,43.24828257919445,0
,16.453407289677198,43.24994388430631,0
,16.453128822897675,43.250902561351275,0
,16.452814424920795,43.25184809094714,0
,16.452509009743256,43.25291179407081,0
,16.452383250552504,43.25348960027062,0
,16.452356302154485,43.253680012467804,0
,16.45209580097364,43.25487499946382,0
,16.45197004178289,43.25555127284855,0
,16.451898179388174,43.2557416785534,0
,16.451907162187513,43.256437639131846,0
,16.451763437398082,43.25689723134832,0
,16.451413108223843,43.2566346076524,0
,16.450919054260176,43.25649016413339,0
,16.45068550147735,43.25643107350343,0
,16.449796204342746,43.25560379862011,0
,16.44891589000748,43.25481590725533,0
,16.44802659287288,43.25411336212969,0
,16.447065433343557,43.25328605553469,0
,16.44606834261688,43.25247843579765,0
,16.445511409057833,43.25203194220728,0
,16.444729905515302,43.25123743810728,0
,16.443930436374092,43.25055455020849,0
,16.442367429289032,43.249070555687986,0
,16.441567960147818,43.248295712220134,0
,16.440813405003308,43.24753399201606,0
,16.439915125069366,43.24656212817201,0
,16.438989896737404,43.2456690503303,0
,16.43789399521799,43.24457895215239,0
,16.436789110899237,43.243547937605406,0
,16.435917779363315,43.24276645627237,0
,16.434920688636637,43.24191929283455,0
,16.43404935710071,43.24111808858968,0
,16.43324090516016,43.24034314324093,0
,16.432576178009043,43.239476243459904,0
,16.431938399255944,43.238550223153695,0
,16.431309603302182,43.23761762100219,0
,16.43067182454908,43.236698140018554,0
,16.429324404648163,43.234412512463855,0
,16.428866281881856,43.23369659412208,0
,16.42862374629969,43.23324339372934,0
,16.42797698474725,43.23216620815981,0
,16.42766258677037,43.23160790321619,0
,16.4275098791816,43.231338601343026,0
,16.42688108322784,43.230425593390635,0
,16.426252287274078,43.22953227731377,0
,16.425892975300503,43.22896081084869,0
,16.42508452335995,43.22777188056639,0
,16.423000513913202,43.22455311232192,0
,16.42252442554821,43.223817369831444,0
,16.42207528558124,43.222562645490086,0
,16.421805801601057,43.2215969498824,0
,16.421500386423514,43.220447292167265,0
,16.4211320916506,43.21950784136722,0
,16.420682951683627,43.21859465493848,0
,16.419596032963554,43.21724784406028,0
,16.419039099404507,43.21657771236343,0
,16.41818573346726,43.215901003221255,0
,16.417215591138604,43.21521771641345,0
,16.41647900159277,43.214751237336735,0
,16.415275306481284,43.21383797916172,0
,16.414332112550643,43.21310210643865,0
,16.413335021823965,43.21239907682346,0
,16.41277808826492,43.21198513968094,0
,16.412230137505215,43.21155805871096,0
,16.411763031939564,43.21061846997447,0
,16.411206098380518,43.20969200806507,0
,16.41025392165054,43.20846327430722,0
,16.409822747282245,43.20792446340625,0
,16.409346658917258,43.20753020849045,0
,16.40866396616746,43.20649199160096,0
,16.407990256217,43.20566403373108,0
,16.407595013046066,43.20526976410069,0
,16.407352477463903,43.20504634350422,0
,16.40686740629957,43.204356362930305,0
,16.406418266332597,43.20384380084448,0
,16.406175730750434,43.20351523312353,0
,16.40560083159271,43.202963235340064,0
,16.404900173244233,43.202122086187686,0
,16.40419053209642,43.20130064019568,0
,16.403579701741336,43.20043318113574,0
,16.40257362821532,43.198790232208104,0
,16.401989746258256,43.19798188498199,0
,16.4015675546893,43.19758099333242,0
,16.401334001906477,43.19748241301226,0
,16.400938758735542,43.197462696928966,0
,16.40044470477187,43.19735097233584,0
,16.39982489161745,43.19743640880794,0
,16.399708115226037,43.197390404568694,0
,16.399384734449818,43.19641116319083,0
,16.39856729970993,43.194465777662884,0
,16.398172056538996,43.19367051762038,0
,16.397875624160793,43.192914682286116,0
,16.39776783056872,43.19263206317421,0
,16.397785796167398,43.19254004736496,0
,16.39773189937136,43.19236258790964,0
,16.39795646935485,43.19227714428286,0
,16.398333746927104,43.192763514087915,0
,16.398459506117856,43.19275036900938,0
,16.398441540519176,43.19257291017002,0
,16.398333746927104,43.19254004736496,0
,16.398450523318516,43.19251375710807,0
,16.398441540519176,43.19260577295724,0
,16.398342729726444,43.192664925929385,0
,16.398234936134372,43.1932630249593,0
,16.39836967812446,43.19421602769941,0
,16.398666110502663,43.19482068373487,0
,16.399330837653782,43.195622500910474,0
,16.39986980561415,43.196444023896404,0
,16.400076409998956,43.1969500765115,0
,16.400363859577816,43.197396976605006,0
,16.40068724035404,43.19786358936128,0
,16.400705205952715,43.198185615787295,0
,16.400624360758663,43.1983893459075,0
,16.399627270031985,43.199131969255106,0
,16.39904338807492,43.199743148013155,0
,16.39839662652248,43.20066976211126,0
,16.39804629734824,43.20095891538218,0
,16.397678002575326,43.200952343732254,0
,16.396887516233456,43.20088662719385,0
,16.39635753107243,43.200899770507235,0
,16.39599821909885,43.20117577942963,0
,16.395755683516686,43.201208637550906,0
,16.395486199536503,43.20166207780453,0
,16.39451605720784,43.20237180356139,0
,16.393087792112873,43.20337066276168,0
,16.392539841353166,43.20384380084448,0
,16.3913630946397,43.20457321481477,0
,16.389368913186345,43.205946592054126,0
,16.388326908462968,43.206669409671996,0
,16.387293886538934,43.207517066615715,0
,16.38643153780235,43.208259578066745,0
,16.385245808289543,43.209245198673976,0
,16.38481463392125,43.20966572525097,0
,16.3836648356058,43.21057904635215,0
,16.383557042013727,43.2106250405757,0
,16.383449248421655,43.21080901712046,0
,16.383098919247416,43.210973281420266,0
,16.38291926326063,43.211242673907385,0
,16.382694693277145,43.21136751392188,0
,16.381670654152447,43.21222824596469,0
,16.380871185011237,43.21293127756326,0
,16.380583735432374,43.2135226062326,0
,16.380395096646247,43.215086314220216,0
,16.38035018264955,43.21536225849663,0
,16.38000883627465,43.21577617255322,0
,16.37938004032089,43.216117813769856,0
,16.3782212592061,43.217136155959246,0
,16.377430772864233,43.21789825890805,0
,16.376757062913775,43.218614364143505,0
,16.376137249759353,43.21948156281357,0
,16.375328797818803,43.22043415309575,0
,16.374628139470325,43.22132760346185,0
,16.37411611990798,43.22195826636927,0
,16.372642940816313,43.22362029443152,0
,16.37251718162556,43.22380423149141,0
,16.372409388033486,43.22386335399911,0
,16.372274646043394,43.223837077336135,0
,16.37219380084934,43.22364000200038,0
,16.371951265267175,43.22342321838994,0
,16.371762626481047,43.222812278583376,0
,16.371618901691615,43.22177432369999,0
,16.371448228504168,43.22050641795374,0
,16.37124162411936,43.219435575317206,0
,16.37108891653059,43.21845669032345,0
,16.3708643465471,43.21668940149467,0
,16.370675707760974,43.21569733199867,0
,16.37042418937947,43.214646114795094,0
,16.370019963409195,43.21295098861193,0
,16.36977742782703,43.21177488481061,0
,16.36964268583694,43.21119668015299,0
,16.369409133054113,43.21013881415963,0
,16.369247442666005,43.20906778814847,0
,16.369031855481857,43.20801645585062,0
,16.368456956324135,43.205946592054126,0
,16.368277300337347,43.20525662173547,0
,16.36816950674527,43.20456007229843,0
,16.367819177571032,43.20318666362031,0
,16.367468848396793,43.19073913839848,0
,16.367666469982264,43.190601110320586,0
,16.368708474705638,43.189733498060704,0
,16.369346253458737,43.18922738517281,0
,16.369858273021084,43.18866868421943,0
,16.37029843018872,43.18818885458351,0
,16.370810449751065,43.187755032738536,0
,16.371511108099543,43.18703856258929,0
,16.37201414486255,43.18670990372374,0
,16.37313699477998,43.18623663182639,0
,16.37472695026306,43.18556615697891,0
,16.37510422783532,43.18542811711903,0
,16.375706075391058,43.18517175654519,0
,16.377224168479422,43.18450784335222,0
,16.37761042885102,43.18433036037568,0
,16.379272246728817,43.18360070267885,0
,16.381823361741215,43.182450323605096,0
,16.382991125655344,43.18193757618387,0
,16.38451820154305,43.181352512931085,0
,16.385856638644626,43.180892346854954,0
,16.387293886538934,43.18034671683822,0
,16.390141433929536,43.17928173808005,0
,16.391309197843665,43.17886757462153,0
,16.392243408974963,43.17855201961117,0
,16.393887261254083,43.17801951680674,0
,16.39519874995764,43.17760534472521,0
,16.395863477108758,43.17742784153842,0
,16.398019348950225,43.17680986342653,0
,16.39934880325246,43.17639568308132,0
,16.40015725519301,43.17611956127925,0
,16.40276226700145,43.17537008147763,0
,16.403939013714915,43.17501506149589,0
,16.40736146026324,43.17403545854285,0
,16.40861905217076,43.17369357996125,0
,16.409876644078285,43.17331225157696,0
,16.4115204963574,43.17284544977292,0
,16.413559591807452,43.17227344829659,0
,16.41682034796767,43.17133325023872,0
,16.4182396302633,43.17091903248247,0
,16.419919413739773,43.17044563729653,0
,16.422578322344247,43.169610611779774,0
,16.423880828248464,43.169235832809534,0
,16.42510248895863,43.16893337791671,0
,16.425803147307107,43.16878214990462,0
,16.426458891658886,43.16852571893534,0
,16.4278512255565,43.16772354326107,0
,16.4284440903129,43.167394779673515,0
,16.429719647819102,43.16717779472946,0
,16.43000709739796,43.16715149347134,0
,16.430456237364936,43.16715806878694,0
,16.432091106844712,43.166605739792104,0
,16.433195991163462,43.16632957340843,0
,16.433941563508636,43.16633614881314,0
,16.43466917025513,43.16647423214717,0
,16.436097435350103,43.166947658334394,0
,16.437247233665552,43.1674934089369,0
,16.437813150023935,43.16790107485735,0
,16.43851380837241,43.168703248183405,0
,16.43913362152683,43.16956458641694,0
,16.439852245473986,43.1705113868489,0
,16.440238505845585,43.170997931320855,0
,16.44049002422709,43.17120832772131,0
,16.440534938223784,43.171300375917,0
,16.440499007026425,43.17139242397293,0
,16.440373247835677,43.17143187309697,0
,16.44024748864492,43.1714055736838,0
,16.43981631427663,43.17082040879017,0
,16.438989896737404,43.17006428848699,0
,16.438792275151933,43.16981443796665,0
,16.438289238388926,43.169761837725964,0
,16.438001788810062,43.16959088662856,0
,16.437498752047055,43.16959746167967,0
,16.43740892405366,43.16965663710765,0
,16.437974840412043,43.1694528103904,0
,16.43776823602724,43.16967636223751,0
,16.437633494037147,43.16966978719492,0
,16.43753468324441,43.16959746167967,0
,16.437606545639127,43.169321308918924,0
,16.438450928777037,43.168387640271995,0
,16.43982529707597,43.167125192201866,0
,16.43995105626672,43.166954233672065,0
,16.440040884260114,43.166283545555565,0
,16.439771400279934,43.16523804634703,0
,16.439717503483894,43.16493557151671,0
,16.440561886621804,43.164087318837474,0
,16.441469149355086,43.16331138739346,0
,16.442484205680444,43.16236447455676,0
,16.443427399611085,43.161595096992606,0
,16.444110092360884,43.16119396464888,0
,16.444882613104074,43.16089804564595,0
,16.44636477499508,43.16045745245584,0
,16.44859250923126,43.15995767123217,0
,16.45046093149386,43.15973408356223,0
,16.451583781411294,43.159727507441815,0
,16.45227545696043,43.15979326861387,0
,16.453452203673894,43.16018125807806,0
,16.454224724417088,43.160628429297624,0
,16.454431328801896,43.16086516566763,0
,16.454413363203216,43.1609769575212,0
,16.454179810420392,43.16106244527023,0
,16.453407289677198,43.16087174166471,0
,16.452050886976945,43.160746797598094,0
,16.45101786505291,43.160648157363745,0
,16.449670445151995,43.1607204935513,0
,16.448727251221353,43.16079940565751,0
,16.44793676487948,43.16100326145681,0
,16.446742052567338,43.16147673034738,0
,16.44496345829813,43.161910740250725,0
,16.44428076554833,43.16204883365966,0
,16.443409434012406,43.1623381712114,0
,16.442106928108185,43.16258147672079,0
,16.441343390164334,43.1628116296828,0
,16.44011274665483,43.16328508445872,0
,16.439510899099087,43.163534961878355,0
,16.438019754408742,43.16399525969358,0
,16.436878938892633,43.16456076365613,0
,16.43535186300493,43.164975024841006,0
,16.43456137666306,43.16506050695557,0
,16.433636148331097,43.164975024841006,0
,16.433285819156858,43.16480406025045,0
,16.433124128768746,43.164633095178,0
,16.432989386778655,43.163811140986674,0
,16.432710919999135,43.16317987260566,0
,16.431579087282365,43.16191731613444,0
,16.431381465696898,43.16180552601385,0
,16.430752669743136,43.16214747161643,0
,16.429629819825706,43.16315356961387,0
,16.428731539891764,43.16385717071579,0
,16.428228503128754,43.164212256023546,0
,16.426997859619252,43.16485666479116,0
,16.426288218471438,43.165192017665795,0
,16.425318076142776,43.165422160722585,0
,16.423072376307918,43.1657969632602,0
,16.42275797833104,43.16579038779704,0
,16.42221901037067,43.16556682162559,0
,16.421383610032102,43.164882967044434,0
,16.42061108928891,43.16404786493576,0
,16.419560101766198,43.16292999372323,0
,16.418805546621684,43.16196334730071,0
,16.417817438694346,43.16041799619313,0
,16.417134745944548,43.15962228941822,0
,16.416514932790125,43.15922114402918,0
,16.416245448809946,43.159023858438566,0
,16.415589704458164,43.15893836781672,0
,16.41550885926411,43.15885945328964,0
,16.41567953245156,43.15838596397142,0
,16.415922068033726,43.15830704872574,0
,16.416047827224475,43.15832020127382,0
,16.41599393042844,43.15824128594264,0
,16.416065792823154,43.158162370508784,0
,16.41599393042844,43.157984810407314,0
,16.416110706819854,43.15795192885002,0
,16.41616460361589,43.1580308445576,0
,16.416047827224475,43.15820182823853,0
,16.41597596482976,43.15812291275336,0
,16.41580529164231,43.15835965890092,0
,16.415068702096477,43.158550370403475,0
,16.41438600934668,43.15853721790531,0
,16.413640437001508,43.15836623516961,0
,16.41250860428474,43.15833335381903,0
,16.41134982316995,43.15861613285156,0
,16.410765941212887,43.15883314842447,0
,16.410514422831383,43.159063315608016,0
,16.410397646439968,43.1591027727518,0
,16.410298835647236,43.159043587026495,0
,16.41021799045318,43.15910934893993,0
,16.4105413712294,43.15897782504176,0
,16.410424594837988,43.15893836781672,0
,16.410128162459788,43.15910934893993,0
,16.40980478168357,43.15972093132069,0
,16.409688005292153,43.159747235800914,0
,16.410047317265732,43.159254024898594,0
,16.41007426566375,43.15916853460108,0
,16.409948506473,43.15916195841936,0
,16.409813764482905,43.15941842897821,0

,16.41011019686111,43.159043587026495,0
,16.410002403269033,43.159096196562956,0
,16.410011386068373,43.15918826314196,0
,16.410298835647236,43.15903043463526,0
,16.410343749643935,43.15896467263628,0
,16.410307818446576,43.158866029504146,0
,16.410622216423455,43.15872135262022,0
,16.411394737166646,43.15861613285156,0
,16.412077429916444,43.1585635228988,0
,16.413137400238497,43.15853064165516,0
,16.414125508165835,43.15854379415474,0
,16.415275306481284,43.158688471462106,0
,16.416398156398714,43.15895809643245,0
,16.417134745944548,43.1594118528236,0
,16.417943197885098,43.16035223569828,0
,16.418473183046125,43.161305755896514,0
,16.41901215100649,43.162594628342134,0
,16.41929061778601,43.16304835753271,0
,16.41965891255893,43.16371908142361,0
,16.4201080525259,43.16422540729131,0
,16.420862607670415,43.16485666479116,0
,16.421509369222854,43.16523147082327,0
,16.42238070075878,43.16542873622566,0
,16.42290170312047,43.16548134022461,0
,16.424222174623367,43.165507642206975,0
,16.425533663326924,43.16570490671116,0
,16.427078704813304,43.165908746024805,0
,16.428246468727433,43.1660468303319,0
,16.42894712707591,43.16609285836442,0
,16.430555048157668,43.16646108136701,0
,16.432486350015648,43.16682930213404,0
,16.43338462994959,43.166973959680874,0
,16.434166133492123,43.16715149347134,0
,16.435414742600305,43.167394779673515,0
,16.43662742051113,43.167802446256914,0
,16.437660442435163,43.16823641089906,0
,16.43854973956977,43.168821600726744,0
,16.439034810734096,43.16927528333652,0
,16.439510899099087,43.1697158124779,0
,16.439879193872006,43.17022208828523,0
,16.440067832658134,43.170360162771864,0
,16.440391213434353,43.17078753419042,0
,16.44045409302973,43.171076830056585,0
,16.440328333838977,43.171241202092965,0
,16.440211557447565,43.171274076446785,0
,16.439960039066058,43.171076830056585,0
,16.439852245473986,43.17103080580655,0
,16.439726486283234,43.17077438434553,0
,16.439295311914943,43.17058371127419,0
,16.438837189148632,43.17022208828523,0
,16.438361100783638,43.16976841275853,0
,16.437678408033843,43.16947253558652,0
,16.437022663682065,43.169301583673615,0
,16.436483695721698,43.1692884335065,0
,16.436241160139534,43.1693607593903,0
,16.435917779363315,43.16965663710765,0
,16.435684226580488,43.16974211262392,0
,16.43544169099832,43.16968293727934,0
,16.43538779420229,43.16959746167967,0
,16.43544169099832,43.1695185610192,0
,16.435324914606912,43.169525136078164,0
,16.43533389740625,43.16961718682876,0
,16.435459656597004,43.16963033692457,0
,16.435567450189076,43.1693607593903,0
,16.435872865366616,43.169209532443965,0
,16.436196246142835,43.1693410341578,0
,16.436070486952087,43.16959746167967,0
,16.4358459169686,43.16970266240063,0
,16.435594398587092,43.16968951232049,0
,16.435513553393037,43.169610611779774,0
,16.435594398587092,43.16954486125075,0
,16.43548660499502,43.16959088662856,0
,16.43596269336001,43.16949883583804,0
,16.435926762162655,43.16958431157672,0
,16.43580998577124,43.16963033692457,0
,16.43590879656397,43.16968293727934,0
,16.43593574496199,43.16976841275853,0
,16.436043538554063,43.1695185610192,0
,16.43616929774482,43.16950541089914,0
,16.43628607413623,43.1693410341578,0
,16.436088452550763,43.16921610753642,0
,16.435414742600305,43.16919638225689,0
,16.43420206468948,43.16942651011891,0
,16.43377089032119,43.1695185610192,0
,16.432666006002435,43.16948568571371,0
,16.431534173285666,43.16931473383786,0
,16.428956109875248,43.16859147056929,0
,16.427545810378955,43.168137782843964,0
,16.426872100428497,43.16786819867502,0
,16.425264179346737,43.16729615024971,0
,16.423907776646484,43.16684902818347,0
,16.42255137394623,43.16625066849642,0
,16.421850715597753,43.165744359535005,0
,16.420862607670415,43.16458049044336,0
,16.42043143330212,43.16406101623919,0
,16.419712809354966,43.16294314526902,0
,16.41900316820715,43.161969923178745,0
,16.418248613062637,43.16101641342035,0
,16.41757490311218,43.16014837771121,0
,16.417179659941244,43.15955652806083,0
,16.416838313566345,43.1593395150756,0
,16.414008731774423,43.15870820015911,0
,16.413164348636517,43.15848460788411,0
,16.411987601923048,43.15810318386604,0
,16.410622216423455,43.15787301303978,0
,16.40942750411131,43.15749816153933,0
,16.408879553351607,43.15720222450825,0
,16.408241774598505,43.15678791023959,0
,16.407091976283056,43.15622891031392,0
,16.40673266430948,43.15609080365654,0
,16.40559184879337,43.15540026565403,0
,16.405079829231024,43.15507143527148,0
,16.404846276448197,43.154972785809186,0
,16.40429832568849,43.154676836460006,0
,16.403418011353224,43.154466382711256,0
,16.401738227876752,43.154111240354965,0
,16.400381825176495,43.153729788842135,0
,16.397695968174006,43.15309183871182,0
,16.39633956547375,43.152822187671035,0
,16.395010111171512,43.152453881874315,0
,16.393671674069935,43.15213161246841,0
,16.392396116563734,43.15187511110576,0
,16.39086005787669,43.15150679956064,0
,16.389584500370493,43.151250295556906,0
,16.389216205597574,43.15131606591763,0
,16.388749100031923,43.151822495307584,0
,16.38850656444976,43.152598573703926,0
,16.388461650453063,43.153565369347035,0
,16.388362839660328,43.15436773226523,0
,16.38819216647288,43.15451899621688,0
,16.387931665292033,43.15444665263486,0
,16.38704236815743,43.15332860449136,0
,16.386512382996404,43.152776149568695,0
,16.38590155264132,43.152565689227494,0
,16.385236825490203,43.15253280473325,0
,16.384572098339085,43.15261830438123,0
,16.3837097496025,43.15287480260235,0
,16.383197730040152,43.15315760707659,0
,16.382973160056665,43.153604830066485,0
,16.382973160056665,43.15429538850288,0
,16.383018074053364,43.15451899621688,0
,16.3830270568527,43.15500566898111,0
,16.38335043762892,43.155643598989776,0
,16.38321569563883,43.15590008442236,0
,16.382982142856005,43.15595269668478,0
,16.382991125655344,43.156044768034214,0
,16.3837546635992,43.15602503847111,0
,16.383988216382022,43.15595269668478,0
,16.38353907641505,43.156123686222514,0
,16.38335942042826,43.15626179280506,0
,16.38322467843817,43.156268369301166,0
,16.38340433442496,43.157110154915294,0
,16.38340433442496,43.1570180851826,0
,16.38352111081637,43.15699177951901,0
,16.38337738602694,43.156735298701456,0
,16.383368403227603,43.15646566385237,0
,16.382389278099602,43.1558408955726,0
,16.381760482145843,43.15549891442128,0
,16.380682546225106,43.15476233308692,0
,16.379667489899752,43.154170430892016,0
,16.37904767674533,43.15385474736044,0
,16.378068551617332,43.15361798363394,0
,16.37702654689396,43.15349302462801,0
,16.375652178595022,43.15342725662683,0
,16.374313741493445,43.1531773375721,0
,16.373020218388568,43.1528484951424,0
,16.37200516206321,43.15258541991549,0
,16.370235550593343,43.1522894589219,0
,16.36931032226138,43.15215792023917,0
,16.368250351939327,43.15209872773891,0
,16.3673341064067,43.152223689616186,0
,16.366372946877384,43.1525722661242,0
,16.365816013318337,43.152901110050905,0
,16.365456701344762,43.15332860449136,0
,16.365339924953346,43.15384817060274,0
,16.365348907752686,43.15491359605485,0
,16.365375856150706,43.155979002798865,0
,16.365196200163915,43.156873403891794,0
,16.365079423772507,43.15705754365657,0
,16.364414696621385,43.15736005777114,0
,16.363139139115184,43.1576625703773,0
,16.361854598809646,43.15785986039475,0
,16.360471247711374,43.15805714977065,0
,16.359132810609797,43.15812291275336,0
,16.358207582277835,43.15814921792651,0
,16.356887110774938,43.1581163364583,0
,16.356231366423156,43.158024268252554,0
,16.355144447703086,43.15807687867296,0
,16.35382397620019,43.158412269030464,0
,16.352620281088704,43.15877396243609,0
,16.352081313128338,43.15882657220639,0
,16.351569293565987,43.15877396243609,0
,16.350697962030065,43.158524065404286,0
,16.349557146513956,43.15797823409728,0
,16.34885648816548,43.15770860477208,0
,16.348604969783974,43.157767791799785,0
,16.34797617383021,43.15779409712689,0
,16.347509068264564,43.15749816153933,0
,16.347338395077113,43.15724168286247,0
,16.34675451312005,43.15690628603364,0
,16.34629639035374,43.15652485209261,0
,16.34550590401187,43.15547918468066,0
,16.344778297265375,43.15443349924706,0
,16.344068656117557,43.15336806536479,0
,16.34311647938758,43.15240126657803,0
,16.342173285456937,43.15169753260416,0
,16.340798917158004,43.150612319358444,0
,16.339819792030003,43.14966520830277,0
,16.339020322888796,43.14877727826344,0
,16.338229836546923,43.14790906744102,0
,16.337403419007696,43.14693560417303,0
,16.337044107034117,43.1464949095864,0
,16.336469207876394,43.14581084000887,0
,16.33528347836359,43.144725521494045,0
,16.334394181228983,43.14382436349586,0
,16.333765385275225,43.14324551042532,0
,16.333136589321462,43.14254167027788,0
,16.331834083417245,43.14142340279263,0
,16.330971734680656,43.14071954151748,0
,16.329956678355302,43.13988410679515,0
,16.328151135688074,43.13839082081596,0
,16.327073199767344,43.13749614730338,0
,16.32586052185652,43.13645015199385,0
,16.32501613871861,43.13570018200035,0
,16.324063961988628,43.13487783583332,0
,16.322716542087715,43.13366074306581,0
,16.32152182977557,43.132555470118675,0
,16.32103675861124,43.1320949337862,0
,16.320075599081918,43.131351489193584,0
,16.318997663161188,43.1304040775846,0
,16.318090400427902,43.12964087415026,0
,16.317776002451023,43.1293316424421,0
,16.31765024326027,43.12931848361107,0
,16.31765024326027,43.1296935091778,0
,16.317407707678104,43.12991720753594,0
,16.317416690477447,43.13028565009417,0
,16.316922636513777,43.131358068389176,0
,16.316617221336237,43.13240415142328,0
,16.316410616951426,43.13420021422168,0
,16.316356720155394,43.13545018994389,0
,16.316204012566622,43.13675934745207,0
,16.316204012566622,43.13706196275881,0
,16.316105201773887,43.13725274119869,0
,16.316132150171907,43.13766718884718,0
,16.31602435657983,43.13816715367386,0
,16.315844700593043,43.138897358062074,0
,16.315862666191723,43.1395288790989,0
,16.31574588980031,43.1405616649707,0
,16.315629113408896,43.14129184055763,0
,16.315341663830033,43.14276532130281,0
,16.31526081863598,43.14351520402,0
,16.315072179849853,43.14414667701749,0
,16.315045231451837,43.14471894374691,0
,16.31491048946174,43.1457055978511,0
,16.314676936678918,43.14665934823926,0
,16.314497280692127,43.147803828921546,0
,16.314200848313927,43.14927057433364,0
,16.314030175126476,43.15027030873791,0
,16.313751708346956,43.151447606425236,0
,16.31367984595224,43.15198034256518,0
,16.313625949156204,43.15208557384213,0
,16.313581035159505,43.152197381873926,0
,16.313572052360165,43.15253280473325,0
,16.313419344771393,43.15314445340933,0
,16.313401379172717,43.153361488554346,0
,16.31335646517602,43.15344698703466,0
,16.313383413574037,43.15376924945467,0
,16.313158843590553,43.15433484874759,0
,16.313086981195838,43.15482152298885,0
,16.312790548817635,43.156110533198266,0
,16.312610892830847,43.157044390834756,0
,16.312476150840755,43.15764941768667,0
,16.312350391650003,43.158550370403475,0
,16.31223361525859,43.158767386211636,0
,16.312296494853967,43.158866029504146,0
,16.312125821666516,43.15927375341165,0
,16.3120988732685,43.15948419048533,0
,16.311973114077745,43.15968805070437,0
,16.312009045275104,43.1598984863409,0
,16.311973114077745,43.160095769087235,0
,16.311856337686333,43.16028647513215,0
,16.311793458090957,43.16059554917315,0
,16.311676681699545,43.16078625364695,0
,16.31142516331804,43.16180552601385,0
,16.31113771373918,43.16273929598884,0
,16.31081433296296,43.16370593004606,0
,16.31080535016362,43.163955805732,0
,16.31062569417683,43.16455418805894,0
,16.31034722739731,43.165507642206975,0
,16.310095709015805,43.16645450597586,0
,16.309898087430334,43.16726984904293,0
,16.309457930262706,43.167874773912914,0
,16.30921539468054,43.16827586207618,0
,16.30888303110498,43.169301583673615,0
,16.308532701930744,43.170143188437436,0
,16.30810152756245,43.17113600404101,0
,16.30762543919746,43.17229317257525,0
,16.30727511002322,43.17302296637537,0
,16.307122402434448,43.173187333136475,0
,16.30660140007276,43.17394341449897,0
,16.306349881691258,43.17419324800729,0
,16.30581091373089,43.17517284841108,0
,16.305155169379113,43.176112986935294,0
,16.304355700237902,43.177500157714306,0
,16.30375385268216,43.178394241490075,0
,16.303466403103297,43.17889387079828,0
,16.302819641550858,43.179886543127076,0
,16.302217793995116,43.18080688705619,0
,16.301571032442677,43.18199016586257,0
,16.30101409888363,43.18289733063866,0
,16.300466148123924,43.18380448183852,0
,16.299855317768845,43.18468532580904,0
,16.298409087075193,43.18682164793798,0
,16.297645549131342,43.18797194404919,0
,16.296899976786168,43.18918794762741,0
,16.29634304322712,43.1901015775062,0
,16.295390866497144,43.191501573545025,0
,16.2948339329381,43.192382305652565,0
,16.29387277340878,43.19390712500476,0
,16.293288891451716,43.1948141114191,0
,16.292507387909183,43.19599054458549,0
,16.291914523152784,43.1969960810851,0
,16.291339623995057,43.19785701737561,0
,16.29037846446574,43.199394842594906,0
,16.288968164969447,43.2014057859043,0
,16.28829445501899,43.20237180356139,0
,16.287728538660602,43.20323266345803,0
,16.287000931914108,43.204382648048586,0
,16.28598587558875,43.205867738701244,0
,16.28535707963499,43.2068271141877,0
,16.284359988908314,43.208502699306884,0
,16.283542554168424,43.209856275394806,0
,16.282761050625894,43.21122296230264,0
,16.28220411706685,43.21209026684234,0
,16.28157532111309,43.21315466907259,0
,16.280982456356686,43.21408764823235,0
,16.28045247119566,43.21499433251527,0
,16.279715881649825,43.216117813769856,0
,16.278727773722483,43.21767488489965,0
,16.277874407785237,43.219067674088784,0
,16.27672460946979,43.22104511690396,0
,16.27499991199662,43.22373853974848,0
,16.274380098842197,43.22476332281945,0
,16.272323037793466,43.22835649561294,0
,16.271173239478017,43.2303467719143,0
,16.270562409122938,43.231299191212265,0
,16.270104286356627,43.23210052549262,0
,16.26943057640617,43.23323682558276,0
,16.268936522442498,43.23388050055965,0
,16.26838857168279,43.23478032042818,0
,16.26785858652177,43.23566042326695,0
,16.266062026653877,43.23858962856185,0
,16.26555000709153,43.23946310851919,0
,16.264885279940412,43.240513894763694,0
,16.264328346381365,43.24140048146072,0
,16.263537860039495,43.24280585893422,0
,16.262980926480452,43.24388285508601,0
,16.262531786513478,43.24482192754413,0
,16.2625138209148,43.245189672226424,0
,16.262864150089037,43.24570845110137,0
,16.262953978082432,43.24618125835225,0
,16.263358204052707,43.24711372848643,0
,16.26345701484544,43.248105283068526,0
,16.263573791236855,43.24919531769132,0
,16.263879206414394,43.250357561881565,0
,16.264364277578725,43.251900619935654,0
,16.264588847562212,43.252504700023835,0
,16.264786469147676,43.253607787222215,0
,16.264975107933807,43.2548027756456,0
,16.265136798321915,43.255570970018226,0
,16.2654062823021,43.25655582032118,0
,16.265702714680298,43.25790832192714,0
,16.26586440506841,43.25839416463213,0
,16.266151854647273,43.25960218902943,0
,16.266484218222832,43.26088240593016,0
,16.266906409791783,43.26229389570372,0
,16.26714894537395,43.26327207160748,0
,16.267418429354134,43.26425679646152,0
,16.267669947735637,43.26537279856955,0
,16.26794841451516,43.26644939284057,0
,16.2682538296927,43.267545661203336,0
,16.268622124465615,43.26853031643413,0
,16.26905329883391,43.26959372606469,0
,16.26951142160022,43.2710969089925,0
,16.26984378517578,43.27234406295368,0
,16.270176148751343,43.27338115033024,0
,16.2705534263236,43.27454949326845,0
,16.271074428685285,43.275855647672905,0
,16.2714876374549,43.27699112579515,0
,16.272314054994126,43.279340775757916,0
,16.27258353897431,43.28010865830747,0
,16.27295183374723,43.28109967178641,0
,16.273104541335996,43.28159189098155,0
,16.272996747743925,43.281637831235145,0
,16.272206261402054,43.281060294077534,0
,16.27195474302055,43.28097497562025,0
,16.271694241839707,43.280948723763004,0
,16.271101377083305,43.28070589354258,0
,16.26983480237644,43.2799839600957,0
,16.26823586409402,43.279117628571356,0
,16.26714894537395,43.278369423166225,0
,16.26585542226907,43.277549011852216,0
,16.263852258016374,43.27628227490355,0
,16.262882115687717,43.27563905115672,0
,16.26220840573726,43.27515334705526,0
,16.261292160204636,43.27432632838522,0
,16.26044777706673,43.27348617084422,0
,16.259720170320236,43.27269851254017,0
,16.25885782158365,43.27187802422233,0
,16.25803140404442,43.271070652842994,0
,16.25709719291312,43.27009916729144,0
,16.256037222591065,43.26922612979005,0
,16.254528112302037,43.26788044578174,0
,16.253441193581967,43.266915473436654,0
,16.25147396052663,43.265228375928075,0
,16.250575680592686,43.26445373950727,0
,16.250135523425055,43.263921991811074,0
,16.250000781434963,43.26387603808687,0
,16.249901970642227,43.26392855662598,0
,16.249946884638927,43.264013899154676,0
,16.24988400504355,43.264394656660905,0
,16.249901970642227,43.26487388252686,0
,16.24972231465544,43.26541875115581,0
,16.249533675869312,43.26574041828157,0
,16.249659435060064,43.26572728904464,0
,16.249614521063368,43.26623932717159,0
,16.249452830675256,43.266764489975145,0
,16.24926419188913,43.267164923546666,0
,16.249129449899037,43.26832025799767,0
,16.248994707908945,43.26893073830619,0
,16.24861743033669,43.27013855214458,0
,16.248419808751223,43.27117567737259,0
,16.24812337637302,43.27221278480142,0
,16.247862875192176,43.27340084169051,0
,16.247566442813977,43.274542929607186,0
,16.247234079238414,43.27572437714971,0
,16.247162216843698,43.27621664014104,0
,16.246757990873427,43.27756870185422,0
,16.246461558495223,43.278684458150416,0
,16.246156143317684,43.280430247244695,0
,16.246039366926272,43.28082402728526,0
,16.245976487330896,43.28128999701744,0
,16.2458866593375,43.28224817700296,0
,16.24575191734741,43.28327853167201,0
,16.245635140955994,43.28442699546285,0
,16.24541955377185,43.28545075049079,0
,16.245275828982418,43.28651386234639,0
,16.245159052591006,43.28718321947029,0
,16.24508719019629,43.2873735255335,0
,16.244790757818087,43.2889156387557,0
,16.244638050229316,43.28976870574955,0
,16.244503308239228,43.29021492060788,0
,16.244009254275557,43.29248531573107,0
,16.243991288676877,43.29308242859483,0
,16.24382959828877,43.29416509070645,0
,16.243667907900658,43.295109943595136,0
,16.24347028631519,43.296363163156954,0
,16.243218767933687,43.29857427769103,0
,16.243245716331703,43.298771108887564,0
,16.243128939940295,43.299040110485016,0
,16.243084025943595,43.30017515280708,0
,16.242868438759448,43.3012576877402,0
,16.242715731170676,43.302215550947665,0
,16.242607937578605,43.30329804929167,0
,16.242410315993137,43.304354286539514,0
,16.242104900815598,43.30709648081123,0
,16.241988124424186,43.308192011635256,0
,16.24188931363145,43.30929408245926,0
,16.241673726447303,43.313656248645444,0
,16.24158389845391,43.314390898240426,0
,16.241655760848623,43.31487628681564,0
,16.24172762324334,43.31545350057929,0
,16.241610846851927,43.31641769761839,0
,16.24150305325985,43.31754585418408,0
,16.24139525966778,43.318746137136,0
,16.241215603680992,43.320844935184894,0
,16.2411257756876,43.32185495572103,0
,16.240991033697508,43.323140411945666,0
,16.240892222904773,43.32434714184047,0
,16.24060477332591,43.32604570442677,0
,16.24041613453978,43.327829471556115,0
,16.240218512954314,43.32907545406357,0
,16.240011908569507,43.3302886228234,0
,16.239652596595928,43.33248537982135,0
,16.23934718141839,43.33391486825956,0
,16.2391675254316,43.33487221312843,0
,16.23897888664547,43.33586888478756,0
,16.238296193895675,43.33898337753753,0
,16.23804467551417,43.34001932052006,0
,16.237766208734648,43.34102901996714,0
,16.237523673152484,43.342045258827795,0
,16.237272154770977,43.343054924342496,0
,16.236849963202026,43.344366153014846,0
,16.235664233689217,43.348627449212074,0
,16.235421698107054,43.349578004955895,0
,16.23517017972555,43.35065965359969,0
,16.234954592541403,43.35168884064825,0
,16.23472103975858,43.3527245652832,0
,16.23449646977509,43.35379960240506,0
,16.234173088998872,43.35537934776541,0
,16.23392157061737,43.35638223515239,0
,16.233697000633885,43.35747687095892,0
,16.232960411088047,43.3603149657787,0
,16.232654995910508,43.36131777101101,0
,16.23234059793363,43.3626351564366,0
,16.23197230316071,43.3639656209336,0
,16.231586042789115,43.36544023936548,0
,16.23102012643073,43.36791751706116,0
,16.2308314876446,43.368507330065974,0
,16.23074165965121,43.368579417926014,0
,16.230624883259793,43.368566311048774,0
,16.23051708966772,43.36837626100853,0
,16.230328450881593,43.368232084715885,0
,16.229016962178033,43.36787819598879,0
,16.22783123266523,43.36745221605935,0
,16.223878800955877,43.366108721162256,0
,16.222764933837787,43.365754819958745,0
,16.22157920432498,43.36532227121945,0
,16.220411440410853,43.36487005785257,0
,16.194002010352904,43.35384548770909,0
,16.193489990790557,43.35365539122207,0
,16.193373214399145,43.35368816652123,0
,16.19334626600113,43.35377338221565,0
,16.193570835984612,43.35402247355448,0
,16.19360676718197,43.354317448808224,0
,16.19348100799122,43.35447476835312,0
,16.193597784382632,43.35504504826023,0
,16.193669646777348,43.35602172200041,0
,16.193885233961492,43.35718846584968,0
,16.194370305125823,43.35893198477343,0
,16.195124860270337,43.36190764864407,0
,16.195322481855804,43.36285799490353,0
,16.195735690625416,43.36477175014963,0
,16.195942295010227,43.36578758867606,0
,16.196445331773234,43.36814033598628,0
,16.196687867355397,43.36923475815026,0
,16.19694836853624,43.37040124610579,0
,16.197163955720388,43.371325245808485,0
,16.197361577305855,43.37234752683203,0
,16.19761309568736,43.3733697905014,0
,16.197927493664242,43.374641042905814,0
,16.19810714965103,43.37578776818423,0
,16.19822392604244,43.37692136656478,0
,16.19842154762791,43.37845463908713,0
,16.19857425521668,43.37950300807805,0
,16.198780859601488,43.380518598129065,0
,16.198987463986292,43.381756939589906,0
,16.19922101676912,43.38273973214211,0
,16.199400672755907,43.38381423363779,0
,16.199463552351286,43.384299063398785,0
,16.199400672755907,43.38495423254733,0
,16.19922999956846,43.385399743494986,0
,16.199068309180348,43.38556353345555,0
,16.19902339518365,43.38585180270368,0
,16.199472535150623,43.38680177113605,0
,16.19967015673609,43.3874634644264,0
,16.199733036331466,43.38784344342373,0
,16.199733036331466,43.3883282407305,0
,16.200047434308345,43.38877372670459,0
,16.200289969890513,43.38924541414182,0
,16.20047860867664,43.39024773767124,0
,16.20063131626541,43.39134830898458,0
,16.200757075456163,43.39151863369888,0
,16.201017576637007,43.39155138839633,0
,16.202329065340564,43.39117143280953,0
,16.20350581205403,43.39077182175924,0
,16.20448493718203,43.39056873971676,0
,16.205877271079643,43.39050978028573,0
,16.207107914589145,43.39067355634039,0
,16.20832957529931,43.391060066062195,0
,16.2091470100392,43.39148587898356,0
,16.20955123600947,43.391872383488156,0
,16.21005427277248,43.392560224347804,0
,16.210476464341433,43.39306463598131,0
,16.210943569907084,43.3936279998204,0
,16.211680159452918,43.3940210412358,0
,16.211796935844333,43.394053794571214,0
,16.211545417462826,43.39397518653629,0
,16.211419658272078,43.39398828788258,0
,16.210593240732848,43.3933856230012,0
,16.210117152367857,43.39295982352235,0
,16.20975784039428,43.39269124076299,0
,16.209730891996262,43.392782952083884,0
,16.209793771591638,43.392868112471014,0
,16.209730891996262,43.39304498365915,0
,16.209632081203527,43.393103940606345,0

,16.20250872132735,43.38958607499179,0
,16.20240092773528,43.389500909960084,0
,16.19951744914732,43.38864925301437,0
,16.198277822838477,43.38828238169303,0
,16.197074127726992,43.38789585413164,0
,16.195556034638628,43.38745036165955,0
,16.19310373041896,43.38669694776911,0
,16.190462787413168,43.385878008930476,0
,16.190022630245533,43.3858190449041,0
,16.188845883532068,43.38606800373371,0
,16.1886482619466,43.38621868884086,0
,16.188567416752544,43.38640868256871,0
,16.188504537157172,43.38693280008802,0
,16.188226070377645,43.387391399173524,0
,16.18739965283842,43.38823652262063,0
,16.18705830646352,43.3886885605233,0
,16.186177992128254,43.39018222683934,0
,16.18591749094741,43.390634250127924,0
,16.18591749094741,43.390824229916994,0
,16.186169009328914,43.39102076010219,0
,16.186231888924294,43.391210738671134,0
,16.185980370542786,43.391649652381794,0
,16.18468684743791,43.392534021030514,0
,16.183770601905287,43.39308428829704,0
,16.18355501472114,43.39320220205664,0
,16.183483152326424,43.3933856230012,0
,16.183438238329725,43.39319565129829,0
,16.1832046855469,43.39324150659182,0
,16.183734670707928,43.393483883991514,0
,16.18338434153369,43.39356249266825,0
,16.183123840352845,43.39379176738883,0
,16.183114857553505,43.39390312908076,0
,16.1832046855469,43.39398173720979,0
,16.183465186727744,43.39398173720979,0
,16.184623967842533,43.394446833205386,0
,16.184866503424697,43.39436822568394,0
,16.18514497020422,43.39401449056659,0
,16.185674955365247,43.39370005760543,0
,16.18624087172363,43.393103940606345,0
,16.18661814929589,43.39249471603325,0
,16.18687865047673,43.392232682061845,0
,16.186627132095225,43.39113212692226,0
,16.1863935793124,43.39018877792572,0
,16.18637561371372,43.38982191598911,0
,16.186555269700513,43.38957297268706,0
,16.186923564473428,43.38955331922463,0
,16.18749846363115,43.389926733913484,0
,16.187651171219922,43.390064307162184,0
,16.187776930410674,43.39002500055181,0
,16.187920655200106,43.389664688760284,0
,16.188073362788877,43.389500909960084,0
,16.18829793277236,43.389396091294046,0
,16.188567416752544,43.38904887815889,0
,16.188899780328104,43.388930956261085,0
,16.189519593482526,43.38902267331268,0
,16.189645352673278,43.389003019670554,0
,16.189726197867333,43.38891130258898,0
,16.18960942147592,43.3886361505057,0
,16.189205195505647,43.38814480437096,0
,16.18897164272282,43.3880399833431,0
,16.18880995233471,43.387889302795635,0
,16.18626782012165,43.3863759250722,0
,16.18510903900686,43.385701116678014,0
,16.18289028757002,43.38422699435707,0
,16.18128236648826,43.38319181132815,0
,16.17998884338338,43.382372824799546,0
,16.17907259785076,43.38161279533304,0
,16.17826414591021,43.38074792254366,0
,16.177850937140594,43.38034169012663,0
,16.176997571203348,43.379706127458846,0
,16.176090308470066,43.37849395325374,0
,16.175811841690543,43.37805494360259,0
,16.175605237305735,43.37795010500346,0
,16.174608146579057,43.378100810432315,0
,16.173700883845775,43.378330144056804,0
,16.173503262260308,43.378474296173636,0
,16.173386485868896,43.378867436556234,0
,16.173018191095977,43.37918849929764,0
,16.172901414704565,43.37928023119497,0
,16.172802603911833,43.37933920162661,0
,16.172101945563355,43.37967991854501,0
,16.170817405257818,43.38005339449026,0
,16.16943405415954,43.38053170240485,0
,16.168230359048056,43.38102966277142,0
,16.166873956347803,43.381403130343266,0
,16.16567026123632,43.381940395417665,0
,16.16453842851955,43.382602142150716,0
,16.163900649766447,43.382916633097494,0
,16.162759834250338,43.38367009430712,0
,16.161978330707807,43.384056649006425,0
,16.160729721599626,43.38490181927788,0
,16.159633820080217,43.38554387868384,0
,16.158457073366748,43.38599593680999,0
,16.15780132901497,43.386159725148204,0
,16.156543737107448,43.386775565311446,0
,16.154693280443524,43.38766655694756,0
,16.153597378924115,43.38822997132171,0
,16.15235775261527,43.388727868006576,0
,16.151154057503785,43.38933057953508,0
,16.14994137959296,43.38980881373574,0
,16.148414303705255,43.390463922910556,0
,16.146761468626803,43.391119024954115,0
,16.145216427140415,43.39176101803802,0
,16.143860024440162,43.3922850889474,0
,16.142665312128017,43.392776401279896,0
,16.141416703019836,43.39333321707409,0
,16.139521332359212,43.394125851846326,0
,16.13826374045169,43.39491847617762,0
,16.137257666925677,43.39556697922812,0
,16.135919229824097,43.39624167700334,0
,16.13474248311063,43.39678535999716,0
,16.133404046009055,43.39742074233054,0
,16.13075412020392,43.39858013403779,0
,16.128418592375667,43.39965435274111,0
,16.12708913807343,43.40018490490261,0
,16.125921374159304,43.400636853053406,0
,16.124906317833947,43.40129839422434,0
,16.124439212268296,43.4017437841823,0
,16.123702622722465,43.402628004474124,0
,16.122705531995788,43.40328297408864,0
,16.121250318502796,43.40393793657179,0
,16.12043288376291,43.404416054681356,0
,16.119193257454064,43.4051495983654,0
,16.117585336372308,43.405935528099896,0
,16.11643553805686,43.40640053169071,0
,16.11557318932027,43.40671489827872,0
,16.114378477008128,43.40721919124831,0
,16.113605956264934,43.40766453736802,0
,16.112447175150148,43.40814262585572,0
,16.111351273630735,43.40870584851339,0
,16.110201475315286,43.40928216391254,0
,16.10905167699984,43.40993706107166,0
,16.107704257098924,43.41069673284191,0
,16.106428699592723,43.41138435849756,0
,16.105287884076613,43.41199339179802,0
,16.104138085761168,43.412550029742185,0
,16.10297930464638,43.41317214840585,0
,16.101658833143482,43.41380735766371,0
,16.100167688453134,43.41446220554413,0
,16.098263334993174,43.415333142175186,0
,16.096628465513398,43.41619096968294,0
,16.095388839204553,43.41676721335053,0
,16.094292937685143,43.41730416270646,0
,16.0930533113763,43.4178869437758,0
,16.0917328398734,43.418554843222985,0
,16.090457282367204,43.419222735250514,0
,16.087726511368015,43.42061742703035,0
,16.086477902259833,43.42125255763498,0
,16.085310138345704,43.421887681529505,0
,16.08426813362233,43.42245077545296,0
,16.08334290529037,43.422915651345235,0
,16.082561401747835,43.423328143845,0
,16.08219310697492,43.42347218817812,0
,16.082067347784168,43.42347218817812,0
,16.081474483027765,43.42385848718555,0
,16.08075585908061,43.424185857282374,0
,16.080540271896464,43.42432335219141,0
,16.079866561946005,43.42461798308022,0
,16.07944437037705,43.42486023406248,0
,16.07356961960906,43.4276558706955,0
,16.072868961260582,43.427943938274915,0
,16.072231182507483,43.42830402080755,0
,16.071737128543813,43.42862481979221,0
,16.070901728205246,43.42907655423465,0
,16.070470553836955,43.429305693595886,0
,16.070290897850164,43.42944972360435,0
,16.069949551475265,43.429613393649554,0
,16.06924889312679,43.43007166740483,0
,16.068494337982276,43.430503750887645,0
,16.068368578791524,43.43054957774151,0
,16.068000284018606,43.43082453813071,0
,16.06684150290382,43.43151193359986,0
,16.06588932617384,43.43217313515579,0
,16.064847321450465,43.43278850432514,0
,16.063715488733695,43.43343005270708,0
,16.062646535612302,43.43398649218551,0
,16.06172130728034,43.434660759001474,0
,16.060733199353,43.435407026073676,0
,16.0597989882217,43.43614019171514,0
,16.05917019226794,43.43676206627373,0
,16.058739017899644,43.43712209597105,0
,16.058604275909556,43.43729883703299,0
,16.057625150781558,43.438189080403056,0
,16.056996354827795,43.43881747954588,0
,16.056421455670073,43.43934114047745,0
,16.05578367691697,43.43993025356968,0
,16.055496227338107,43.44013316896386,0
,16.054588964604825,43.440918641447716,0
,16.054005082647762,43.441736831031164,0
,16.05307087151646,43.44260737251191,0
,16.052244453977234,43.443392812645875,0
,16.051552778428096,43.444269875325226,0
,16.05104075886575,43.44519928598,0
,16.050897034076318,43.445677076001616,0
,16.050870085678298,43.446501745727815,0
,16.05098686206971,43.44744421155056,0
,16.050870085678298,43.44855028104928,0
,16.050897034076318,43.448942963545676,0
,16.05139108803999,43.44988539106172,0
,16.051840228006956,43.450840892750584,0
,16.05211869478648,43.45135790444925,0
,16.052406144365342,43.45160004763838,0
,16.052891215529673,43.451829101107826,0
,16.052999009121745,43.45201888760641,0
,16.05307087151646,43.45233301566536,0
,16.053502045884755,43.45276493906341,0
,16.054121859039174,43.45304634203018,0
,16.055271657354623,43.45326230155219,0
,16.05616095448923,43.45324921311842,0
,16.056448404068092,43.45328193419749,0
,16.05705923442317,43.45346517191083,0
,16.057741927172966,43.45335392050871,0
,16.058442585521448,43.453065974746096,0
,16.059224089063978,43.4526013320812,0
,16.060068472201884,43.451881456063894,0
,16.060311007784048,43.45178329048383,0
,16.06042778417546,43.451816012361675,0
,16.060490663770835,43.4518945447958,0
,16.06088590694177,43.45139062655889,0
,16.061155390921954,43.45118774919171,0
,16.061200304918653,43.45110267138216,0
,16.061110476925258,43.451161571417,0
,16.060984717734506,43.451135393630864,0
,16.061110476925258,43.45112230473352,0
,16.061182339319974,43.4512924601765,0
,16.06128115011271,43.451240104706926,0
,16.061209287717993,43.451312093465816,0
,16.06127216731337,43.45139062655889,0
,16.061038614530542,43.4513448156004,0
,16.061038614530542,43.451436437482435,0
,16.061137425323277,43.45149533718992,0
,16.061020648931862,43.45145607072468,0
,16.06091285533979,43.45194035533492,0
,16.06076014775102,43.452097419775185,0
,16.060634388560267,43.452071242397004,0
,16.06124521891535,43.452470446174466,0
,16.062745346405038,43.45360914400763,0
,16.063535832746908,43.454191573058196,0
,16.064730545059053,43.45466274748229,0
,16.06570068738771,43.455035757945964,0
,16.066760657709764,43.455591997315764,0
,16.068027232416625,43.4559846337685,0
,16.069347703919522,43.45634454826139,0
,16.070784951813835,43.45671100443749,0
,16.072204234109464,43.45699893272115,0
,16.0735336884117,43.45729340340125,0
,16.076839358568616,43.458059020410516,0
,16.07831253766028,43.4583731168721,0
,16.080207908320904,43.45879190959812,0
,16.081582276619837,43.45911254580451,0
,16.08329799129367,43.45949861569912,0
,16.08504065436552,43.45987159612081,0
,16.08902003447289,43.460800765340174,0
,16.090529144761916,43.4610952173737,0
,16.091930461458873,43.46133732129712,0
,16.093295846958465,43.461553250999664,0
,16.094688180856078,43.46176917992554,0
,16.098442990979965,43.4623384433708,0
,16.10085936400227,43.462737578888905,0
,16.10234152589328,43.46294696039453,0
,16.104533328932103,43.4633199193924,0
,16.10617718121122,43.46376484990258,0
,16.108027637875143,43.464366809461325,0
,16.110722477676976,43.46521085128494,0
,16.112024983581193,43.465583796217,0
,16.113902388643137,43.4661595662987,0
,16.115941484093188,43.466761501842406,0
,16.11780990635579,43.46732417526133,0
,16.121744372466466,43.46846259139481,0
,16.122975015975967,43.46882897360334,0
,16.123612794729066,43.46903179136413,0
,16.12424159068283,43.46919535357524,0
,16.125597993383085,43.469614070804404,0
,16.129379751904988,43.47075244350347,0
,16.133098630831515,43.47190387897935,0
,16.134329274341017,43.472270240179554,0
,16.13617973100494,43.4728328619536,0
,16.139440487165157,43.47379454044624,0
,16.140949597454185,43.47425247716875,0
,16.14217125816435,43.474651533462975,0
,16.143213262887723,43.475135630978755,0
,16.144623562384016,43.47573093473153,0
,16.145881154291537,43.47611035601962,0
,16.14725552259047,43.4765944417659,0
,16.148629890889403,43.47696731596176,0
,16.149887482796924,43.47741214530457,0
,16.15109117790841,43.47779155596147,0
,16.15350755093072,43.47830179409643,0
,16.156166459535193,43.4788774421676,0
,16.156947963077723,43.47902789473033,0
,16.15873554014627,43.47934842284494,0
,16.15941823289607,43.47949233287001,0
,16.160082960047188,43.47964932523092,0
,16.161654949931588,43.48019879525895,0
,16.162849662243737,43.48064360064332,0
,16.163945563763146,43.481042614431985,0
,16.16437673813144,43.481245390914076,0
,16.16465520491096,43.48127809673411,0
,16.16708056073261,43.48234429670133,0
,16.169254398172754,43.48326657709273,0
,16.16994607372189,43.48358708256119,0
,16.170529955678955,43.48377676866444,0
,16.17201211756996,43.48449626222414,0
,16.173377503069556,43.485045687858396,0
,16.17570404809847,43.486308039596054,0
,16.17697062280533,43.487092908111116,0
,16.178120421120777,43.48764230996075,0
,16.178767182673216,43.48784506413389,0
,16.1806984845312,43.488943849021055,0
,16.181884214044004,43.489637119604254,0
,16.18322265114558,43.490343462522425,0
,16.184381432260366,43.4910628773134,0
,16.185648006967227,43.49184114359641,0
,16.186896616075412,43.49248206118685,0
,16.188064379989537,43.49299871425793,0
,16.189429765489134,43.49370501758321,0
,16.19068735739665,43.49431975629861,0
,16.191971897702192,43.49490179033796,0
,16.1934540595932,43.495680006799525,0
,16.19454996111261,43.496307804315514,0
,16.195789587421455,43.49696829252316,0
,16.19646329737191,43.49726910652313,0
,16.197945459262918,43.49804729225995,0
,16.198942549989596,43.49858351520921,0
,16.200550471071356,43.4992112823242,0
,16.20172721778482,43.49972787741566,0
,16.20350581205403,43.50045371869393,0
,16.20482628355693,43.500898373874996,0
,16.20638030784265,43.501526116751265,0
,16.209362597223343,43.502591956787846,0
,16.21083577631501,43.50314775542433,0
,16.212497594192808,43.50383432309595,0
,16.21426720566268,43.50460588499996,0
,16.215560728767556,43.50517474207731,0
,16.216737475481022,43.505606285224474,0
,16.217941170592507,43.50611628675643,0
,16.219108934506636,43.50666551432257,0
,16.220420423210193,43.50735858002128,0
,16.2209683739699,43.50763972702924,0
,16.22220800027874,43.50809086714654,0
,16.223456609386922,43.50848316014043,0
,16.224696235695767,43.508901603170436,0
,16.226025689998,43.50937888618491,0
,16.22763361107976,43.50986924148787,0
,16.229151704168128,43.51037266875828,0
,16.22974456892453,43.5106080359015,0
,16.231460283598363,43.51116376021064,0
,16.23307718747946,43.51166717660684,0
,16.234532400972448,43.51217712656676,0
,16.236616410419202,43.512791675880685,0
,16.23724520637296,43.512974731904926,0
,16.238871093053397,43.51338660591489,0
,16.240110719362242,43.51366772464539,0
,16.24154796725655,43.51387692842614,0
,16.243075043144255,43.513948842057076,0
,16.24418891026235,43.51404036837167,0
,16.24620105731438,43.51409266906007,0
,16.24701849205427,43.51416458243213,0
,16.247243062037754,43.51427572111006,0
,16.24731492443247,43.51445877260084,0
,16.247099337248326,43.51468104865933,0
,16.246084280922968,43.51464182353245,0
,16.24586869373882,43.51455683566945,0
,16.245967504531556,43.514615673433596,0
,16.24703645765295,43.514465310143734,0
,16.247296958833793,43.51439339713263,0
,16.24744068362322,43.51441300978058,0
,16.247521528817277,43.51448492276817,0
,16.247988634382928,43.51434109670668,0
,16.247862875192176,43.514354171817445,0
,16.24823116996509,43.514373784478245,0
,16.247862875192176,43.514334559150235,0
,16.24766525360671,43.514439159967864,0
,16.247296958833793,43.51434109670668,0
,16.24776406439944,43.51419073272782,0
,16.247261027636434,43.514243033285,0
,16.24715323404436,43.51428225867294,0
,16.24700950925493,43.51413189454642,0
,16.246650197281355,43.51409266906007,0
,16.2465244380906,43.51411881938718,0
,16.246560369287955,43.5142038078714,0
,16.24665918008069,43.51415150727999,0
,16.24657833488664,43.513981530042614,0
,16.24634478210381,43.51394230445785,0
,16.24621004011372,43.51378540186193,0
,16.24620105731438,43.51387692842614,0
,16.246407661699187,43.514099206642925,0
,16.246470541294563,43.51401421801032,0
,16.24616512611702,43.513863853211234,0
,16.246254954110416,43.51404036837167,0
,16.246488506893243,43.513974992446954,0
,16.246614266083995,43.514138432125,0
,16.24669511127805,43.51406651872157,0
,16.24663223168267,43.513981530042614,0
,16.246380713301168,43.51400114282539,0
,16.24605733252495,43.513595810677074,0
,16.246183091715704,43.51332776694392,0
,16.246236988511736,43.5134127565501,0
,16.24634478210381,43.51337353059299,0
,16.24637173050183,43.5134650577863,0
,16.246183091715704,43.51371348803484,0
,16.24620105731438,43.513805014708886,0
,16.246317833705792,43.51382462754943,0
,16.246389696100508,43.5139096164509,0
,16.246254954110416,43.51418419515498,0
,16.24632681650513,43.514262645982186,0
,16.247386786827185,43.514243033285,0
,16.248833017520834,43.51450453538617,0
,16.249452830675256,43.514609135907115,0
,16.249812142648835,43.51413189454642,0
,16.249937901839587,43.51411881938718,0