,2.6381583379995797,39.56664032615529,0
,2.638050544407507,39.56668204157572,0
,2.637933768016094,39.5666750890074,0
,2.637808008825342,39.566647278727096,0
,2.6377002152332683,39.5666055632856,0
,2.6375924216411955,39.566549942657545,0
,2.6374936108484617,39.56650127457112,0
,2.6373858172563884,39.56644565385874,0
,2.6372959892629937,39.5663830805036,0
,2.63719717847026,39.56633441229909,0
,2.637098367677526,39.56625793362251,0
,2.637008539684132,39.56618840747907,0
,2.636289915736977,39.56567391183379,0
,2.6359845005594362,39.56548618949159,0
,2.6358946725660415,39.56541666256818,0
,2.6358138273719867,39.56534018287126,0
,2.635732982177932,39.56527065580032,0
,2.6349694442340796,39.56468662562996,0
,2.6342957342836217,39.56418602439486,0
,2.6341879406915485,39.564123448984354,0
,2.633774731921934,39.563859241068016,0
,2.6336040587344853,39.56372713672933,0
,2.6334962651424116,39.563664560901444,0
,2.633406437149017,39.56359503213701,0
,2.6333166091556226,39.56351159752695,0
,2.6332267811622287,39.56343511571218,0
,2.633145935968174,39.56334472800327,0
,2.632481208817055,39.562475609357065,0
,2.6323644324256423,39.56228787828761,0
,2.632310535629606,39.56219748907148,0
,2.632211724836872,39.561981945076866,0
,2.6321847764388533,39.561898508510545,0
,2.6320859656461195,39.561286637265916,0
,2.6320859656461195,39.561175387364074,0
,2.6320859656461195,39.56106413728239,0
,2.6320949484454594,39.56094593387346,0
,2.6321488452414963,39.56061218197568,0
,2.63224765603423,39.56007678492474,0
,2.632445277619697,39.559777795148364,0
,2.632544088412431,39.55968740263462,0
,2.6327057788005415,39.55952052383575,0
,2.6327776411952564,39.55944403758433,0
,2.6330471251754393,39.559207624996965,0
,2.633127970369495,39.55913809172845,0
,2.63320881556355,39.559075511726704,0
,2.633936422310044,39.55860963659144,0
,2.6341969234908875,39.558477522173035,0
,2.6342957342836217,39.55843580177768,0
,2.634538269865786,39.558352360911094,0
,2.63463708065852,39.55831064043985,0
,2.634915547438043,39.55822719942149,0
,2.635400618602372,39.55805336364161,0
,2.635499429395106,39.557997736099296,0
,2.636289915736977,39.55746927220442,0
,2.6368558320953612,39.55717722462663,0
,2.636981591286114,39.55710768930636,0
,2.6373588688583705,39.55693385069829,0
,2.639227291120973,39.55584213420098,0
,2.639999811864165,39.5551259031415,0
,2.640916057396787,39.55402720411596,0
,2.641616715745264,39.55320664530078,0
,2.6421646665049696,39.55274768440895,0
,2.6424521160838315,39.55239303071446,0
,2.6427395656626937,39.55146814091378,0
,2.6430719292382525,39.550487605071304,0
,2.643080912037592,39.550000809038714,0
,2.6429282044488214,39.54984781528885,0
,2.642703634465336,39.54977131828637,0
,2.641769423334034,39.54924974554914,0
,2.6412933349690437,39.54890898255961,0
,2.64071843581132,39.548568217883094,0
,2.6407364014099985,39.54838740328808,0
,2.6402603130450086,39.548081408276026,0
,2.6405567454232104,39.547928410259885,0
,2.6406286078179253,39.547844956653215,0
,2.6404309862324578,39.54761545871319,0
,2.6404040378344398,39.54744159612801,0
,2.6405297970251915,39.54727468763311,0
,2.6405297970251915,39.54709386964029,0
,2.640951988594145,39.54677395972022,0
,2.6408531778014113,39.54693391486608,0
,2.640987919791503,39.546787868878084,0
,2.6410777477848977,39.54580726636286,0
,2.641275369370365,39.54468755421146,0
,2.6413113005677227,39.54378342552015,0
,2.641257403771686,39.543296582075925,0
,2.6412394381730073,39.54267063544618,0
,2.6410867305842367,39.54197513251634,0
,2.6411675757782915,39.54135612899973,0
,2.6411226617815946,39.54075103029558,0
,2.64104181658754,39.54035458343364,0
,2.6410687649855578,39.539366933956146,0
,2.641050799386879,39.53826798337961,0
,2.641005885390182,39.53750288085027,0
,2.64104181658754,39.53708554861483,0
,2.640943005794806,39.53596569461759,0
,2.640862160600751,39.53498493796001,0
,2.6406735218146227,39.533997211465135,0
,2.6404848830284946,39.53289817519377,0
,2.640287261443027,39.53191041877058,0
,2.639883035472752,39.53038702017802,0
,2.6396854138872845,39.52948966003255,0
,2.6396315170912477,39.52880793675902,0
,2.639514740699835,39.52852968042271,0
,2.6396764310879455,39.52802881618475,0
,2.640287261443027,39.527249686798086,0
,2.640377089436421,39.52717316468666,0
,2.641050799386879,39.52675576985515,0
,2.6412933349690437,39.52651228836884,0
,2.641320283367062,39.526296632619456,0
,2.6411585929789525,39.52582357893355,0
,2.641131644580934,39.52553139709297,0
,2.641050799386879,39.52535052199922,0
,2.640951988594145,39.52465484413594,0
,2.6407902982060354,39.524077426174244,0
,2.6406106422192464,39.5235974003294,0
,2.6404759002291547,39.52310345720054,0
,2.6402423474463297,39.52202511834735,0
,2.6400357430615222,39.5209467626168,0
,2.6399099838707705,39.52055020174886,0
,2.6392542395189915,39.52075891827965,0
,2.638059527206846,39.52118330660918,0
,2.637008539684132,39.521572906708684,0
,2.6359216209640604,39.522331229156656,0
,2.635732982177932,39.522456455913925,0
,2.6352928250102994,39.52272082276515,0
,2.6341250610961726,39.52315215597623,0
,2.632894417586669,39.523479132578736,0
,2.6315200492877353,39.523910461042334,0
,2.63080142534058,39.524153951724465,0
,2.629939076603994,39.5242861320201,0
,2.6297055238211686,39.52435570049487,0
,2.629462988239004,39.52434178680554,0
,2.6292563838541967,39.52446005307534,0
,2.628016757545354,39.52474528265543,0
,2.6268040796345304,39.52514181937788,0
,2.6255644533256874,39.52548965672887,0
,2.6242709302208085,39.525955756025745,0
,2.6226630091390493,39.526637507526424,0
,2.6215042280242615,39.52708272935445,0
,2.620111894126649,39.5275766439531,0
,2.619950203738539,39.52761838305267,0
,2.6201208769259883,39.52763925259297,0
,2.620237653317401,39.52773664369746,0
,2.6202466361167405,39.52795229493882,0
,2.620057997330612,39.5280844679466,0
,2.61993223813986,39.52809142441366,0
,2.619590891764961,39.527966207898935,0
,2.6192225969920444,39.528035772657454,0
,2.6188812506171457,39.52814707612492,0
,2.6186117666369624,39.52814707612492,0
,2.6178033146964133,39.52839750826919,0
,2.617327226331423,39.52850185472725,0
,2.616428946397479,39.52891923897883,0
,2.6151444060919395,39.5294270530745,0
,2.613841900187721,39.529900082014926,0
,2.612710067470952,39.53035919523285,0
,2.611380613168715,39.530734831044036,0
,2.60922474132725,39.53145131589252,0
,2.608039011814444,39.531854770099855,0
,2.6074461470580412,39.53204258418334,0
,2.606727523110886,39.53232082632856,0
,2.60602686476241,39.532529507199804,0
,2.605173498825163,39.532752099432216,0
,2.6045267372727237,39.53303729467865,0
,2.6038709929209447,39.53355203432923,0
,2.6025505214180473,39.53414328458585,0
,2.6024157794279557,39.5341711080023,0
,2.602469676223992,39.53399025559453,0
,2.602379848230598,39.53393460860429,0
,2.602110364250415,39.534115461158166,0
,2.6015085166946723,39.53425457818414,0
,2.6012749639118473,39.534317180754144,0
,2.6012839467111863,39.53355203432923,0
,2.601176153119113,39.532696451441545,0
,2.601248015513829,39.532515595161385,0
,2.6011671703197736,39.53233473840629,0
,2.6012210671158105,39.53214692511952,0
,2.6011492047210947,39.531771297009485,0
,2.6011132735237372,39.531193938697925,0
,2.6008976863395907,39.53032441403559,0
,2.600798875546857,39.529169668315824,0
,2.600834806744215,39.52868272154679,0
,2.6007898927475175,39.52766012212697,0
,2.600798875546857,39.526275762672384,0
,2.600834806744215,39.52517660319201,0
,2.6010593767277004,39.52409133991698,0
,2.6010324283296824,39.5232843381939,0
,2.601292929510526,39.52222687335175,0
,2.601337843507223,39.52105807753789,0
,2.601517499494012,39.52049454390054,0
,2.6019576566616442,39.519687500047624,0
,2.6022810374378644,39.51876912830296,0
,2.602379848230598,39.51828906547417,0
,2.6027750914015333,39.517356759991465,0
,2.602918816190964,39.516876687323155,0
,2.6031074549770925,39.515937405038194,0
,2.603403887355294,39.51476154472545,0
,2.6036194745394403,39.514191001723354,0
,2.603772182128211,39.51347433735736,0
,2.6038530273222658,39.512980321659185,0
,2.6042842016905587,39.51177657844196,0
,2.6044818232760263,39.51071893699315,0
,2.604571651269421,39.51003702798044,0
,2.60474232445687,39.50916027790838,0
,2.604724358858191,39.508784524463664,0
,2.605101636430448,39.507768588228,0
,2.6056495871901535,39.506773512879796,0
,2.606044830361089,39.50614027563402,0
,2.6065029531274,39.5050129597688,0
,2.6067185403115465,39.504553677649824,0
,2.6067904027062623,39.50403176243698,0
,2.6070419210877662,39.503551596951574,0
,2.607544957850775,39.503106223077104,0
,2.607832407429637,39.50202061220473,0
,2.608128839807838,39.500941943446755,0
,2.6083534097913246,39.49999548470196,0
,2.608389340988682,39.49904205356655,0
,2.6081557882058566,39.49826259642082,0
,2.6080749430118018,39.497156030518894,0
,2.607958166620389,39.49609120505634,0
,2.6078863042256737,39.49489412673498,0
,2.6078234246302974,39.49431645941448,0
,2.607553940650114,39.49325159010697,0
,2.6072934394692706,39.49221454471739,0
,2.607095817883803,39.49166469553438,0
,2.6069790414923903,39.491003478686515,0
,2.606835316702959,39.49074595040957,0
,2.6068442995022987,39.490544103250095,0
,2.6067724371075833,39.49036313632906,0
,2.606691591913528,39.490286573258,0
,2.6066197295188127,39.48993159790903,0
,2.606556849923437,39.48881097746816,0
,2.6063592283379693,39.48755112778085,0
,2.6063232971406114,39.48685506836196,0
,2.606134658354483,39.4859919449285,0
,2.606089744357786,39.4854907715276,0
,2.6059280539696763,39.484718122067996,0
,2.605739415183548,39.483653104574636,0
,2.605622638792135,39.48307534310819,0
,2.60538010320997,39.48130026255329,0
,2.605254344019218,39.48071552013568,0
,2.6051106192297873,39.479768783810165,0
,2.6048680836476223,39.478585345136295,0
,2.6043021672892377,39.47607917271013,0
,2.6041494597004675,39.47521591446676,0
,2.6039338725163206,39.47442226429649,0
,2.603808113325569,39.47373303437568,0
,2.603547612144725,39.472779240203,0
,2.6032511797665236,39.47149821123149,0
,2.6030086441843587,39.47051653707023,0
,2.6028649193949276,39.47001525126251,0
,2.6026403494114416,39.46979245640161,0
,2.602613401013423,39.4696044726784,0
,2.602855936595588,39.46914495475526,0
,2.60315236897379,39.46897785657025,0
,2.603403887355294,39.468929119523416,0
,2.6034847325493486,39.468859495111104,0
,2.603197282970487,39.46917280441345,0
,2.6027750914015333,39.469395601274364,0
,2.6022271406418276,39.46974371992994,0
,2.6017959662735346,39.47023804540429,0
,2.601248015513829,39.470669707007566,0
,2.600152113994417,39.47135200532638,0
,2.5990472296756666,39.47213872868926,0
,2.598409450922566,39.472570378405955,0
,2.597439308593907,39.47334316389785,0
,2.5963434070744955,39.47414378838949,0
,2.5953732647458363,39.474777319448236,0
,2.5949241247788644,39.475097563704615,0
,2.594654640798681,39.47540388290715,0
,2.5946007440026446,39.47559185083554,0
,2.594115672838315,39.47628106219287,0
,2.59387313725615,39.476747494256564,0
,2.5930377369175823,39.477805656801635,0
,2.592103525786281,39.47885684168492,0
,2.5915465922272354,39.479511213591515,0
,2.5907830542833836,39.480283921363075,0
,2.589956636744155,39.48118192222589,0
,2.589606307569917,39.4815926319038,0
,2.58843854365579,39.48276905795886,0
,2.587621108915901,39.48355565117252,0
,2.5868665537713884,39.48433527453506,0
,2.585923359840747,39.48525410504493,0
,2.5843962839530428,39.486632327864605,0
,2.5825817584864765,39.488330705991835,0
,2.5816116161578173,39.48909635458773,0
,2.5806953706251945,39.48977151038925,0
,2.579518623911728,39.49065546727321,0
,2.578701189171839,39.491393249384885,0
,2.5778657888332717,39.49196398107636,0
,2.5769764916986673,39.49268086907028,0
,2.575988383771329,39.493390789643385,0
,2.5754673814096414,39.4939267052357,0
,2.5747307918638076,39.494845407991164,0
,2.5742457206994778,39.495416111116036,0
,2.5734642171569466,39.496174721373116,0
,2.572512040426966,39.497218666798766,0
,2.5717574852824536,39.49797725722694,0
,2.5709580161412435,39.49880543357868,0
,2.570841239749831,39.49877759587966,0
,2.5706705665623812,39.49901421596306,0
,2.5706526009637023,39.499118606918174,0
,2.570454979378235,39.49922995709612,0
,2.5688919722931725,39.49918124141542,0
,2.5681553827473387,39.4990907693456,0
,2.5677601395764036,39.499118606918174,0
,2.567526586793578,39.49922299771529,0
,2.5667001692543496,39.499974606789074,0
,2.565801889320406,39.50073316689926,0
,2.5648676781891044,39.50174920681575,0
,2.5640232950511974,39.50255646073323,0
,2.563241791508666,39.50323844374636,0
,2.5627746859430154,39.503607268483606,0
,2.561966234002466,39.50434491203882,0
,2.5610320228711645,39.50507558891159,0
,2.5602145881312754,39.50569491848266,0
,2.5597654481643035,39.50604981269549,0
,2.559289359799313,39.50714927728663,0
,2.558373114266691,39.507907758460426,0
,2.5580227850924526,39.50831830900903,0
,2.557402971938031,39.50881931653534,0
,2.5564777436060693,39.50947340421431,0
,2.5558040336556114,39.509925695256086,0
,2.5553459108893,39.51039885809261,0
,2.554815925728273,39.51094159969948,0
,2.55390866299499,39.5115956672395,0
,2.5533068154392478,39.51196444726503,0
,2.5520402407323868,39.51240976391117,0
,2.5511958575944798,39.51281332963648,0
,2.5500280936803525,39.51310556541071,0
,2.5494352289239495,39.51333517836401,0
,2.5481596714177495,39.51377352824158,0
,2.546929027908247,39.51402401263412,0
,2.545626522004028,39.514191001723354,0
,2.544889932458194,39.514177085981366,0
,2.5443868956951854,39.514093591470456,0
,2.543066424192288,39.514184043852715,0
,2.542814905810784,39.51416317023659,0
,2.5431742177843613,39.51410750722932,0

,2.546857165513531,39.513293430611206,0
,2.5469649591056043,39.51323776690149,0
,2.5470727526976775,39.51318906111858,0
,2.5482494994111438,39.5128620356849,0
,2.5484920349933087,39.51280637162676,0
,2.5489052437629227,39.51276462355366,0
,2.5492555729371613,39.51259067297683,0
,2.5493543837298946,39.51254196673661,0
,2.549462177321968,39.51246542828964,0
,2.5495609881147017,39.51238193170509,0
,2.5496687817067754,39.512298435019375,0
,2.549875386091582,39.512047944355345,0
,2.5500101280816736,39.5118392014399,0
,2.550055042078371,39.511748745980206,0
,2.5502346980651596,39.51132429954542,0
,2.550279612061857,39.511206010729,0
,2.5503604572559118,39.5101970684566,0
,2.550486216446664,39.509306403694836,0
,2.5508095972228837,39.50835310131601,0
,2.5510341672063697,39.507768588228,0
,2.5512767027885346,39.50700314692737,0
,2.5513755135812684,39.506369911790976,0
,2.5516000835647543,39.50554182629737,0
,2.5516270319627727,39.50543048631273,0
,2.5516719459594697,39.505221723356854,0
,2.5518066879495613,39.50454671880631,0
,2.552067189130405,39.50347504852165,0
,2.5522019311204964,39.503085346106154,0
,2.55199532673569,39.50261213306882,0
,2.551887533143616,39.50153347356496,0
,2.551905498742295,39.50073316689926,0
,2.5518965159429556,39.50054526746604,0
,2.5521839655218175,39.50038520458198,0
,2.5528666582716153,39.50021122276488,0
,2.553010383061046,39.50006507769922,0
,2.552839709873597,39.49972407134143,0
,2.552291759113891,39.499355225831394,0
,2.551977361137011,39.499216038333714,0
,2.5509623048116543,39.49788678357748,0
,2.5506209584367556,39.497497049576566,0
,2.5505311304433613,39.49721170721494,0
,2.5501718184697837,39.49659926108614,0
,2.5498214892955455,39.49568058169446,0
,2.5497316613021512,39.49507508176783,0
,2.5496508161080964,39.49338382967326,0
,2.549659798907436,39.49259734852246,0
,2.549543022516023,39.49151157219678,0
,2.549120830947069,39.49048842117112,0
,2.548725587776134,39.48967406563009,0
,2.5482854306085017,39.48879009616918,0
,2.5477644282468144,39.48791307590303,0
,2.5473961334738973,39.48727966544292,0
,2.546955976306265,39.48681330457349,0
,2.546012782375624,39.48604066992607,0
,2.5450156916489464,39.4852053794918,0
,2.5440994461163235,39.48444664858195,0
,2.543695220146049,39.48405683863122,0
,2.5430394757942696,39.483367704936875,0
,2.5426262670246556,39.48290827864983,0
,2.5418357806827854,39.48217040578651,0
,2.5410363115415753,39.481606554222914,0
,2.5405961543739424,39.481042698051446,0
,2.5403266703937595,39.480618062584306,0
,2.539850582028769,39.48018646320209,0
,2.5395002528545314,39.47968524762836,0
,2.5390151816902016,39.478787227287114,0
,2.5384941793285143,39.47777084908126,0
,2.5378294521773954,39.4765664911435,0
,2.537568950996552,39.47605828755752,0
,2.5371647250262774,39.47532730323398,0
,2.536895241046094,39.47463112048931,0
,2.5364101698817643,39.47368430068641,0
,2.5361855998982787,39.47304379757187,0
,2.535628666339233,39.472194425578586,0
,2.535269354365656,39.47148428687292,0
,2.534424971227749,39.470363366793016,0
,2.533993796859456,39.46958358556645,0
,2.533347035307016,39.46857403428646,0
,2.532790101747971,39.467606243681125,0
,2.532358927379678,39.46693783361503,0
,2.531828942218651,39.465983945541666,0
,2.531496578643092,39.4653503337699,0
,2.531307939856964,39.464862936142175,0
,2.5304455911203774,39.4640134634807,0
,2.5297090015745436,39.46324057353563,0
,2.5285592032590953,39.46218915080059,0
,2.527930407305335,39.46152765147039,0
,2.5275980437297756,39.46119341781983,0
,2.5271489037628037,39.460531908949925,0
,2.5268345057859234,39.46007929396636,0
,2.52625062382886,39.45943170121527,0
,2.525496068684347,39.458547344315186,0
,2.5247774447371922,39.457746538925754,0
,2.5235378184283497,39.45680645118406,0
,2.523007833267323,39.45653486789832,0
,2.52241496851092,39.456353811781156,0
,2.521624482169049,39.45604044430272,0
,2.520286045067473,39.45598473437992,0
,2.5192709887421167,39.456221501241465,0
,2.518624227189677,39.45630506582233,0
,2.5170971513019724,39.45650004945111,0
,2.5168456329204685,39.456569686327974,0
,2.5161809057693496,39.45666021416293,0
,2.5145101050922145,39.45693179695571,0
,2.513872326339114,39.4570083970375,0
,2.513081839997244,39.457071069768475,0
,2.5118781448857592,39.4572242695381,0
,2.510548690583522,39.45748192292964,0
,2.5096593934489175,39.45773957535989,0
,2.5090395802944965,39.457941518484546,0
,2.5089138211037443,39.457906700746584,0
,2.508859924307708,39.45782313810379,0
,2.5092012706826066,39.45727997846097,0
,2.5095066858601474,39.4565487952723,0
,2.5094258406660925,39.456479158374364,0
,2.5083299391466807,39.4570083970375,0
,2.5074226764133973,39.45741228697269,0
,2.506236946900592,39.45783706521795,0
,2.50562611654551,39.458018117446315,0
,2.5041439546545026,39.45856823476627,0
,2.503021104737073,39.45906264026393,0
,2.5025719647701012,39.459243689279,0
,2.502365360385294,39.45936206722448,0
,2.501754530030212,39.45966845625871,0
,2.501646736438139,39.45971719984334,0
,2.5013772524579556,39.4598077235521,0
,2.5012604760665433,39.459849503685376,0
,2.500640662912122,39.46019070716068,0
,2.4996884861821416,39.46089399880065,0
,2.4990956214257385,39.46147194597432,0
,2.498933931037629,39.46197329382104,0
,2.4989968106330047,39.46282975463773,0
,2.498835120244895,39.463533019397225,0
,2.498287169485189,39.46454264439897,0
,2.4983320834818863,39.46482115904253,0
,2.4990417246297016,39.46571936111336,0
,2.4992393462151696,39.46597002007072,0
,2.49923036341583,39.466373857587705,0
,2.4991764666197933,39.466464372569156,0
,2.49906867302772,39.466506148674405,0
,2.499347139807243,39.466666290176995,0
,2.4994639161986556,39.4666941408352,0
,2.499329174208564,39.466861244548326,0
,2.4992393462151696,39.4669239083365,0
,2.4993561226065824,39.466882132484045,0
,2.49923036341583,39.46687516983951,0
,2.4992034150178117,39.46696568416367,0
,2.4990956214257385,39.46694479625324,0
,2.499185449419133,39.466889095127875,0
,2.4991135870244174,39.46697264679905,0
,2.499149518221775,39.46687516983951,0
,2.499167483820454,39.46697264679905,0
,2.4991585010211144,39.466882132484045,0
,2.4989878278336652,39.46675680477504,0
,2.499104604225078,39.46679161805036,0
,2.4989968106330047,39.46675680477504,0
,2.4990327418303626,39.46684731925438,0
,2.498799189047537,39.46691694569616,0
,2.497891926314254,39.46683339395757,0
,2.4964456956206043,39.4667359168014,0
,2.4947030325487534,39.46654792475435,0
,2.4943347377758363,39.46643652181827,0
,2.493750855818773,39.465983945541666,0
,2.493328664249819,39.465607956840174,0
,2.493140025463691,39.46548262681795,0
,2.4928795242828476,39.464681901861205,0
,2.493122059865012,39.46426412863179,0
,2.4930681630689753,39.46409005570677,0
,2.492547160707288,39.4638185010673,0
,2.4916129495759867,39.4638185010673,0
,2.4905709448526117,39.463950797050714,0
,2.489924183300172,39.46398561174105,0
,2.4886396429946327,39.46413879617001,0
,2.4869598595181577,39.46431286897216,0
,2.485630405215921,39.46446605267501,0
,2.484974660864142,39.46453568151847,0
,2.4838068969500147,39.46425020281394,0
,2.4829265826147497,39.46384635287435,0
,2.481722887503265,39.46344946356319,0
,2.4808066419706427,39.46324057353563,0
,2.4789202541093607,39.46253034271451,0
,2.4785339937377646,39.4624328594826,0
,2.477456057817032,39.46238411781501,0
,2.476710485471859,39.462223966379256,0
,2.4760727067187585,39.46216826144497,0
,2.4750037535973655,39.46190366239333,0
,2.474321060847568,39.46184099404838,0
,2.4729916065453312,39.461659951843444,0
,2.4719316362232777,39.46142320362839,0
,2.4708626831018847,39.46133964524103,0
,2.4700901623586926,39.46169476768897,0
,2.468679862862401,39.46259997351018,0
,2.4683385164875022,39.462746197952555,0
,2.4673773569581825,39.462892422085226,0
,2.4666317846130092,39.46309435014029,0
,2.4662904382381106,39.46324753654672,0
,2.4656346938863316,39.463289314598576,0
,2.4648711559424794,39.46348427850633,0
,2.464269308386737,39.46368620483039,0
,2.4628679916897847,39.46391598234284,0
,2.4611882082133096,39.464166647847854,0
,2.4604426358681364,39.464333757678936,0
,2.459715029121642,39.46445212689788,0
,2.457217810905278,39.4649743416176,0
,2.4559512361984175,39.4651623379497,0
,2.454756523886272,39.46537122216278,0
,2.453445035182714,39.46562188238415,0
,2.452825222028293,39.465754174911865,0
,2.4515496645220924,39.46599090827608,0
,2.450525625397397,39.46622764082851,0
,2.4487829623255455,39.4665200740372,0
,2.4482709427631977,39.46662451416866,0
,2.4468965744642635,39.46695872152755,0
,2.4454144125732564,39.46725811424593,0
,2.444192751863093,39.46755750566587,0
,2.442926177156232,39.46780119539797,0
,2.4416416368506924,39.46807969689551,0
,2.4398989737788415,39.468420859698774,0
,2.4382371559010454,39.46879683307999,0
,2.436862787602111,39.46908229298328,0
,2.4360094216648647,39.4692842029338,0
,2.4346081049679125,39.46956966082162,0
,2.4332606850669967,39.46988992924175,0
,2.4316976779819344,39.470112723788006,0
,2.4298112901206523,39.47046083882694,0
,2.4285447154137914,39.47067666926936,0
,2.4279249022593703,39.47078806536272,0
,2.4270445879241054,39.47134504313269,0
,2.426361895174308,39.47162353033224,0
,2.4251941312601812,39.471978599882064,0
,2.4239095909546413,39.472396326425645,0
,2.422750809839854,39.47279316430031,0
,2.4215111835310115,39.47328746793552,0
,2.420828490781214,39.47350328953918,0
,2.4198134344558575,39.47387227329833,0
,2.418672618939749,39.47424821698631,0
,2.417837218601181,39.47451276872433,0
,2.416660471887715,39.47493047993018,0
,2.4154657595755697,39.47533426502594,0
,2.4141542708720114,39.47575197125964,0
,2.4126451605829864,39.476267138799244,0
,2.4114504482708408,39.476663954417205,0
,2.4103096327547324,39.47708165260266,0
,2.409052040847211,39.47753415611717,0
,2.4079022425317627,39.47793792597888,0
,2.407318360574699,39.47811892549479,0
,2.4066446506242416,39.47840434684378,0
,2.4054948523087933,39.47884291881098,0
,2.4031233932831815,39.47967132492157,0
,2.401533437800101,39.48024215359665,0
,2.400347708287295,39.480736403878794,0
,2.399332651961939,39.48109838775495,0
,2.3985242000213893,39.481342029679226,0
,2.397859472870271,39.48164832116345,0
,2.3971767801204735,39.481898922275555,0
,2.397015089732364,39.48214952247745,0
,2.396979158535006,39.48317975818923,0
,2.3969252617389696,39.48375055783908,0
,2.397042038130382,39.48438400070268,0
,2.397203728518492,39.48501743775032,0
,2.397149831722455,39.4854838107603,0
,2.3971947457191525,39.48567175123126,0
,2.3973025393112257,39.48583880899784,0
,2.397410332903299,39.4858736126483,0
,2.397518126495372,39.48582488753276,0
,2.397365418906602,39.48557430068061,0
,2.3973564361072626,39.48547684999228,0
,2.397446264100657,39.48541420304853,0
,2.3977516792781977,39.48607547347468,0
,2.39787743846895,39.486827225839136,0
,2.398308612837243,39.48791307590303,0
,2.398533182820729,39.488859700474585,0
,2.3990631679817556,39.49011952626253,0
,2.3994763767513696,39.491156603152135,0
,2.399718912333535,39.491622934657855,0
,2.399988396313718,39.49256254826431,0
,2.4002578802939007,39.49349518911136,0
,2.4004734674780477,39.494107662806925,0
,2.40091362464568,39.49507508176783,0
,2.4012370054218994,39.4960146483438,0
,2.4015424205994407,39.49698204055405,0
,2.402126302556504,39.49826955589861,0
,2.4026742533162095,39.49939002266192,0
,2.403069496487145,39.50042000089276,0
,2.4034198256613832,39.501227270372624,0
,2.403599481648172,39.50177704331507,0
,2.4039857420197674,39.502737395659466,0
,2.4043450539933455,39.50377428280989,0
,2.4045606411774916,39.504414500646085,0
,2.4049109703517297,39.50568100102532,0
,2.4050906263385188,39.50619594507565,0
,2.4055128179074723,39.50710056720129,0
,2.406042803068499,39.508151305691065,0
,2.4067883754136723,39.510183151908215,0
,2.407165652985929,39.511094679892835,0
,2.4076327585515798,39.51208273477978,0
,2.4080639329198728,39.51326559876199,0
,2.408216640508643,39.513752654501104,0
,2.4084951072881657,39.51437190611347,0
,2.4087645912683486,39.51567301216008,0
,2.409114920442587,39.51719673614029,0
,2.4093215248273943,39.51815687367319,0
,2.409626940004935,39.519506609611376,0
,2.4097437163963478,39.52042497152691,0
,2.410156925165962,39.52140593550722,0
,2.410435391945484,39.52189293371381,0
,2.4111540158926394,39.52266516667024,0
,2.4118995882378127,39.52363914183999,0
,2.412600246586289,39.52451570772028,0
,2.413130231747316,39.52526704102657,0
,2.413651234109003,39.52588618916671,0
,2.414423754852195,39.52687403198085,0
,2.4149717056119004,39.527500122204856,0
,2.415286103588781,39.5279940338108,0
,2.4155825359669825,39.52846707259212,0
,2.4163640395095136,39.529329664360006,0
,2.4170197838612926,39.5301296390064,0
,2.417486889426943,39.53051918851398,0
,2.4183133069661715,39.53165304329159,0
,2.41865465334107,39.5320982327023,0
,2.4191936213014364,39.53332944468217,0
,2.4196247956697294,39.5341711080023,0
,2.4197325892618027,39.53421979895399,0
,2.4198314000545365,39.534178063854654,0
,2.419876314051234,39.53409459358004,0
,2.419840382853876,39.53418501970628,0
,2.4203164712188663,39.53472061817356,0
,2.420990181169324,39.535270123960245,0
,2.4209093359752694,39.53533968134213,0
,2.420720697189141,39.5351101417153,0
,2.4206937487911224,39.53454672302397,0
,2.4204152820116,39.53389287333211,0
,2.419921228047931,39.53289817519377,0
,2.419346328890207,39.53165999939825,0
,2.4188882061238957,39.53074178724346,0
,2.418546859748997,39.529684436871435,0
,2.4183582209628685,39.528474029020565,0
,2.418286358568153,39.527597513506045,0
,2.4181605993774014,39.52697142416719,0
,2.4180258573873097,39.526018366138786,0
,2.417909080995897,39.52548965672887,0
,2.4178102702031627,39.524404398385435,0
,2.4177833218051448,39.52375740931597,0
,2.418304324166832,39.52312432810862,0
,2.418717532936446,39.522825177821915,0
,2.4192565008968123,39.52269299472331,0
,2.4206488347944255,39.52272777977384,0
,2.4216369427217637,39.52256081137109,0
,2.422400480665616,39.52228948685365,0
,2.423199949806826,39.52218513098551,0
,2.4244844901123654,39.52189989080612,0
,2.4256971680231896,39.521712049067474,0
,2.4271074675194813,39.5215450782032,0
,2.428598612209828,39.521392021222184,0
,2.429820272919992,39.52117634944451,0
,2.4328295106987037,39.52051541559894,0
,2.433781687428684,39.52025104028552,0
,2.435856714076094,39.519972749386056,0
,2.4367999080067353,39.51977794508765,0
,2.438353932292458,39.51962488418112,0
,2.439566610203282,39.51954835360035,0
,2.4410667376929682,39.51906133882213,0
,2.4417314648440867,39.518915233717436,0
,2.443258540731791,39.5184073421338,0
,2.444507149839973,39.51808034146196,0
,2.445944397734283,39.51779508428949,0
,2.4472828348358595,39.51756548619541,0
,2.448055355579051,39.517384590188534,0
,2.448756013927527,39.51706454224384,0
,2.4496183626641135,39.51679319608289,0
,2.450444780203342,39.51657750991075,0
,2.4519628732917065,39.51615309321378,0
,2.4532024996005495,39.515979151189384,0
,2.4540289171397776,39.51588174346393,0
,2.4554302338367298,39.515638223547974,0
,2.458134056437901,39.51545732248194,0
,2.45958926993089,39.51545732248194,0
,2.460577377858228,39.51545732248194,0
,2.461520571788869,39.51533904075891,0
,2.4629398540845004,39.51526946317996,0
,2.4636764436303342,39.51519988553074,0
,2.464493878370223,39.514998109950795,0
,2.4652663991134145,39.514664135278984,0
,2.4657694358764233,39.5142188331989,0
,2.465895195067175,39.51396139162132,0
,2.4657784186757628,39.513690033241744,0
,2.465401141103506,39.51318906111858,0
,2.4652843647120934,39.51293161569436,0
,2.465329278708791,39.512743749507614,0
,2.466128747850001,39.51218710594775,0
,2.4664341630275417,39.51202011200315,0
,2.4665958534156514,39.51188790817668,0
,2.4663353522348075,39.51208273477978,0
,2.4657784186757628,39.51243063805836,0
,2.465356227106809,39.51259763100832,0
,2.465230467916057,39.512604589039114,0
,2.4651496227220018,39.51254196673661,0
,2.465086743126626,39.51236801559781,0
,2.465194536718699,39.512402805860695,0

,2.4650597947286075,39.51232626725918,0
,2.465194536718699,39.51247934437722,0
,2.4652843647120934,39.51266025326022,0
,2.465329278708791,39.512743749507614,0
,2.4653921583041667,39.51283420366145,0
,2.4654909690969005,39.51301511161301,0
,2.465535883093598,39.51309860743048,0
,2.465679607883029,39.51346737941435,0
,2.4657155390803864,39.51355783261849,0
,2.4657514702777443,39.51374569658619,0
,2.4657694358764233,39.5138431073308,0
,2.465787401475102,39.51403097052091,0
,2.465787401475102,39.51412142298534,0
,2.4656706250836895,39.51429536969868,0
,2.4650957259259654,39.514455400287176,0
,2.464826241945782,39.514455400287176,0
,2.4645926891629566,39.514511063013494,0
,2.463990841607214,39.51441365321296,0
,2.4638740652158018,39.51436494826108,0
,2.4634518736468483,39.51412142298534,0
,2.4633350972554355,39.51406575994434,0
,2.4631195100712886,39.51393356004182,0
,2.462894940087803,39.51380831779496,0
,2.4627961292950693,39.513738738670604,0
,2.461951746157162,39.51322385096704,0
,2.461852935364428,39.5131612292272,0
,2.461565485785566,39.5129524896835,0
,2.4614666749928324,39.51288290969511,0
,2.46117922541397,39.512653295235054,0
,2.461089397420576,39.51257675691172,0
,2.4609277070324658,39.51243759610604,0
,2.4608378790390715,39.51235409948775,0
,2.4599755303024855,39.51152608588133,0
,2.459247923555991,39.51087897588603,0
,2.459122164365239,39.510698062327556,0
,2.4590413191711837,39.51060064713784,0
,2.458978439575808,39.51049627356749,0
,2.4585742136055333,39.51009965255884,0
,2.457702882069608,39.509195069790394,0
,2.456804602135664,39.50829743361643,0
,2.4560320813924723,39.507455454177766,0
,2.4548733002776846,39.5064673329598,0
,2.4538043471562916,39.50553486755361,0
,2.452915050021687,39.50461630720985,0
,2.452205408873872,39.50401088574629,0
,2.4512173009465332,39.50330803347045,0
,2.4507951093775797,39.50294616613819,0
,2.449869881045618,39.50157522844039,0
,2.449160239897802,39.50068445228055,0
,2.4486302547367753,39.49979366461265,0
,2.4485673751413994,39.4996892746795,0
,2.448306873960555,39.49931346961159,0
,2.4482439943651793,39.49922995709612,0
,2.4481362007731065,39.49904901296565,0
,2.4480194243816933,39.498881987193016,0
,2.4479385791876385,39.49879847415498,0
,2.447857733993583,39.49870104214942,0
,2.4467438668754933,39.49727434344424,0
,2.4463216753065398,39.49682892902186,0
,2.446043208527017,39.49642526971655,0
,2.4455491545633476,39.495778017967694,0
,2.4452796705831648,39.49524211676135,0
,2.4452347565864674,39.49513076014395,0
,2.444156820665735,39.49324463012276,0
,2.4437166634981025,39.49238158663907,0
,2.443456162317259,39.49220758462857,0
,2.443213626735094,39.49222846489298,0
,2.442908211557553,39.49195702096224,0
,2.442432123192563,39.491838698914506,0
,2.4421806048110586,39.49185261916595,0
,2.440958944100895,39.49163685495283,0
,2.4406265805253358,39.491497651876486,0
,2.440608614926657,39.491121802167065,0
,2.44072539131807,39.49093387654434,0
,2.4411475828870235,39.49055802376282,0
,2.4417853616401235,39.4896879863184,0
,2.4422973812024713,39.48879705660287,0
,2.4428543147615165,39.48789219433221,0
,2.4431237987417,39.48742583760378,0
,2.4435100591132954,39.4869455564836,0
,2.4437346290967814,39.486395665298105,0
,2.4443903734485604,39.48543508536943,0
,2.4450640833990183,39.48461370931518,0
,2.445531188964669,39.48390369840511,0
,2.446492348493989,39.48288739556412,0
,2.447193006842465,39.4820172613732,0
,2.4478487511942437,39.48111927138215,0
,2.4485494095427205,39.48019342450387,0
,2.4494566722760034,39.4791213757561,0
,2.450022588634388,39.478223348076504,0
,2.450678332986167,39.47724176957007,0
,2.4511813697491758,39.47642725765653,0
,2.4517472861075604,39.47577981825199,0
,2.4523221852652846,39.47513933458504,0
,2.452995895215742,39.474011511940056,0
,2.4533731727879986,39.47337797385149,0
,2.4540828139358144,39.47254949219149,0
,2.4546217818961806,39.47203429690061,0
,2.4553943026393723,39.47127542115724,0
,2.456157840583224,39.47043995197413,0
,2.456804602135664,39.46982030579856,0
,2.4574154324907456,39.4692981277362,0
,2.458116090839222,39.468497447035105,0
,2.458861663184395,39.46769675704669,0
,2.4595443559341925,39.466861244548326,0
,2.460613309055586,39.46577506318252,0
,2.4613948125981167,39.465016118624526,0
,2.4619158149598044,39.46459834741758,0
,2.462697318502335,39.46385331582436,0
,2.46342492524883,39.46300383074036,0
,2.463496787643545,39.462934200351974,0
,2.4635686500382605,39.46286456989337,0
,2.4637123748276917,39.46270441957205,0
,2.463856099617123,39.46253034271451,0
,2.464044738403251,39.462363228518385,0
,2.4649340355378553,39.461659951843444,0
,2.466344335034147,39.46087310905317,0
,2.4676827721357233,39.46003751397216,0
,2.4680690325073193,39.45978683347602,0
,2.4683385164875022,39.459605785885046,0
,2.4687966392538137,39.45927154293148,0
,2.4689044328458873,39.4591949453601,0
,2.4694074696088957,39.45887462732279,0
,2.4694883148029505,39.45881195622866,0
,2.4695961083950237,39.458742321612874,0
,2.4699554203686014,39.458435928469335,0
,2.470422525934252,39.45808078926093,0
,2.4710603046873523,39.45776742961909,0
,2.471751980236489,39.4575167408818,0
,2.4724975525816624,39.456987506114515,0
,2.4732251593281567,39.45625631982913,0
,2.4734856605090005,39.45602651682624,0
,2.4740156456700273,39.45555994474072,0
,2.474518682433036,39.45523960984211,0
,2.475461876363677,39.454564116164015,0
,2.4765847262811067,39.45357523721466,0
,2.4788753401126633,39.452077963969906,0
,2.479908362036699,39.45145118878816,0
,2.4807257967765874,39.45071297961317,0
,2.4816420423092103,39.450100120719426,0
,2.482702012631264,39.44943154117924,0
,2.483995535736143,39.44876295516782,0
,2.485064488857536,39.448136149905004,0
,2.4869239283208002,39.44707753254696,0
,2.48803779543889,39.44633231191415,0
,2.489124714158962,39.445775132357106,0
,2.4900948564876217,39.44539903361572,0
,2.4909392396255288,39.44493935459573,0
,2.4920800551416376,39.44431251463939,0
,2.4930591802696362,39.44360208914678,0
,2.494065253795653,39.44303792252226,0
,2.49523301770978,39.44217425111112,0
,2.4967151796007876,39.44130360368095,0
,2.497909891912933,39.44062797371528,0
,2.4985925846627297,39.440140401594896,0
,2.5007574393035346,39.43867766459115,0
,2.502095876405111,39.43780697310255,0
,2.5031558467271644,39.43721489662389,0
,2.504296662243273,39.43653226097618,0
,2.5055452713514548,39.435745131910146,0
,2.5065603276768114,39.4351878669741,0
,2.507611315199526,39.43452610902626,0
,2.50867128552158,39.43389917459915,0
,2.509722273044294,39.43331403066952,0
,2.510970882152476,39.432485068288976,0
,2.5121206804679237,39.43175362263778,0
,2.513827412342417,39.430715653142336,0
,2.5145550190889114,39.43023497742447,0
,2.5146538298816457,39.43017228034526,0
,2.516100060575295,39.4292945152653,0
,2.5166300457363215,39.42898799150048,0
,2.5169085125158444,39.4287720307591,0
,2.517007323308578,39.428695399366134,0
,2.517330704084798,39.428500337255166,0
,2.517645102061678,39.42828437499029,0
,2.5188308315744843,39.42761558434181,0
,2.5198997846958773,39.427023420554455,0
,2.5209058582218944,39.42636158443645,0
,2.5223071749188466,39.425567372731194,0
,2.523322231244203,39.42491945642446,0
,2.5245618575530457,39.4241739968176,0
,2.5256847074704756,39.42344246322128,0
,2.52625062382886,39.423128946453424,0
,2.527220766157519,39.42246707305265,0
,2.5276339749271335,39.42218142046974,0
,2.5290173260254067,39.42136625904906,0
,2.5301222103441576,39.42064863035701,0
,2.531586406636486,39.41983345086575,0
,2.532835015744668,39.4190879364221,0
,2.5340297280568134,39.418293641162,0
,2.5345686960171796,39.41794526316959,0
,2.5352244403689586,39.41759688342212,0
,2.536598808667893,39.416879215610734,0
,2.537622847792589,39.41621728238606,0
,2.538628921318606,39.415631988783275,0
,2.539105009683596,39.415311468758915,0
,2.53919483767699,39.41524179029619,0
,2.5393205968677424,39.415165143906115,0
,2.539437373259155,39.41508849743108,0
,2.5395451668512283,39.414997915123806,0
,2.5396349948446226,39.41491430058101,0
,2.5407578447620525,39.4141478292283,0
,2.541611210699299,39.41356251811169,0
,2.5425454218306007,39.413019010496704,0
,2.5435784437546363,39.412357040325126,0
,2.5444318096918828,39.41161144528216,0
,2.545303141227808,39.41100520787445,0
,2.54622836955977,39.410294440009245,0
,2.547207494687769,39.40974393831043,0
,2.5482315338124653,39.40908193679471,0
,2.5493723493285736,39.408364180624766,0
,2.55038740565393,39.40774397754814,0
,2.551528221170039,39.40704014484925,0
,2.55278581307756,39.40623177370654,0
,2.5538368006002745,39.405562769755456,0
,2.5548249085276127,39.40498435487485,0
,2.5563879156126745,39.404015673340496,0
,2.5577622839116088,39.40320029779539,0
,2.5590019102204513,39.40241278921528,0
,2.5595229125821386,39.402099177108276,0
,2.560555934506174,39.401374379244444,0
,2.562190803985952,39.400308076278684,0
,2.5630621355218777,39.39968780098115,0
,2.5641760026399676,39.39903964220158,0
,2.5653617321527737,39.39828693406451,0
,2.566583392862937,39.39754815700563,0
,2.5679667439612106,39.39663512917789,0
,2.569044679881943,39.395966032434515,0
,2.5697094070330615,39.39549208499398,0
,2.570472944976914,39.39505298373349,0
,2.5725389888249843,39.39377051330787,0
,2.5733743891635523,39.39319199984915,0
,2.574964344646633,39.392216183058274,0
,2.5755122954063387,39.39187464393125,0
,2.5767609045145203,39.39106609560719,0
,2.577614270451767,39.39055726294047,0
,2.578126290014115,39.39013207113108,0
,2.5787461031685366,39.389783551306785,0
,2.579698279898517,39.389093476877775,0
,2.5806774050265155,39.388263984368926,0
,2.58156670216112,39.38761571859822,0
,2.582509896091761,39.386869856921685,0
,2.583048864052127,39.38640281794883,0
,2.5841896795682358,39.385524497316396,0
,2.5851238906995375,39.3847786131094,0
,2.587064175356856,39.383321675920264,0
,2.5878007649026897,39.382687306128176,0
,2.588851752425404,39.38201807455305,0
,2.5899117227474577,39.381195468546906,0
,2.590792037082723,39.38037982412924,0
,2.591735231013364,39.37997548401838,0
,2.5925257173552345,39.37948748418856,0
,2.593648567272664,39.37895765190801,0
,2.5941336384369937,39.37858118966622,0
,2.595139711963011,39.37794677644315,0
,2.5962176478837433,39.37722869732138,0
,2.596837461038165,39.376880112538885,0
,2.597825568965503,39.376189909493114,0
,2.598283691731814,39.37582040402545,0
,2.5985531757119973,39.37560427727208,0
,2.5994963696426385,39.37508835906966,0
,2.600170079593096,39.37464912838208,0
,2.6006820991554442,39.37420989490891,0
,2.60123004991515,39.373931015067505,0
,2.601697155480801,39.373561497547975,0
,2.6028379709969096,39.372808512349906,0
,2.6038440445229263,39.37212524091931,0
,2.6041674252991465,39.37195093590388,0
,2.6046255480654574,39.37158838006675,0
,2.6057304323842083,39.371030598150185,0
,2.6067185403115465,39.370347309181156,0
,2.6072036114758763,39.36998474495037,0
,2.608649842169526,39.369092271066556,0
,2.609871502879689,39.36809519680098,0
,2.6105631784288263,39.367628031193895,0
,2.6110213011951373,39.367251507367065,0
,2.6123417726980347,39.36653331735633,0
,2.6133119150266944,39.365836038378006,0
,2.6144527305428027,39.36496442978622,0
,2.6153869416741045,39.364406594532795,0
,2.616033703226544,39.3638836199036,0
,2.617273329535386,39.36308869090694,0
,2.618369231054798,39.362314672330925,0
,2.6195998745643005,39.36149183229099,0
,2.6206059480903177,39.36082936922645,0
,2.621306606438794,39.360341234494605,0
,2.621791677603124,39.35997861789638,0
,2.624028394638644,39.35850721184364,0
,2.625142261756734,39.3577470893692,0
,2.6256902125164396,39.35725893292489,0
,2.6266244236477414,39.3566452456592,0
,2.6271005120127318,39.356275635933926,0
,2.6280976027394094,39.35559220143834,0
,2.629220452656839,39.35485994271423,0
,2.6303433025742686,39.35407885821429,0
,2.6320680000474406,39.35292813733422,0
,2.633154918767513,39.35221677305286,0
,2.6343226826816397,39.35155422132242,0
,2.635427567000391,39.350898637587264,0
,2.636110259750188,39.3504941253809,0
,2.6365055029211235,39.35048715101182,0
,2.637951733614773,39.35064058696964,0
,2.638589512367873,39.350731253512315,0
,2.638832047950038,39.350703356127184,0
,2.6399548978674674,39.35005473875801,0
,2.6404759002291547,39.34974088946506,0
,2.6414190941597964,39.34903646698931,0
,2.642506012879868,39.348318088181436,0
,2.643565983201922,39.34766247384024,0
,2.64423071035304,39.34728584152106,0
,2.6455332162572582,39.346560469807756,0
,2.646548272582615,39.34600248640228,0
,2.647060292144963,39.34569559361497,0
,2.6484616088419153,39.34522827698874,0
,2.6491263359930337,39.34492138077435,0
,2.6499976675289596,39.34442615901834,0
,2.6504737558939495,39.34409833421995,0
,2.6515876230120403,39.343589156459686,0
,2.652566748140039,39.34303114914041,0
,2.653698580856808,39.34254986422054,0
,2.654201617619816,39.34229178252516,0
,2.654282462813871,39.34211042724563,0
,2.6541656864224588,39.341956972407836,0
,2.6540399272317066,39.34194999717988,0
,2.654012978833688,39.34222203055069,0
,2.654929224366311,39.342989298410444,0
,2.6552076911458338,39.34314275096355,0
,2.6554951407246956,39.34298232328632,0
,2.655728693507521,39.343024174020506,0
,2.655971229089686,39.34282887037816,0
,2.6560880054810987,39.34280096981291,0
,2.6569862854150426,39.34328225298982,0
,2.6576420297668215,39.34370075738464,0
,2.658252860121903,39.34399370895802,0
,2.6592858820459386,39.34425875931496,0
,2.660139247983185,39.344795831931485,0
,2.661253115101275,39.34520037738901,0
,2.6617381862656053,39.345472398007324,0
,2.6625107070087966,39.34606525975958,0
,2.6630945889658606,39.34654652027737,0
,2.6632113653572733,39.34656744457193,0
,2.6638940581070703,39.346148957480914,0
,2.6639659205017856,39.34607223457355,0
,2.6639299893044277,39.34588391435003,0
,2.6640826968931983,39.34541659899314,0
,2.66485521763639,39.34468423276918,0
,2.665717566372976,39.34397975891115,0
,2.6668583818890848,39.34314275096355,0
,2.6677656446223676,39.3424382614431,0
,2.6684483373721655,39.34185234391464,0
,2.669032219329229,39.341482655307544,0
,2.669912533664494,39.34078512426594,0
,2.670864710394474,39.34008061079155,0
,2.6717629903284177,39.33933423722333,0
,2.6726792358610405,39.33846229531058,0
,2.673523618998948,39.33776473388663,0
,2.6746644345150568,39.33670442708398,0
,2.6759579576199353,39.33575571778246,0
,2.6770628419386866,39.334918610562546,0
,2.6779431562739515,39.334200085474016,0
,2.678967195398647,39.33359317013411,0
,2.6798924237306094,39.33287463131439,0
,2.680700875671159,39.332372347330754,0
,2.6812218780328463,39.33193284586137,0
,2.682093209568772,39.331249171373784,0
,2.683072334696771,39.33056549014771,0
,2.684482634193062,39.329505073282434,0
,2.68500363655475,39.32918415445698,0
,2.6854437937223823,39.32882137486652,0
,2.685991744482088,39.328430687032025,0
,2.6868990072153713,39.327698141411915,0
,2.687842201146012,39.32701442518748,0
,2.68947707062579,39.32571674116932,0
,2.690231625770303,39.32518649770358,0
,2.6921359792302635,39.32367946783306,0
,2.692926465572134,39.32302362053746,0
,2.693375605539106,39.322681740233875,0
,2.6943726962657837,39.32199797457309,0
,2.6953338557951034,39.32123047447867,0
,2.69634891212046,39.32046296589502,0
,2.697372951245156,39.319688471355384,0
,2.6982712311790995,39.31899769866225,0
,2.698702405547393,39.318613933083775,0
,2.6993312015011535,39.31825109822143,0
,2.699789324267465,39.31787430616416,0
,2.700400154622547,39.317350980468554,0
,2.7014062281485636,39.31660436231167,0
,2.7022595940858105,39.31598333735181,0
,2.7030141492303232,39.31523670448174,0
,2.7036339623847447,39.31482500628606,0
,2.704208861542469,39.31447610759832,0
,2.705107141476412,39.31379923914237,0
,2.7055383158447053,39.3134224229149,0
,2.706553372170062,39.31270367517901,0
,2.7071821681238224,39.312152397600286,0
,2.7083229836399307,39.31134291879074,0
,2.7094368507580215,39.31049156020264,0
,2.710236319899231,39.30977278211805,0
,2.7114220494120373,39.3089772326481,0
,2.7125089681321093,39.30823052441248,0
,2.7133982652667132,39.307455893362516,0
,2.7147636507663084,39.30645095371506,0
,2.71569786189761,39.305718176051485,0
,2.716685969824948,39.3050830958203,0
,2.7176920433509655,39.304273534575735,0
,2.718266942508689,39.303861771355685,0
,2.7194886032188523,39.30286375884304,0
,2.720701281129677,39.301984379286196,0
,2.721563629866263,39.30117478191143,0
,2.722533772194922,39.30044892796414,0
,2.7233601897341506,39.29986963523537,0
,2.7242405040694155,39.29910189043767,0
,2.7251208184046805,39.29843883128168,0
,2.7261268919306976,39.29768503002523,0
,2.7271329654567147,39.29684048371376,0
,2.728498350956309,39.29585633001367,0
,2.7293876480909134,39.295130420475466,0
,2.7303667732189125,39.29423698293616,0
,2.731462674738324,39.29343427534577,0
,2.7326034902544323,39.29258269715235,0
,2.7335556669844125,39.291779970443756,0
,2.7344090329216595,39.291074959335226,0
,2.73503782887542,39.290579353183794,0
,2.7360079712040792,39.28979056427031,0
,2.736888285539344,39.28899478584798,0
,2.737723685877912,39.288296727094945,0
,2.7382716366376174,39.28786392714546,0
,2.739313641360993,39.287096049631785,0
,2.73983464372268,39.28665626141515,0
,2.7404185256797433,39.28628627869578,0
,2.7412179948209534,39.285525364646034,0
,2.742295930741686,39.284715575402885,0
,2.7428169331033736,39.28429671519431,0
,2.7435445398498683,39.283661439058854,0
,2.7446224757706004,39.28280974106053,0
,2.745628549296618,39.28207671393246,0
,2.7464100528391486,39.28152519318589,0
,2.7472544359770557,39.28086894760712,0
,2.747955094325532,39.28026156585748,0
,2.7492396346310715,39.279374918599714,0
,2.75022774255841,39.2787116711288,0
,2.750847555712831,39.278174086955126,0
,2.751871594837527,39.27753875484302,0
,2.7527878403701496,39.276770763217456,0
,2.7539466214849373,39.27606559979676,0
,2.754979643408973,39.2755140313423,0
,2.7561024933264022,39.2749345306558,0
,2.7567672204775207,39.27458543152466,0
,2.7573960164312816,39.27419443841608,0
,2.758411072756638,39.273656819300456,0
,2.759506974276049,39.27310523173011,0
,2.7605310134007457,39.27251872875251,0
,2.7611418437558273,39.27214168851078,0
,2.7618065709069453,39.271827486747064,0
,2.7629024724263576,39.27126191999336,0
,2.763944477149732,39.27065445428052,0
,2.7651751206592348,39.26996319373611,0
,2.765983572599784,39.269488384531456,0
,2.767088456918535,39.26892978131516,0
,2.7681394444412497,39.26834324310718,0
,2.769118569569248,39.267826526776325,0
,2.7701336258946045,39.26726092747094,0
,2.771238510213356,39.26671627193899,0
,2.7718134093710796,39.26638109718312,0
,2.772963207686528,39.265773588819485,0
,2.774175885597352,39.265152109253556,0
,2.77516399352469,39.264579505185914,0
,2.776475482228248,39.26386025193126,0
,2.77757138374766,39.26337143479326,0
,2.778469663681603,39.262770883319256,0
,2.77932302961885,39.262051611355524,0
,2.779808100783179,39.26170943081936,0
,2.7808770539045726,39.261157748449875,0
,2.78284428695991,39.25992866819321,0
,2.7837874808905507,39.25927920223985,0
,2.7852157459855214,39.2584132382001,0
,2.7863296131036117,39.25779169284693,0
,2.7873626350276473,39.257184109435954,0
,2.788449553747719,39.25657652071689,0
,2.7889346249120486,39.25622034555172,0
,2.7897700252506166,39.255787345835444,0
,2.790291027612304,39.25550100583264,0
,2.7912701527403025,39.25483054658029,0
,2.792419951055751,39.25413912870721,0
,2.7934619557791254,39.25350357692296,0
,2.794584805696555,39.25277024072502,0
,2.795294446844371,39.25232325105954,0
,2.7960310363902052,39.25193213274597,0
,2.7965969527485894,39.25154799654738,0
,2.7970999895115978,39.251198779980584,0
,2.7975042154818723,39.250989249199,0
,2.79786352745545,39.25088448357151,0
,2.7988965493794855,39.25022794871346,0
,2.7994355173398517,39.249948570298734,0
,2.8006032812539785,39.249250119353164,0
,2.801582406381977,39.24867738434502,0
,2.802543565911298,39.24811162928085,0
,2.8031543962663794,39.247685563788046,0
,2.803702347026085,39.2473922057024,0
,2.804241314986451,39.246819455398665,0
,2.8052384057131285,39.246197806440186,0
,2.8061366856470724,39.245485347994105,0
,2.8064241352259347,39.24531770965242,0
,2.8075469851433645,39.24449348193077,0
,2.8087776286528676,39.243697184858824,0
,2.8099813237643523,39.24288690830842,0
,2.810924517694993,39.242370002820806,0
,2.811445520056681,39.241915961049045,0
,2.8119755052177076,39.24161559332567,0
,2.8122000752011935,39.24151081358225,0
,2.812478541980716,39.24127331224637,0
,2.813439701510036,39.24060970127592,0
,2.81433798144398,39.24001593872753,0
,2.814876949404346,39.23961078019838,0
,2.8161974209072436,39.238828398432084,0
,2.8171406148378844,39.23820667807801,0
,2.8175089096108015,39.237941222751694,0
,2.8186137939295524,39.2372915514975,0
,2.8203834053994212,39.236194780887985,0
,2.8214793069188326,39.235517149644124,0
,2.8222787760600427,39.23501416136204,0
,2.823374677579454,39.23428761631508,0
,2.8246322694869757,39.23356106368413,0
,2.82599765498657,39.232631903595504,0
,2.8272732124927704,39.2319123199672,0
,2.828333182814824,39.23128355148384,0
,2.8289889271666033,39.230759573409216,0
,2.829833310304511,39.230270523647825,0
,2.830848366629867,39.22964174033476,0
,2.831549024978343,39.22913172303153,0
,2.8325820469023784,39.22850292943245,0
,2.833615068826414,39.227776316422485,0
,2.8348457123359165,39.2269938016229,0
,2.835968562253347,39.226295120262556,0
,2.836857859387951,39.22571520940859,0
,2.8373968273483174,39.225407784828214,0
,2.8387083160518753,39.22452043808516,0
,2.840199460742222,39.22353526034359,0
,2.8404060651270293,39.22340250483043,0
,2.8410079126827714,39.22313699304477,0
,2.8420589002054855,39.2224941708446,0
,2.843064973731503,39.22184435541515,0
,2.8439003740700706,39.221439091109346,0
,2.8449244131947666,39.22079625323482,0
,2.8458586243260684,39.22018135928022,0
,2.8472779066216996,39.219342858774006,0
,2.8484905845325232,39.218609162549164,0
,2.849200225680339,39.21811303976897,0
,2.84982003883476,39.21772172916752,0
,2.851005768347566,39.21708584475079,0
,2.8519759106762255,39.21642899101545,0
,2.853314347777802,39.21560442117408,0
,2.8543563525011764,39.214940565479644,0
,2.8557217380007716,39.214102001874124,0
,2.8568356051188615,39.21336825043768,0
,2.857877609842236,39.212767267312685,0
,2.8589196145656115,39.212124349391985,0
,2.859512479322014,39.21171902852272,0
,2.8615156435747084,39.21043316739764,0
,2.8620366459363957,39.21012567535114,0
,2.8626474762914778,39.20951068718635,0
,2.863473893830706,39.208804841805865,0
,2.8643811565639896,39.20813393263673,0
,2.865108763310484,39.20768665626789,0
,2.865557903277456,39.207337219606686,0
,2.866528045606115,39.2067152180134,0
,2.8676598783228844,39.20605127760121,0
,2.868621037852204,39.2054642092294,0
,2.87013014814123,39.20452069612573,0
,2.8713607916507327,39.20370996354939,0
,2.8721512779926037,39.20333953949128,0
,2.8747383242023616,39.20163416559597,0
,2.875663552534324,39.200949208595034,0
,2.876741488455056,39.20024327647768,0
,2.877891286770504,39.199593253451596,0
,2.8792117582734016,39.19878246354497,0
,2.8802896941941345,39.1980695197987,0
,2.8812418709241148,39.197398507257404,0
,2.8818886324765542,39.196881264014124,0
,2.88227489284815,39.1964618747826,0
,2.8832091039794516,39.19574890729732,0
,2.8840534871173586,39.19496603263816,0
,2.8850326122453573,39.194155188899714,0
,2.88594885777798,39.193463168248805,0
,2.8865147741363653,39.193015797706984,0
,2.8870717076954104,39.19245658049203,0
,2.8880238844253903,39.19178551391212,0
,2.8889850439547105,39.19106550821006,0
,2.890000100280067,39.19042938047994,0
,2.890988208207405,39.18959751238178,0
,2.8918775053420096,39.188863502875265,0
,2.892919510065384,39.18793374640609,0
,2.893808807199989,39.18721370092171,0
,2.894653190337896,39.18647966631708,0
,2.8956412982652338,39.185668723864225,0
,2.896773130982003,39.18470396969572,0
,2.897895980899433,39.18371123770338,0
,2.8994230567871377,39.18239689473073,0
,2.9002854055237237,39.18171174867732,0
,2.900770476688053,39.18127129408818,0
,2.90161485982596,39.18044630816613,0
,2.9028185549374452,39.179397583159535,0
,2.9041749576377005,39.17827193410447,0
,2.9052618763577724,39.177397970445796,0
,2.906115242295019,39.176691799810015,0
,2.906303881081147,39.17654497135422,0
,2.9064116746732207,39.17611846789628,0
,2.906285915482468,39.17551716350875,0
,2.906375743475863,39.17448234847235,0
,2.906564382261991,39.173496463109835,0
,2.9067440382487795,39.17263642407341,0
,2.906977591031605,39.17240568008881,0
,2.9073189374065036,39.17227282714537,0
,2.9075794385873475,39.17227981941185,0
,2.9079297677615856,39.172349742038186,0
,2.9081723033437505,39.17232876525765,0
,2.908378907728557,39.17241267234198,0
,2.9084956841199703,39.17259447067844,0
,2.9085226325179883,39.172993026911946,0
,2.9081543377450716,39.173391580868255,0
,2.907902819363567,39.173874037873816,0
,2.9079746817582826,39.174146729487816,0
,2.9081543377450716,39.17428657092762,0
,2.9082800969358233,39.17428657092762,0
,2.909349050057217,39.1734335337838,0
,2.909537688843345,39.173300682797944,0
,2.9096634480340975,39.173272714137134,0
,2.909825138422207,39.173412557329186,0
,2.909816155622867,39.173936966802444,0
,2.9099329320142804,39.17441942003575,0
,2.9104269859779492,39.17523049331312,0
,2.910705452757472,39.175559115145845,0
,2.9110827303297286,39.175601066757736,0
,2.9120708382570664,39.175132605659385,0
,2.9123133738392313,39.1750766697956,0
,2.912672685812809,39.175118621697656,0
,2.9129152213949734,39.17532838082946,0
,2.913265550569212,39.176160419171715,0
,2.9134452065560006,39.17641212629452,0
,2.9136518109408076,39.1765100121525,0
,2.9140829853091006,39.17613944353715,0
,2.9142985724932475,39.17590171923783,0
,2.9146399188681453,39.175880743525454,0
,2.9149812652430445,39.176496028466936,0
,2.9152238008252094,39.176537979515274,0
,2.915403456811998,39.1762792809818,0
,2.915385491213319,39.175747897200615,0
,2.9151070244337967,39.17520252542607,0
,2.91505312763776,39.17500674990276,0
,2.9151070244337967,39.17368525074731,0
,2.915080076035778,39.1726504085328,0
,2.9149812652430445,39.17153863526354,0
,2.914756695259558,39.16985346086511,0
,2.9146399188681453,39.169070295422415,0
,2.9149453340456866,39.16863675362897,0
,2.914999230841723,39.16844095967783,0
,2.914684832864843,39.167441003429715,0
,2.9143165380919256,39.16669976787055,0
,2.9140470541117427,39.165615871508216,0
,2.913831466927596,39.16484664451988,0
,2.9137685873322203,39.16476272833542,0
,2.9136518109408076,39.164769721354645,0
,2.9136338453421287,39.164867623550236,0
,2.914056036911082,39.16521727312745,0
,2.914199761700513,39.166077403630624,0
,2.9143884004866414,39.166531939858146,0
,2.914208744499853,39.167392054154504,0
,2.914172813302495,39.16797245049287,0
,2.9137596045328804,39.168937436126846,0
,2.9137416389342015,39.16923811732883,0
,2.9137685873322203,39.16932902069291,0
,2.9136877421381655,39.169398946277,0
,2.913579948546092,39.16934999837549,0
,2.913346395763267,39.16867870940415,0
,2.913355378562606,39.167671763835976,0
,2.913337412963927,39.16677668890799,0
,2.9136158797434497,39.16581866630165,0
,2.9137326561348624,39.16482566548323,0
,2.9142267100985317,39.16425922910913,0
,2.9143434864899445,39.163986498844565,0
,2.914127899305798,39.162510939697476,0
,2.913984174516367,39.16148292507309,0
,2.9140290885130637,39.160993388976664,0
,2.914038071312403,39.16041293458379,0
,2.9140650197104216,39.16001430648151,0
,2.914038071312403,39.15992339098139,0
,2.913921294920991,39.15990940397086,0
,2.9137057077368445,39.160545810111884,0
,2.9138045185295782,39.16140599819963,0
,2.914038071312403,39.162161276558805,0
,2.914199761700513,39.162510939697476,0
,2.914181796101834,39.16269276383717,0
,2.9139751917170273,39.16279766216379,0
,2.913858415325615,39.16279066894692,0
,2.9131847053751567,39.16384663675692,0
,2.9129691181910102,39.16430818058225,0
,2.912699634210827,39.16484664451988,0
,2.9125828578194146,39.16544104793734,0
,2.9126098062174326,39.16583265212775,0
,2.9128972557962944,39.16634313286162,0
,2.913247584970533,39.16660886108059,0
,2.913849432526275,39.16677668890799,0
,2.9143704348879624,39.16674172481056,0
,2.915026179239742,39.16646900424941,0
,2.9154483708086953,39.16614733247374,0
,2.9163376679432993,39.16593055283191,0
,2.917074257489134,39.16566482202955,0
,2.9172808618739405,39.16555293507315,0
,2.917397638265353,39.16556692095254,0
,2.9174425522620506,39.16565782910004,0
,2.917361707067996,39.165727758363666,0
,2.916517323930088,39.16565782910004,0
,2.916391564739336,39.16566482202955,0
,2.916202925953208,39.16552496330602,0
,2.916211908752547,39.1653151746951,0
,2.9166610487195195,39.16495853260887,0
,2.9175593286534633,39.16431517364703,0
,2.9191762325345616,39.16295850595832,0
,2.91968825209691,39.16257387887638,0
,2.921386001172064,39.16108430308279,0
,2.9222124187112923,39.16038496075616,0
,2.9232274750366485,39.15921004987018,0
,2.92368559780296,39.15865755517544,0
,2.9247276025263345,39.15638458795371,0
,2.925176742493307,39.155580289513765,0
,2.925554020065563,39.154461250179445,0
,2.925823504045746,39.153719876740446,0
,2.9262007816180025,39.15300647222352,0
,2.926622973186956,39.15223011196469,0
,2.9270271991572305,39.151831437125004,0
,2.927970393087872,39.15104107500996,0
,2.9286171546403112,39.150523487891135,0
,2.929488486176237,39.14973311096768,0
,2.930207110123392,39.14908961164281,0
,2.9311143728566753,39.1479145106141,0
,2.9317341860110964,39.14725700498056,0
,2.9323001023694815,39.146844312111476,0
,2.932461792757591,39.14635467334008,0
,2.9324528099582516,39.14555025933266,0
,2.9323001023694815,39.14518652126049,0
,2.9322192571754258,39.14510957642549,0

,2.9274493907261845,39.15450321447826,0
,2.927404476729487,39.154601131077364,0
,2.9270721131539283,39.15557329557365,0
,2.9268116119730845,39.15604188801254,0
,2.925805538447067,39.15730077749306,0
,2.9256618136576362,39.157461633957276,0
,2.924844378917747,39.15823094235533,0
,2.924071858174556,39.15886736380249,0
,2.9233352686287217,39.15957371487718,0
,2.923236457835988,39.15963665670524,0
,2.922607661882227,39.15999332599198,0
,2.922320212303365,39.16018215017051,0
,2.9221315735172375,39.16032901306725,0
,2.922032762724503,39.160405941127934,0
,2.92112549999122,39.161049336132905,0
,2.92000265007379,39.161797625035945,0
,2.918789972162966,39.162454993713034,0
,2.9181611762092055,39.16265080446238,0
,2.9174335694627107,39.162664790923436,0
,2.9167957907096107,39.16244800046183,0
,2.9158436139796304,39.16190951801405,0
,2.914747712460219,39.16153187849384,0
,2.9137775701315594,39.16134305796737,0
,2.9128433590002585,39.160937441775545,0
,2.912223545845837,39.16046888220537,0
,2.9116576294874523,39.1600422804577,0
,2.9105078311720045,39.158615593374364,0
,2.909510740445327,39.15735672760962,0
,2.908881944491566,39.15629366772516,0
,2.908351959330539,39.15517463982807,0
,2.9079297677615856,39.15423044608502,0
,2.907750111774797,39.15357299993594,0
,2.9075974041860264,39.152985489627326,0
,2.907085384623678,39.151971323292955,0
,2.9064835370679356,39.150887198159275,0
,2.9058996551108724,39.14987999585164,0
,2.905396618347864,39.14899868191212,0
,2.9049474783808917,39.14814533559145,0
,2.9045252868119382,39.147368921270385,0
,2.903680903674031,39.14627772979238,0
,2.9027107613453715,39.1450396265019,0
,2.9017855330134097,39.143927413301846,0
,2.901408255441153,39.143486720152346,0
,2.901426221039832,39.14329085563759,0
,2.9022616213784,39.14237448221698,0
,2.9026299161513167,39.141940774573385,0
,2.9029802453255553,39.14140912927106,0
,2.9038246284634623,39.14058367196514,0
,2.9044354588185444,39.139891119749244,0
,2.904884598785516,39.13947838334435,0
,2.9057738959201203,39.13852698166161,0
,2.9065374338639725,39.13761054572715,0
,2.9072830062091457,39.136750064399884,0
,2.9080106129556405,39.135819613312016,0
,2.9087292369027957,39.13505705393056,0
,2.9096724308334365,39.134175552895314,0
,2.9108401947475633,39.133007197078385,0
,2.911513904698021,39.132132666463455,0
,2.912187614648479,39.13134907773274,0
,2.9137057077368445,39.130012758818076,0
,2.914756695259558,39.129355084626134,0
,2.9158436139796304,39.12883733675783,0
,2.9172628962752616,39.12814466806884,0
,2.9184486257880673,39.127766845889425,0
,2.9198319768863414,39.12738902166683,0
,2.9207122912216055,39.12717911843807,0
,2.9214488807674397,39.12691324010971,0
,2.9221136079185586,39.12682927832215,0
,2.923272389033346,39.126619373411756,0
,2.924116772171253,39.126360489820485,0
,2.9247365853256744,39.12615058350173,0
,2.9259402804371586,39.12603163630789,0
,2.926578059190259,39.125884701259416,0
,2.9271170271506253,39.12586371051298,0
,2.9277817543017437,39.12573076897245,0
,2.9291740881993564,39.12554884855978,0
,2.931087424458657,39.12517800932856,0
,2.931868928001188,39.125073054471805,0
,2.932524672352967,39.12489113234668,0
,2.9346625785957534,39.12435935726509,0
,2.935327305746872,39.12418443036684,0
,2.936557949256375,39.123981514616204,0
,2.937510125986355,39.123834575256545,0
,2.9387587350945372,39.12360366992421,0
,2.939414479446316,39.12347072408372,0
,2.9400792065974346,39.1234077496499,0
,2.9412829017089193,39.12319783446075,0
,2.9424865968204044,39.12300891025133,0
,2.9447322966552636,39.12293893819229,0
,2.9459629401647662,39.12300891025133,0
,2.9472115492729483,39.123050893453126,0
,2.950625013021935,39.12295293260973,0
,2.951837690932759,39.123155851347256,0
,2.953032403244904,39.123519704159634,0
,2.953831872386114,39.123862563729844,0
,2.9548738771094887,39.1244293279018,0
,2.955933847431543,39.12500308447973,0
,2.9568860241615234,39.12568179044641,0
,2.9577843040954668,39.12638148041766,0
,2.9578741320888615,39.126437455312676,0
,2.9575866825099992,39.12615058350173,0
,2.9574070265232106,39.12561182106393,0
,2.95741600932255,39.12500308447973,0
,2.9573621125265133,39.124919120396754,0
,2.9572363533357615,39.124926117407504,0
,2.957865149289522,39.12407247692211,0
,2.9580717536743286,39.123967520404804,0
,2.9587005496280896,39.124044488532924,0
,2.9597066231541067,39.12427539240858,0
,2.9603982987032436,39.12452728667543,0
,2.9606857482821054,39.124751191928105,0
,2.961107939851059,39.12575875668622,0
,2.96173673580482,39.12679429421419,0
,2.962284686564525,39.12768988186164,0
,2.962823654524892,39.12853648150422,0
,2.963182966498469,39.12944603993648,0
,2.963380588083937,39.13046053344864,0
,2.9636500720641203,39.1317898474753,0
,2.963757865656193,39.13284628426716,0
,2.9638387108502484,39.1337907672096,0
,2.964063280833734,39.13488215381614,0
,2.964081246432413,39.135434836683054,0
,2.9643776788106146,39.13664512692742,0
,2.9644046272086326,39.137575567018125,0
,2.9641620916264677,39.13879981141076,0
,2.9638207452515695,39.13989811526051,0
,2.9634344848799734,39.14079353491703,0
,2.9625092565480116,39.1421086617227,0
,2.96172775300548,39.142857153685505,0
,2.9610360774563436,39.14363361817787,0
,2.960182711519097,39.144591945331555,0
,2.9596617091574093,39.144892731434254,0
,2.9589430852102545,39.145011646512856,0
,2.958314289256494,39.14504662149741,0
,2.9580088740789527,39.144885736423355,0
,2.957972942881595,39.14470386589325,0
,2.9578741320888615,39.144654900669565,0
,2.9580987020723475,39.144731846005634,0
,2.9579998912796137,39.144682880801604,0
,2.9580897192730076,39.1447458360576,0
,2.95789209768754,39.144654900669565,0
,2.957972942881595,39.14471785595084,0
,2.957883114888201,39.144661895703614,0
,2.9579998912796137,39.144682880801604,0
,2.95789209768754,39.144654900669565,0
,2.957990908480274,39.144696870863385,0
,2.95790108048688,39.144640910599364,0
,2.957990908480274,39.14470386589325,0
,2.9580897192730076,39.14464790563482,0
,2.9595179843679786,39.14491371646287,0
,2.960631851486069,39.145011646512856,0
,2.9615930110153887,39.144892731434254,0
,2.9621499445744335,39.14493470148513,0
,2.9635961752680835,39.145361395570156,0
,2.9650424059617326,39.145774097204466,0
,2.9666682926421712,39.14625674517375,0
,2.967746228562904,39.14649457048231,0
,2.968958906473728,39.14675337945642,0
,2.969812272410975,39.14704016665857,0
,2.9706386899502033,39.14739690031479,0
,2.9722825422293204,39.14774663742397,0
,2.9739713085051345,39.1478445635006,0
,2.975076192823885,39.14789352648742,0
,2.9753187284060503,39.147900521196995,0
,2.975704988777646,39.147641716475164,0
,2.975947524359811,39.14688628098922,0
,2.9760014211558476,39.146690426010466,0
,2.9760104039551867,39.14649457048231,0
,2.97627988793537,39.14605389353513,0
,2.976549371915553,39.14586503113493,0
,2.977447651849497,39.14652254987709,0
,2.9782561037900463,39.14697021866912,0
,2.978813037349092,39.14733394744906,0
,2.9792981085134214,39.14773964269896,0
,2.9798909732698244,39.148215282403605,0
,2.980582648818961,39.14859998861784,0
,2.9816605847396933,39.14921551415137,0
,2.982738520660426,39.1497051328595,0
,2.9836278177950306,39.150348626510784,0
,2.984382372939543,39.15111801330809,0
,2.984993203294625,39.15192935747201,0
,2.9852267560774504,39.15199230619399,0
,2.9859723284226236,39.151943346081815,0
,2.986681969570439,39.152062249151804,0
,2.9874275419156127,39.152376991594835,0
,2.9876521118990986,39.152607801817794,0
,2.9883078562508776,39.15284560549171,0
,2.9885503918330425,39.15304843739695,0
,2.988936652204638,39.153531035077904,0
,2.9902301753095175,39.154454256127174,0
,2.991209300437516,39.1551956217662,0
,2.992152494368157,39.155943973434546,0
,2.9932304302888895,39.15672029238707,0
,2.9949820761600803,39.1579372074223,0
,2.9956018893145013,39.15842676495718,0
,2.996167805672886,39.158818408512595,0
,2.9970571028074904,39.15966463083282,0
,2.9978386063500215,39.16058777075239,0
,2.999177043451598,39.16182559829727,0
,2.9999495641947895,39.162587865352876,0
,3.0007310677373207,39.16334313092022,0
,3.001997642444181,39.1646298608369,0
,3.002940836374823,39.165545942132425,0
,3.0041355486869676,39.16668578221827,0
,3.0049799318248747,39.1674689744287,0
,3.0059590569528734,39.16844095967783,0
,3.006866319686157,39.169391953721735,0
,3.0096959014780795,39.171972159023305,0
,3.010791802997491,39.17295806592997,0
,3.0120224465069945,39.17417469779821,0
,3.013226141618479,39.17537033258014,0
,3.0141423871511015,39.17619537854865,0
,3.01592996421965,39.177817474368744,0
,3.0170707797357585,39.17891516436068,0
,3.0182475264492252,39.180026820056014,0
,3.0192176687778844,39.180949690567466,0
,3.0201608627085252,39.18176068790438,0
,3.0213376094219915,39.18285132462436,0
,3.022370631346027,39.183774157756204,0
,3.0231162036912003,39.18445229249987,0
,3.024032449223823,39.18524926717033,0
,3.025793077894353,39.18682920756883,0
,3.027841156143745,39.18866077507816,0
,3.028730453278349,39.18950663543351,0
,3.029610767613614,39.19026860002475,0
,3.030383288356806,39.191044537058765,0
,3.0312815682907495,39.1918693975879,0
,3.032458315004216,39.19284104280924,0
,3.033338629339481,39.19356103017209,0
,3.0338955628985262,39.19405732781062,0
,3.03479384283247,39.19485419268328,0
,3.0354406043849096,39.195511249848174,0
,3.0363209187201745,39.19627314880509,0
,3.037210215854779,39.19709794746164,0
,3.0377940978118425,39.19762217882234,0
,3.03830611737419,39.19851685790369,0
,3.0390157585220057,39.199579274395205,0
,3.0393211736995465,39.20027822378044,0
,3.039671502873785,39.20138953886853,0
,3.040264367630188,39.202899221539866,0
,3.040632662403105,39.20382178929318,0
,3.041135699166113,39.20496799281951,0
,3.0416297531297825,39.20616309958737,0
,3.041998047902699,39.20709261290106,0
,3.042653792254478,39.20863012649861,0
,3.0430041214287167,39.20965744621888,0
,3.0436868141785136,39.21125779845783,0
,3.0439562981586965,39.211907712669046,0
,3.044450352122366,39.213214511062056,0
,3.0454833740464013,39.21603068307364,0
,3.046417585177703,39.21845543474166,0
,3.0468667251446746,39.21952453474047,0
,3.0474146759043803,39.22103382444499,0
,3.0478368674733343,39.221998075741745,0
,3.048330921437003,39.223123018712194,0
,3.0488429409993514,39.22448550294263,0
,3.049354960561699,39.22562437956021,0
,3.049561564946506,39.22626717286228,0
,3.049902911321405,39.22709860322225,0
,3.0509449160447795,39.22926446762083,0
,3.0515018496038246,39.230312442333414,0
,3.052121662758246,39.23166081325538,0
,3.0525169059291812,39.232659848440726,0
,3.052777407110025,39.2338754383495,0
,3.053046891090208,39.23502114733529,0
,3.0532714610736944,39.23602712016356,0
,3.0535409450538773,39.237019106908576,0
,3.0540170334188677,39.238150792830304,0
,3.0541787238069773,39.23875854248951,0
,3.05444820778716,39.240246458906796,0
,3.0546098981752707,39.24124537085943,0
,3.05478057136272,39.2425446334826,0
,3.0548614165567747,39.243508586849096,0
,3.0549332789514905,39.24584856301547,0
,3.0549242961521506,39.24739919043309,0
,3.0549692101488475,39.248356091910146,0
,3.0547536229647014,39.24950156250142,0
,3.054798536961399,39.25075876461029,0
,3.0546817605699856,39.25179244710102,0
,3.0546997261686646,39.25295182945614,0
,3.0546548121719677,39.25409722437279,0
,3.0546997261686646,39.25471181874744,0
,3.05478057136272,39.254914354340265,0
,3.05541835011582,39.25541719877955,0
,3.0557956276880764,39.25581528138234,0
,3.0566939076220203,39.25651366640852,0
,3.0573316863751203,39.25694666160289,0
,3.0589216418582006,39.258259598292575,0
,3.059766024996108,39.25884622156787,0
,3.061221238489097,39.25974709767729,0
,3.0618949484395546,39.260173089292884,0
,3.0631794887450945,39.26108093157026,0
,3.0641765794717717,39.26174434727772,0
,3.065263498191844,39.26237982375705,0
,3.06628753731654,39.262952445939824,0
,3.0679673207930147,39.263999913339504,0
,3.069072205111766,39.26467726718984,0
,3.0700243818417463,39.26538254614513,0
,3.0709945241704055,39.26601100651305,0
,3.071802976110955,39.26655566757011,0
,3.072350926870661,39.26686989316208,0
,3.0734558111894117,39.26751928821835,0
,3.0744349363174104,39.26811979867864,0
,3.0758811670110604,39.26906244998547,0
,3.0765458941621784,39.269432524411826,0
,3.0772645181093337,39.269781649423166,0
,3.078584989612231,39.27061954229661,0
,3.0791059919739183,39.27097564370959,0
,3.0801569794966324,39.27164594730289,0
,3.0810552594305762,39.272427959992335,0
,3.0815133821968876,39.2728119808599,0
,3.082546404120923,39.273517177291374,0
,3.0839477208178754,39.274662233483966,0
,3.0849178631465346,39.27540232074252,0
,3.085375985912846,39.275807270812436,0
,3.085744280685763,39.27636581876138,0
,3.0859508850705697,39.276861526306334,0
,3.086453921833579,39.27746893777322,0
,3.0870467865899816,39.27816012367441,0
,3.0874060985635587,39.278690726368716,0
,3.087998963319962,39.27957040085702,0
,3.088780466862493,39.28075724561475,0
,3.0892385896288044,39.28130179113146,0
,3.0909273559046184,39.283947663091574,0
,3.0916010658550763,39.28501575699907,0
,3.0920681714207277,39.2859372365883,0
,3.0923286726015706,39.286390990986064,0
,3.092652053377791,39.287396220943,0
,3.092616122180433,39.28768242959002,0
,3.0922927414042136,39.28822692083384,0
,3.092202913410819,39.288296727094945,0
,3.092104102618085,39.28824786271955,0
,3.091924446631296,39.28848520364953,0
,3.091915463831957,39.28858293203209,0
,3.091996309026012,39.288638776760386,0
,3.092202913410819,39.288568970842995,0
,3.0921130854174246,39.28862481558252,0
,3.0922118962101584,39.28858293203209,0
,3.092104102618085,39.28861783499253,0
,3.092202913410819,39.28857595143789,0
,3.0921130854174246,39.28862481558252,0
,3.0922118962101584,39.28858293203209,0
,3.092104102618085,39.288610854401846,0
,3.0921939306114794,39.2885550096511,0
,3.0922927414042136,39.28860387381044,0
,3.0920591886213877,39.28854104845638,0
,3.0921490166147825,39.28860387381044,0
,3.092202913410819,39.28852010665908,0
,3.0922837586048737,39.28858293203209,0
,3.0921669822134614,39.288568970842995,0
,3.092140033815443,39.288478223045516,0
,3.091969360627994,39.28833163019919,0
,3.091996309026012,39.28823390146313,0
,3.0929754341540106,39.28806636616716,0
,3.094197094864174,39.28833861081793,0
,3.0947989424199163,39.2885270872589,0
,3.0950684264000996,39.28857595143789,0
,3.095831964343952,39.2889179997285,0
,3.0964697430970523,39.289162318904985,0
,3.097538696218445,39.28981150568462,0
,3.0986795117345536,39.29049558841451,0
,3.1004760716024413,39.29166828599266,0
,3.101446213931101,39.29235933065193,0
,3.1025241498518334,39.2929107653976,0
,3.103278704996346,39.293259772468126,0
,3.1045632453018857,39.293894960836255,0
,3.1057310092160124,39.294383563320565,0
,3.1068987731301396,39.295039681249726,0
,3.108228227432377,39.29596102787869,0
,3.108830074988119,39.29630303980455,0
,3.1097822517180993,39.297049876318724,0
,3.1102673228824287,39.297391882882515,0
,3.1115877943853265,39.29802703346112,0
,3.112782506697472,39.2985435252535,0
,3.1142556857891392,39.29903209503516,0
,3.115396501305248,39.29954857935256,0
,3.1166361276140906,39.30001620373184,0
,3.118100323906419,39.30058851585094,0
,3.119223173823849,39.301035195203134,0
,3.1202561957478845,39.30153072674755,0
,3.1213071832705985,39.30197042079072,0
,3.122376136391992,39.30248688325382,0
,3.1234630551120635,39.30292657124238,0
,3.1245230254341174,39.303303444445085,0
,3.125582995756171,39.30381989699315,0
,3.126328568101344,39.30405718471375,0
,3.1274693836174525,39.30446196777725,0
,3.128646130330919,39.30489466430453,0
,3.1305953977875776,39.30564838729921,0
,3.1323919576554653,39.306311377613525,0
,3.1336944635596837,39.306799892741196,0
,3.134817313477113,39.30726048957035,0
,3.1364611657562307,39.307874613922316,0
,3.139784801511823,39.30913773897708,0
,3.1421382949387553,39.31010076915755,0
,3.1430455576720386,39.31041479784957,0
,3.144204338786826,39.3108614139868,0
,3.1454978618917053,39.31134989709668,0
,3.1483004952856097,39.31247339520394,0
,3.149755708778599,39.3131572547137,0
,3.1509324554920655,39.313561984719165,0
,3.153654243691915,39.314329569626466,0
,3.1549926807934914,39.314727314830286,0
,3.156591619075911,39.31524368239623,0
,3.1579210733781484,39.31566235598076,0
,3.159232562081706,39.3161089383538,0
,3.1604272743938515,39.31650667336046,0
,3.161424365120529,39.317106760460106,0
,3.1625202666399406,39.31765799868845,0
,3.1634275293732235,39.31806270244849,0
,3.1643078437084884,39.31878139468809,0
,3.165277986037148,39.31938146211845,0
,3.1666433715367424,39.320176892342126,0
,3.1674428406779525,39.32067228725973,0
,3.167559617069365,39.32067228725973,0
,3.16764944506276,39.32040714675783,0
,3.167577582668044,39.32022573425172,0
,3.167667410661439,39.32016293750449,0
,3.1679548602403007,39.32035132757568,0
,3.168511793799346,39.3209304494066,0
,3.169149572552446,39.321474679974976,0
,3.1702814052692148,39.322604991362745,0
,3.1709371496209937,39.323142231677785,0
,3.171556962775415,39.3234701555399,0
,3.172329483518607,39.324321354927996,0
,3.173775714212257,39.32598186138252,0
,3.1743865445673385,39.326805122955356,0
,3.174620097350164,39.3273283773517,0
,3.174548234955448,39.32847254654809,0
,3.1742428197779073,39.32939344951153,0
,3.173730800215559,39.33027248184518,0
,3.1732008150545328,39.3306561829429,0
,3.1720150855417266,39.33101895293792,0
,3.171449169183342,39.331165455667325,0
,3.1710449432130674,39.33139567361695,0
,3.1709730808183516,39.33146543648115,0
,3.170775459232884,39.33137474474402,0
,3.170667665640811,39.33139567361695,0

,3.1724193115120016,39.33074687561953,0
,3.1725450707027534,39.330718970193196,0
,3.1726708298935056,39.33068408839448,0
,3.1729133654756705,39.3306073483756,0
,3.173030141867083,39.33056549014771,0
,3.173128952659817,39.3305096791379,0
,3.1732996258472665,39.33037015141687,0
,3.1733804710413214,39.33028643464954,0
,3.1734523334360367,39.330195741370936,0
,3.1735331786300915,39.33002133088648,0
,3.1738655422056508,39.329351590551134,0
,3.1742158713798894,39.328612078085946,0
,3.1742518025772464,39.328528359196916,0
,3.174305699373283,39.328437663619795,0
,3.1743685789686595,39.32836092111575,0
,3.1744314585640354,39.32827022531972,0
,3.1749434781263837,39.32801906711186,0
,3.1753297384979793,39.32795627741782,0
,3.175455497688731,39.32794232414475,0
,3.1755812568794837,39.32794232414475,0
,3.1757159988695753,39.327935347507186,0
,3.1758507408596666,39.327921394229904,0
,3.176892745583041,39.32788651102445,0
,3.1773957823460504,39.32800511385143,0
,3.177512558737463,39.32803302036947,0
,3.177638317928215,39.32807488012551,0
,3.177764077118967,39.32810976323624,0
,3.1778898363097188,39.32815859956181,0
,3.178383890273388,39.32831906153231,0
,3.1785186322634797,39.32834696792408,0
,3.1796414821809096,39.32877253900752,0
,3.1807822976970184,39.329198107480266,0
,3.182255476788686,39.32976320256473,0
,3.1840520366565737,39.33046084446747,0
,3.1848515057977838,39.330691064755634,0
,3.185525215748241,39.33081663913622,0
,3.1857767341297456,39.3309422132895,0
,3.1858845277218193,39.33100500028087,0
,3.1859833385145526,39.331060810892176,0
,3.187375672412166,39.33180727350146,0
,3.188759023510439,39.33258163276597,0
,3.189037490289962,39.33304205850064,0
,3.189145283882035,39.333349007292455,0
,3.1891812150793926,39.33343969644825,0
,3.1893878194642,39.33386523628805,0
,3.1895045958556127,39.334060565176316,0
,3.1897920454344746,39.334500053163666,0
,3.1905016865822904,39.33537204489419,0
,3.190555583378327,39.33546273140479,0
,3.1910226889439777,39.33639051735468,0
,3.1912203105294457,39.33709506831839,0
,3.191543691305665,39.33808561301309,0
,3.191687416095096,39.339111021137754,0
,3.191642502098399,39.340059684539305,0
,3.19178622688783,39.34111296472943,0
,3.191723347292454,39.34183141819704,0
,3.1915347085063255,39.34244523662197,0
,3.1915526741050044,39.34266146681829,0
,3.1921275732627286,39.34324040241141,0
,3.193169577986103,39.34394488378174,0
,3.1936097351537356,39.34437035916212,0
,3.193995995525332,39.34498415511055,0
,3.1941756515121207,39.34554214671192,0
,3.1941487031141023,39.346044335313444,0
,3.194076840719387,39.346246604694755,0
,3.193178560785443,39.347069625746634,0
,3.1922712980521593,39.347836839961765,0
,3.1921545216607465,39.34803910411326,0
,3.1921635044600865,39.3483320373554,0
,3.1923970572429115,39.34872958763269,0
,3.1929719564006356,39.34931544704373,0
,3.1938253223378825,39.34981063387517,0
,3.195127828242101,39.35035463786587,0
,3.195765606995201,39.350556894671094,0
,3.1969064225113097,39.350403458528056,0
,3.1976969088531804,39.350263970830554,0
,3.1985592575897663,39.35018725247727,0
,3.199331778332958,39.35001289226773,0
,3.2004905594477457,39.34965022162699,0
,3.2017212029572484,39.34951073241376,0
,3.2023769473090273,39.349531655813635,0
,3.2036974188119247,39.34981760831232,0
,3.2053502538903813,39.350131457257945,0
,3.2063742930150774,39.350340689098914,0
,3.2070210545675173,39.35054294594486,0
,3.207982214096837,39.35113576433487,0
,3.209015236020872,39.35180529430232,0
,3.2100302923462287,39.35237020518204,0
,3.211216021859035,39.35278865471721,0
,3.2118987146088314,39.35294208558047,0
,3.2129946161282437,39.35305367144953,0
,3.214342036029159,39.353374479822385,0
,3.2150067631802774,39.35354883157612,0
,3.2155906451373406,39.35391148181907,0
,3.2161835098937437,39.35449032346768,0
,3.2164799422719454,39.35496455157706,0
,3.216632649860716,39.35545969805205,0
,3.2170099274329718,39.35589905041289,0
,3.217351273807871,39.3560594481998,0
,3.218078880554365,39.35603155295917,0
,3.2193903692579235,39.3560733958159,0
,3.2202347523958306,39.35608734342919,0
,3.2226331598194604,39.355968788626726,0
,3.223684147342175,39.35608036962291,0
,3.2240344765164126,39.35620589802885,0
,3.2251393608351635,39.356770773042015,0
,3.2256962943942087,39.35725893292489,0
,3.226855075508996,39.35760064279697,0
,3.228328254600664,39.35785169387418,0
,3.229181620537911,39.357984192687155,0
,3.2303763328500557,39.35837471403067,0
,3.2310141116031565,39.358667603594064,0
,3.2313195267806973,39.3589256243267,0
,3.231795615145687,39.359804282317924,0
,3.2320022195304943,39.360166899828464,0
,3.2320650991258706,39.36024360713558,0
,3.2324333938987877,39.360571355582316,0
,3.2325411874908605,39.36065503578838,0
,3.2326579638822732,39.360717795876624,0
,3.233089138250566,39.36111527511537,0
,3.23334963943141,39.36163129739228,0
,3.234113177375262,39.36248900159345,0
,3.2351821304966553,39.36357680628389,0
,3.2358019436510768,39.36436475670774,0
,3.236170238423994,39.36508296919894,0
,3.236421756805498,39.366107978014334,0
,3.236978690364543,39.3670492992821,0
,3.2372751227427448,39.367614085903476,0
,3.2382632306700825,39.368562359257666,0
,3.2387932158311097,39.36917594098162,0
,3.239359132189494,39.36976859998678,0
,3.24005979053797,39.370779594822345,0
,3.2404729993075847,39.37134435103093,0
,3.240931122073896,39.37172782484407,0
,3.2418473676065185,39.37242504451977,0
,3.2420899031886834,39.37275970747123,0
,3.2421348171853803,39.37296887099478,0
,3.241838384807179,39.373547553452035,0
,3.2414431416362435,39.37411925908362,0
,3.241407210438886,39.37423081085176,0
,3.241595849225014,39.374377222274774,0
,3.242269559175472,39.3745166614375,0
,3.243086993915361,39.37481645468675,0
,3.2439583254512865,39.375534558820654,0
,3.2453776077469176,39.37689405596388,0
,3.245916575707284,39.377340244081225,0
,3.2463746984735953,39.377967691257446,0
,3.2472639956081997,39.37888793683245,0
,3.247937705558657,39.37975239880863,0
,3.2486922607031703,39.38054713658793,0
,3.249626471834472,39.381446434127106,0
,3.2502103537915352,39.38217144069368,0
,3.250551700166434,39.38342624181154,0
,3.2505606829657734,39.383914213882676,0
,3.2502103537915352,39.384897118613814,0
,3.2498869730153155,39.38548964309318,0
,3.249931887012013,39.38576847638761,0
,3.250533734567755,39.386207636549045,0
,3.251135582123497,39.386925622558635,0
,3.251818274873295,39.38794333754217,0
,3.252069793254799,39.38845915997112,0
,3.2523033460376243,39.38947685240986,0
,3.2527435032052567,39.39033421182517,0
,3.253156711974871,39.39088486796297,0
,3.2535789035438247,39.39151219240223,0
,3.2536328003398616,39.39192343533829,0
,3.2531207807775133,39.392725003530046,0
,3.253156711974871,39.39291319645558,0
,3.253704662734577,39.393171089633604,0
,3.254360407086356,39.39336625139983,0
,3.2546658222638967,39.39353353247575,0
,3.2552317386222813,39.39411901305757,0
,3.255698844187932,39.39462084961432,0
,3.25573477538529,39.39563148163696,0
,3.2557078269872712,39.396223914237176,0
,3.2558695173753818,39.39716482617859,0
,3.2563006917436743,39.39840541644386,0
,3.2565432273258392,39.39901176426843,0
,3.2571450748815813,39.400224443978594,0
,3.2576570944439296,39.40103985459274,0
,3.2582948731970296,39.40147891786643,0
,3.2588697723547537,39.40184828639923,0
,3.2594806027098353,39.40233612860928,0
,3.260513624633871,39.40294244199063,0
,3.2616544401499796,39.403625409321265,0
,3.262795255666088,39.404517438130576,0
,3.263594724807298,39.405395517756865,0
,3.26420555516238,39.40619692991044,0
,3.2647624887214253,39.40669867888091,0
,3.2658044934448,39.40765338562209,0
,3.266711756178083,39.40852445692019,0
,3.267529190917972,39.40938854881069,0
,3.268059176078999,39.40970909628333,0
,3.2692269399931257,39.41022475649208,0
,3.2701431855257486,39.41067769809879,0
,3.271194173048463,39.41133968434267,0
,3.2718499174002416,39.411688095610494,0
,3.2730895437090846,39.41192501427017,0
,3.2736913912648267,39.41213405947244,0
,3.2742662904225504,39.41241278542597,0
,3.2748322067809355,39.41285874461536,0
,3.275496933932054,39.41366703831723,0
,3.2759191255010074,39.414106021455666,0
,3.2762155578792087,39.41459377723053,0
,3.2766108010501442,39.41553443936788,0
,3.2773024765992806,39.41655870136681,0
,3.277625857375501,39.41706037517847,0
,3.2777695821649315,39.418007971337765,0
,3.2782636361286004,39.418955554512344,0
,3.278515154510105,39.4194154063732,0
,3.278676844898215,39.42014001522072,0
,3.2787576900922697,39.421247815991705,0
,3.2787037932962333,39.42229986192784,0
,3.2788385352863245,39.42329615557319,0
,3.2788565008850035,39.423811714480166,0
,3.2788565008850035,39.425330500807085,0
,3.2788565008850035,39.42623618319484,0
,3.278560068506802,39.426709920025225,0
,3.2777067025695557,39.42790121447286,0
,3.2770509582177767,39.428716298845366,0
,3.2765030074580705,39.42912732065299,0
,3.2757215039155394,39.42946867588975,0
,3.275092707961779,39.42957317205379,0
,3.274472894807358,39.42950350796201,0
,3.2741944280278354,39.42932238099468,0
,3.2741854452284955,39.42923181733307,0
,3.274347135616606,39.42909248839118,0
,3.2742034108271745,39.42934328028437,0
,3.27443696361,39.42934328028437,0
,3.2742034108271745,39.42933631385519,0
,3.27443696361,39.42933631385519,0
,3.274320187218587,39.42933631385519,0
,3.27443696361,39.42934328028437,0
,3.274320187218587,39.42936417956774,0
,3.27443696361,39.42934328028437,0
,3.274320187218587,39.429357213140655,0
,3.27443696361,39.42934328028437,0
,3.274329170017927,39.42937114599412,0
,3.274365101215284,39.42919001867999,0
,3.2744818776066973,39.42919001867999,0
,3.2744908604060368,39.42928058239638,0
,3.2747423787875407,39.429287548831184,0
,3.275541847928751,39.429357213140655,0
,3.27699706142174,39.42944777663799,0
,3.278658879299536,39.42965676887133,0
,3.279907488407718,39.429726432808685,0
,3.2803296799766715,39.429726432808685,0
,3.280626112354873,39.42956620564779,0
,3.280545267160818,39.42919698512392,0
,3.2804105251707263,39.42905068965387,0
,3.2808506823383587,39.428716298845366,0
,3.280491370364781,39.42801964613228,0
,3.280114092792525,39.427531985055786,0
,3.279970368003094,39.427162753666636,0
,3.279844608812342,39.427002520563384,0
,3.279826643213663,39.426709920025225,0
,3.2800691787958276,39.42647305201582,0
,3.2802847659799745,39.42614561548998,0
,3.280769837144304,39.42565794119358,0
,3.2809854243284504,39.4255046714185,0
,3.281371684700046,39.42542803640355,0
,3.281641168680229,39.425455903691535,0
,3.2817669278709816,39.425441970048944,0
,3.282153188242577,39.425365334964475,0
,3.282539448614173,39.42542803640355,0
,3.282799949795017,39.42551860504847,0
,3.283078416574539,39.42552557186237,0
,3.283671281330942,39.42527476611876,0
,3.2846863376562987,39.4244387404021,0
,3.2856025831889215,39.42376991254984,0
,3.286617639514278,39.42309411116924,0
,3.2869679686885163,39.422996572280155,0
,3.2873362634614334,39.42290600033135,0
,3.288306405790092,39.42220928906639,0
,3.289438238506862,39.421658882203225,0
,3.2895550148982746,39.42160314455504,0
,3.290076017259962,39.42127568496462,0
,3.2904173636348606,39.42114330724322,0
,3.290929383197208,39.421017896536505,0
,3.2913066607694645,39.4209482238234,0
,3.291558179150969,39.4209691256447,0
,3.291791731933794,39.42107363465645,0
,3.292007319117941,39.421199045262064,0
,3.292654080670381,39.42111543821692,0
,3.293211014229426,39.42115724175213,0
,3.2938038789858286,39.42095519109787,0
,3.2942530189528005,39.42068346687329,0
,3.294630296525057,39.42058592458347,0
,3.295268075278157,39.42067649957143,0
,3.295816026037863,39.420641663051654,0
,3.2960405960213484,39.42056502264634,0
,3.29666040917577,39.42020968874819,0
,3.297280222330191,39.420021570062886,0
,3.2974059815209436,39.419986733213115,0
,3.29777427629386,39.419868287792724,0
,3.298483917441676,39.41964533115687,0
,3.29937321457628,39.41920638317917,0
,3.2998942169379677,39.41888587972118,0
,3.3004062365003155,39.41855840726244,0
,3.302301607160937,39.41691405402599,0
,3.3027417643285695,39.416572636799586,0
,3.3032178526935594,39.416433282345245,0
,3.3038915626440173,39.41637754048487,0
,3.3045293413971177,39.416168508108335,0
,3.3050413609594655,39.41585495835888,0
,3.3053827073343642,39.415569278460616,0
,3.305912692495391,39.41524875814563,0
,3.306622333643207,39.41456590556461,0
,3.306936731620087,39.414405643267735,0
,3.3075475619751686,39.41429415623348,0
,3.3081224611328928,39.414203572885825,0
,3.308921930274103,39.41366703831723,0
,3.3095058122311665,39.41338831741814,0
,3.3099280038001204,39.413151403770755,0
,3.310520868556523,39.41297720204173,0
,3.310996956921513,39.41266363782381,0
,3.311859305658099,39.41245459422214,0
,3.3130630007695836,39.412099218649246,0
,3.3136648483253266,39.41199469607448,0
,3.3148685434368113,39.41140936673665,0
,3.315542253387269,39.411123668475255,0
,3.3159824105549016,39.41085887391103,0
,3.3160632557489564,39.41076828606424,0
,3.315820720166791,39.41074738115967,0
,3.314661939052004,39.411095795410986,0
,3.3138445043121147,39.41141633497217,0
,3.3131258803649604,39.41178565045101,0
,3.311868288457439,39.41192501427017,0
,3.311275423701036,39.41216193211833,0
,3.31105085371755,39.412301295179326,0
,3.3107903525367064,39.41237097660456,0
,3.309523777829845,39.412461562352355,0
,3.3087422742873143,39.412315231470004,0
,3.308185340728269,39.41211315498063,0
,3.307260112396307,39.41208528231508,0
,3.3064067464590603,39.4121967729099,0
,3.3060115032881248,39.41230826332502,0
,3.3055713461204923,39.41252427549287,0
,3.3046640833872094,39.412677574041474,0
,3.3036400442625133,39.41292842547897,0
,3.3029932827100734,39.41322108433952,0
,3.302319572759616,39.41357645414822,0
,3.3020500887794326,39.413806398345585,0
,3.301331464832278,39.41400150191353,0
,3.3006128408851225,39.41402937380689,0
,3.299391180174959,39.41393182213102,0
,3.2983940894482813,39.41402937380689,0
,3.297109549142742,39.41409905349109,0
,3.296363976797568,39.4140781495932,0
,3.2953938344689093,39.41377155836482,0
,3.2939745521732777,39.41350677393749,0
,3.2927888226604725,39.413095659265224,0
,3.292070198713317,39.41285874461536,0
,3.2907856584077773,39.412482466738865,0
,3.290058051661283,39.412294327032946,0
,3.2897256880857237,39.41216890027805,0
,3.2890879093326233,39.412182836595385,0
,3.288261491793395,39.41212012314528,0
,3.2865008631228654,39.41217586843705,0
,3.2852163228173255,39.41223858183665,0
,3.2844348192747943,39.41237794474321,0
,3.283006554179824,39.412447626091186,0
,3.2823238614300267,39.4125312436161,0
,3.2811111835192026,39.41270544646833,0
,3.28050933596346,39.41275422318834,0
,3.2803835767727083,39.41271938267758,0
,3.281012372726469,39.41189017334171,0
,3.281344736302028,39.41145814437066,0
,3.281856755864376,39.41106095406483,0
,3.282790966995677,39.41036412345622,0
,3.283743143725658,39.409625475346715,0
,3.284596509662905,39.40886591387649,0
,3.284767182850354,39.40871957538731,0
,3.286042740356554,39.40794606680181,0
,3.2865906911162597,39.407534919078245,0
,3.287138641875966,39.407005301460316,0
,3.2878303174251022,39.406259648730774,0
,3.288539958572918,39.40564639560314,0
,3.2895011181022378,39.40489375933506,0
,3.2904353292335395,39.404210804524624,0
,3.2919085083252075,39.403172421538486,0
,3.292438493486234,39.40271943078991,0
,3.293175083032068,39.40237097434979,0
,3.294163190959406,39.40226643707557,0
,3.2950435052946707,39.401792532784775,0
,3.295591456054377,39.40141619471219,0
,3.295825008837202,39.401318625248145,0
,3.297109549142742,39.40132559450015,0
,3.29809765707008,39.401116516634936,0
,3.2996876125531607,39.40062169650376,0
,3.300271494510224,39.40039170847769,0
,3.3008374108686085,39.40009899533892,0
,3.3015380692170844,39.399792342151216,0
,3.302427366351689,39.39939508486475,0
,3.3037478378545866,39.399276604179875,0
,3.3045652725944756,39.39897691683622,0
,3.305697105311245,39.398677228194664,0
,3.3061821764755743,39.39857268533993,0
,3.306559454047831,39.39844723370577,0
,3.307987719142801,39.398029059949415,0
,3.308580583899204,39.39785482013846,0
,3.3092453110503226,39.39773633681642,0
,3.310341212569734,39.39745755172906,0
,3.3115628732798976,39.39699755387953,0
,3.3121557380363007,39.39680937205983,0
,3.3128743619834555,39.396544522705916,0
,3.3139882291015463,39.39626573281733,0
,3.3148505778381323,39.39611936767623,0
,3.3156230985813235,39.39587542508653,0
,3.3161979977390477,39.395666330753826,0
,3.317302882057799,39.395345718216696,0
,3.3177789704227894,39.39532480865185,0
,3.3180394716036323,39.395408446873454,0
,3.3182820071857977,39.39538056747747,0
,3.3192790979124753,39.39503207408018,0
,3.320734311405464,39.394718428522225,0
,3.32224342169449,39.39440478154291,0
,3.32351897920069,39.39384718340339,0
,3.3246148807201017,39.39328261071025,0
,3.325369435864614,39.39314320933636,0
,3.3261060254104478,39.3929480469412,0
,3.326779735360906,39.392864405746245,0
,3.327462428110703,39.39268318281044,0
,3.328522398432757,39.392181332204146,0
,3.329223056781233,39.39188858433679,0
,3.329878801133012,39.39171432906598,0
,3.3304986142874333,39.391547043593285,0
,3.331163341438552,39.391449460214154,0
,3.3311543586392123,39.391344906441,0
,3.3308130122643136,39.39128217410133,0
,3.3302381131065895,39.391540073356474,0
,3.3294386439653794,39.391693418403996,0
,3.329178142784536,39.39170038862537,0
,3.328270880051252,39.39183282269786,0
,3.3269953225450526,39.39213254097891,0
,3.3261778878051635,39.392278914551476,0
,3.3248933474996236,39.39256469063433,0
,3.3240848955590745,39.39268318281044,0
,3.322728492858819,39.39305259829275,0
,3.3216236085400683,39.39348474220372,0
,3.321057692181684,39.393714753185094,0
,3.3197641690768047,39.3940981031221,0
,3.31903656233031,39.39435599188504,0
,3.3177610048241104,39.3945302405052,0
,3.316404602123855,39.39455812024371,0
,3.315138027416994,39.39454418037586,0
,3.314194833486353,39.39470448868666,0
,3.313512140736556,39.39482994710568,0
,3.312389290819126,39.39495540529726,0
,3.3117065980693283,39.39503207408018,0
,3.3105298513558625,39.39542238656723,0
,3.3092273454516437,39.395666330753826,0
,3.308697360290617,39.39575693837556,0
,3.3084548247084524,39.39586148548399,0
,3.3077900975573336,39.39600088138291,0
,3.306505557251794,39.39593815326314,0
,3.3058228645019967,39.39591027408057,0
,3.304888653370695,39.39600088138291,0
,3.3045293413971177,39.39608451878748,0
,3.3038915626440173,39.396175125861724,0
,3.3028405751213032,39.396419067395044,0
,3.3015290864177453,39.396593310820954,0
,3.3000648901254173,39.39678149322818,0
,3.2989061090106295,39.39687209938991,0
,3.2982234162608317,39.39683028117616,0
,3.296992772751329,39.396948766049476,0
,3.2958699228338992,39.397129977816306,0
,3.2941721737587457,39.397109068790485,0
,3.2928876334532062,39.39696967512371,0
,3.292115112710014,39.396920887274,0
,3.291189884378052,39.39679543264539,0
,3.290309570042787,39.39666300806848,0
,3.2895280665002558,39.396656038346876,0
,3.2888633393491378,39.396718765815976,0
,3.2875698162442584,39.396600280548874,0
,3.285665462784298,39.39625179329342,0
,3.2846773548569597,39.39601482095735,0
,3.283401797350759,39.395798757237905,0
,3.282225050637293,39.39561754198532,0
,3.28083271673968,39.395366627775275,0
,3.2799883336017728,39.39516450177786,0
,3.278721758894912,39.39493449561445,0
,3.276143695484493,39.39458599997101,0
,3.274706447590183,39.39447448099447,0
,3.2734039416859644,39.394230532606876,0
,3.272658369340791,39.39402143330454,0
,3.271257052643839,39.39378445333155,0
,3.270583342693381,39.393763543294995,0
,3.2699365811409415,39.39388203341871,0
,3.2692988023878415,39.3939447634021,0
,3.2686520408354016,39.39385415340786,0
,3.267996296483623,39.39393779340675,0
,3.2660470290269648,39.3936380829429,0
,3.2646546951293516,39.39346383207659,0
,3.2632893096297573,39.39331746100986,0
,3.262543737284584,39.393171089633604,0
,3.261349024972439,39.39280864489346,0
,3.2607831086140537,39.39256469063433,0
,3.2607561602160358,39.39246710868992,0
,3.2613939389691358,39.39232770567352,0
,3.2620676489195937,39.39204889879848,0
,3.262956946054198,39.391588864999356,0
,3.2631455848403266,39.39144248996753,0
,3.2645828327346367,39.39105215503601,0
,3.2655709406619744,39.39064787725073,0
,3.267196827342413,39.38997872262457,0
,3.268346625657861,39.38946988196459,0
,3.269128129200392,39.38910741784342,0
,3.269685062759437,39.3888704210457,0
,3.2709067234696008,39.3886682760771,0
,3.2715983990187376,39.3886682760771,0
,3.272002624989012,39.38861251184391,0
,3.2727032833374885,39.38864039396613,0
,3.2742752732218903,39.38783180786296,0
,3.2755957447247877,39.387274156771774,0
,3.277041975418437,39.38673044263281,0
,3.2791708988618837,39.38605427934889,0
,3.2804554391674237,39.385656943204594,0
,3.2817399794729636,39.385245663039356,0
,3.2841653352946114,39.38458342713058,0
,3.2849737872351605,39.38437429868544,0
,3.2857732563763706,39.38410243076244,0
,3.2869769514878557,39.383858445820024,0
,3.2881536982013224,39.38347503917341,0
,3.2895639976976137,39.38310557257792,0
,3.2919983363186014,39.382373604632754,0
,3.293255928226123,39.38209475766584,0
,3.29441470934091,39.38173225493,0
,3.295456714064285,39.38141854910754,0
,3.296579563981715,39.38104210024455,0
,3.297864104287255,39.38072141996918,0
,3.2990049198033633,39.3803658814061,0
,3.3005679268884256,39.37997548401838,0
,3.3013584132302958,39.3797663416553,0
,3.3026788847331936,39.37946656983328,0
,3.3029393859140375,39.379438684016435,0
,3.3036041130651554,39.379619941625265,0
,3.3038107174499625,39.37973148453335,0
,3.3041161326275033,39.38015674022213,0
,3.304205960620898,39.38043559499372,0
,3.3038107174499625,39.38113272700971,0
,3.3030920935028076,39.38198321856464,0
,3.30258007394046,39.382896439668876,0
,3.3023465211576344,39.38343321286534,0
,3.3020051747827357,39.383976952899445,0
,3.3014123100263326,39.38484832225421,0
,3.3009092732633243,39.385893951003716,0
,3.2995438877637295,39.38819427866338,0
,3.298816281017235,39.38910741784342,0
,3.2983761238496023,39.389574438569916,0
,3.2977293622971633,39.390048426533305,0
,3.296992772751329,39.390738491442406,0
,3.296085510018046,39.391247322776906,0
,3.295348920472212,39.39206980935305,0
,3.294342846946195,39.39285046553728,0
,3.293525412206306,39.39357535268156,0
,3.292690011867738,39.39442569138575,0
,3.291818680331813,39.395143592158234,0
,3.290857520802493,39.395986941805674,0
,3.290031103263265,39.39675361438531,0
,3.289222651322715,39.39747846064957,0
,3.2884950445762207,39.398070877438784,0
,3.287479988250864,39.398642380593955,0
,3.2872823666653965,39.39958325965315,0
,3.287165590273984,39.39985506677746,0
,3.2866625535109755,39.400384739131624,0
,3.2861595167479667,39.40106076243086,0
,3.285386996004775,39.40185525559787,0
,3.2846863376562987,39.40266367787742,0
,3.284012627705841,39.403395431279115,0
,3.283294003758686,39.40407839413827,0
,3.282764018597659,39.40462894092307,0
,3.282225050637293,39.405047074794446,0
,3.2811920287132574,39.4057230525414,0
,3.2802757831806346,39.40637114871538,0
,3.2793864860460307,39.40699833278043,0
,3.2788026040889666,39.407367671847474,0
,3.278470240513408,39.40750007593849,0
,3.2778504273589864,39.40812028120182,0
,3.277598908977482,39.40816906115522,0
,3.2774641669873903,39.40812724976869,0
,3.277527046582767,39.407953035386214,0
,3.2772485798032442,39.40743038960639,0
,3.2772755282012622,39.407235267503005,0
,3.277491115385409,39.407123768911084,0
,3.27779653056295,39.40727011077612,0
,3.2778055133622894,39.40756976220043,0
,3.2774372185893723,39.40858717363035,0
,3.277266545401923,39.4090889052647,0
,3.2771407862111706,39.40925614833414,0
,3.2765389386554284,39.40968819105868,0
,3.275784383510916,39.41047561682533,0
,3.2754071059386596,39.41090765193326,0
,3.27411358283378,39.41117941457014,0
,3.273448855682662,39.41132574785546,0
,3.2727661629328644,39.41139543026347,0
,3.2724068509592867,39.41148601728891,0
,3.27172415820949,39.41139543026347,0
,3.2709785858643166,39.41115154152832,0
,3.270565377094702,39.41111670021026,0
,3.270313858713198,39.41119335108686,0
,3.2701880995224455,39.41136755730869,0
,3.270026409134336,39.41223858183665,0
,3.269712011157455,39.41328379679139,0
,3.2694515099766117,39.41425234854932,0
,3.2693526991838784,39.4150815295655,0
,3.269388630381236,39.41605005614783,0
,3.2692179571937867,39.41658657222959,0
,3.2687149204307775,39.417478433908165,0
,3.26804121048032,39.418321511325566,0
,3.2675202081186328,39.41906006656745,0
,3.2669812401582665,39.41963139634325,0
,3.2660829602243227,39.420342068257,0
,3.265274508283773,39.42107363465645,0
,3.265148749093021,39.42126175047955,0
,3.264214537961719,39.42202814298753,0
,3.2634599828172064,39.4225855140214,0
,3.2629210148568406,39.42283632952078,0
,3.262822204064107,39.423003539348215,0
,3.2629030492581617,39.423066242929245,0
,3.262804238465428,39.42280149408917,0
,3.2628581352614647,39.422885099095545,0
,3.262786272866749,39.42270395478727,0
,3.262723393271373,39.42289903325345,0
,3.2628671180608038,39.4230592758675,0
,3.2629838944522165,39.42304534174188,0
,3.2631006708436288,39.422878132015555,0
,3.2631635504390055,39.422306829066095,0
,3.2630827052449503,39.42248797441482,0
,3.262974911652877,39.422529777120225,0
,3.2628581352614647,39.422501908652755,0
,3.2629210148568406,39.422857230771335,0
,3.263073722445611,39.422996572280155,0
,3.2629479632548586,39.422355599014374,0
,3.263019825649574,39.4225367442353,0
,3.2631366020409867,39.42257854691122,0
,3.2632623612317393,39.42254371134972,0
,3.2631635504390055,39.42228592764919,0
,3.2628581352614647,39.4220002743179,0
,3.2631725332383446,39.422125683242804,0
,3.263298292429097,39.42213265039864,0
,3.263424051619849,39.421972405637014,0
,3.263307275228436,39.42193060259464,0
,3.263019825649574,39.42209084745313,0
,3.2629479632548586,39.42216748616722,0
,3.2630647396462713,39.42218142046974,0
,3.2631006708436288,39.42209084745313,0
,3.263037791248253,39.42200724148635,0
,3.262938980455519,39.42206994597092,0
,3.2629120320575007,39.4221535518619,0
,3.2630916880442897,39.4222719933677,0
,3.2631994816363625,39.422237157651765,0
,3.2631545676396656,39.42195847129237,0
,3.2631904988370235,39.42167978380971,0
,3.263379137623152,39.42143593134093,0
,3.263352189225133,39.42084371462209,0
,3.2631545676396656,39.42029329688852,0
,3.2631815160376836,39.41961049411759,0
,3.263055756846932,39.41912974118306,0

,3.262687462074015,39.42014001522072,0
,3.262777290067409,39.42012608050678,0
,3.2628940664588217,39.42015394993183,0
,3.2629838944522165,39.4202166560971,0
,3.2630827052449503,39.42030026422898,0
,3.2631635504390055,39.42037690492772,0
,3.2632084644357024,39.420460512865844,0
,3.2632174472350415,39.42056502264634,0
,3.2631994816363625,39.420669532268874,0
,3.2631545676396656,39.42076010714731,0
,3.2629479632548586,39.420996994729954,0
,3.2626155996792994,39.42111543821692,0
,3.2622562877057217,39.42115027449803,0
,3.2629838944522165,39.42107363465645,0
,3.2631455848403266,39.421206012511256,0
,3.2631186364423077,39.42111543821692,0
,3.263298292429097,39.420996994729954,0
,3.26340608602117,39.42095519109787,0
,3.2640348819749305,39.42076707444073,0
,3.264160641165683,39.420732237966575,0
,3.264286400356435,39.42068346687329,0
,3.2648343511161406,39.42041870890941,0
,3.265184680290379,39.4201330478641,0
,3.26532840507981,39.41997279846832,0
,3.265418233073204,39.41988222255859,0
,3.266190753816396,39.419192448277116,0
,3.2666129453853494,39.41880923736985,0
,3.26739444892788,39.41788255494457,0
,3.2678615544935314,39.41749933677831,0
,3.2685172988453104,39.416823474109805,0
,3.268616109638044,39.41654476593119,0
,3.2684634020492735,39.415569278460616,0
,3.268211883667769,39.41455196972744,0
,3.268184935269751,39.41443351499823,0
,3.2681130728750354,39.41423144469774,0
,3.268077141677678,39.41411995738267,0
,3.2680322276809806,39.41401543786159,0
,3.267996296483623,39.413924854148895,0
,3.2678615544935314,39.41355555009237,0
,3.2678256232961735,39.4134579977482,0
,3.267529190917972,39.412761191288396,0
,3.2674932597206148,39.41267060593301,0
,3.2672686897371284,39.412189804753,0
,3.2667207389774227,39.411451176139316,0
,3.2663793926025235,39.41052439511781,0
,3.265948218234231,39.40959063325997,0
,3.2654900954679196,39.40877532341969,0
,3.265256542685094,39.407834569355536,0
,3.264807402718122,39.40694258331598,0
,3.263963019580215,39.40516554559859,0
,3.2637923463927656,39.40443381091826,0
,3.263657604402674,39.40377872759136,0
,3.263657604402674,39.40331180271061,0
,3.263531845211922,39.4027682145515,0
,3.2632354128337204,39.40225946791834,0
,3.2634330344191884,39.40203645451629,0
,3.2634330344191884,39.40184828639923,0
,3.262840169662786,39.40147194862988,0
,3.2623101845017586,39.40087259166038,0
,3.2613849561697967,39.39970870922779,0
,3.2609088678048064,39.39878177089144,0
,3.260639383824623,39.39784088093463,0
,3.2606124354266046,39.39721361385632,0
,3.2607292118180173,39.396906947882066,0
,3.261052592594237,39.39648876481806,0
,3.261061575393577,39.39639118840616,0
,3.261340042173099,39.396216944471355,0
,3.2610795409922555,39.395687240215516,0
,3.260154312660293,39.394390841644174,0
,3.259597379101248,39.393596262774984,0
,3.2584835119831577,39.39258560103308,0
,3.2578008192333603,39.3918467631118,0
,3.257351679266389,39.391498251920915,0
,3.256597124121876,39.39071061016529,0
,3.255806637780005,39.38982537377834,0
,3.2550610654348318,39.388807686463444,0
,3.254342441487677,39.387734219246276,0
,3.2539202499187234,39.38713474329708,0
,3.253237557168926,39.38623551963986,0
,3.252608761215165,39.385392051174826,0
,3.251979965261405,39.38450674677403,0
,3.250363061380306,39.38233177765932,0
,3.2497881622225817,39.38148826163536,0
,3.2489527618840137,39.3803658814061,0
,3.2482790519335563,39.379529312880145,0
,3.248027533552052,39.37919468263991,0
,3.247758049571869,39.37900645241915,0
,3.2472999268055576,39.37799557766667,0
,3.2469675632299984,39.377361159078696,0
,3.2466531652531176,39.376914971096085,0
,3.2458267477138896,39.37613413520925,0
,3.2454584529409725,39.37573674213642,0
,3.2445961042043865,39.37499772439395,0
,3.243949342651947,39.3741820069753,0
,3.243347495096205,39.37329655924504,0
,3.2423324387708483,39.371881213774884,0
,3.2418114364091606,39.371204905481605,0
,3.2405987584983365,39.36985924150521,0
,3.240203515327402,39.36934328050856,0
,3.2397633581597693,39.36895979349435,0
,3.2389459234198803,39.368102169398114,0
,3.2385686458476237,39.367683812327535,0
,3.2373829163348176,39.36660304486816,0
,3.237248174344726,39.3664217531914,0
,3.236565481594929,39.365801174244886,0
,3.2361882040226724,39.36536885753639,0
,3.23542466607882,39.364504216026376,0
,3.2350024745098667,39.36368140198871,0
,3.234616214138271,39.3631584218856,0
,3.2341760569706386,39.362677276704325,0
,3.2335472610168776,39.36172194955756,0
,3.2330442242538693,39.36103159546509,0
,3.23238847990209,39.36020874018833,0
,3.2320650991258706,39.35978336201903,0
,3.2319123915371004,39.35953231793975,0
,3.230762593221652,39.35857694743293,0
,3.2298373648896894,39.35784472024544,0
,3.228795360166315,39.357056695676334,0
,3.227385060670023,39.35608036962291,0
,3.2265945743281526,39.35552943670801,0
,3.2261005203644832,39.355083108097396,0
,3.225345965219971,39.35425320819617,0
,3.224573444476779,39.35345119464806,0
,3.223648216144817,39.35246784363285,0
,3.22280383300691,39.35169370642352,0
,3.22215707145447,39.351184584446926,0
,3.2205850815700683,39.350333714714374,0
,3.2199473028169687,39.34996407133043,0
,3.2187795389028415,39.34939216636185,0
,3.217494998597302,39.34872958763269,0
,3.21639909707789,39.348143723270404,0
,3.2153121783578187,39.34760667658874,0
,3.214054586450297,39.34698592913681,0
,3.2127969945427752,39.34631635262046,0
,3.211440591842521,39.34556307130959,0
,3.209931481553495,39.344788856989105,0
,3.208844562833423,39.34430758427019,0
,3.2077845925113695,39.34372865758783,0
,3.2054490646831155,39.34250103802751,0
,3.2040926619828602,39.34185931915243,0
,3.2026464312892102,39.34093160636671,0
,3.201811030950643,39.34044333149407,0
,3.2008678370200014,39.339724863644214,0
,3.1998617634939848,39.33894360860205,0
,3.198649085583161,39.33807863739572,0
,3.197786736846574,39.33747873167466,0
,3.1967537149225396,39.33687184502531,0
,3.1947325850711654,39.335497610800374,0
,3.1937714255418457,39.33473723599981,0
,3.192504850834985,39.33390709252469,0
,3.1913820009175553,39.33323738970715,0
,3.190555583378327,39.33259558510587,0
,3.1896034066483465,39.331918893388156,0
,3.1886422471190268,39.33124219506878,0
,3.187645156392349,39.330551537399465,0
,3.1866211172676526,39.32986087285349,0
,3.1860821493072864,39.32942833195925,0
,3.1854982673502232,39.32918415445698,0
,3.1840071226598767,39.328814398317355,0
,3.183297481512061,39.328612078085946,0
,3.1812494032626693,39.32734233074824,0
,3.180072656549202,39.32665163425047,0
,3.1790037034278096,39.3261213979299,0
,3.1779347503064166,39.3255841806828,0
,3.1766232616028582,39.3248934666813,0
,3.1756171880768416,39.32431437792627,0
,3.174611114550824,39.323707376091114,0
,3.173030141867083,39.322898032050276,0
,3.1718444123542775,39.322318926640705,0
,3.1706586828414713,39.321663066484945,0
,3.1695987125194174,39.32113279203947,0
,3.169041778960372,39.32082578919256,0
,3.1678470666482275,39.32047692067233,0
,3.166984717911641,39.32007223099152,0
,3.165933730388927,39.31956985431121,0
,3.1648378288695156,39.31892792326037,0
,3.1637509101494437,39.31834878471714,0
,3.1625651806366375,39.317637065671136,0
,3.161505210314584,39.31701604995236,0
,3.160463205591209,39.31645782883329,0
,3.1593583212724585,39.315815868995614,0
,3.158262419753047,39.31520181489884,0
,3.156663481470627,39.314350503641386,0
,3.155226233576317,39.31347824767027,0
,3.154040504063511,39.31283626027265,0
,3.152818843353347,39.31211052823821,0
,3.151228887870267,39.31115450426523,0
,3.150231797143589,39.310596236001864,0
,3.1494233452030396,39.31012170444787,0
,3.148857428844655,39.30985652363716,0
,3.1477974585226014,39.30920752422173,0
,3.147276456160914,39.308935361370814,0
,3.1461985202401817,39.30818167406109,0
,3.143530628836368,39.30659750831966,0
,3.1422910025275255,39.305808901324575,0
,3.1413388257975456,39.30518080084934,0
,3.140314786672849,39.30451082074601,0
,3.1368384433284873,39.30220771483187,0
,3.135697627812378,39.30143999588416,0
,3.134628674690985,39.30076997968432,0
,3.133362099984124,39.29987661469458,0
,3.1326614416356486,39.29945086639792,0
,3.1320955252772635,39.29907397228507,0
,3.131466729323503,39.29873895357864,0
,3.1304516729981464,39.29808985023565,0
,3.1295354274655236,39.297496578432686,0
,3.1284215603474332,39.296861423002646,0
,3.1271909168379306,39.29609364494781,0
,3.126993295252463,39.29598196743276,0
,3.1256907893482446,39.29591216889466,0
,3.1250440277958047,39.29587028973811,0
,3.123777453088944,39.295653913693755,0
,3.12239410199067,39.29550035609201,0
,3.119896883774307,39.294969881764644,0
,3.119259105021207,39.294851222479025,0
,3.1178757539229327,39.2945301433956,0
,3.116178004847779,39.29415322257762,0
,3.1152976905125143,39.29394382123936,0
,3.114264668588479,39.293783279785806,0
,3.112944197085582,39.29350407637406,0
,3.112297435533142,39.29337843447262,0
,3.109710389323384,39.292505914998856,0
,3.1088839717841554,39.29226858780595,0
,3.1077072250706888,39.29184279286859,0
,3.1063238739724155,39.29131229060635,0
,3.1047608668873536,39.290830646885595,0
,3.1041859677296295,39.29059331396885,0
,3.1031349802069155,39.290230332645415,0
,3.1022636486709896,39.29006280216413,0
,3.1016438355165685,39.28990923220134,0
,3.101239609546294,39.28990225174041,0
,3.1002245532209374,39.289678876620606,0
,3.098922047316719,39.28946248128832,0
,3.098041732981454,39.28933683207638,0
,3.0968290550706294,39.28921118263716,0
,3.0967302442778957,39.289162318904985,0
,3.0967302442778957,39.28898082474167,0
,3.0964517774983733,39.288799330104176,0
,3.096676347481859,39.288478223045516,0
,3.0967032958798777,39.28838747512952,0
,3.0964517774983733,39.28833861081793,0
,3.095805015945934,39.28835257205333,0
,3.0955445147650895,39.28837351390115,0
,3.0949785984067053,39.28812919195048,0
,3.0947360628245404,39.288080327457244,0
,3.093676092502487,39.288205978941846,0
,3.092696967374488,39.288261823973166,0
,3.091924446631296,39.28832464957974,0
,3.0915292034603614,39.28854104845638,0
,3.0914124270689487,39.28850614545737,0
,3.091403444269609,39.28860387381044,0
,3.091340564674233,39.2885270872589,0
,3.0912058226841412,39.288778388384735,0
,3.0911968398848018,39.28858991262559,0
,3.0914214098682877,39.28850614545737,0
,3.0915381862597004,39.28854104845638,0
,3.091915463831957,39.2883176689596,0
,3.0918705498352597,39.28840841696681,0
,3.0914483582663057,39.28858991262559,0
,3.0914663238649847,39.28868066027713,0
,3.0914483582663057,39.28858991262559,0
,3.0914932722630035,39.28868066027713,0
,3.0914663238649847,39.28858991262559,0
,3.09186156703592,39.28841539757784,0
,3.0917986874405443,39.28833163019919,0
,3.091879532634599,39.28815013386565,0
,3.091951395029315,39.28821994020389,0
,3.0923017242035526,39.28817805640936,0
,3.0926790017758092,39.287605642019976,0
,3.0937389720978627,39.286747011592595,0
,3.094170146466156,39.28637004854066,0
,3.094816908018595,39.28593025572828,0
,3.0949157188113294,39.285888370553316,0
,3.0950055468047237,39.285720829601026,0
,3.0951852027915128,39.28560913540838,0
,3.0951852027915128,39.28542065105111,0
,3.0953109619822645,39.28544159378273,0
,3.0954097727749983,39.28539970831317,0
,3.0953918071763193,39.28530895637587,0
,3.095742136350558,39.28532291822009,0
,3.0958589127419702,39.28529499452885,0
,3.0958499299426308,39.28500877604644,0
,3.095939757936025,39.284820290060466,0
,3.095894843939328,39.28454105062284,0
,3.0955894287617873,39.28409426518829,0
,3.095149271594155,39.28345898720185,0
,3.0944306476469996,39.28268407981638,0
,3.0935503333117347,39.28190218252409,0
,3.092696967374488,39.28110631374465,0
,3.092140033815443,39.280673469002664,0
,3.0911878570854627,39.27971701218913,0
,3.0905860095297197,39.27930510337454,0
,3.089705695194455,39.278579020875,0
,3.088493017283631,39.2777970773915,0
,3.0873791501655408,39.27710588787955,0
,3.086220369050753,39.2762122185229,0
,3.08498972554125,39.27533948345125,0
,3.084405843584187,39.27494849458458,0
,3.0837770476304263,39.27459241352446,0
,3.0827260601077118,39.27384533556766,0
,3.081818797374429,39.27316108889844,0
,3.080929500239824,39.272497782126074,0
,3.0802018934933297,39.27206488376636,0
,3.079734787927679,39.271680858771276,0
,3.07875566279968,39.27099659079472,0
,3.077911279661773,39.27032628093973,0
,3.077381294500746,39.27006793062409,0
,3.076932154533774,39.26971182456115,0
,3.0764291177707657,39.26937666424729,0
,3.0754410098434275,39.268692373589026,0
,3.0734737767880906,39.267658942276654,0
,3.0726114280515047,39.26728187567542,0
,3.071865855706331,39.26654868476302,0
,3.0714256985386985,39.26600402365126,0
,3.071353836143983,39.2658992806406,0
,3.0712819737492674,39.26582246899914,0
,3.0711831629565336,39.26572470860547,0
,3.070985541371066,39.265473324104846,0
,3.0709136789763507,39.26538254614513,0
,3.070814868183617,39.265284785132884,0
,3.069952519447031,39.26436303168806,0
,3.069305757894591,39.26378343803715,0
,3.0685332371514,39.26301529442878,0
,3.067913423996978,39.26283373197232,0
,3.0677068196121713,39.26271501780217,0
,3.066835488076246,39.26250552171333,0
,3.065434171379293,39.26203066157518,0
,3.0648413066228906,39.261828146706314,0
,3.064086751478378,39.261828146706314,0
,3.0627932283734984,39.26170943081936,0
,3.061634447258711,39.26157674811758,0
,3.060942771709574,39.261562781502654,0
,3.0598917841868603,39.261402165229505,0
,3.059173160239705,39.261562781502654,0
,3.0567028904213593,39.26154881488495,0
,3.055166831734316,39.261555798194145,0
,3.0538553430307576,39.26154183157502,0
,3.0525887683238966,39.261520881641076,0
,3.050729328860633,39.26156976481045,0
,3.0486273538152044,39.26165356444947,0
,3.04838481823304,39.26173038069647,0
,3.047612297489848,39.26253345456165,0
,3.046705034756565,39.2632666878166,0
,3.045851668819318,39.264013879464905,0
,3.045294735260273,39.26460045419833,0
,3.0441539197441645,39.26556410194604,0
,3.043552072188422,39.266122732205936,0
,3.0424202394716526,39.266932738110036,0
,3.0414860283403513,39.267728769200616,0
,3.040309281626885,39.26866444321499,0
,3.0393930360942623,39.26932080403789,0
,3.0384139109662636,39.270116807784476,0
,3.037326992246191,39.270989608433695,0
,3.0363658327168714,39.27170180564392,0
,3.035746019562451,39.27214168851078,0
,3.034820791230488,39.272874820436236,0
,3.0336170961190034,39.27375456853985,0
,3.032700850586381,39.274438809366686,0
,3.0317756222544188,39.27512304345757,0
,3.0308054799257595,39.27590501702755,0
,3.029898217192476,39.27665905463765,0
,3.029296369636734,39.27703607037487,0
,3.028496900495524,39.27774820563165,0
,3.0275626893642222,39.27848826002915,0
,3.026655426630939,39.279172454253505,0
,3.025757146696995,39.27987060468148,0
,3.024670227976923,39.2807851711297,0
,3.0235563608588327,39.28157406228956,0
,3.0227658745169625,39.28206973268453,0
,3.0220113193724494,39.28273294810501,0
,3.020996263047093,39.28348691163098,0
,3.019990189521076,39.28417803767612,0
,3.0188493740049673,39.285036699852725,0
,3.0174480573080147,39.286146662063224,0
,3.0165497773740713,39.286830780881914,0
,3.01560658344343,39.287535835064446,0
,3.0150586326837243,39.28798259836766,0
,3.0149508390916515,39.288045424226745,0
,3.0149598218909905,39.288561990247395,0
,3.0148610110982568,39.28926702686041,0
,3.014986770289009,39.28997205631806,0
,3.0152203230718344,39.29062821591923,0
,3.0154269274566414,39.29104703795589,0
,3.015399979058623,39.291249467701725,0
,3.015543703848054,39.291863733664236,0
,3.0152562542691923,39.2929317058713,0
,3.01529218546655,39.29383214026749,0
,3.0151484606771186,39.2945301433956,0
,3.01449271632534,39.295535255576766,0
,3.013935782766295,39.29591216889466,0
,3.013612401990075,39.296351898513585,0
,3.013360883608571,39.29633793888596,0
,3.013136313625085,39.296421696609755,0
,3.0127320876548103,39.29665202982945,0
,3.0115373753426646,39.297001018100694,0
,3.010782820198152,39.297210410221666,0
,3.0097408154747773,39.2975942941371,0
,3.0091479507183743,39.29777576579482,0
,3.00873474194876,39.29802005381601,0
,3.0081059459949993,39.29861332114705,0
,3.007845444814156,39.299053033663284,0
,3.007575960833973,39.29961139475077,0
,3.0068842852848356,39.300434969160015,0
,3.006390231321167,39.30090258757034,0
,3.005249415805058,39.30162843677554,0
,3.004944000627517,39.30181687715552,0
,3.004054703492913,39.302814904715376,0
,3.0032821827497207,39.30361750388475,0
,3.002851008381428,39.30423863948231,0
,3.002294074822383,39.30479695887277,0
,3.0019706940461632,39.30522965331234,0
,3.00122512170099,39.306157843577736,0
,3.00057836014855,39.30708602143398,0
,3.0004346353591194,39.30735121282796,0
,3.000066340586202,39.30774899801955,0
,2.9993387338397075,39.30876787600912,0
,2.999015353063488,39.30942385803438,0
,2.998889593872736,39.30990537280998,0
,2.9986201098925527,39.310449689838755,0
,2.998440453905764,39.31058227923777,0
,2.9981889355242592,39.31056134408634,0
,2.9980002967381316,39.31043573304518,0
,2.9978835203467185,39.310268251303405,0
,2.9979194515440764,39.310184510280976,0
,2.9981889355242592,39.30989141590695,0
,2.998305711915672,39.3098635020925,0
,2.9983775743103878,39.309933286607595,0
,2.998305711915672,39.31032407859556,0
,2.998404522708406,39.31063112789985,0
,2.998269780718315,39.31114752593966,0
,2.998314694715012,39.311356875401934,0
,2.99881773147802,39.31204074591195,0
,2.9996082178198904,39.31280834764242,0
,3.0004166697604404,39.31357594088414,0
,3.0009286893227882,39.31411325110254,0
,3.0009736033194856,39.31420396540431,0
,3.0008927581254308,39.3142737455558,0
,3.000650222543266,39.31420396540431,0
,2.9994465274317808,39.31335264190754,0
,2.9993477166390474,39.31326890460609,0
,2.998934507869433,39.31289208549948,0
,2.998853662675378,39.31279439132306,0
,2.998404522708406,39.312291961958195,0
,2.9979823311394527,39.31134291879074,0
,2.9977667439553057,39.31040084104897,0
,2.9978565719487005,39.30976580365357,0
,2.9981350387282233,39.309312201957205,0
,2.9986650238892496,39.309019103900134,0
,2.999689063013946,39.308739961742894,0
,3.000865809727412,39.30849571143456,0
,3.0019167972501264,39.308453839866836,0
,3.0025635588025663,39.308523625799,0
,3.0038840303054637,39.30857247590977,0
,3.0045218090585633,39.30861434740593,0
,3.004988914624214,39.308663197452866,0
,3.0062105753343777,39.308649240300134,0
,3.0074502016432203,39.30872600460557,0
,3.0087976215441357,39.3086980903225,0
,3.0096240390833646,39.308530604388345,0
,3.009965385458263,39.30843988267199,0
,3.0108546825928677,39.30775597668678,0
,3.0113487365565366,39.30730934056996,0
,3.011438564549931,39.30748380814507,0

,2.9917841995952403,39.308628304565715,0
,2.9916494576051487,39.30863528314455,0
,2.9915057328157175,39.30863528314455,0
,2.9913799736249658,39.30867017602821,0
,2.990364917299609,39.308886511515404,0
,2.9897001901484908,39.30898421119187,0
,2.98874801341851,39.309221481262256,0
,2.987283817126182,39.30966810507708,0
,2.986529261981669,39.30985652363716,0
,2.986403502790917,39.30989839435883,0
,2.985172859281414,39.31033105700391,0
,2.984166785755397,39.31061717114279,0
,2.983537989801636,39.31076371695232,0
,2.9829361422458938,39.310959110883786,0
,2.98268462386439,39.310994002599394,0
,2.9814809287529047,39.31138478861585,0
,2.980331130437457,39.311845355025156,0
,2.979459798901531,39.31207563708383,0
,2.97820220699401,39.312578068014595,0
,2.974788743245023,39.3138411074858,0
,2.9746719668536103,39.31388995385455,0
,2.9737108073242906,39.314210943422644,0
,2.9730101489758147,39.314490063579505,0
,2.9716896774729173,39.31499247703321,0
,2.9706117415521844,39.315362306834906,0
,2.96956973682881,39.31578097970389,0
,2.9689678892730673,39.31598333735181,0
,2.968384007316004,39.316206627864865,0
,2.9677372457635642,39.3163531618736,0
,2.9665694818494375,39.31679973980156,0
,2.9658239095042638,39.31698116126394,0
,2.965141216754467,39.31728120341097,0
,2.9649076639716414,39.31740680206411,0
,2.963703968860157,39.31783244025373,0
,2.9626529813374427,39.318202254921985,0
,2.960083900726363,39.31912329420882,0
,2.958709532427429,39.31959078674553,0
,2.957478888917926,39.32005827613281,0
,2.9567153509740742,39.32028155353487,0
,2.9554308106685343,39.32077694770532,0
,2.95421813275771,39.32120256522434,0
,2.953643233599986,39.321432816236666,0
,2.953032403244904,39.32162120286024,0
,2.952188020106997,39.321949133910906,0
,2.951586172551255,39.32216542801096,0
,2.9510292389922097,39.322430561794505,0
,2.9503016322457154,39.32265383156328,0
,2.9496189394959176,39.322918963480575,0
,2.9487565907593316,39.32316316303445,0
,2.9479391560194426,39.323498063882155,0
,2.946843254500031,39.32383994016351,0
,2.9456844733852443,39.32427251590123,0
,2.944435864277062,39.324677181085264,0
,2.9432681003629346,39.325095797757506,0
,2.9420464396527715,39.32543068927674,0
,2.9398366710152697,39.32621907334609,0
,2.939055167472738,39.32648419163968,0
,2.93823773273285,39.326819076457134,0
,2.937339452798906,39.327070239009394,0
,2.936486086861659,39.32741907437908,0
,2.935120701362065,39.32794930078165,0
,2.9339709030466166,39.328437663619795,0
,2.9331983823034253,39.32858417180084,0
,2.9322821367708025,39.32898881183631,0
,2.931644358017702,39.329135318853375,0
,2.9302340585214104,39.32960274393466,0
,2.928931552617192,39.33003528374138,0
,2.9283476706601284,39.33025155263334,0
,2.9277009091076884,39.33043991531245,0
,2.9270271991572305,39.330725946550814,0
,2.925787572848389,39.33108173985982,0
,2.924610826134922,39.33157705691793,0
,2.9238293225923906,39.33175843974458,0
,2.9230837502472173,39.33200958441383,0
,2.922508851089493,39.332246775766535,0
,2.921951917530448,39.332511871024394,0
,2.9206134804288717,39.332951368824915,0
,2.91856540217948,39.3336420025993,0
,2.917352724268656,39.33394894873608,0
,2.9161310635584923,39.3343535574773,0
,2.9136967249375045,39.33519067151726,0
,2.912475064227341,39.33554644192471,0
,2.910283261188518,39.33634866261675,0
,2.909331084458538,39.33669745132766,0
,2.9078848537648887,39.33712297117949,0
,2.9070584362256597,39.33742292622746,0
,2.9032766777037566,39.33859483118789,0
,2.901704687819355,39.339097070108565,0
,2.9004920099085307,39.33945979595573,0
,2.8997644031620364,39.339710912738504,0
,2.898282241271029,39.34010851245143,0
,2.897033632162847,39.34047820838472,0
,2.8963060254163526,39.34068746936018,0
,2.895246055094299,39.341099014102994,0
,2.8950933475055285,39.34114784128327,0
,2.8939615147887596,39.341559383293735,0
,2.892380542105018,39.34218017933234,0
,2.890530085441094,39.34284282065657,0
,2.8895868915104526,39.34321947711272,0
,2.8885898007837754,39.343477555355115,0
,2.8873861056722903,39.343910008634786,0
,2.885688356597137,39.34441918403875,0
,2.884215177505469,39.34487255625137,0
,2.88275098121314,39.345339875275336,0
,2.8815472861016556,39.34570954331661,0
,2.8808286621545007,39.3459397129881,0
,2.879750726233768,39.34639307525768,0
,2.8784302547308704,39.34687433349984,0
,2.877253508017404,39.34732071496991,0
,2.8763013312874235,39.347711296398465,0
,2.8748910317911323,39.34822741848244,0
,2.8736693710809686,39.34856917288288,0
,2.872726177150328,39.3489179001262,0
,2.8715763788348796,39.34925267662936,0
,2.8708757204864033,39.34943401322685,0
,2.869582197381524,39.34990130150344,0
,2.8683605366713607,39.350291868392496,0
,2.867129893161857,39.35062663826021,0
,2.8662405960272532,39.35103812400762,0
,2.865620782872832,39.351156687244234,0
,2.8643542081659707,39.35167975792606,0
,2.863671515416174,39.3519726757837,0
,2.862153422327809,39.352453895291156,0
,2.861443781179993,39.35272588744797,0
,2.8597280665061606,39.35330473899806,0
,2.859108253351739,39.35355580563716,0
,2.85766202265809,39.35401609211346,0
,2.856970347108953,39.354267156175766,0
,2.8562607059611373,39.354504271399556,0
,2.8550839592476707,39.35479020338462,0
,2.853880264136186,39.35525048166319,0
,2.852622672228665,39.35562009685581,0
,2.851850151485473,39.35578746912477,0
,2.8509967855482268,39.3560594481998,0
,2.84982003883476,39.35630353107629,0
,2.8488858277034588,39.3566103769014,0
,2.8481851693549824,39.35675682556626,0
,2.8469994398421767,39.35708459050432,0
,2.8456789683392794,39.35745419591525,0
,2.8443944280337394,39.35770524752299,0
,2.8432625953169706,39.358019060753726,0
,2.841960089412752,39.35822826878473,0
,2.841322310659652,39.35837471403067,0
,2.8406845319065517,39.35843050261437,0
,2.8394538883970486,39.35879312731374,0
,2.8380795200981144,39.3591208826209,0
,2.8363638054242823,39.35960902594935,0
,2.835788906266558,39.359860069750745,0
,2.8350612995200635,39.36043886171605,0
,2.8348277467372385,39.36066898247958,0
,2.834495383161679,39.36079450257393,0
,2.834378606770266,39.36078055590799,0
,2.8341181055894222,39.36060622234712,0
,2.8342079335828165,39.36055043551502,0
,2.8343247099742293,39.36055740887149,0
,2.834387589569606,39.36048070191174,0
,2.834064208793386,39.359957697650124,0
,2.833561172030377,39.359518371019796,0
,2.832626960899076,39.358848915560614,0
,2.8325191673070025,39.358807074379655,0
,2.8324203565142687,39.35822826878473,0
,2.8324832361096446,39.35773314208994,0
,2.8322945973235165,39.3572380118576,0
,2.831854440155884,39.35643603284927,0
,2.831171747406087,39.355836285960436,0
,2.8301566910807305,39.355341142175924,0
,2.828908081972548,39.35519469051951,0
,2.827147453302018,39.3550552124638,0
,2.825817998999782,39.35492968197367,0
,2.824210077918022,39.35497152549565,0
,2.8229704516091796,39.35497152549565,0
,2.8223236900567406,39.355006395077986,0
,2.8216769285043006,39.35499942116293,0
,2.8201318870179173,39.354978499413505,0
,2.818901243508414,39.35502731681897,0
,2.8161075929138493,39.35504126464279,0
,2.8148589838056672,39.355013368992346,0
,2.8129636131450457,39.35522955998958,0
,2.8114724684546992,39.35540390707678,0
,2.8097208225835084,39.35552246284556,0
,2.807960193912979,39.35568983535035,0
,2.804600626960029,39.35617800284717,0
,2.8027501702961044,39.35648484922808,0
,2.8014746127899044,39.35665919315741,0
,2.7996511045239987,39.35693814253211,0
,2.797836579057432,39.357203143398024,0
,2.796318485969067,39.35742630123602,0
,2.7950069972655087,39.35769130023532,0
,2.793803302154024,39.3579423509841,0
,2.793129592203566,39.35810274404193,0
,2.792042673483494,39.3583816876061,0
,2.790919823566065,39.3588419420322,0
,2.789761042451277,39.35917667060391,0
,2.789123263698177,39.359364954714955,0
,2.7873356866296284,39.36029939421472,0
,2.786742821873226,39.360675955824114,0
,2.785655903153154,39.36115014160647,0
,2.784613898429779,39.361673136867935,0
,2.7834730829136705,39.362182181798076,0
,2.7829251321539648,39.36243321627718,0
,2.7817843166378564,39.36303290607347,0
,2.780616552723729,39.363611671536376,0
,2.7794218404115836,39.364246216066185,0
,2.778397801286888,39.364776160890315,0
,2.7767898802051287,39.36544555908475,0
,2.7756939786857173,39.36596154911205,0
,2.774625025564324,39.36652634460128,0
,2.773466244449536,39.36711902627464,0
,2.7721996697426756,39.36776748394375,0
,2.7704749722695032,39.36868786505243,0
,2.7692622943586795,39.36933630803636,0
,2.768256220832662,39.36988015876188,0
,2.767124388115893,39.370542535288656,0
,2.7661003489911975,39.371114265723996,0
,2.765013430271125,39.37167901920394,0
,2.7644025999160435,39.372027630164695,0
,2.7638366835576584,39.3722646846158,0
,2.762821627232302,39.37287823354546,0
,2.7620131752917527,39.37331050339153,0
,2.761240654548561,39.37353360935329,0
,2.7607196521868738,39.37386129493171,0
,2.760270512219902,39.37427264271849,0
,2.7599740798417005,39.37447482971816,0
,2.759578836670765,39.375004696296294,0
,2.7585458147467294,39.37609230446682,0
,2.7576026208160886,39.37694285792924,0
,2.7568121344742185,39.37777248607848,0
,2.7553120069845316,39.3793898838099,0
,2.754755073425487,39.38007308357167,0
,2.753856793491543,39.38103512895,0
,2.7525003907912877,39.38242937389137,0
,2.751799732442812,39.38316831232742,0
,2.7510811084956566,39.38403272086662,0
,2.749482170213237,39.385859096966506,0
,2.7484760966872193,39.38700927092982,0
,2.747748489940725,39.38789454332962,0
,2.747011900394891,39.38882859799718,0
,2.7465807260265978,39.38933744337114,0
,2.745987861270195,39.38989507784146,0
,2.745619566497278,39.39034815254094,0
,2.7452063577276635,39.39075243207674,0
,2.7445416305765455,39.391547043593285,0
,2.7426372771165846,39.39375657328139,0
,2.7423318619390438,39.3942235626403,0
,2.741550358396513,39.39506692349887,0
,2.741002407636807,39.39595209285024,0
,2.7400053169101293,39.396955735741585,0
,2.739214830568259,39.39770845835822,0
,2.738604000213177,39.39823814714347,0
,2.7382267226409205,39.398677228194664,0
,2.737508098693765,39.399297512550795,0
,2.7365738875624643,39.40006414845421,0
,2.7358462808159696,39.40069138969408,0
,2.734462929717696,39.40159739478044,0
,2.7334658389910182,39.40237097434979,0
,2.7315614855310577,39.40403658027941,0
,2.7307620163898476,39.404698630077135,0
,2.7298367880578853,39.405318860455694,0
,2.7286151273477217,39.406141179800194,0
,2.727662950617741,39.406907739877916,0
,2.726845515877853,39.40754188770409,0
,2.7256957175624046,39.40837811770867,0
,2.725156749602038,39.40880319741904,0
,2.724581850444314,39.4092143376047,0
,2.724186607273379,39.409486106894384,0
,2.7238722092964984,39.410064484136214,0
,2.7219678558365374,39.413151403770755,0
,2.7218061654484274,39.41345102971837,0
,2.7217253202543725,39.413541614051645,0
,2.7211773694946673,39.414342931833076,0
,2.720737212327035,39.414865525384364,0
,2.72049467674487,39.41538114715145,0
,2.7200545195772374,39.41637057274918,0
,2.719883846389788,39.41674682947265,0
,2.7193718268274396,39.4178198466627,0
,2.719066411649899,39.418614147364934,0
,2.7186172716829273,39.41954081998634,0
,2.7184645640941567,39.41984041825256,0
,2.7182759253080286,39.420237558139526,0
,2.7178178025417172,39.42151257078093,0
,2.717530352962855,39.42226502622593,0
,2.717305782979369,39.42276665863998,0
,2.716560210634196,39.424160062916634,0
,2.7161829330619396,39.42505182691617,0
,2.7156080339042155,39.42602718061999,0
,2.715203807933941,39.42679352030535,0
,2.714386373194052,39.42810324482855,0
,2.7138384224343457,39.42904372319518,0
,2.7133084372733194,39.42997722240185,0
,2.7122215185532474,39.431739690264536,0
,2.7116735677935413,39.43268708524754,0
,2.711233410625909,39.43357873925131,0
,2.7107303738629005,39.43446341583947,0
,2.7102003887018733,39.43543167093651,0
,2.709715317537544,39.436413843901995,0
,2.7092392291725536,39.437305449825686,0
,2.708808054804261,39.438217940852184,0
,2.708565519222096,39.43871249202249,0
,2.7083499320379496,39.43934634820628,0
,2.7078828264722983,39.44024488162459,0
,2.707155219725804,39.441721515816596,0
,2.7067330281568505,39.442668773965984,0
,2.706472526976007,39.44360905413804,0
,2.7061491461997873,39.44463986510388,0
,2.7059515246143198,39.445468681685284,0
,2.7054035738546136,39.446764122979964,0
,2.704963416686981,39.4477670285894,0
,2.7045771563153855,39.44899278233914,0
,2.70418191314445,39.4501697640494,0
,2.703948360361625,39.45066422967298,0
,2.703580065588708,39.45177154125831,0
,2.7031578740197544,39.45284401480139,0
,2.702780596447498,39.45381201233682,0
,2.7023314564805254,39.45486356263038,0
,2.701927230510251,39.455838495618735,0
,2.7011996237637566,39.45727997846097,0
,2.7008133633921605,39.458387183980236,0
,2.700373206224528,39.45943170121527,0
,2.7000138942509504,39.460183743841284,0
,2.6995467886853,39.46134660844383,0
,2.6991066315176675,39.46252337963109,0
,2.698720371146072,39.463533019397225,0
,2.6982802139784394,39.46507878408753,0
,2.697902936406183,39.46610927465376,0
,2.6976514180246784,39.46662451416866,0
,2.6973100716497798,39.46712582460025,0
,2.696941776876863,39.46810058446255,0
,2.696609413301304,39.46913799233898,0
,2.6962590841270653,39.470063987542446,0
,2.695791978561415,39.47129630775725,0
,2.695522494581232,39.47215961502801,0
,2.6950104750188837,39.47360771910513,0
,2.6945343866538933,39.474770357600086,0
,2.6941301606836188,39.47587728263674,0
,2.693142052756281,39.478501807521816,0
,2.6926659643912907,39.479768783810165,0
,2.6922078416249793,39.4808408224995,0
,2.691686839263292,39.48192676678736,0
,2.6912376992963196,39.48291523967701,0
,2.690707714135293,39.48407076045309,0
,2.6904202645564306,39.48464851358367,0
,2.6901328149775687,39.48532371291823,0
,2.6895309674218266,39.48650703601878,0
,2.6890369134581573,39.487481522155015,0
,2.6883182895110025,39.48891538386837,0
,2.68771644195526,39.49009864535964,0
,2.687132559998197,39.490954757194366,0
,2.68675528242594,39.49152549251424,0
,2.686458850047739,39.492242385065786,0
,2.686135469271519,39.492659988942805,0
,2.6857132777025656,39.493606548369655,0
,2.6851473613441805,39.49471317122733,0
,2.684491616992402,39.495972890101115,0
,2.683916717834678,39.49695420211894,0
,2.683296904680257,39.4979146216361,0
,2.681850673986607,39.50038520458198,0
,2.681374585621617,39.501303821298215,0
,2.6810062908487,39.50179792068219,0
,2.680637996075783,39.50220850761744,0
,2.6801978389081507,39.50293920713243,0
,2.6797307333424993,39.50399000904927,0
,2.679272610576188,39.504922495351,0
,2.6788863502045923,39.505841051615086,0
,2.678329416645547,39.507051857081535,0
,2.677826379882539,39.507963426474724,0
,2.6772065667281173,39.50920202816469,0
,2.6765418395769993,39.510503231810446,0
,2.676011854415972,39.51161654163324,0
,2.675499834853624,39.51254892477303,0
,2.67461053771902,39.51411446510768,0
,2.6738919137718646,39.515471237965414,0
,2.673155324226031,39.51673753519987,0
,2.672625339065004,39.51765593402076,0
,2.671951629114546,39.518469959106696,0
,2.671331815960125,39.519304846641504,0
,2.670514381220236,39.520383228069015,0
,2.6698316884704387,39.52121809242191,0
,2.6695262732928975,39.52166334927386,0
,2.6688795117404585,39.52247732701801,0
,2.668385457776789,39.52313824204383,0
,2.6672356594613413,39.5244183120621,0
,2.665753497570334,39.52628271932212,0
,2.665070804820537,39.52715229500516,0
,2.6642084560839505,39.52822359715449,0
,2.6633820385447224,39.52923923185894,0
,2.6625556210054935,39.53027572032994,0
,2.6617202206669264,39.53138175458341,0
,2.660965665522413,39.53229995820666,0
,2.6602919555719553,39.53309989835515,0
,2.6594745208320663,39.534059814269106,0
,2.6584235333093527,39.5353327256071,0
,2.657695926562858,39.53616045314264,0
,2.6556298827147873,39.53869226384529,0
,2.654839396372916,39.539659057108,0
,2.654093824027743,39.54071625434639,0
,2.6536446840607715,39.541335263615714,0
,2.65318656129446,39.5418360310873,0
,2.6526386105347544,39.542684545433104,0
,2.652306246959195,39.543637372848366,0
,2.6520457457783517,39.54409639448776,0
,2.6513361046305355,39.544924016679595,0
,2.6506174806833807,39.54590463177622,0
,2.6501144439203723,39.54689218747256,0
,2.6497551319467947,39.547545913731824,0
,2.649449716769254,39.5481022716155,0
,2.6486412648287043,39.54886030199483,0
,2.648021451674283,39.549687866914006,0
,2.6475184149112745,39.550341566623025,0
,2.6467009801713854,39.55113434304628,0
,2.64582964863546,39.551885385971616,0
,2.64503916229359,39.55258774277297,0
,2.6446169707246363,39.552949349420196,0
,2.644051054366251,39.55388812703928,0
,2.6439522435735174,39.55408283486798,0
,2.6433953100144727,39.55502855077156,0
,2.6429371872481613,39.55542491313099,0
,2.641868234126768,39.55600206827381,0
,2.6407723326073564,39.55648882186051,0
,2.6396674482886056,39.55692689714484,0
,2.6387781511540016,39.55726066691816,0
,2.638059527206846,39.557552714141835,0
,2.6366492277105547,39.55797687575933,0
,2.635400618602372,39.55842189497361,0
,2.6344933558690893,39.55870698389529,0
,2.63416099229353,39.55890863144381,0
,2.633774731921934,39.559332784703216,0
,2.633190849964871,39.56021584949433,0
,2.632849503589972,39.56103632473385,0
,2.633136953168834,39.561724682005774,0
,2.6335591447377875,39.5623504553677,0
,2.6343047170829608,39.563129187602804,0
,2.6350952034248314,39.56380361821948,0
,2.6356251885858586,39.56408173201238,0
,2.6361192425495275,39.564394608685525,0
,2.6368288836973433,39.56481872812622,0
,2.637547507644498,39.5655418109797,0
,2.6376642840359112,39.56557657438697,0
,2.6378978368187362,39.56552790561191,0
,2.6379876648121305,39.565597432422884,0
,2.6379607164141126,39.56568781717207,0
,2.637727163631287,39.565715627840255,0
,2.6374936108484617,39.56551400024126,0
,2.6367660041019674,39.56520808137634,0
,2.636029414556133,39.56511769599682,0
,2.6359126381647204,39.56512464872254,0
,2.6358138273719867,39.56506207416578,0
,2.635715016579253,39.56513160144756,0
,2.6358048445726467,39.56531932475737,0
,2.636370760931032,39.565812965090345,0
,2.6368558320953612,39.56623707578684,0
,2.6373049720623336,39.56636917530581,0