,98.30488,8.10068,0
,98.30498,8.10067,0
,98.30499,8.10069,0
,98.30502,8.10073,0
,98.30512,8.10095,0
,98.30525,8.10136,0
,98.30588,8.10117,0
,98.3062,8.10111,0
,98.30653,8.10107,0
,98.30664,8.10107,0
,98.30702,8.10111,0
,98.30719,8.10111,0
,98.30718,8.10141,0
,98.30709,8.10185,0
,98.30706,8.10223,0
,98.30707,8.10252,0
,98.30711,8.10287,0
,98.30766,8.10641,0
,98.30772,8.10667,0
,98.30804,8.10783,0
,98.30817,8.10824,0
,98.30841,8.10876,0
,98.30848,8.10894,0
,98.30859,8.10914,0
,98.30872,8.1093,0
,98.30906,8.10966,0
,98.30907,8.10968,0
,98.31,8.11071,0
,98.3101,8.11077,0
,98.31026,8.11081,0
,98.3103,8.11081,0
,98.31204,8.11107,0
,98.31217,8.11107,0
,98.31233,8.11104,0
,98.31238,8.11104,0
,98.32349,8.1121,0
,98.33074,8.11269,0
,98.33076,8.1127,0
,98.33103,8.11271,0
,98.3317,8.11264,0
,98.33351,8.11236,0
,98.33354,8.11235,0
,98.3352,8.11209,0
,98.33594,8.11723,0
,98.33596,8.11763,0
,98.33598,8.11775,0
,98.33612,8.12245,0
,98.33615,8.1228,0
,98.33624,8.12338,0
,98.33626,8.12346,0
,98.33634,8.12394,0
,98.33643,8.12436,0
,98.33682,8.12579,0
,98.33724,8.12729,0
,98.33738,8.12766,0
,98.33746,8.12792,0
,98.33753,8.12808,0
,98.33786,8.12866,0
,98.33807,8.12891,0
,98.3381,8.12896,0
,98.33822,8.12909,0
,98.33843,8.12929,0
,98.33924,8.12986,0
,98.33943,8.13006,0
,98.33963,8.13047,0
,98.34054,8.13314,0
,98.34065,8.13359,0
,98.3407,8.13398,0
,98.34087,8.13478,0
,98.34089,8.13484,0
,98.34094,8.13517,0
,98.34106,8.13573,0
,98.34137,8.13784,0
,98.34139,8.1381,0
,98.34138,8.13838,0
,98.34119,8.1398,0
,98.34118,8.14027,0
,98.34142,8.14168,0
,98.34158,8.1423,0
,98.34188,8.14302,0
,98.34194,8.14328,0
,98.34196,8.14346,0
,98.34196,8.14359,0
,98.34192,8.14396,0
,98.34115,8.146,0
,98.34106,8.1463,0
,98.3406,8.14763,0
,98.34032,8.14874,0
,98.34,8.14966,0
,98.33932,8.1512,0
,98.33804,8.15436,0
,98.33788,8.15472,0
,98.33777,8.15492,0
,98.33756,8.15517,0
,98.33741,8.1553,0
,98.33715,8.15547,0
,98.33687,8.15558,0
,98.3367,8.15563,0
,98.33643,8.15566,0
,98.32491,8.15533,0
,98.32468,8.15536,0
,98.3244,8.15542,0
,98.32421,8.15549,0
,98.32393,8.15565,0
,98.32374,8.15579,0
,98.3235,8.15599,0
,98.32281,8.15649,0
,98.32185,8.15724,0
,98.32165,8.15736,0
,98.32158,8.15741,0
,98.32121,8.15757,0
,98.32081,8.15769,0
,98.32042,8.15774,0
,98.32024,8.15774,0
,98.32014,8.15775,0
,98.31971,8.15775,0
,98.31846,8.15769,0
,98.31816,8.15769,0
,98.31719,8.15762,0
,98.31404,8.15755,0
,98.31347,8.15759,0
,98.31235,8.15785,0
,98.31222,8.15789,0
,98.31176,8.158,0
,98.31152,8.15804,0
,98.31143,8.15804,0
,98.31099,8.158,0
,98.3096,8.15779,0
,98.30771,8.15745,0
,98.30727,8.15739,0
,98.30677,8.15738,0
,98.30651,8.1574,0
,98.30639,8.15742,0
,98.30613,8.1575,0
,98.30598,8.15756,0
,98.30562,8.15775,0
,98.3054,8.15792,0
,98.30525,8.15809,0
,98.3052,8.15816,0
,98.30505,8.15841,0
,98.30464,8.15922,0
,98.30458,8.15944,0
,98.30454,8.15968,0
,98.30456,8.16021,0
,98.30465,8.16097,0
,98.30473,8.16205,0
,98.30473,8.16216,0
,98.30472,8.16219,0
,98.30472,8.16233,0
,98.30471,8.16237,0
,98.30471,8.16239,0
,98.30465,8.16258,0
,98.30454,8.16285,0
,98.30372,8.16462,0
,98.30356,8.16499,0
,98.30344,8.16523,0
,98.30333,8.1654,0
,98.30233,8.16649,0
,98.30198,8.16684,0
,98.30065,8.16826,0
,98.30027,8.16874,0
,98.29999,8.16933,0
,98.29984,8.16969,0
,98.29984,8.1697,0
,98.29978,8.16981,0
,98.29832,8.17295,0
,98.29816,8.17342,0
,98.29814,8.17363,0
,98.29814,8.17377,0
,98.29827,8.17589,0
,98.29831,8.1776,0
,98.29846,8.17983,0
,98.29856,8.17994,0
,98.29894,8.18018,0
,98.2992,8.18039,0
,98.29945,8.18056,0
,98.29958,8.1807,0
,98.29962,8.18077,0
,98.29966,8.18091,0
,98.29966,8.18103,0
,98.2997,8.18167,0
,98.29968,8.18175,0
,98.29966,8.1818,0
,98.2996,8.18188,0
,98.29933,8.18206,0
,98.299,8.18225,0
,98.29869,8.18237,0
,98.29849,8.18242,0
,98.29825,8.18245,0
,98.29707,8.18241,0
,98.29666,8.18238,0
,98.29657,8.18238,0
,98.29605,8.18234,0
,98.29554,8.18235,0
,98.29523,8.1824,0
,98.29041,8.18395,0
,98.29041,8.18396,0
,98.29001,8.18414,0
,98.28964,8.18445,0
,98.28943,8.18469,0
,98.28932,8.18485,0
,98.28923,8.18501,0
,98.28912,8.18526,0
,98.28875,8.18661,0
,98.28861,8.18703,0
,98.28804,8.18898,0
,98.28793,8.18946,0
,98.28791,8.18959,0
,98.2879,8.18983,0
,98.28791,8.18998,0
,98.28795,8.19025,0
,98.28799,8.19042,0
,98.28805,8.19059,0
,98.28845,8.19134,0
,98.28871,8.19176,0
,98.28871,8.19178,0
,98.28933,8.19271,0
,98.29041,8.19446,0
,98.2906,8.19472,0
,98.2907,8.19484,0
,98.29095,8.19506,0
,98.29121,8.19523,0
,98.29162,8.19539,0
,98.29266,8.19567,0
,98.29303,8.19579,0
,98.29421,8.19609,0
,98.2945,8.19621,0
,98.29532,8.19662,0
,98.29551,8.19674,0
,98.29587,8.19703,0
,98.29611,8.19726,0
,98.29633,8.1975,0
,98.29667,8.19794,0
,98.2969,8.19829,0
,98.2971,8.19869,0
,98.29726,8.19907,0
,98.29734,8.19923,0
,98.29848,8.20246,0
,98.29909,8.20438,0
,98.29914,8.20451,0
,98.29946,8.20552,0
,98.29952,8.20578,0
,98.29953,8.20588,0
,98.29956,8.20599,0
,98.2996,8.20657,0
,98.2996,8.20689,0
,98.29955,8.20727,0
,98.2994,8.20793,0
,98.29909,8.20877,0
,98.29906,8.20881,0
,98.29872,8.20961,0
,98.29847,8.21011,0
,98.29798,8.21123,0
,98.29734,8.21247,0
,98.2972,8.21277,0
,98.29712,8.21297,0
,98.29697,8.21343,0
,98.29683,8.21411,0
,98.29678,8.21454,0
,98.29677,8.21475,0
,98.29678,8.21528,0
,98.29683,8.21566,0
,98.29699,8.21643,0
,98.29737,8.21781,0
,98.29762,8.21882,0
,98.29783,8.21955,0
,98.29805,8.22043,0
,98.29856,8.22213,0
,98.29862,8.22241,0
,98.29981,8.2267,0
,98.29984,8.22678,0
,98.29996,8.22728,0
,98.29998,8.22745,0
,98.29998,8.22768,0
,98.29996,8.228,0
,98.29992,8.2282,0
,98.2998,8.22852,0
,98.29975,8.22863,0
,98.29951,8.229,0
,98.29884,8.22984,0
,98.2988,8.2299,0
,98.29798,8.23093,0
,98.29786,8.23113,0
,98.29772,8.23144,0
,98.29765,8.23166,0
,98.29754,8.23217,0
,98.29738,8.23317,0
,98.29693,8.23543,0
,98.29688,8.23578,0
,98.29542,8.23551,0
,98.29541,8.2355,0
,98.29517,8.23546,0
,98.29479,8.23543,0
,98.29463,8.23543,0
,98.29431,8.23546,0
,98.29381,8.23559,0
,98.29381,8.2356,0
,98.29379,8.2356,0
,98.29287,8.23586,0
,98.29277,8.2359,0
,98.29264,8.23598,0
,98.29255,8.23607,0
,98.29223,8.23647,0
,98.29194,8.23675,0
,98.29185,8.23682,0
,98.2917,8.2369,0
,98.2917,8.23691,0
,98.2916,8.23696,0
,98.29148,8.237,0
,98.29126,8.23705,0
,98.29109,8.23702,0
,98.29098,8.23701,0
,98.29058,8.23688,0
,98.29046,8.23685,0
,98.2903,8.23684,0
,98.29016,8.23687,0
,98.28991,8.23699,0
,98.28968,8.23712,0
,98.28954,8.23724,0
,98.28909,8.2377,0
,98.28876,8.23813,0
,98.28851,8.2386,0
,98.2884,8.23878,0
,98.28837,8.23881,0
,98.28833,8.23887,0
,98.28822,8.239,0
,98.28813,8.23909,0
,98.28761,8.23971,0
,98.28662,8.24073,0
,98.28642,8.24083,0
,98.28614,8.24087,0
,98.28583,8.24083,0
,98.28512,8.24078,0
,98.28385,8.24073,0
,98.28369,8.24076,0
,98.28266,8.24072,0
,98.28369,8.24076,0
,98.28366,8.24081,0
,98.28366,8.24095,0
,98.28371,8.24165,0
,98.28361,8.24396,0
,98.28356,8.24429,0
,98.28344,8.24471,0
,98.28331,8.24528,0
,98.28322,8.24577,0
,98.28311,8.24622,0
,98.28308,8.24629,0
,98.28299,8.24667,0
,98.28289,8.24702,0
,98.28282,8.24732,0
,98.28266,8.24826,0
,98.28258,8.24887,0
,98.28215,8.25087,0
,98.28209,8.25109,0
,98.28197,8.2517,0
,98.28194,8.25191,0
,98.28163,8.25472,0
,98.28133,8.2562,0
,98.28131,8.25627,0
,98.28129,8.25641,0
,98.28128,8.25643,0
,98.28112,8.25754,0
,98.28108,8.25769,0
,98.28101,8.25789,0
,98.28094,8.25802,0
,98.28065,8.25873,0
,98.28062,8.25884,0
,98.28054,8.25938,0
,98.28049,8.25996,0
,98.28048,8.25997,0
,98.28041,8.26119,0
,98.2804,8.26126,0
,98.28037,8.26175,0
,98.28036,8.26181,0
,98.28036,8.26188,0
,98.28017,8.26352,0
,98.2801,8.26508,0
,98.28001,8.26571,0
,98.27999,8.26595,0
,98.27999,8.26618,0
,98.28004,8.26652,0
,98.28017,8.2672,0
,98.28018,8.26751,0
,98.28017,8.26762,0
,98.27997,8.26869,0
,98.27958,8.27083,0
,98.27955,8.27107,0
,98.27954,8.2714,0
,98.27952,8.27161,0
,98.27939,8.27239,0
,98.279,8.2743,0
,98.27906,8.27432,0
,98.27919,8.2744,0
,98.28122,8.27528,0
,98.28253,8.27581,0
,98.28297,8.27602,0
,98.28298,8.27664,0
,98.28297,8.2768,0
,98.28293,8.27699,0
,98.2829,8.27707,0
,98.28282,8.2772,0
,98.28251,8.27764,0
,98.28247,8.27768,0
,98.28238,8.2778,0
,98.28228,8.27789,0
,98.28217,8.27797,0
,98.28151,8.27831,0
,98.2813,8.27844,0
,98.28089,8.27875,0
,98.28082,8.27879,0
,98.28065,8.27891,0
,98.28048,8.27905,0
,98.28036,8.27911,0
,98.28027,8.27914,0
,98.28012,8.27917,0
,98.27995,8.27918,0
,98.27985,8.2792,0
,98.27976,8.27923,0
,98.27971,8.27926,0
,98.27954,8.27942,0
,98.27892,8.28016,0
,98.27868,8.2804,0
,98.27862,8.28044,0
,98.27853,8.28053,0
,98.27845,8.28064,0
,98.27839,8.28078,0
,98.27832,8.28116,0
,98.2783,8.28123,0
,98.27825,8.2813,0
,98.2782,8.28135,0
,98.27815,8.28137,0
,98.27777,8.28137,0
,98.27763,8.28138,0
,98.27754,8.2814,0
,98.27746,8.28145,0
,98.27734,8.28157,0
,98.27721,8.28176,0
,98.27718,8.28179,0
,98.27714,8.28181,0
,98.27706,8.28183,0
,98.27699,8.28182,0
,98.2769,8.28179,0
,98.27679,8.28172,0
,98.27674,8.28166,0
,98.27666,8.2816,0
,98.2766,8.28158,0
,98.27653,8.28157,0
,98.27636,8.2816,0
,98.2762,8.28165,0
,98.27605,8.28174,0
,98.27597,8.28181,0
,98.27582,8.282,0
,98.27568,8.28222,0
,98.27559,8.28233,0
,98.27553,8.28245,0
,98.27548,8.28262,0
,98.27544,8.28295,0
,98.27525,8.28386,0
,98.27525,8.284,0
,98.27527,8.28425,0
,98.27526,8.28444,0
,98.27522,8.2846,0
,98.27511,8.28488,0
,98.27509,8.28497,0
,98.27505,8.28534,0
,98.27505,8.28542,0
,98.27503,8.28567,0
,98.27499,8.28695,0
,98.27496,8.28715,0
,98.2749,8.2874,0
,98.27481,8.28764,0
,98.27447,8.28884,0
,98.27447,8.28887,0
,98.27432,8.28945,0
,98.27421,8.29006,0
,98.27414,8.29032,0
,98.27403,8.29063,0
,98.27389,8.29092,0
,98.27379,8.29109,0
,98.27376,8.29141,0
,98.27379,8.29244,0
,98.27373,8.29263,0
,98.27356,8.29302,0
,98.27348,8.29316,0
,98.27342,8.29325,0
,98.27322,8.29347,0
,98.27298,8.29365,0
,98.27288,8.29376,0
,98.27271,8.29392,0
,98.27258,8.29409,0
,98.27258,8.2941,0
,98.27203,8.29524,0
,98.27198,8.29542,0
,98.27162,8.29712,0
,98.2716,8.29727,0
,98.2716,8.29735,0
,98.27213,8.29829,0
,98.27217,8.29834,0
,98.27232,8.2987,0
,98.27234,8.29878,0
,98.27236,8.29891,0
,98.27235,8.29897,0
,98.27235,8.29903,0
,98.27234,8.29909,0
,98.27228,8.29925,0
,98.27226,8.29937,0
,98.27227,8.29995,0
,98.27229,8.30018,0
,98.2723,8.30021,0
,98.2723,8.30031,0
,98.27233,8.30041,0
,98.27254,8.3008,0
,98.27269,8.30097,0
,98.27286,8.3011,0
,98.27381,8.30155,0
,98.27402,8.30162,0
,98.27436,8.30167,0
,98.27455,8.30165,0
,98.27574,8.30137,0
,98.27585,8.30137,0
,98.27588,8.30138,0
,98.27596,8.30147,0
,98.276,8.30154,0
,98.276,8.30156,0
,98.27602,8.30166,0
,98.27609,8.30189,0
,98.2762,8.30233,0
,98.27639,8.30292,0
,98.27658,8.30319,0
,98.27667,8.30328,0
,98.27687,8.30351,0
,98.277,8.30364,0
,98.27707,8.30373,0
,98.27714,8.30389,0
,98.27715,8.30405,0
,98.27706,8.305,0
,98.27703,8.30516,0
,98.27702,8.30526,0
,98.27699,8.30539,0
,98.27688,8.30558,0
,98.27681,8.30566,0
,98.27652,8.30592,0
,98.27605,8.30641,0
,98.27583,8.30659,0
,98.27571,8.30667,0
,98.27566,8.30672,0
,98.27555,8.30688,0
,98.27546,8.30711,0
,98.27543,8.30729,0
,98.27531,8.30783,0
,98.27527,8.30796,0
,98.27527,8.30806,0
,98.27526,8.30815,0
,98.27536,8.30867,0
,98.27554,8.30943,0
,98.27593,8.31143,0
,98.27598,8.31206,0
,98.27596,8.31218,0
,98.27588,8.31242,0
,98.27456,8.31423,0
,98.27402,8.31358,0
,98.27393,8.31354,0
,98.27387,8.3135,0
,98.27382,8.31345,0
,98.27352,8.31306,0
,98.27276,8.31219,0
,98.27239,8.31182,0
,98.2721,8.31166,0
,98.27206,8.31163,0
,98.27194,8.31159,0
,98.27173,8.31156,0
,98.2716,8.31157,0
,98.27146,8.31157,0
,98.27138,8.31158,0
,98.27127,8.31153,0
,98.27108,8.31157,0
,98.27095,8.31165,0
,98.27084,8.31175,0
,98.27076,8.31202,0
,98.27056,8.31194,0
,98.27047,8.31182,0
,98.26982,8.31154,0
,98.27047,8.31182,0
,98.27056,8.31194,0
,98.27076,8.31202,0
,98.27084,8.31175,0
,98.27095,8.31165,0
,98.27108,8.31157,0
,98.27127,8.31153,0
,98.27138,8.31158,0
,98.27146,8.31157,0
,98.2716,8.31157,0
,98.27173,8.31156,0
,98.27194,8.31159,0
,98.27206,8.31163,0
,98.2721,8.31166,0
,98.27239,8.31182,0
,98.27276,8.31219,0
,98.27352,8.31306,0
,98.27382,8.31345,0
,98.27387,8.3135,0
,98.27393,8.31354,0
,98.27402,8.31358,0
,98.27456,8.31423,0
,98.27494,8.31507,0
,98.27513,8.31575,0
,98.27514,8.31582,0
,98.27534,8.31655,0
,98.27535,8.31668,0
,98.27533,8.31682,0
,98.27531,8.31689,0
,98.27522,8.31705,0
,98.27519,8.31709,0
,98.27495,8.31727,0
,98.27489,8.3173,0
,98.27466,8.31737,0
,98.27442,8.31748,0
,98.27424,8.3176,0
,98.27407,8.31774,0
,98.27394,8.31791,0
,98.27374,8.31822,0
,98.27365,8.31843,0
,98.27321,8.31937,0
,98.27305,8.31984,0
,98.273,8.32006,0
,98.27288,8.32097,0
,98.27274,8.32174,0
,98.27258,8.3229,0
,98.27254,8.32341,0
,98.27256,8.32357,0
,98.27256,8.32386,0
,98.27246,8.3253,0
,98.27236,8.32582,0
,98.27235,8.32619,0
,98.27241,8.32706,0
,98.27241,8.32721,0
,98.27239,8.32737,0
,98.2722,8.32805,0
,98.27218,8.32832,0
,98.27219,8.32886,0
,98.27218,8.32888,0
,98.27218,8.32892,0
,98.27215,8.32902,0
,98.27211,8.32909,0
,98.27208,8.32913,0
,98.27163,8.32947,0
,98.27158,8.32952,0
,98.27148,8.32971,0
,98.27142,8.32993,0
,98.27139,8.33018,0
,98.27109,8.33098,0
,98.27087,8.33175,0
,98.27087,8.33184,0
,98.27088,8.33191,0
,98.2709,8.33196,0
,98.27094,8.33201,0
,98.27097,8.33204,0
,98.27153,8.33239,0
,98.27162,8.33247,0
,98.27167,8.33259,0
,98.27168,8.33269,0
,98.27167,8.33286,0
,98.27163,8.33306,0
,98.27143,8.33361,0
,98.27131,8.33388,0
,98.27126,8.33397,0
,98.27114,8.33408,0
,98.2711,8.3341,0
,98.27085,8.33418,0
,98.26893,8.33459,0
,98.26872,8.33467,0
,98.26857,8.33476,0
,98.26846,8.33486,0
,98.26839,8.33499,0
,98.26833,8.33514,0
,98.26829,8.33529,0
,98.26824,8.33641,0
,98.26825,8.3374,0
,98.26827,8.33755,0
,98.26833,8.3377,0
,98.26837,8.33775,0
,98.26867,8.33806,0
,98.26875,8.33821,0
,98.26876,8.33826,0
,98.26876,8.33835,0
,98.26873,8.33872,0
,98.26856,8.33984,0
,98.26818,8.34157,0
,98.26818,8.34176,0
,98.26821,8.3419,0
,98.26838,8.34225,0
,98.26841,8.34235,0
,98.26842,8.34245,0
,98.26842,8.34266,0
,98.26829,8.34312,0
,98.26823,8.34346,0
,98.26819,8.34361,0
,98.26816,8.34369,0
,98.26807,8.34383,0
,98.26784,8.3441,0
,98.26779,8.34417,0
,98.26755,8.34483,0
,98.26752,8.34508,0
,98.26753,8.34521,0
,98.2676,8.34559,0
,98.26761,8.34582,0
,98.26759,8.34605,0
,98.26752,8.34624,0
,98.26743,8.34641,0
,98.26656,8.34756,0
,98.26614,8.34796,0
,98.26576,8.34835,0
,98.26561,8.34863,0
,98.26552,8.34888,0
,98.26552,8.34889,0
,98.26542,8.34911,0
,98.26534,8.34923,0
,98.26527,8.34929,0
,98.26485,8.34952,0
,98.26475,8.3496,0
,98.26463,8.34976,0
,98.26458,8.34988,0
,98.26453,8.35005,0
,98.2645,8.3502,0
,98.26447,8.35045,0
,98.26449,8.3506,0
,98.26456,8.35077,0
,98.26456,8.35079,0
,98.2646,8.35091,0
,98.26464,8.35114,0
,98.26465,8.3513,0
,98.26463,8.35163,0
,98.26459,8.35183,0
,98.26436,8.35255,0
,98.26426,8.35296,0
,98.2642,8.35311,0
,98.26408,8.35328,0
,98.26397,8.35339,0
,98.26365,8.35367,0
,98.26363,8.35371,0
,98.26362,8.35371,0
,98.26353,8.35386,0
,98.26346,8.35403,0
,98.26341,8.35413,0
,98.2632,8.35488,0
,98.26313,8.35524,0
,98.26312,8.35536,0
,98.26312,8.35552,0
,98.26326,8.3563,0
,98.26329,8.35655,0
,98.26337,8.35692,0
,98.26342,8.357,0
,98.2635,8.35709,0
,98.2638,8.35734,0
,98.26401,8.35755,0
,98.26411,8.35767,0
,98.26428,8.35794,0
,98.2643,8.35796,0
,98.2644,8.35809,0
,98.26429,8.35832,0
,98.26373,8.35997,0
,98.26371,8.35999,0
,98.26364,8.36015,0
,98.26357,8.36027,0
,98.26316,8.36085,0
,98.26314,8.36089,0
,98.26305,8.36118,0
,98.26305,8.36124,0
,98.26307,8.36141,0
,98.26317,8.36159,0
,98.26354,8.36209,0
,98.26373,8.36251,0
,98.26372,8.36265,0
,98.26356,8.36295,0
,98.26343,8.36326,0
,98.26341,8.36335,0
,98.26337,8.36377,0
,98.26332,8.36389,0
,98.26326,8.36396,0
,98.26314,8.36414,0
,98.2631,8.36423,0
,98.26309,8.36429,0
,98.2631,8.36449,0
,98.26313,8.36456,0
,98.26335,8.36524,0
,98.26335,8.36526,0
,98.26337,8.36538,0
,98.26343,8.36609,0
,98.26353,8.36658,0
,98.26353,8.36679,0
,98.26344,8.36722,0
,98.26334,8.36792,0
,98.26333,8.36805,0
,98.26335,8.3682,0
,98.26343,8.36828,0
,98.26348,8.3683,0
,98.26356,8.36832,0
,98.26366,8.36832,0
,98.26377,8.36831,0
,98.26387,8.36831,0
,98.26395,8.36832,0
,98.26403,8.36834,0
,98.2641,8.36838,0
,98.26414,8.36842,0
,98.26416,8.36847,0
,98.26417,8.36848,0
,98.26418,8.36857,0
,98.26419,8.36886,0
,98.26422,8.36918,0
,98.26429,8.36959,0
,98.26444,8.37024,0
,98.26474,8.37122,0
,98.26476,8.37134,0
,98.26475,8.37144,0
,98.26472,8.37152,0
,98.26467,8.3716,0
,98.26445,8.3719,0
,98.26438,8.37204,0
,98.26424,8.37239,0
,98.26419,8.37255,0
,98.26414,8.37263,0
,98.26409,8.37273,0
,98.26396,8.37293,0
,98.26356,8.37343,0
,98.26345,8.3737,0
,98.26345,8.3738,0
,98.26347,8.37387,0
,98.2635,8.37392,0
,98.26405,8.37443,0
,98.26416,8.37459,0
,98.26443,8.37553,0
,98.26447,8.37576,0
,98.26444,8.37597,0
,98.2644,8.37611,0
,98.26244,8.38014,0
,98.26243,8.38015,0
,98.262,8.38108,0
,98.26167,8.38194,0
,98.26163,8.38202,0
,98.26157,8.38217,0
,98.2613,8.38301,0
,98.2613,8.38303,0
,98.26127,8.3831,0
,98.26109,8.3839,0
,98.26108,8.38412,0
,98.26113,8.38465,0
,98.26113,8.38477,0
,98.26111,8.38502,0
,98.2611,8.38503,0
,98.26105,8.38518,0
,98.26098,8.38533,0
,98.26066,8.38583,0
,98.26057,8.38599,0
,98.26038,8.38628,0
,98.26018,8.38654,0
,98.25984,8.38687,0
,98.25972,8.38697,0
,98.25967,8.38702,0
,98.25962,8.38709,0
,98.25958,8.38716,0
,98.25925,8.38787,0
,98.25917,8.3881,0
,98.25915,8.38818,0
,98.25915,8.38822,0
,98.25905,8.38881,0
,98.25901,8.3889,0
,98.25875,8.38922,0
,98.2587,8.38932,0
,98.25862,8.38966,0
,98.25863,8.38972,0
,98.25866,8.38978,0
,98.25898,8.39023,0
,98.25911,8.39061,0
,98.25917,8.39072,0
,98.25925,8.39082,0
,98.25948,8.39119,0
,98.25957,8.39136,0
,98.25963,8.39152,0
,98.25965,8.39162,0
,98.25964,8.39189,0
,98.25955,8.39201,0
,98.25942,8.39229,0
,98.25938,8.39249,0
,98.25935,8.39259,0
,98.25938,8.39291,0
,98.25943,8.39303,0
,98.25952,8.39317,0
,98.25954,8.39423,0
,98.25955,8.39432,0
,98.25954,8.39513,0
,98.2596,8.39702,0
,98.25968,8.39812,0
,98.25984,8.39963,0
,98.25983,8.40012,0
,98.25997,8.40247,0
,98.26011,8.40352,0
,98.26014,8.40385,0
,98.26037,8.40553,0
,98.26039,8.40583,0
,98.26038,8.4061,0
,98.26034,8.40637,0
,98.26016,8.40708,0
,98.25989,8.40799,0
,98.25929,8.41024,0
,98.25897,8.41129,0
,98.25874,8.41215,0
,98.25874,8.41217,0
,98.25867,8.41243,0
,98.25853,8.41319,0
,98.25847,8.41343,0
,98.25814,8.41581,0
,98.25809,8.41643,0
,98.2581,8.41667,0
,98.25816,8.41716,0
,98.25822,8.41741,0
,98.25834,8.41779,0
,98.25903,8.41952,0
,98.25908,8.41975,0
,98.2591,8.41995,0
,98.2591,8.42018,0
,98.25906,8.42048,0
,98.25886,8.42118,0
,98.25876,8.4217,0
,98.2587,8.42222,0
,98.25864,8.4235,0
,98.25863,8.42355,0
,98.25861,8.42409,0
,98.25846,8.42578,0
,98.25845,8.42601,0
,98.25814,8.42941,0
,98.25814,8.42948,0
,98.25808,8.43024,0
,98.25788,8.4315,0
,98.2573,8.43458,0
,98.25719,8.43528,0
,98.25707,8.43583,0
,98.257,8.43629,0
,98.25694,8.43693,0
,98.25684,8.44029,0
,98.25699,8.44221,0
,98.257,8.44226,0
,98.25731,8.44552,0
,98.25741,8.44618,0
,98.25765,8.4484,0
,98.25811,8.44997,0
,98.25823,8.45049,0
,98.25829,8.45097,0
,98.25859,8.45523,0
,98.25894,8.45906,0
,98.25898,8.45935,0
,98.25903,8.45954,0
,98.25918,8.45982,0
,98.25938,8.46005,0
,98.25963,8.46027,0
,98.26265,8.46215,0
,98.26284,8.46233,0
,98.26302,8.46258,0
,98.26311,8.46276,0
,98.26316,8.46291,0
,98.2632,8.46319,0
,98.26321,8.46339,0
,98.26316,8.4639,0
,98.26316,8.46411,0
,98.26292,8.46724,0
,98.26292,8.46755,0
,98.26301,8.46864,0
,98.26314,8.46944,0
,98.26318,8.46961,0
,98.26346,8.47114,0
,98.2635,8.47129,0
,98.26357,8.47149,0
,98.26374,8.47182,0
,98.26485,8.47353,0
,98.26563,8.4748,0
,98.26598,8.47532,0
,98.26737,8.47753,0
,98.26769,8.47816,0
,98.26784,8.47846,0
,98.26859,8.48068,0
,98.26889,8.48171,0
,98.26889,8.48173,0
,98.27014,8.48593,0
,98.27019,8.48604,0
,98.2705,8.48688,0
,98.27063,8.48715,0
,98.27093,8.48768,0
,98.27135,8.48821,0
,98.27492,8.49199,0
,98.27546,8.49243,0
,98.27681,8.4934,0
,98.2771,8.49363,0
,98.27722,8.49376,0
,98.27737,8.49394,0
,98.27747,8.49412,0
,98.27773,8.49471,0
,98.27851,8.49633,0
,98.27975,8.49911,0
,98.2799,8.49949,0
,98.28021,8.50016,0
,98.28142,8.5025,0
,98.28203,8.50387,0
,98.2824,8.50458,0
,98.28321,8.50628,0
,98.28403,8.50814,0
,98.28446,8.50901,0
,98.2857,8.51172,0
,98.28692,8.51466,0
,98.28733,8.51573,0
,98.28767,8.51675,0
,98.28812,8.51786,0
,98.28816,8.51794,0
,98.2888,8.51973,0
,98.28896,8.5201,0
,98.28909,8.52051,0
,98.28938,8.52125,0
,98.28952,8.52174,0
,98.28959,8.52208,0
,98.28959,8.52253,0
,98.28952,8.52285,0
,98.28925,8.52372,0
,98.28921,8.52382,0
,98.28883,8.52499,0
,98.28868,8.52534,0
,98.28845,8.52614,0
,98.28828,8.52664,0
,98.28825,8.5267,0
,98.28738,8.52941,0
,98.28734,8.52957,0
,98.28717,8.53004,0
,98.28709,8.53023,0
,98.28691,8.53055,0
,98.28643,8.53119,0
,98.28623,8.5314,0
,98.28474,8.5328,0
,98.2844,8.53309,0
,98.28259,8.5348,0
,98.2822,8.53514,0
,98.28123,8.53606,0
,98.2812,8.53608,0
,98.27954,8.53761,0
,98.2785,8.53863,0
,98.27817,8.53888,0
,98.27775,8.53916,0
,98.27751,8.53928,0
,98.27678,8.53969,0
,98.27673,8.53971,0
,98.27579,8.54024,0
,98.27487,8.54072,0
,98.27486,8.54072,0
,98.27417,8.54112,0
,98.27396,8.54129,0
,98.27354,8.54172,0
,98.27212,8.54369,0
,98.27209,8.54374,0
,98.27145,8.54461,0
,98.27094,8.54535,0
,98.27069,8.54586,0
,98.27041,8.54653,0
,98.27019,8.54712,0
,98.27013,8.54749,0
,98.27011,8.54756,0
,98.27016,8.54809,0
,98.27023,8.54849,0
,98.27066,8.54992,0
,98.27077,8.55024,0
,98.27089,8.55088,0
,98.27089,8.55133,0
,98.27079,8.55223,0
,98.27059,8.55323,0
,98.27054,8.55575,0
,98.27052,8.55592,0
,98.2705,8.55598,0
,98.27046,8.55618,0
,98.27012,8.55755,0
,98.26982,8.55857,0
,98.26982,8.5586,0
,98.26967,8.55909,0
,98.2696,8.55938,0
,98.26943,8.55986,0
,98.26934,8.56004,0
,98.26932,8.56006,0
,98.26922,8.5602,0
,98.26922,8.56021,0
,98.2692,8.56022,0
,98.26912,8.56034,0
,98.26912,8.56035,0
,98.26899,8.56049,0
,98.26898,8.56049,0
,98.2677,8.56183,0
,98.26744,8.56219,0
,98.26722,8.56263,0
,98.2671,8.56295,0
,98.26695,8.56361,0
,98.2668,8.56415,0
,98.26673,8.56434,0
,98.26673,8.56436,0
,98.26668,8.56453,0
,98.26626,8.5657,0
,98.26626,8.56571,0
,98.26564,8.56739,0
,98.26558,8.56752,0
,98.26523,8.56851,0
,98.26412,8.57141,0
,98.26392,8.57202,0
,98.26378,8.57269,0
,98.26374,8.57331,0
,98.26367,8.57398,0
,98.26357,8.5744,0
,98.26334,8.57497,0
,98.26272,8.57597,0
,98.26003,8.58007,0
,98.25971,8.5807,0
,98.25949,8.58133,0
,98.25936,8.58191,0
,98.25902,8.58391,0
,98.25893,8.58461,0
,98.25888,8.58515,0
,98.25873,8.58591,0
,98.25835,8.58728,0
,98.25828,8.58759,0
,98.25747,8.59032,0
,98.2571,8.59173,0
,98.25708,8.59187,0
,98.25705,8.592,0
,98.25695,8.59227,0
,98.25599,8.59569,0
,98.25586,8.59621,0
,98.25541,8.59741,0
,98.25536,8.59758,0
,98.25475,8.59905,0
,98.25458,8.59941,0
,98.25438,8.59977,0
,98.254,8.60039,0
,98.25326,8.60144,0
,98.25325,8.60146,0
,98.25202,8.60312,0
,98.252,8.60316,0
,98.25146,8.6039,0
,98.25113,8.60431,0
,98.24995,8.60598,0
,98.2497,8.60638,0
,98.24949,8.60667,0
,98.24949,8.60668,0
,98.2491,8.60726,0
,98.24908,8.6073,0
,98.24901,8.60739,0
,98.24899,8.60743,0
,98.24895,8.60747,0
,98.24888,8.60757,0
,98.24868,8.60779,0
,98.24852,8.60792,0
,98.24681,8.60895,0
,98.24676,8.60897,0
,98.24586,8.60952,0
,98.24585,8.60952,0
,98.24463,8.61026,0
,98.24388,8.6109,0
,98.24369,8.61108,0
,98.24322,8.61162,0
,98.24279,8.6122,0
,98.24276,8.61223,0
,98.24268,8.61233,0
,98.24052,8.61471,0
,98.24038,8.61482,0
,98.24035,8.61486,0
,98.24012,8.61511,0
,98.24006,8.61524,0
,98.24004,8.61532,0
,98.24003,8.6154,0
,98.24003,8.61552,0
,98.24007,8.61563,0
,98.2401,8.61569,0
,98.2404,8.61594,0
,98.24084,8.61627,0
,98.24133,8.61674,0
,98.24158,8.61692,0
,98.24169,8.61696,0
,98.24182,8.61698,0
,98.24184,8.61699,0
,98.24199,8.61704,0
,98.24201,8.61706,0
,98.24211,8.61713,0
,98.24215,8.61717,0
,98.24222,8.61726,0
,98.24234,8.61748,0
,98.24236,8.61753,0
,98.24247,8.61773,0
,98.24252,8.61779,0
,98.24257,8.61788,0
,98.24259,8.61794,0
,98.24259,8.618,0
,98.24255,8.61811,0
,98.24249,8.61816,0
,98.24242,8.61819,0
,98.24231,8.61821,0
,98.24207,8.61821,0
,98.24202,8.61822,0
,98.24186,8.61823,0
,98.24168,8.61828,0
,98.24139,8.61838,0
,98.24103,8.61855,0
,98.24098,8.61859,0
,98.24092,8.61867,0
,98.24084,8.61884,0
,98.24082,8.6189,0
,98.24077,8.61895,0
,98.2407,8.619,0
,98.24043,8.6191,0
,98.24038,8.61913,0
,98.24033,8.61918,0
,98.24021,8.61933,0
,98.24009,8.61951,0
,98.23998,8.61961,0
,98.23987,8.61969,0
,98.23962,8.61976,0
,98.2393,8.61976,0
,98.23919,8.6198,0
,98.23917,8.6198,0
,98.23916,8.61981,0
,98.23914,8.61982,0
,98.23909,8.61987,0
,98.23903,8.61996,0
,98.239,8.62008,0
,98.23893,8.62072,0
,98.23883,8.62095,0
,98.23875,8.62105,0
,98.23868,8.6211,0
,98.23858,8.62114,0
,98.23848,8.62115,0
,98.23831,8.62111,0
,98.23823,8.62106,0
,98.23797,8.62096,0
,98.23791,8.62096,0
,98.23784,8.62097,0
,98.23708,8.62124,0
,98.23707,8.62125,0
,98.2366,8.62143,0
,98.23649,8.6215,0
,98.23637,8.62163,0
,98.23625,8.62183,0
,98.23619,8.62203,0
,98.23617,8.62216,0
,98.23617,8.62224,0
,98.23619,8.6224,0
,98.2362,8.62242,0
,98.23627,8.62263,0
,98.23633,8.62271,0
,98.23635,8.62275,0
,98.23643,8.62281,0
,98.23651,8.62285,0
,98.23662,8.62288,0
,98.23726,8.62292,0
,98.23766,8.62304,0
,98.23793,8.62319,0
,98.23815,8.62341,0
,98.23819,8.62347,0
,98.23822,8.62354,0
,98.23823,8.62363,0
,98.23821,8.62399,0
,98.23817,8.62414,0
,98.23804,8.62436,0
,98.23792,8.6246,0
,98.23789,8.62469,0
,98.23788,8.62474,0
,98.23791,8.62487,0
,98.23797,8.62496,0
,98.23808,8.6251,0
,98.23841,8.62558,0
,98.23855,8.62573,0
,98.23871,8.62584,0
,98.23889,8.62589,0
,98.23911,8.6259,0
,98.23918,8.62591,0
,98.23922,8.62591,0
,98.2394,8.62594,0
,98.23964,8.62603,0
,98.24005,8.62644,0
,98.2402,8.62655,0
,98.24024,8.62657,0
,98.24025,8.62657,0
,98.24027,8.62659,0
,98.24038,8.62665,0
,98.24048,8.62676,0
,98.24052,8.62684,0
,98.24057,8.62691,0
,98.24057,8.62693,0
,98.24058,8.62694,0
,98.24065,8.62712,0
,98.24071,8.62724,0
,98.24091,8.62741,0
,98.24193,8.62847,0
,98.24203,8.62854,0
,98.24219,8.62861,0
,98.24278,8.62876,0
,98.2434,8.62887,0
,98.24357,8.62889,0
,98.244,8.62902,0
,98.24414,8.62905,0
,98.2443,8.62906,0
,98.24452,8.62904,0
,98.24466,8.62904,0
,98.2448,8.62907,0
,98.24502,8.62917,0
,98.24509,8.62921,0
,98.24532,8.62937,0
,98.24565,8.62956,0
,98.2459,8.62975,0
,98.24597,8.62983,0
,98.24601,8.62991,0
,98.24605,8.63008,0
,98.24606,8.6301,0
,98.24607,8.6303,0
,98.2461,8.6304,0
,98.24613,8.63046,0
,98.24651,8.63087,0
,98.24656,8.63094,0
,98.24661,8.63107,0
,98.24661,8.63132,0
,98.24657,8.63153,0
,98.24655,8.63172,0
,98.24648,8.6321,0
,98.24648,8.63216,0
,98.24632,8.63292,0
,98.24614,8.6336,0
,98.24603,8.63389,0
,98.24597,8.63402,0
,98.24597,8.63403,0
,98.24593,8.63406,0
,98.24579,8.6342,0
,98.24566,8.63431,0
,98.24565,8.63433,0
,98.24561,8.63438,0
,98.24558,8.63447,0
,98.24558,8.63453,0
,98.2456,8.63466,0
,98.24572,8.63491,0
,98.2461,8.6353,0
,98.24634,8.63549,0
,98.2467,8.63581,0
,98.24705,8.63607,0
,98.24735,8.63634,0
,98.24765,8.63669,0
,98.24781,8.63695,0
,98.24795,8.63722,0
,98.24808,8.63741,0
,98.24813,8.63753,0
,98.24816,8.63766,0
,98.24819,8.63774,0
,98.24859,8.63831,0
,98.24916,8.63905,0
,98.25003,8.64009,0
,98.25012,8.64023,0
,98.25024,8.64039,0
,98.25037,8.64054,0
,98.25051,8.64073,0
,98.25059,8.64088,0
,98.2507,8.64122,0
,98.25096,8.6423,0
,98.25106,8.64287,0
,98.25148,8.64484,0
,98.2515,8.64488,0
,98.2533,8.65374,0
,98.25337,8.65427,0
,98.25316,8.66288,0
,98.25314,8.66311,0
,98.25304,8.66765,0
,98.25198,8.66742,0
,98.25195,8.66742,0
,98.2518,8.66738,0
,98.25162,8.66735,0
,98.25144,8.66735,0
,98.25143,8.66736,0
,98.25127,8.6674,0
,98.25106,8.66744,0
,98.25087,8.66744,0
,98.25081,8.66743,0
,98.25075,8.66743,0
,98.25062,8.6674,0
,98.25054,8.66739,0
,98.25038,8.66735,0
,98.24942,8.66698,0
,98.24906,8.66786,0
,98.24904,8.66786,0
,98.24897,8.66781,0
,98.24885,8.66767,0
,98.2488,8.66758,0
,98.24834,8.66769,0
,98.24828,8.66788,0

,98.24828,8.66788,0
,98.24834,8.66769,0
,98.2488,8.66758,0
,98.24885,8.66767,0
,98.24897,8.66781,0
,98.24904,8.66786,0
,98.24953,8.66794,0
,98.24969,8.668,0
,98.24999,8.66825,0
,98.25053,8.66892,0
,98.2506,8.66897,0
,98.25115,8.66927,0
,98.25118,8.66928,0
,98.25136,8.66945,0
,98.2519,8.67002,0
,98.25198,8.67016,0
,98.252,8.67022,0
,98.25205,8.67046,0
,98.2522,8.6708,0
,98.25227,8.67089,0
,98.25231,8.67093,0
,98.25262,8.67117,0
,98.2527,8.67121,0
,98.25281,8.67125,0
,98.25291,8.67126,0
,98.25286,8.67477,0
,98.25268,8.68132,0
,98.25266,8.68157,0
,98.25267,8.6826,0
,98.25253,8.68764,0
,98.25252,8.68768,0
,98.25254,8.68844,0
,98.25256,8.68864,0
,98.25261,8.68891,0
,98.25274,8.68926,0
,98.25637,8.69706,0
,98.25643,8.69722,0
,98.25805,8.70068,0
,98.25814,8.70091,0
,98.25821,8.70106,0
,98.25821,8.70108,0
,98.25831,8.70137,0
,98.25837,8.70163,0
,98.25838,8.70203,0
,98.2583,8.70293,0
,98.25829,8.70295,0
,98.25822,8.70366,0
,98.25821,8.7039,0
,98.25772,8.70923,0
,98.25772,8.70928,0
,98.2577,8.70941,0
,98.25757,8.71084,0
,98.25756,8.71089,0
,98.25751,8.71147,0
,98.25745,8.71192,0
,98.25728,8.71366,0
,98.25727,8.71371,0
,98.25661,8.71974,0
,98.2566,8.71977,0
,98.25652,8.72056,0
,98.25636,8.72166,0
,98.25634,8.72173,0
,98.25631,8.72223,0
,98.2563,8.72227,0
,98.25597,8.72512,0
,98.25587,8.72606,0
,98.25582,8.72655,0
,98.25582,8.72663,0
,98.25578,8.72706,0
,98.25577,8.72708,0
,98.25577,8.72712,0
,98.25574,8.72739,0
,98.25564,8.72793,0
,98.25555,8.72869,0
,98.25555,8.72876,0
,98.25526,8.73171,0
,98.25482,8.73589,0
,98.25483,8.73603,0
,98.25485,8.73616,0
,98.25487,8.73622,0
,98.25489,8.73631,0
,98.25496,8.73648,0
,98.2556,8.73757,0
,98.25599,8.73816,0
,98.25961,8.74419,0
,98.25964,8.74423,0
,98.26019,8.74516,0
,98.26046,8.74557,0
,98.26083,8.74618,0
,98.26087,8.74626,0
,98.26088,8.74629,0
,98.26176,8.74775,0
,98.26183,8.74784,0
,98.26186,8.7479,0
,98.26344,8.75048,0
,98.2635,8.75051,0
,98.26353,8.75051,0
,98.26353,8.7505,0
,98.26354,8.7505,0
,98.26355,8.75046,0
,98.26257,8.74883,0
,98.26295,8.74862,0
,98.26335,8.74844,0
,98.26366,8.74833,0
,98.26384,8.74828,0
,98.26396,8.74823,0
,98.26418,8.7482,0
,98.2644,8.74821,0
,98.26505,8.74833,0
,98.26558,8.74845,0
,98.26585,8.74853,0
,98.26603,8.74864,0
,98.26638,8.74891,0
,98.26753,8.74987,0
,98.26845,8.75059,0
,98.26861,8.75067,0
,98.26909,8.75084,0
,98.27048,8.75141,0
,98.2706,8.75148,0
,98.27061,8.7515,0
,98.27063,8.75152,0
,98.27097,8.7522,0
,98.27105,8.75234,0
,98.27123,8.75248,0
,98.27128,8.75251,0
,98.27277,8.75303,0
,98.27293,8.75312,0
,98.27299,8.75317,0
,98.27309,8.75323,0
,98.27388,8.75391,0
,98.27391,8.75392,0
,98.27402,8.754,0
,98.27421,8.75409,0
,98.27729,8.75539,0
,98.27739,8.75544,0
,98.27741,8.75544,0
,98.27746,8.75546,0
,98.27765,8.75548,0
,98.27831,8.75549,0
,98.27835,8.7555,0
,98.27871,8.7555,0
,98.27885,8.75548,0
,98.2789,8.75548,0
,98.27921,8.75543,0
,98.28008,8.75519,0
,98.28044,8.75517,0
,98.28252,8.75537,0
,98.28264,8.7554,0
,98.28272,8.75544,0
,98.28275,8.75546,0
,98.28277,8.75549,0
,98.28278,8.75549,0
,98.28364,8.75676,0
,98.28387,8.75702,0
,98.284,8.75713,0
,98.28411,8.75719,0
,98.28421,8.75722,0
,98.28432,8.75724,0
,98.28441,8.75724,0
,98.28451,8.75723,0
,98.28465,8.7572,0
,98.28543,8.75695,0
,98.2855,8.75694,0
,98.28551,8.75693,0
,98.28569,8.75693,0
,98.28658,8.75708,0
,98.28676,8.75712,0
,98.28696,8.75718,0
,98.28707,8.75723,0
,98.28709,8.75725,0
,98.2871,8.75725,0
,98.2871,8.75726,0
,98.28853,8.75832,0
,98.28865,8.75849,0
,98.28897,8.75874,0
,98.28935,8.7595,0
,98.28944,8.75966,0
,98.28953,8.75985,0
,98.28958,8.76,0
,98.28972,8.76038,0
,98.28981,8.76054,0
,98.28991,8.76068,0
,98.29019,8.76101,0
,98.29035,8.76125,0
,98.29068,8.7616,0
,98.2907,8.76161,0
,98.29094,8.76183,0
,98.29148,8.7623,0
,98.29154,8.76234,0
,98.29169,8.76241,0
,98.29175,8.76242,0
,98.29203,8.76251,0
,98.29209,8.76252,0
,98.2922,8.76255,0
,98.29238,8.76257,0
,98.29242,8.76257,0
,98.29255,8.76255,0
,98.29256,8.76254,0
,98.2926,8.76252,0
,98.29291,8.76228,0
,98.29326,8.76197,0
,98.29331,8.76191,0
,98.29357,8.76171,0
,98.29372,8.76163,0
,98.29407,8.76153,0
,98.29543,8.76125,0
,98.29559,8.76118,0
,98.29562,8.76116,0
,98.29563,8.76116,0
,98.29574,8.7611,0
,98.2959,8.76093,0
,98.29649,8.76013,0
,98.29659,8.76002,0
,98.29672,8.75991,0
,98.29709,8.75976,0
,98.29735,8.75968,0
,98.2981,8.75941,0
,98.29851,8.75923,0
,98.29861,8.7592,0
,98.29869,8.75921,0
,98.299,8.75934,0
,98.29943,8.7596,0
,98.29952,8.75964,0
,98.29962,8.7597,0
,98.29979,8.75976,0
,98.30262,8.75982,0
,98.30275,8.7598,0
,98.30292,8.7597,0
,98.3041,8.75827,0
,98.30425,8.75812,0
,98.30461,8.75761,0
,98.30475,8.75717,0
,98.30487,8.75696,0
,98.30495,8.75689,0
,98.30514,8.7568,0
,98.30545,8.75671,0
,98.30595,8.7566,0
,98.30636,8.75653,0
,98.30648,8.75653,0
,98.30659,8.75654,0
,98.30748,8.75676,0
,98.30765,8.75683,0
,98.30779,8.75692,0
,98.3081,8.75719,0
,98.30821,8.75726,0
,98.30831,8.7573,0
,98.30845,8.75734,0
,98.30864,8.75736,0
,98.30883,8.7574,0
,98.30946,8.75739,0
,98.30984,8.75736,0
,98.31043,8.75734,0
,98.31105,8.75727,0
,98.31186,8.75708,0
,98.31223,8.75695,0
,98.31236,8.75689,0
,98.3125,8.7568,0
,98.31298,8.7563,0
,98.31339,8.75603,0
,98.31356,8.75598,0
,98.31371,8.75595,0
,98.31382,8.75594,0
,98.31398,8.75594,0
,98.31401,8.75595,0
,98.31415,8.75602,0
,98.31446,8.75624,0
,98.31611,8.75732,0
,98.31614,8.75733,0
,98.31638,8.75749,0
,98.31671,8.75766,0
,98.31674,8.75768,0
,98.3169,8.75776,0
,98.31721,8.75786,0
,98.31789,8.75796,0
,98.31807,8.75803,0
,98.31904,8.7591,0
,98.31972,8.75965,0
,98.31976,8.75974,0
,98.31977,8.75979,0
,98.31977,8.75991,0
,98.31978,8.75993,0
,98.31987,8.76025,0
,98.31985,8.76105,0
,98.31991,8.76157,0
,98.31996,8.76227,0
,98.31999,8.76252,0
,98.32008,8.76271,0
,98.32013,8.76293,0
,98.32016,8.76298,0
,98.32023,8.76315,0
,98.32026,8.76331,0
,98.32034,8.76344,0
,98.32047,8.76355,0
,98.32063,8.76362,0
,98.32214,8.7641,0
,98.32216,8.7641,0
,98.32276,8.76428,0
,98.32366,8.7646,0
,98.32375,8.76464,0
,98.324,8.76483,0
,98.32475,8.76551,0
,98.32487,8.76567,0
,98.32494,8.76578,0
,98.32499,8.76588,0
,98.32502,8.76597,0
,98.32504,8.76608,0
,98.32505,8.76609,0
,98.32507,8.76616,0
,98.32509,8.76628,0
,98.32509,8.7671,0
,98.3251,8.76725,0
,98.32517,8.76764,0
,98.32532,8.76813,0
,98.32535,8.76831,0
,98.32535,8.76843,0
,98.32536,8.76846,0
,98.32534,8.76856,0
,98.32532,8.76877,0
,98.32524,8.7691,0
,98.32524,8.76911,0
,98.32516,8.76935,0
,98.32515,8.76936,0
,98.32506,8.76974,0
,98.32504,8.76986,0
,98.32504,8.77054,0
,98.32507,8.77111,0
,98.32508,8.77114,0
,98.32516,8.7716,0
,98.32562,8.77336,0
,98.32569,8.77356,0
,98.32575,8.77366,0
,98.32619,8.77411,0
,98.32672,8.7746,0
,98.32722,8.7751,0
,98.32751,8.77548,0
,98.32785,8.77602,0
,98.3281,8.77633,0
,98.32836,8.77657,0
,98.32866,8.77681,0
,98.3295,8.77755,0
,98.32961,8.77768,0
,98.32968,8.7778,0
,98.32974,8.77793,0
,98.32976,8.77808,0
,98.32976,8.77822,0
,98.32975,8.77828,0
,98.32969,8.77841,0
,98.32952,8.77857,0
,98.32915,8.77876,0
,98.32915,8.77877,0
,98.32902,8.77888,0
,98.32894,8.77899,0
,98.32887,8.77911,0
,98.32877,8.77943,0
,98.32841,8.78136,0
,98.3284,8.7815,0
,98.32841,8.78162,0
,98.32844,8.78173,0
,98.3285,8.78183,0
,98.32855,8.78189,0
,98.3287,8.782,0
,98.32886,8.78209,0
,98.33148,8.78331,0
,98.3322,8.78354,0
,98.33377,8.78382,0
,98.33389,8.78386,0
,98.33393,8.78388,0
,98.33403,8.78397,0
,98.33411,8.78406,0
,98.33413,8.78412,0
,98.33521,8.78638,0
,98.33531,8.78662,0
,98.33538,8.78682,0
,98.33542,8.78702,0
,98.33541,8.7877,0
,98.33543,8.78784,0
,98.33551,8.78799,0
,98.33579,8.78844,0
,98.33597,8.78878,0
,98.33601,8.78889,0
,98.33603,8.78899,0
,98.33603,8.7891,0
,98.33598,8.78946,0
,98.33594,8.78993,0
,98.33594,8.79022,0
,98.33603,8.79122,0
,98.33615,8.79209,0
,98.33619,8.79223,0
,98.33628,8.79243,0
,98.33642,8.79266,0
,98.33665,8.79299,0
,98.33687,8.79334,0
,98.33718,8.79354,0
,98.33743,8.79365,0
,98.33755,8.79369,0
,98.33827,8.794,0
,98.33963,8.7945,0
,98.33972,8.79454,0
,98.33978,8.79456,0
,98.33994,8.79466,0
,98.34002,8.79472,0
,98.34012,8.79482,0
,98.34031,8.79504,0
,98.34054,8.79535,0
,98.34063,8.79551,0
,98.34078,8.79576,0
,98.34085,8.79586,0
,98.34096,8.79597,0
,98.34124,8.79612,0
,98.3416,8.79624,0
,98.3417,8.7963,0
,98.34174,8.79635,0
,98.34177,8.79637,0
,98.34236,8.79713,0
,98.34328,8.79843,0
,98.34334,8.79853,0
,98.34346,8.79878,0
,98.34366,8.79926,0
,98.34384,8.79955,0
,98.34393,8.79964,0
,98.34401,8.79969,0
,98.34409,8.79973,0
,98.3443,8.79978,0
,98.34463,8.79976,0
,98.34481,8.79977,0
,98.34493,8.7998,0
,98.34501,8.79985,0
,98.34507,8.7999,0
,98.34511,8.79995,0
,98.3457,8.80097,0
,98.34575,8.80104,0
,98.34658,8.80246,0
,98.34724,8.80329,0
,98.34746,8.80353,0
,98.34764,8.80368,0
,98.34795,8.80383,0
,98.34805,8.80387,0
,98.34928,8.80423,0
,98.34961,8.80431,0
,98.34988,8.80435,0
,98.35007,8.80439,0
,98.3504,8.80453,0
,98.35041,8.80453,0
,98.35079,8.8049,0
,98.35109,8.80515,0
,98.35123,8.80523,0
,98.35134,8.80528,0
,98.35221,8.80551,0
,98.35232,8.80557,0
,98.35242,8.80566,0
,98.35248,8.80573,0
,98.35254,8.80582,0
,98.35292,8.807,0
,98.35299,8.80713,0
,98.35312,8.80731,0
,98.35341,8.80764,0
,98.35365,8.80788,0
,98.3538,8.808,0
,98.3539,8.80817,0
,98.35392,8.80826,0
,98.35392,8.80843,0
,98.35385,8.80872,0
,98.35382,8.80891,0
,98.35383,8.80916,0
,98.35399,8.80956,0
,98.35409,8.80987,0
,98.35422,8.81016,0
,98.35486,8.81131,0
,98.355,8.81149,0
,98.35572,8.8123,0
,98.35676,8.8134,0
,98.35678,8.81343,0
,98.35691,8.81355,0
,98.35747,8.81401,0
,98.35762,8.81412,0
,98.35765,8.81415,0
,98.35849,8.81481,0
,98.35858,8.81487,0
,98.35868,8.81495,0
,98.35906,8.81514,0
,98.35976,8.81541,0
,98.36041,8.81574,0
,98.36056,8.81585,0
,98.36073,8.81603,0
,98.36089,8.81628,0
,98.36141,8.81688,0
,98.36167,8.81713,0
,98.36185,8.81727,0
,98.36201,8.81735,0
,98.36219,8.81741,0
,98.36251,8.81748,0
,98.36299,8.81756,0
,98.36366,8.81764,0
,98.36421,8.81763,0
,98.36446,8.81764,0
,98.36468,8.81768,0
,98.36521,8.81785,0
,98.36532,8.81791,0
,98.3654,8.81797,0
,98.36552,8.81813,0
,98.36609,8.81907,0
,98.36618,8.81839,0
,98.36619,8.81825,0
,98.3664,8.81682,0
,98.36662,8.81557,0
,98.3667,8.8152,0
,98.36731,8.8114,0
,98.36732,8.81139,0
,98.36737,8.81103,0
,98.3674,8.81037,0
,98.3674,8.80966,0
,98.36732,8.80875,0
,98.36715,8.80662,0
,98.36726,8.80299,0
,98.36695,8.79995,0
,98.36687,8.79888,0
,98.36687,8.79877,0
,98.36685,8.79859,0
,98.36682,8.79805,0
,98.36681,8.79798,0
,98.36681,8.79788,0
,98.36666,8.79572,0
,98.36666,8.79559,0
,98.36668,8.79548,0
,98.36668,8.79542,0
,98.36677,8.79514,0
,98.36915,8.79078,0
,98.36992,8.78926,0
,98.36999,8.7891,0
,98.37002,8.78901,0
,98.37008,8.78865,0
,98.3701,8.78716,0
,98.37011,8.78701,0
,98.37012,8.78554,0
,98.37014,8.78543,0
,98.37017,8.7853,0
,98.37049,8.78453,0
,98.37125,8.78284,0
,98.37313,8.77809,0
,98.37316,8.77803,0
,98.37337,8.77769,0
,98.37386,8.77721,0
,98.37393,8.77715,0
,98.37516,8.77587,0
,98.3752,8.77584,0
,98.37584,8.77523,0
,98.37585,8.77521,0
,98.37599,8.77509,0
,98.37664,8.77447,0
,98.37724,8.77395,0
,98.37813,8.773,0
,98.37829,8.77291,0
,98.37853,8.77277,0
,98.37945,8.77242,0
,98.381,8.77187,0
,98.38105,8.77186,0
,98.38188,8.77154,0
,98.38355,8.77095,0
,98.38529,8.77027,0
,98.38595,8.77004,0
,98.38608,8.77001,0
,98.38629,8.76998,0
,98.38645,8.76997,0
,98.38656,8.76998,0
,98.38695,8.77005,0
,98.38826,8.77043,0
,98.38921,8.77064,0
,98.38924,8.77345,0
,98.38933,8.77391,0
,98.38944,8.77421,0
,98.3897,8.77479,0
,98.39084,8.77701,0
,98.39084,8.77702,0
,98.3912,8.77783,0
,98.39121,8.77784,0
,98.39157,8.77866,0
,98.39164,8.77879,0
,98.39165,8.77882,0
,98.3918,8.77914,0
,98.39182,8.7792,0
,98.39189,8.7793,0
,98.39201,8.77916,0
,98.39244,8.77859,0
,98.39338,8.77745,0
,98.39351,8.77731,0
,98.39372,8.77712,0
,98.39394,8.77695,0
,98.39431,8.77671,0
,98.39464,8.77653,0
,98.3972,8.77536,0
,98.39764,8.77526,0
,98.39795,8.77524,0
,98.39829,8.77525,0
,98.39855,8.77529,0
,98.39868,8.77534,0
,98.40131,8.77619,0
,98.40274,8.7766,0
,98.40311,8.77669,0
,98.40356,8.77674,0
,98.404,8.77672,0
,98.40869,8.77622,0
,98.40891,8.77618,0
,98.40939,8.77617,0
,98.41002,8.77621,0
,98.41046,8.7763,0
,98.41048,8.7763,0
,98.41103,8.77645,0
,98.41271,8.77684,0
,98.41453,8.77722,0
,98.4187,8.77818,0
,98.41871,8.77819,0
,98.42053,8.77861,0
,98.42069,8.77867,0
,98.42105,8.77886,0
,98.42135,8.77909,0
,98.42153,8.77926,0
,98.42164,8.77942,0
,98.42372,8.78204,0
,98.4241,8.7824,0
,98.42421,8.78249,0
,98.42424,8.7825,0
,98.42439,8.7826,0
,98.42447,8.78264,0
,98.42604,8.78322,0
,98.42629,8.78334,0
,98.42648,8.7835,0
,98.42655,8.78357,0
,98.42667,8.78376,0
,98.42678,8.78402,0
,98.42682,8.78414,0
,98.42684,8.78432,0
,98.42684,8.78448,0
,98.42683,8.78451,0
,98.42681,8.78467,0
,98.42669,8.78526,0
,98.42614,8.78755,0
,98.42596,8.78816,0
,98.42595,8.78818,0
,98.42564,8.78941,0
,98.42562,8.78959,0
,98.42563,8.78986,0
,98.42565,8.78995,0
,98.42571,8.79039,0
,98.42584,8.79093,0
,98.4264,8.7926,0
,98.42662,8.79317,0
,98.42686,8.7936,0
,98.42898,8.79713,0
,98.429,8.79715,0
,98.43388,8.80536,0
,98.43392,8.80544,0
,98.43469,8.80664,0
,98.43583,8.80779,0
,98.43816,8.80996,0
,98.44126,8.81422,0
,98.44149,8.81475,0
,98.44159,8.81528,0
,98.4416,8.81546,0
,98.44159,8.81583,0
,98.44148,8.81652,0
,98.44146,8.81659,0
,98.44048,8.82176,0
,98.44036,8.82252,0
,98.44032,8.82298,0
,98.44033,8.82317,0
,98.44036,8.82337,0
,98.44036,8.82339,0
,98.44046,8.8237,0
,98.44047,8.82371,0
,98.44059,8.824,0
,98.44073,8.82422,0
,98.4411,8.82473,0
,98.44113,8.82475,0
,98.44128,8.82496,0
,98.4414,8.8251,0
,98.44618,8.83126,0
,98.44636,8.83159,0
,98.44659,8.83195,0
,98.44662,8.83197,0
,98.44704,8.83239,0
,98.44712,8.83244,0
,98.44735,8.83261,0
,98.44742,8.83264,0
,98.44776,8.83282,0
,98.44815,8.83298,0
,98.4486,8.8331,0
,98.44955,8.83343,0
,98.44978,8.83349,0
,98.45204,8.83434,0
,98.4524,8.83445,0
,98.45246,8.83448,0
,98.4581,8.83629,0
,98.45879,8.83653,0
,98.46006,8.83692,0
,98.46036,8.8371,0
,98.46063,8.8373,0
,98.46209,8.8386,0
,98.46223,8.83871,0
,98.4678,8.84359,0
,98.46789,8.84366,0
,98.46847,8.8442,0
,98.46871,8.84436,0
,98.46878,8.84438,0
,98.4688,8.84439,0
,98.46896,8.84442,0
,98.46911,8.84441,0
,98.46923,8.84438,0
,98.46937,8.84433,0
,98.46945,8.84427,0
,98.46965,8.84406,0
,98.46977,8.84384,0
,98.46986,8.8437,0
,98.47015,8.84313,0
,98.47022,8.84296,0
,98.47151,8.84033,0
,98.47156,8.84021,0
,98.4718,8.83972,0
,98.47187,8.83955,0
,98.47203,8.83923,0
,98.47213,8.839,0
,98.47227,8.83871,0
,98.47255,8.83813,0
,98.47265,8.83796,0
,98.47274,8.83787,0
,98.47277,8.83785,0
,98.4728,8.83782,0
,98.47294,8.83774,0
,98.4731,8.83768,0
,98.47316,8.83767,0
,98.47329,8.83767,0
,98.47343,8.83769,0
,98.47345,8.8377,0
,98.47349,8.83771,0
,98.47362,8.83777,0
,98.4738,8.83788,0
,98.47404,8.83811,0
,98.47461,8.83885,0
,98.47523,8.83959,0
,98.47525,8.83963,0
,98.47559,8.84005,0
,98.47638,8.84109,0
,98.47663,8.84136,0
,98.47672,8.84143,0
,98.47682,8.84148,0
,98.47704,8.84156,0
,98.4775,8.84165,0
,98.47768,8.84167,0
,98.47769,8.84168,0
,98.4779,8.84171,0
,98.4786,8.8418,0
,98.47896,8.8418,0
,98.47917,8.84175,0
,98.47932,8.8417,0
,98.47952,8.8416,0
,98.48062,8.84089,0
,98.48094,8.8407,0
,98.48115,8.84056,0
,98.48146,8.84039,0
,98.48182,8.8403,0
,98.48219,8.84029,0
,98.48221,8.8403,0
,98.48239,8.84033,0
,98.48262,8.8404,0
,98.48293,8.84053,0
,98.48359,8.84076,0
,98.48406,8.84078,0
,98.48757,8.84178,0
,98.48815,8.842,0
,98.48827,8.84208,0
,98.48835,8.84216,0
,98.48836,8.84218,0
,98.48855,8.84242,0
,98.48864,8.84264,0
,98.48872,8.8428,0
,98.48885,8.84314,0
,98.48885,8.84316,0
,98.48916,8.84392,0
,98.48921,8.84402,0
,98.48925,8.84407,0
,98.49001,8.84467,0
,98.49014,8.8448,0
,98.49025,8.84494,0
,98.4904,8.84517,0
,98.49064,8.84562,0
,98.49084,8.84592,0
,98.49092,8.846,0
,98.49096,8.84605,0
,98.49106,8.84613,0
,98.49115,8.84618,0
,98.4916,8.84656,0
,98.49187,8.84683,0
,98.49222,8.84707,0
,98.49243,8.84715,0
,98.49251,8.84719,0
,98.49254,8.8472,0
,98.49263,8.84726,0
,98.49275,8.84738,0
,98.49284,8.84752,0
,98.49292,8.84774,0
,98.49303,8.84828,0
,98.49315,8.8487,0
,98.4932,8.84942,0
,98.49324,8.84959,0
,98.49342,8.84994,0
,98.49361,8.85016,0
,98.49379,8.85032,0
,98.49402,8.85045,0
,98.49417,8.85055,0
,98.49449,8.85073,0
,98.49523,8.85108,0
,98.49565,8.85134,0
,98.49582,8.85149,0
,98.49612,8.85185,0
,98.49631,8.85214,0
,98.49671,8.85286,0
,98.49689,8.85326,0
,98.49698,8.85352,0
,98.49717,8.8543,0
,98.49721,8.85475,0
,98.49721,8.85503,0
,98.49716,8.85539,0
,98.49711,8.85574,0
,98.49712,8.85587,0
,98.49717,8.85605,0
,98.49722,8.85615,0
,98.49728,8.85623,0
,98.49729,8.85623,0
,98.49748,8.85641,0
,98.49803,8.85673,0
,98.4981,8.85676,0
,98.49818,8.85683,0
,98.49835,8.85695,0
,98.49853,8.85713,0
,98.49863,8.85726,0
,98.49883,8.85766,0
,98.49884,8.85767,0
,98.499,8.85802,0
,98.49905,8.85816,0
,98.49908,8.85827,0
,98.49909,8.85834,0
,98.4991,8.85856,0
,98.49908,8.85865,0
,98.49899,8.85886,0
,98.49893,8.85904,0
,98.49865,8.8597,0
,98.49856,8.86,0
,98.49854,8.86013,0
,98.49855,8.8604,0
,98.49858,8.86049,0
,98.49868,8.86071,0
,98.4989,8.86103,0
,98.49893,8.86106,0
,98.49925,8.86158,0
,98.49928,8.86164,0
,98.49949,8.86197,0
,98.4997,8.86218,0
,98.4998,8.86224,0
,98.49991,8.86229,0
,98.5001,8.86231,0
,98.50033,8.86231,0
,98.50058,8.86226,0
,98.50094,8.86216,0
,98.50133,8.86202,0
,98.50154,8.86196,0
,98.50178,8.86193,0
,98.50191,8.86193,0
,98.50204,8.86197,0
,98.50206,8.86197,0
,98.50219,8.86204,0
,98.5022,8.86205,0
,98.50269,8.86229,0
,98.50285,8.86238,0
,98.50303,8.86246,0
,98.50329,8.86262,0
,98.50414,8.86344,0
,98.50422,8.86355,0
,98.50427,8.86366,0
,98.50432,8.86381,0
,98.50434,8.86396,0
,98.50434,8.86408,0
,98.50433,8.86419,0
,98.50428,8.86442,0
,98.50421,8.86484,0
,98.50421,8.8649,0
,98.5042,8.86495,0
,98.50422,8.86509,0
,98.50426,8.86525,0
,98.50438,8.86547,0
,98.50449,8.8656,0
,98.50457,8.86568,0
,98.50468,8.86577,0
,98.50481,8.86584,0
,98.50511,8.86597,0
,98.50544,8.86609,0
,98.50568,8.8662,0
,98.50688,8.86691,0
,98.50729,8.86723,0
,98.50744,8.86738,0
,98.50747,8.86742,0
,98.50751,8.86752,0
,98.50755,8.86763,0
,98.50755,8.86769,0
,98.50756,8.86773,0
,98.50756,8.86783,0
,98.50749,8.86805,0
,98.50743,8.8682,0
,98.50729,8.86842,0
,98.50675,8.86905,0
,98.50653,8.86933,0
,98.50643,8.86956,0
,98.50641,8.86971,0
,98.50641,8.86988,0
,98.50639,8.87003,0
,98.50639,8.87017,0
,98.50637,8.87028,0
,98.50632,8.87039,0
,98.5062,8.87052,0
,98.50613,8.87057,0
,98.5059,8.87078,0
,98.50581,8.87092,0
,98.50577,8.87107,0
,98.50576,8.87116,0
,98.50577,8.87125,0
,98.50583,8.87151,0
,98.50598,8.87181,0
,98.5061,8.872,0
,98.50612,8.87207,0
,98.50614,8.87211,0
,98.50616,8.87221,0
,98.50616,8.87239,0
,98.50615,8.87242,0
,98.50611,8.87276,0
,98.50612,8.87278,0
,98.50612,8.87296,0
,98.50613,8.87304,0
,98.50616,8.87318,0
,98.50626,8.87351,0
,98.50645,8.87389,0
,98.50648,8.874,0
,98.5065,8.87419,0
,98.5065,8.87436,0
,98.50645,8.8745,0
,98.50635,8.87468,0
,98.50611,8.87517,0
,98.50606,8.8753,0
,98.50602,8.87545,0
,98.506,8.87558,0
,98.506,8.87569,0
,98.50599,8.87576,0
,98.50607,8.87627,0
,98.50607,8.87649,0
,98.50605,8.87671,0
,98.50578,8.87788,0
,98.5057,8.87844,0
,98.50553,8.87902,0
,98.50547,8.87918,0
,98.50532,8.87942,0
,98.50512,8.87961,0
,98.5051,8.87962,0
,98.50496,8.87972,0
,98.50495,8.87972,0
,98.50461,8.87988,0
,98.50447,8.87992,0
,98.50445,8.87993,0
,98.5041,8.88,0
,98.50407,8.88,0
,98.50388,8.88008,0
,98.50371,8.88019,0
,98.50363,8.88027,0
,98.50361,8.88028,0
,98.50351,8.8804,0
,98.50329,8.88067,0
,98.50314,8.8809,0
,98.50293,8.88115,0
,98.50291,8.88118,0
,98.50281,8.88128,0
,98.5027,8.88136,0
,98.50256,8.88142,0
,98.50245,8.88146,0
,98.50171,8.8815,0
,98.5013,8.8815,0
,98.50069,8.88154,0
,98.50036,8.88164,0
,98.50012,8.88173,0
,98.49992,8.88182,0
,98.49979,8.8819,0
,98.49953,8.88211,0
,98.49944,8.88232,0
,98.49941,8.88245,0
,98.4994,8.88247,0
,98.49939,8.88256,0
,98.49939,8.88266,0
,98.49941,8.88282,0
,98.49943,8.88289,0
,98.49955,8.88313,0
,98.49964,8.88327,0
,98.49974,8.88337,0
,98.49987,8.88344,0
,98.49998,8.88347,0
,98.5003,8.88353,0
,98.50034,8.88353,0
,98.50053,8.88357,0
,98.50073,8.88361,0
,98.50087,8.88365,0
,98.50104,8.88372,0
,98.50111,8.88374,0
,98.50138,8.88385,0
,98.50212,8.88437,0
,98.50226,8.88449,0
,98.50227,8.88449,0
,98.50238,8.88462,0
,98.50247,8.88478,0
,98.50253,8.88487,0
,98.50255,8.885,0
,98.50254,8.88548,0
,98.5025,8.88598,0
,98.5025,8.88622,0
,98.50253,8.88637,0
,98.50253,8.88638,0
,98.5026,8.88654,0
,98.5026,8.88655,0
,98.50269,8.8867,0
,98.50277,8.88682,0
,98.50285,8.88692,0
,98.50293,8.887,0
,98.50303,8.88708,0
,98.50314,8.88714,0
,98.50367,8.8873,0
,98.50382,8.88736,0
,98.50403,8.88749,0
,98.5046,8.88798,0
,98.50585,8.88929,0
,98.50586,8.88931,0
,98.5062,8.88962,0
,98.50678,8.89023,0
,98.50727,8.89064,0
,98.50801,8.89107,0
,98.5091,8.89176,0
,98.50934,8.89187,0
,98.50943,8.89189,0
,98.50964,8.89191,0
,98.5098,8.89191,0
,98.50992,8.8919,0
,98.51007,8.89186,0
,98.51023,8.8918,0
,98.51084,8.89153,0
,98.51098,8.89149,0
,98.51109,8.89147,0
,98.51136,8.89144,0
,98.51159,8.89147,0
,98.51173,8.89152,0
,98.51192,8.89167,0
,98.51205,8.89183,0
,98.51212,8.892,0
,98.51221,8.89238,0
,98.51229,8.89295,0
,98.51229,8.89301,0
,98.5124,8.8935,0
,98.51258,8.89393,0
,98.51264,8.89404,0
,98.5127,8.89411,0
,98.51286,8.89422,0
,98.51292,8.89425,0
,98.5132,8.89435,0
,98.51391,8.89451,0
,98.51463,8.89464,0
,98.51465,8.89465,0
,98.51569,8.89493,0
,98.51634,8.8952,0
,98.517,8.89555,0
,98.51741,8.8959,0
,98.51782,8.89639,0
,98.51823,8.89702,0
,98.51841,8.89739,0
,98.51848,8.89756,0
,98.51856,8.89772,0
,98.51901,8.89906,0
,98.51924,8.89984,0
,98.51936,8.9001,0
,98.51936,8.90011,0
,98.51951,8.90031,0
,98.51956,8.90036,0
,98.51961,8.90039,0
,98.51965,8.90043,0
,98.51975,8.90046,0
,98.51975,8.90047,0
,98.52026,8.90057,0
,98.52089,8.90065,0
,98.52094,8.90101,0
,98.52094,8.90103,0
,98.52107,8.90167,0
,98.52107,8.90171,0
,98.5211,8.90181,0
,98.52125,8.90259,0
,98.52144,8.9035,0
,98.52145,8.90351,0
,98.52149,8.90363,0
,98.52155,8.90374,0
,98.52163,8.90385,0
,98.52215,8.90444,0
,98.52216,8.90447,0
,98.52218,8.90451,0
,98.52233,8.90468,0
,98.52237,8.90475,0
,98.52237,8.90476,0
,98.5224,8.9048,0
,98.52246,8.90491,0
,98.52246,8.90492,0
,98.52277,8.90616,0
,98.52285,8.90634,0
,98.52307,8.90671,0
,98.52312,8.9069,0
,98.52316,8.90718,0
,98.52319,8.90752,0
,98.52319,8.90808,0
,98.52322,8.909,0
,98.52321,8.90958,0
,98.52322,8.90983,0
,98.5233,8.91006,0
,98.52332,8.91011,0
,98.52347,8.91034,0
,98.52363,8.91052,0
,98.52363,8.91053,0
,98.52373,8.91066,0
,98.52375,8.91067,0
,98.5241,8.91103,0
,98.52427,8.91124,0
,98.52478,8.91176,0
,98.52497,8.912,0
,98.52519,8.91231,0
,98.52532,8.91253,0
,98.52546,8.91272,0
,98.52564,8.91289,0
,98.52569,8.91292,0
,98.52586,8.91306,0
,98.52612,8.91338,0
,98.5275,8.91455,0
,98.52753,8.91443,0
,98.52773,8.91426,0

,98.52773,8.91426,0
,98.52753,8.91443,0
,98.5275,8.91455,0
,98.52612,8.91338,0
,98.52586,8.91306,0
,98.52569,8.91292,0
,98.52564,8.91289,0
,98.52546,8.91272,0
,98.52533,8.91254,0
,98.52532,8.91253,0
,98.52519,8.91231,0
,98.52497,8.912,0
,98.52479,8.91178,0
,98.52478,8.91176,0
,98.52427,8.91124,0
,98.5241,8.91103,0
,98.52375,8.91067,0
,98.52373,8.91066,0
,98.52363,8.91053,0
,98.52363,8.91052,0
,98.52347,8.91034,0
,98.52332,8.91011,0
,98.52323,8.90985,0
,98.52322,8.90983,0
,98.52321,8.90958,0
,98.52322,8.909,0
,98.52319,8.90808,0
,98.52319,8.90752,0
,98.52316,8.90718,0
,98.52312,8.9069,0
,98.52307,8.90671,0
,98.52285,8.90634,0
,98.52281,8.90626,0
,98.52277,8.90616,0
,98.52262,8.90552,0
,98.52246,8.90492,0
,98.52246,8.90491,0
,98.52237,8.90475,0
,98.52233,8.90468,0
,98.52218,8.90451,0
,98.52216,8.90447,0
,98.52215,8.90444,0
,98.52163,8.90385,0
,98.52155,8.90374,0
,98.52149,8.90363,0
,98.52145,8.90351,0
,98.52144,8.9035,0
,98.52125,8.90259,0
,98.5211,8.90181,0
,98.52107,8.90171,0
,98.52107,8.90167,0
,98.52094,8.90101,0
,98.52089,8.90065,0
,98.52118,8.90069,0
,98.52135,8.9007,0
,98.52158,8.90073,0
,98.52196,8.90073,0
,98.52274,8.90055,0
,98.52301,8.90044,0
,98.52335,8.9002,0
,98.52367,8.8999,0
,98.52419,8.89933,0
,98.52518,8.89841,0
,98.52623,8.89716,0
,98.52697,8.89643,0
,98.52709,8.89624,0
,98.52709,8.89623,0
,98.52791,8.89536,0
,98.52818,8.89505,0
,98.52843,8.89492,0
,98.5293,8.89399,0
,98.53085,8.89222,0
,98.53126,8.89181,0
,98.53168,8.89153,0
,98.53191,8.89142,0
,98.53229,8.89127,0
,98.5326,8.89117,0
,98.53267,8.89112,0
,98.53277,8.8911,0
,98.5332,8.89106,0
,98.53376,8.89106,0
,98.55117,8.8927,0
,98.55157,8.89276,0
,98.5521,8.89287,0
,98.55256,8.89301,0
,98.55279,8.8931,0
,98.56536,8.89854,0
,98.56552,8.89862,0
,98.56701,8.89927,0
,98.56705,8.89928,0
,98.56973,8.90051,0
,98.57015,8.90075,0
,98.57062,8.90105,0
,98.57085,8.90125,0
,98.57127,8.90165,0
,98.57182,8.90247,0
,98.572,8.90279,0
,98.57224,8.90326,0
,98.57314,8.90523,0
,98.57346,8.90588,0
,98.57376,8.90639,0
,98.574,8.90672,0
,98.57418,8.90692,0
,98.57434,8.90707,0
,98.5747,8.90747,0
,98.57509,8.90782,0
,98.57709,8.90905,0
,98.5771,8.90905,0
,98.5771,8.90906,0
,98.57788,8.90949,0
,98.57789,8.9095,0
,98.57981,8.91052,0
,98.57999,8.9106,0
,98.58158,8.91147,0
,98.58167,8.91153,0
,98.58195,8.91166,0
,98.58214,8.91177,0
,98.58235,8.91187,0
,98.58304,8.91215,0
,98.5833,8.91221,0
,98.58354,8.91228,0
,98.58373,8.91232,0
,98.584,8.91236,0
,98.58436,8.91238,0
,98.58525,8.91231,0
,98.58694,8.9122,0
,98.58738,8.91226,0
,98.59114,8.91202,0
,98.59298,8.91185,0
,98.59357,8.91177,0
,98.59396,8.91169,0
,98.5944,8.91155,0
,98.59461,8.91139,0
,98.59494,8.91125,0
,98.5955,8.91085,0
,98.5962,8.91028,0
,98.59682,8.90986,0
,98.59709,8.90972,0
,98.59758,8.90954,0
,98.59766,8.90954,0
,98.59827,8.90947,0
,98.59903,8.90952,0
,98.60129,8.90972,0
,98.60225,8.90971,0
,98.6026,8.90968,0
,98.60312,8.90955,0
,98.60341,8.90945,0
,98.60407,8.90916,0
,98.60485,8.90872,0
,98.60557,8.9082,0
,98.60607,8.90788,0
,98.60678,8.90746,0
,98.60792,8.90688,0
,98.61329,8.90457,0
,98.61368,8.90444,0
,98.61403,8.90438,0
,98.6143,8.90436,0
,98.61494,8.90439,0
,98.61555,8.90449,0
,98.61612,8.90462,0
,98.61629,8.90467,0
,98.61643,8.9047,0
,98.61647,8.90472,0
,98.61688,8.90484,0
,98.61735,8.90494,0
,98.61742,8.90496,0
,98.61775,8.90501,0
,98.61807,8.90503,0
,98.61808,8.90504,0
,98.61854,8.90499,0
,98.61887,8.90489,0
,98.61933,8.90463,0
,98.61953,8.90447,0
,98.61972,8.90436,0
,98.62079,8.90368,0
,98.62095,8.90359,0
,98.62299,8.9023,0
,98.62408,8.90139,0
,98.6246,8.90103,0
,98.62465,8.90101,0
,98.62492,8.90086,0
,98.62523,8.90074,0
,98.62562,8.90064,0
,98.6262,8.90057,0
,98.62769,8.9005,0
,98.62812,8.90045,0
,98.62849,8.90039,0
,98.62878,8.90027,0
,98.62925,8.89995,0
,98.62934,8.89987,0
,98.62941,8.89982,0
,98.62947,8.89974,0
,98.62958,8.89962,0
,98.62981,8.89932,0
,98.62985,8.89928,0
,98.63023,8.89858,0
,98.63042,8.89815,0
,98.63053,8.89797,0
,98.63069,8.89777,0
,98.63102,8.89746,0
,98.63135,8.89722,0
,98.6316,8.89707,0
,98.63189,8.89695,0
,98.63246,8.89679,0
,98.63286,8.89674,0
,98.63324,8.89674,0
,98.63365,8.89678,0
,98.63696,8.89674,0
,98.63714,8.89673,0
,98.6423,8.89674,0
,98.64305,8.89669,0
,98.64348,8.8966,0
,98.64383,8.8965,0
,98.64436,8.89626,0
,98.64538,8.89587,0
,98.64591,8.89567,0
,98.64745,8.89525,0
,98.64851,8.895,0
,98.65075,8.89446,0
,98.65305,8.89387,0
,98.65321,8.89381,0
,98.65327,8.89378,0
,98.65356,8.89366,0
,98.65592,8.89234,0
,98.65597,8.8923,0
,98.65608,8.89225,0
,98.65972,8.8902,0
,98.66011,8.89002,0
,98.66113,8.8895,0
,98.66236,8.88875,0
,98.66237,8.88875,0
,98.66258,8.88861,0
,98.66356,8.88802,0
,98.6637,8.888,0
,98.66449,8.88762,0
,98.66518,8.88723,0
,98.6652,8.88723,0
,98.66624,8.88665,0
,98.66743,8.88606,0
,98.67053,8.88429,0
,98.67078,8.88413,0
,98.67084,8.88408,0
,98.67093,8.88395,0
,98.67164,8.88352,0
,98.67313,8.88247,0
,98.67438,8.88166,0
,98.6744,8.88164,0
,98.67486,8.88133,0
,98.67491,8.88129,0
,98.67498,8.88125,0
,98.6755,8.8809,0
,98.6758,8.88072,0
,98.67605,8.8806,0
,98.6763,8.88053,0
,98.67661,8.88048,0
,98.67682,8.88046,0
,98.67705,8.88048,0
,98.67723,8.88054,0
,98.67737,8.8806,0
,98.67773,8.88078,0
,98.67792,8.8809,0
,98.67816,8.88111,0
,98.67831,8.88127,0
,98.67902,8.88212,0
,98.67952,8.88279,0
,98.67996,8.8834,0
,98.68021,8.88371,0
,98.68042,8.8839,0
,98.68055,8.88399,0
,98.68067,8.88406,0
,98.68082,8.88413,0
,98.68104,8.88421,0
,98.68125,8.88427,0
,98.68134,8.88426,0
,98.68186,8.88426,0
,98.68696,8.88367,0
,98.68744,8.88359,0
,98.68767,8.88353,0
,98.68794,8.88342,0
,98.6883,8.88324,0
,98.68872,8.88294,0
,98.68917,8.88249,0
,98.69013,8.88129,0
,98.69044,8.88097,0
,98.69096,8.88066,0
,98.69125,8.88061,0
,98.69157,8.88065,0
,98.69201,8.88073,0
,98.69301,8.88111,0
,98.69304,8.88113,0
,98.69508,8.88195,0
,98.69524,8.88203,0
,98.69566,8.88221,0
,98.69705,8.88274,0
,98.69734,8.8828,0
,98.69799,8.88273,0
,98.69852,8.88252,0
,98.69853,8.88252,0
,98.69899,8.88224,0
,98.69932,8.88198,0
,98.70113,8.87984,0
,98.70198,8.87888,0
,98.70198,8.87887,0
,98.70276,8.878,0
,98.70327,8.87737,0
,98.70389,8.8767,0
,98.70419,8.87643,0
,98.70474,8.87598,0
,98.70572,8.87522,0
,98.70621,8.87477,0
,98.70644,8.87448,0
,98.70646,8.87446,0
,98.70666,8.87404,0
,98.70686,8.87337,0
,98.70721,8.87166,0
,98.70724,8.87155,0
,98.70761,8.86979,0
,98.70764,8.86961,0
,98.70772,8.86926,0
,98.70775,8.86908,0
,98.70811,8.86737,0
,98.70814,8.86727,0
,98.70825,8.86703,0
,98.70828,8.86698,0
,98.70838,8.86686,0
,98.70859,8.86658,0
,98.70859,8.86657,0
,98.70878,8.86633,0
,98.70913,8.86603,0
,98.7092,8.86599,0
,98.70975,8.86579,0
,98.70987,8.86577,0
,98.71019,8.86573,0
,98.7105,8.86571,0
,98.71108,8.86572,0
,98.71274,8.86598,0
,98.71328,8.86609,0
,98.71348,8.86614,0
,98.71434,8.86631,0
,98.71649,8.86683,0
,98.71715,8.86696,0
,98.71731,8.86698,0
,98.71768,8.867,0
,98.71804,8.86697,0
,98.71848,8.8669,0
,98.71878,8.86683,0
,98.71982,8.86649,0
,98.72055,8.86621,0
,98.72098,8.86595,0
,98.72158,8.86551,0
,98.72188,8.8652,0
,98.72229,8.86456,0
,98.72247,8.86413,0
,98.72253,8.86396,0
,98.72269,8.86357,0
,98.7229,8.8632,0
,98.72303,8.86308,0
,98.72316,8.86289,0
,98.72605,8.85896,0
,98.72607,8.85892,0
,98.72609,8.85889,0
,98.72611,8.85883,0
,98.72612,8.85881,0
,98.72776,8.85656,0
,98.72786,8.85641,0
,98.72925,8.85452,0
,98.72984,8.8537,0
,98.73063,8.8527,0
,98.73268,8.84995,0
,98.73361,8.84861,0
,98.73392,8.84819,0
,98.73414,8.84792,0
,98.73426,8.84775,0
,98.73459,8.84735,0
,98.73473,8.84724,0
,98.73499,8.84701,0
,98.73553,8.84673,0
,98.73602,8.84656,0
,98.73639,8.8465,0
,98.73703,8.84645,0
,98.74039,8.84644,0
,98.7412,8.84648,0
,98.74148,8.84651,0
,98.74197,8.84662,0
,98.74226,8.84666,0
,98.7423,8.84667,0
,98.74266,8.84671,0
,98.74295,8.84673,0
,98.74391,8.84685,0
,98.74498,8.84688,0
,98.74556,8.84694,0
,98.7456,8.84695,0
,98.74589,8.84693,0
,98.74618,8.84689,0
,98.74638,8.84688,0
,98.747,8.84688,0
,98.74853,8.84693,0
,98.75214,8.84693,0
,98.75313,8.84696,0
,98.75367,8.84696,0
,98.75428,8.84694,0
,98.75486,8.84696,0
,98.7573,8.84697,0
,98.75779,8.84693,0
,98.75811,8.84684,0
,98.75845,8.84669,0
,98.75896,8.84634,0
,98.75938,8.84601,0
,98.75961,8.84579,0
,98.75971,8.84568,0
,98.75983,8.84561,0
,98.75988,8.84557,0
,98.75991,8.84553,0
,98.76085,8.84447,0
,98.7611,8.84424,0
,98.76132,8.84401,0
,98.76145,8.84383,0
,98.76261,8.8427,0
,98.76329,8.84195,0
,98.7635,8.84176,0
,98.7638,8.84153,0
,98.76402,8.84141,0
,98.76424,8.84133,0
,98.76443,8.84128,0
,98.76465,8.84124,0
,98.76478,8.84119,0
,98.76503,8.84112,0
,98.76517,8.84109,0
,98.7653,8.84108,0
,98.76603,8.84111,0
,98.76671,8.84118,0
,98.77082,8.84178,0
,98.77153,8.84186,0
,98.77179,8.84186,0
,98.77197,8.84185,0
,98.77244,8.84178,0
,98.77267,8.84173,0
,98.77314,8.84159,0
,98.77433,8.84114,0
,98.77652,8.8402,0
,98.77743,8.83986,0
,98.77773,8.83971,0
,98.77857,8.83922,0
,98.77901,8.83892,0
,98.77995,8.83814,0
,98.78063,8.83752,0
,98.78129,8.83696,0
,98.78132,8.83694,0
,98.78211,8.83625,0
,98.7823,8.83612,0
,98.78231,8.83612,0
,98.78277,8.83586,0
,98.78294,8.83579,0
,98.78323,8.83565,0
,98.78352,8.83553,0
,98.78415,8.8353,0
,98.78599,8.83455,0
,98.78682,8.83424,0
,98.78742,8.83414,0
,98.78788,8.83416,0
,98.78814,8.83422,0
,98.78848,8.83436,0
,98.78883,8.83456,0
,98.78899,8.83468,0
,98.78963,8.83529,0
,98.78999,8.83566,0
,98.79053,8.83618,0
,98.79055,8.83619,0
,98.79153,8.83712,0
,98.79195,8.83749,0
,98.7935,8.83898,0
,98.79364,8.8391,0
,98.79391,8.83936,0
,98.79417,8.83959,0
,98.79709,8.84236,0
,98.79976,8.84502,0
,98.80036,8.84567,0
,98.80164,8.84696,0
,98.80178,8.84716,0
,98.80246,8.84788,0
,98.80277,8.8482,0
,98.80383,8.84922,0
,98.80483,8.85025,0
,98.80499,8.85038,0
,98.80557,8.85095,0
,98.80571,8.8511,0
,98.80575,8.85113,0
,98.80578,8.85117,0
,98.80598,8.85139,0
,98.80697,8.85238,0
,98.80724,8.85261,0
,98.80779,8.85318,0
,98.80783,8.85323,0
,98.81189,8.85733,0
,98.81221,8.85762,0
,98.81331,8.85874,0
,98.81342,8.85887,0
,98.81443,8.85991,0
,98.816,8.86137,0
,98.81827,8.86365,0
,98.8184,8.8638,0
,98.81883,8.86425,0
,98.81923,8.86464,0
,98.82023,8.86572,0
,98.82458,8.87012,0
,98.82523,8.87075,0
,98.82942,8.87511,0
,98.83183,8.87747,0
,98.83227,8.87793,0
,98.83229,8.87796,0
,98.83269,8.87835,0
,98.83393,8.87971,0
,98.83475,8.88066,0
,98.83513,8.88114,0
,98.83549,8.88155,0
,98.83596,8.88216,0
,98.83662,8.88293,0
,98.83758,8.88397,0
,98.83835,8.88487,0
,98.8386,8.88508,0
,98.8388,8.88522,0
,98.83903,8.88533,0
,98.83928,8.88537,0
,98.83959,8.88539,0
,98.83985,8.88538,0
,98.84009,8.88535,0
,98.84215,8.88466,0
,98.84266,8.88452,0
,98.84296,8.88442,0
,98.84302,8.88439,0
,98.8436,8.8842,0
,98.84863,8.88241,0
,98.84929,8.88215,0
,98.84964,8.88207,0
,98.84975,8.88206,0
,98.85055,8.88175,0
,98.85228,8.8812,0
,98.85276,8.88102,0
,98.8528,8.88101,0
,98.85326,8.88081,0
,98.85382,8.88061,0
,98.85439,8.88044,0
,98.85457,8.88037,0
,98.85689,8.87958,0
,98.85791,8.8792,0
,98.85845,8.87902,0
,98.85878,8.8789,0
,98.85997,8.87848,0
,98.86055,8.8783,0
,98.86082,8.87824,0
,98.8611,8.87821,0
,98.86128,8.87821,0
,98.86178,8.87825,0
,98.86237,8.87841,0
,98.8656,8.87946,0
,98.8659,8.87954,0
,98.86698,8.8799,0
,98.86716,8.87995,0
,98.86738,8.88003,0
,98.86922,8.88062,0
,98.86929,8.88065,0
,98.87021,8.88094,0
,98.87043,8.88102,0
,98.87135,8.8813,0
,98.8714,8.88131,0
,98.87349,8.88199,0
,98.87387,8.88214,0
,98.87454,8.88248,0
,98.8753,8.88298,0
,98.88009,8.88632,0
,98.88015,8.88635,0
,98.8817,8.88744,0
,98.88248,8.88796,0
,98.88263,8.88807,0
,98.88264,8.88807,0
,98.88273,8.88815,0
,98.88283,8.88822,0
,98.88305,8.88844,0
,98.88314,8.88855,0
,98.88327,8.88875,0
,98.8834,8.88906,0
,98.88351,8.88969,0
,98.88394,8.89366,0
,98.88441,8.89722,0
,98.88441,8.89727,0
,98.88464,8.89914,0
,98.88499,8.90247,0
,98.88509,8.90319,0
,98.8851,8.90332,0
,98.88534,8.9046,0
,98.8855,8.90576,0
,98.88558,8.90618,0
,98.88559,8.9062,0
,98.88562,8.90639,0
,98.88576,8.907,0
,98.88679,8.91274,0
,98.88684,8.91294,0
,98.88689,8.91307,0
,98.88692,8.91312,0
,98.88696,8.91322,0
,98.88718,8.91351,0
,98.88738,8.91372,0
,98.88889,8.91517,0
,98.88888,8.9153,0
,98.88883,8.9154,0
,98.88876,8.9154,0
,98.88865,8.91539,0
,98.88792,8.91538,0
,98.88736,8.91544,0
,98.88729,8.91546,0
,98.88637,8.91564,0
,98.88587,8.91579,0
,98.88535,8.9159,0
,98.88457,8.91607,0
,98.88411,8.91613,0
,98.88369,8.91611,0
,98.88327,8.91613,0
,98.88283,8.91618,0
,98.88229,8.91627,0
,98.88189,8.91636,0
,98.88188,8.91637,0
,98.88168,8.91644,0
,98.88116,8.91671,0
,98.88087,8.91691,0
,98.88063,8.9171,0
,98.88024,8.91747,0
,98.87917,8.91869,0
,98.87871,8.91917,0
,98.87845,8.91938,0
,98.87815,8.91965,0
,98.87794,8.91986,0
,98.87794,8.91987,0
,98.87558,8.92327,0
,98.87534,8.92388,0
,98.8753,8.9241,0
,98.87531,8.9247,0
,98.87533,8.92498,0
,98.87532,8.92502,0
,98.87531,8.9252,0
,98.87531,8.92526,0
,98.8753,8.92527,0
,98.87529,8.92544,0
,98.87505,8.92687,0
,98.87503,8.92694,0
,98.87488,8.92768,0
,98.87463,8.9285,0
,98.87427,8.92945,0
,98.87425,8.92948,0
,98.87412,8.92974,0
,98.87367,8.93035,0
,98.87352,8.93062,0
,98.87342,8.93085,0
,98.87332,8.93125,0
,98.87325,8.93166,0
,98.87323,8.93171,0
,98.87301,8.93258,0
,98.87297,8.93278,0
,98.87289,8.93306,0
,98.87279,8.93327,0
,98.87266,8.93345,0
,98.87254,8.93353,0
,98.8724,8.93364,0
,98.87159,8.93418,0
,98.87099,8.93456,0
,98.86948,8.93528,0
,98.86931,8.93543,0
,98.86918,8.93559,0
,98.86901,8.93587,0
,98.86803,8.93772,0
,98.86787,8.93796,0
,98.86754,8.93835,0
,98.86709,8.93882,0
,98.86667,8.93916,0
,98.86567,8.93981,0
,98.86402,8.94078,0
,98.86309,8.94129,0
,98.86303,8.94133,0
,98.86165,8.94209,0
,98.86127,8.94228,0
,98.86111,8.94237,0
,98.861,8.94242,0
,98.86035,8.94277,0
,98.85987,8.943,0
,98.85981,8.94302,0
,98.85972,8.94307,0
,98.85916,8.94334,0
,98.8566,8.94444,0
,98.8565,8.94451,0
,98.8562,8.94467,0
,98.85501,8.94536,0
,98.85481,8.94545,0
,98.85422,8.94558,0
,98.85379,8.94564,0
,98.85367,8.94565,0
,98.85238,8.94588,0
,98.84967,8.94621,0
,98.8495,8.94624,0
,98.84922,8.94627,0
,98.84904,8.94632,0
,98.84901,8.94632,0
,98.84891,8.94635,0
,98.84868,8.94644,0
,98.84845,8.94654,0
,98.84836,8.94658,0
,98.84796,8.94682,0
,98.84761,8.94707,0
,98.84742,8.94719,0
,98.84723,8.94733,0
,98.84642,8.94784,0
,98.84605,8.94812,0
,98.84588,8.94829,0
,98.84577,8.94843,0
,98.8457,8.94857,0
,98.84569,8.94857,0
,98.84552,8.94908,0
,98.8455,8.94912,0
,98.84529,8.94976,0
,98.84528,8.94976,0
,98.84521,8.94997,0
,98.84516,8.95009,0
,98.84502,8.95038,0
,98.84499,8.95041,0
,98.84488,8.95056,0
,98.84468,8.95073,0
,98.84364,8.9513,0
,98.84311,8.95163,0
,98.84293,8.95173,0
,98.84278,8.95183,0
,98.84276,8.95184,0
,98.84276,8.95185,0
,98.84261,8.95196,0
,98.84249,8.9521,0
,98.8421,8.95296,0
,98.84203,8.95313,0
,98.84184,8.95363,0
,98.84179,8.95374,0
,98.84154,8.95439,0
,98.84149,8.95459,0
,98.84147,8.95465,0
,98.84144,8.95492,0
,98.84144,8.95523,0
,98.84145,8.95531,0
,98.84147,8.95608,0
,98.84149,8.95626,0
,98.84149,8.95638,0
,98.84153,8.9569,0
,98.84153,8.95699,0
,98.84155,8.95727,0
,98.84156,8.95765,0
,98.84151,8.95818,0
,98.84143,8.95842,0
,98.8413,8.9587,0
,98.84093,8.95932,0
,98.84059,8.95993,0
,98.84008,8.96087,0
,98.83989,8.96118,0
,98.83988,8.96119,0
,98.83877,8.96311,0
,98.83873,8.96319,0
,98.8385,8.96382,0
,98.83848,8.96395,0
,98.83847,8.96396,0
,98.83844,8.9642,0
,98.83838,8.96505,0
,98.83821,8.96665,0
,98.83811,8.96681,0
,98.83802,8.96693,0
,98.83793,8.96701,0
,98.83786,8.96706,0
,98.83771,8.96714,0
,98.83651,8.96702,0
,98.83632,8.96701,0
,98.83578,8.96695,0
,98.83568,8.96691,0
,98.83461,8.96678,0
,98.83332,8.96667,0
,98.83324,8.9667,0
,98.83274,8.96664,0
,98.83161,8.9666,0
,98.8312,8.96653,0
,98.83103,8.96652,0
,98.83093,8.96709,0
,98.83091,8.96723,0
,98.83074,8.96772,0
,98.8304,8.96839,0
,98.83029,8.96857,0
,98.83024,8.96867,0
,98.83005,8.96895,0
,98.82984,8.96923,0
,98.82963,8.96946,0
,98.82932,8.96975,0
,98.82899,8.97003,0
,98.8282,8.97052,0
,98.82797,8.97068,0
,98.82768,8.97084,0
,98.82748,8.97093,0
,98.82721,8.97099,0
,98.82699,8.97099,0
,98.82689,8.97097,0
,98.82671,8.97092,0
,98.82644,8.97082,0
,98.82623,8.97072,0
,98.826,8.97066,0
,98.82576,8.97064,0
,98.82563,8.97064,0
,98.82513,8.97079,0
,98.82509,8.9708,0
,98.82496,8.97089,0
,98.82482,8.97101,0
,98.82474,8.9711,0
,98.82469,8.9712,0
,98.82466,8.97128,0
,98.82454,8.97212,0
,98.82444,8.97252,0
,98.82438,8.97266,0
,98.82428,8.97283,0
,98.82413,8.97304,0
,98.82395,8.97324,0
,98.82348,8.97372,0
,98.82316,8.97392,0
,98.82287,8.97407,0
,98.82266,8.97412,0
,98.82243,8.97414,0
,98.8224,8.97413,0
,98.82225,8.97412,0
,98.82214,8.9741,0
,98.8219,8.97409,0
,98.82176,8.97407,0
,98.82167,8.97408,0
,98.82154,8.97416,0
,98.82148,8.97423,0
,98.8214,8.97435,0
,98.82135,8.97455,0
,98.82134,8.97463,0
,98.82137,8.97471,0
,98.82142,8.97485,0
,98.82147,8.97494,0
,98.8217,8.97524,0
,98.82197,8.97541,0
,98.82291,8.97593,0
,98.82318,8.97603,0
,98.82345,8.97605,0
,98.82386,8.97605,0
,98.82409,8.97602,0
,98.82441,8.97602,0
,98.82445,8.97603,0
,98.82447,8.97603,0
,98.82452,8.97606,0
,98.82455,8.9761,0
,98.82455,8.97616,0
,98.82453,8.9762,0
,98.8245,8.97624,0
,98.82446,8.97628,0
,98.82441,8.97631,0
,98.82435,8.97633,0
,98.82419,8.97636,0
,98.82404,8.97636,0
,98.82373,8.97642,0
,98.8236,8.97647,0
,98.8235,8.97649,0
,98.82337,8.97648,0
,98.82331,8.97645,0
,98.82316,8.97641,0
,98.82304,8.9764,0
,98.82271,8.9764,0
,98.8224,8.97637,0
,98.82229,8.97638,0
,98.82212,8.97642,0
,98.8221,8.97642,0
,98.822,8.97646,0
,98.8219,8.97653,0
,98.82179,8.97658,0
,98.82168,8.97661,0
,98.82161,8.97662,0
,98.82143,8.97663,0
,98.82141,8.97667,0
,98.82139,8.9767,0
,98.82134,8.97675,0
,98.82128,8.97679,0
,98.82122,8.97684,0
,98.8212,8.97687,0
,98.82111,8.97694,0
,98.82099,8.97709,0
,98.82059,8.97747,0
,98.82052,8.97751,0
,98.82045,8.97752,0
,98.82039,8.9775,0
,98.82045,8.97752,0
,98.82052,8.97751,0
,98.82059,8.97747,0
,98.82099,8.97709,0
,98.82109,8.97697,0
,98.82111,8.97694,0
,98.8212,8.97687,0
,98.82122,8.97684,0
,98.82128,8.97679,0
,98.82134,8.97675,0
,98.82141,8.97667,0
,98.82143,8.97663,0
,98.82168,8.97661,0
,98.82179,8.97658,0
,98.8219,8.97653,0
,98.822,8.97646,0
,98.8221,8.97642,0
,98.82229,8.97638,0
,98.8224,8.97637,0
,98.82271,8.9764,0
,98.82304,8.9764,0
,98.82316,8.97641,0
,98.82331,8.97645,0
,98.82337,8.97648,0
,98.8235,8.97649,0
,98.8236,8.97647,0
,98.82373,8.97642,0
,98.82404,8.97636,0
,98.82419,8.97636,0
,98.82435,8.97633,0
,98.82441,8.97631,0
,98.82446,8.97628,0
,98.82453,8.9762,0
,98.82455,8.97616,0
,98.82455,8.9761,0
,98.82452,8.97606,0
,98.82447,8.97603,0
,98.82441,8.97602,0
,98.82409,8.97602,0
,98.82405,8.97603,0
,98.82386,8.97605,0
,98.82345,8.97605,0
,98.82318,8.97603,0
,98.82291,8.97593,0
,98.82197,8.97541,0
,98.8217,8.97524,0
,98.82147,8.97494,0
,98.82142,8.97485,0
,98.82137,8.97471,0
,98.82136,8.97469,0
,98.82134,8.97463,0
,98.82135,8.97455,0
,98.8214,8.97435,0
,98.82148,8.97423,0
,98.82154,8.97416,0
,98.82167,8.97408,0
,98.82176,8.97407,0
,98.8219,8.97409,0
,98.82214,8.9741,0
,98.82225,8.97412,0
,98.8224,8.97413,0
,98.82243,8.97414,0
,98.82266,8.97412,0
,98.82287,8.97407,0
,98.82316,8.97392,0
,98.82348,8.97372,0
,98.82395,8.97324,0
,98.82413,8.97304,0
,98.82428,8.97283,0
,98.82438,8.97266,0
,98.82444,8.97252,0
,98.82454,8.97212,0
,98.82466,8.97128,0
,98.82469,8.9712,0
,98.82474,8.9711,0
,98.82482,8.97101,0
,98.82496,8.97089,0
,98.82509,8.9708,0
,98.82515,8.97078,0
,98.82563,8.97064,0
,98.82576,8.97064,0
,98.826,8.97066,0
,98.82623,8.97072,0
,98.82644,8.97082,0
,98.82671,8.97092,0
,98.82699,8.97099,0
,98.82721,8.97099,0
,98.82748,8.97093,0
,98.82768,8.97084,0
,98.82797,8.97068,0
,98.8282,8.97052,0
,98.82895,8.97005,0
,98.82899,8.97003,0
,98.82932,8.96975,0
,98.82963,8.96946,0
,98.82984,8.96923,0
,98.83005,8.96895,0
,98.83024,8.96867,0
,98.83029,8.96857,0
,98.8304,8.96839,0
,98.83074,8.96772,0
,98.83091,8.96723,0
,98.83094,8.96706,0
,98.83103,8.96652,0
,98.8312,8.96653,0
,98.83161,8.9666,0
,98.83274,8.96664,0
,98.83324,8.9667,0
,98.83331,8.96673,0
,98.83455,8.96685,0
,98.83459,8.96686,0
,98.83567,8.96696,0
,98.83578,8.96695,0
,98.83632,8.96701,0
,98.83651,8.96702,0
,98.83818,8.96718,0
,98.83823,8.9669,0
,98.83821,8.96665,0
,98.83838,8.96505,0
,98.83844,8.9642,0
,98.83847,8.96396,0
,98.83848,8.96395,0
,98.8385,8.96382,0
,98.83873,8.96319,0
,98.83877,8.96311,0
,98.83989,8.96118,0
,98.84008,8.96087,0
,98.84093,8.95932,0
,98.8413,8.9587,0
,98.84143,8.95842,0
,98.84151,8.95818,0
,98.84156,8.95765,0
,98.84155,8.95727,0
,98.84153,8.9569,0
,98.84149,8.95638,0
,98.84149,8.95626,0
,98.84147,8.95608,0
,98.84145,8.95531,0
,98.84144,8.95523,0
,98.84144,8.95492,0
,98.84147,8.95465,0
,98.84149,8.95459,0
,98.84154,8.95439,0
,98.84179,8.95374,0
,98.84184,8.95363,0
,98.84203,8.95313,0
,98.8421,8.95297,0
,98.8421,8.95296,0
,98.84249,8.9521,0
,98.84261,8.95196,0
,98.84276,8.95185,0
,98.84276,8.95184,0
,98.84278,8.95183,0
,98.84293,8.95173,0
,98.84311,8.95163,0
,98.84364,8.9513,0
,98.84468,8.95073,0
,98.84488,8.95056,0
,98.84499,8.95041,0
,98.84502,8.95038,0
,98.84516,8.95009,0
,98.84521,8.94997,0
,98.84528,8.94976,0
,98.84529,8.94976,0
,98.8455,8.94912,0
,98.84552,8.94908,0
,98.84569,8.94857,0
,98.8457,8.94857,0
,98.84577,8.94843,0
,98.84588,8.94829,0
,98.84605,8.94812,0
,98.84642,8.94784,0
,98.84646,8.94782,0
,98.84723,8.94733,0
,98.84742,8.94719,0
,98.84761,8.94707,0
,98.84796,8.94682,0
,98.84836,8.94658,0
,98.84868,8.94644,0
,98.84891,8.94635,0
,98.84901,8.94632,0
,98.84904,8.94632,0
,98.84922,8.94627,0
,98.8495,8.94624,0
,98.84967,8.94621,0
,98.85238,8.94588,0
,98.85367,8.94565,0
,98.85379,8.94564,0
,98.85422,8.94558,0
,98.85481,8.94545,0
,98.85501,8.94536,0
,98.8562,8.94467,0
,98.8565,8.94451,0
,98.8566,8.94444,0
,98.85916,8.94334,0
,98.85972,8.94307,0
,98.85981,8.94302,0
,98.85987,8.943,0
,98.86035,8.94277,0
,98.86127,8.94228,0
,98.86165,8.94209,0
,98.86303,8.94133,0
,98.86309,8.94129,0
,98.86402,8.94078,0
,98.86567,8.93981,0
,98.86667,8.93916,0
,98.86709,8.93882,0
,98.86754,8.93835,0
,98.86787,8.93796,0
,98.86803,8.93772,0
,98.86901,8.93587,0
,98.86918,8.93559,0
,98.86931,8.93543,0
,98.86948,8.93528,0
,98.87099,8.93456,0
,98.87159,8.93418,0
,98.87238,8.93365,0
,98.8724,8.93364,0
,98.87254,8.93353,0
,98.87266,8.93345,0
,98.87279,8.93327,0
,98.87289,8.93306,0
,98.87297,8.93278,0
,98.87301,8.93258,0
,98.87323,8.93171,0
,98.87325,8.93166,0
,98.87332,8.93125,0
,98.87342,8.93085,0
,98.87352,8.93062,0
,98.87367,8.93035,0
,98.87412,8.92974,0
,98.87425,8.92948,0
,98.87427,8.92945,0
,98.87463,8.9285,0
,98.87488,8.92768,0
,98.87503,8.92694,0
,98.87505,8.92687,0
,98.87529,8.92544,0
,98.8753,8.92527,0
,98.87531,8.92526,0
,98.87532,8.92502,0
,98.87533,8.92498,0
,98.87531,8.9247,0
,98.8753,8.9241,0
,98.87534,8.92388,0
,98.87558,8.92327,0
,98.87794,8.91987,0
,98.87794,8.91986,0
,98.87815,8.91965,0
,98.87845,8.91938,0
,98.87871,8.91917,0
,98.87917,8.91869,0
,98.88024,8.91747,0
,98.88063,8.9171,0
,98.88087,8.91691,0
,98.88116,8.91671,0
,98.88168,8.91644,0
,98.88188,8.91637,0
,98.88189,8.91636,0
,98.88229,8.91627,0
,98.88283,8.91618,0
,98.88327,8.91613,0
,98.88369,8.91611,0
,98.88411,8.91613,0
,98.88457,8.91607,0
,98.88587,8.91579,0
,98.88637,8.91564,0
,98.88729,8.91546,0
,98.88736,8.91544,0
,98.88792,8.91538,0
,98.88865,8.91539,0
,98.88876,8.9154,0
,98.88883,8.9154,0
,98.88895,8.91539,0
,98.88903,8.91535,0
,98.88905,8.91532,0
,98.88913,8.91524,0
,98.88794,8.91412,0
,98.88742,8.91359,0
,98.88711,8.9132,0
,98.88696,8.9128,0
,98.8868,8.91206,0
,98.88656,8.91074,0
,98.88616,8.90819,0
,98.886,8.90755,0
,98.88581,8.90641,0
,98.8856,8.90535,0
,98.8856,8.90529,0
,98.88536,8.90402,0
,98.88522,8.90326,0
,98.88509,8.90217,0
,98.88496,8.90076,0
,98.88425,8.89494,0
,98.88406,8.89366,0
,98.88401,8.89309,0
,98.884,8.89306,0
,98.884,8.893,0
,98.88358,8.88931,0
,98.88347,8.88888,0
,98.88332,8.88859,0
,98.88317,8.88839,0
,98.88307,8.88828,0
,98.88263,8.88791,0
,98.88186,8.88739,0
,98.88159,8.88718,0
,98.87984,8.88595,0
,98.87882,8.88518,0
,98.87823,8.8848,0
,98.87739,8.88422,0
,98.87736,8.88419,0
,98.8747,8.88233,0
,98.87422,8.88205,0
,98.87401,8.88195,0
,98.87399,8.88195,0
,98.87291,8.88157,0
,98.8716,8.88115,0
,98.87112,8.88098,0
,98.87091,8.88092,0
,98.87057,8.88079,0
,98.86908,8.88032,0
,98.8677,8.87987,0
,98.86752,8.87982,0
,98.86721,8.87971,0
,98.86703,8.87966,0
,98.86594,8.8793,0
,98.86563,8.87923,0
,98.86421,8.87876,0
,98.86338,8.87851,0
,98.86338,8.8785,0
,98.8632,8.87845,0
,98.86253,8.87823,0
,98.86251,8.87823,0
,98.86199,8.87806,0
,98.86177,8.87802,0
,98.86125,8.87798,0
,98.86107,8.87798,0
,98.86106,8.87799,0
,98.86094,8.87799,0
,98.86047,8.87808,0
,98.86017,8.87817,0
,98.85685,8.87934,0
,98.85637,8.87953,0
,98.85512,8.87995,0
,98.85505,8.88001,0
,98.85499,8.88005,0
,98.85453,8.88021,0
,98.85436,8.88026,0
,98.85386,8.88045,0
,98.85319,8.88065,0
,98.84949,8.88193,0
,98.84943,8.88197,0
,98.84933,8.88201,0
,98.84905,8.8821,0
,98.84869,8.88225,0
,98.84857,8.88229,0
,98.84846,8.88231,0
,98.84727,8.88272,0
,98.84724,8.88274,0
,98.84613,8.88317,0
,98.84503,8.88354,0
,98.84326,8.88419,0
,98.84275,8.88436,0
,98.84265,8.8844,0
,98.8424,8.88447,0
,98.84223,8.88453,0
,98.84146,8.88476,0
,98.84067,8.88504,0
,98.84015,8.88519,0
,98.83991,8.88524,0
,98.83988,8.88524,0
,98.83959,8.88528,0
,98.83916,8.88525,0
,98.83896,8.88518,0
,98.83875,8.88506,0
,98.83855,8.88492,0
,98.83642,8.88249,0
,98.83526,8.88108,0
,98.83425,8.87991,0
,98.83417,8.8798,0
,98.8338,8.87937,0
,98.83253,8.87802,0
,98.83213,8.87762,0
,98.83203,8.87753,0
,98.82952,8.87499,0
,98.82925,8.87468,0
,98.82876,8.8742,0
,98.8281,8.87351,0
,98.82676,8.87219,0
,98.82535,8.87073,0
,98.82292,8.86829,0
,98.82292,8.86828,0
,98.82033,8.86565,0
,98.81932,8.86455,0
,98.81892,8.86417,0
,98.81815,8.86335,0
,98.81639,8.86159,0
,98.81631,8.8615,0
,98.8159,8.8611,0
,98.81492,8.8602,0
,98.81475,8.86,0
,98.81424,8.85952,0
,98.81015,8.85538,0
,98.80983,8.85508,0
,98.80585,8.85109,0
,98.80582,8.85107,0
,98.80509,8.85031,0
,98.80492,8.85016,0
,98.80452,8.84976,0
,98.80448,8.84973,0
,98.80341,8.84864,0
,98.80305,8.84831,0
,98.80259,8.84784,0
,98.80246,8.84772,0
,98.8024,8.84765,0
,98.80189,8.84713,0
,98.80179,8.84705,0
,98.80175,8.84703,0
,98.80164,8.84696,0
,98.80036,8.84567,0
,98.79976,8.84502,0
,98.79709,8.84236,0
,98.79417,8.83959,0
,98.79391,8.83936,0
,98.79364,8.8391,0
,98.7935,8.83898,0
,98.79195,8.83749,0
,98.79153,8.83712,0
,98.79055,8.83619,0
,98.79053,8.83618,0
,98.78999,8.83566,0
,98.78963,8.83529,0
,98.78899,8.83468,0
,98.78883,8.83456,0
,98.78848,8.83436,0
,98.78814,8.83422,0
,98.78788,8.83416,0
,98.78742,8.83414,0
,98.78682,8.83424,0
,98.78599,8.83455,0
,98.78415,8.8353,0
,98.78352,8.83553,0
,98.78323,8.83565,0
,98.78294,8.83579,0
,98.78277,8.83586,0
,98.7823,8.83612,0
,98.78211,8.83625,0
,98.78132,8.83694,0
,98.78063,8.83752,0
,98.77995,8.83814,0
,98.77901,8.83892,0
,98.77857,8.83922,0
,98.77773,8.83971,0
,98.77743,8.83986,0
,98.77652,8.8402,0
,98.77433,8.84114,0
,98.77314,8.84159,0
,98.77267,8.84173,0
,98.77244,8.84178,0
,98.77197,8.84185,0
,98.77179,8.84186,0
,98.77153,8.84186,0
,98.77082,8.84178,0
,98.76671,8.84118,0
,98.76603,8.84111,0
,98.7653,8.84108,0
,98.76517,8.84109,0
,98.76503,8.84112,0
,98.76478,8.84119,0
,98.76465,8.84124,0
,98.76443,8.84128,0
,98.76424,8.84133,0
,98.76402,8.84141,0
,98.7638,8.84153,0
,98.7635,8.84176,0
,98.76329,8.84195,0
,98.76261,8.8427,0
,98.76145,8.84383,0
,98.76116,8.84402,0
,98.76104,8.84411,0
,98.76037,8.84482,0
,98.7598,8.84553,0
,98.75971,8.84568,0
,98.75961,8.84579,0
,98.75938,8.84601,0
,98.75896,8.84634,0
,98.75845,8.84669,0
,98.75811,8.84684,0
,98.75795,8.84689,0
,98.75785,8.84691,0
,98.75779,8.84693,0
,98.7573,8.84697,0
,98.75486,8.84696,0
,98.75428,8.84694,0
,98.75367,8.84696,0
,98.75313,8.84696,0
,98.75214,8.84693,0
,98.74853,8.84693,0
,98.747,8.84688,0
,98.74638,8.84688,0
,98.74618,8.84689,0
,98.74589,8.84693,0
,98.7456,8.84695,0
,98.74556,8.84694,0
,98.74498,8.84688,0
,98.74391,8.84685,0
,98.74295,8.84673,0
,98.74266,8.84671,0
,98.7423,8.84667,0
,98.74197,8.84662,0
,98.74148,8.84651,0
,98.7412,8.84648,0
,98.74039,8.84644,0
,98.73703,8.84645,0
,98.73639,8.8465,0
,98.73602,8.84656,0
,98.73553,8.84673,0
,98.73499,8.84701,0
,98.73473,8.84724,0
,98.73459,8.84735,0
,98.73426,8.84775,0
,98.73414,8.84792,0
,98.73392,8.84819,0
,98.73361,8.84861,0
,98.73268,8.84995,0
,98.73063,8.8527,0
,98.72984,8.8537,0
,98.72935,8.85437,0
,98.72925,8.85452,0
,98.72786,8.85641,0
,98.72776,8.85656,0
,98.72643,8.85838,0
,98.72638,8.85846,0
,98.72612,8.85881,0
,98.72604,8.85885,0
,98.72597,8.85892,0
,98.7238,8.86186,0
,98.7237,8.86201,0
,98.72308,8.86284,0
,98.72307,8.86286,0
,98.72295,8.86303,0
,98.7229,8.8632,0
,98.72269,8.86357,0
,98.72267,8.86363,0
,98.72253,8.86396,0
,98.72247,8.86413,0
,98.72229,8.86456,0
,98.72188,8.8652,0
,98.72158,8.86551,0
,98.72098,8.86595,0
,98.72055,8.86621,0
,98.71982,8.86649,0
,98.71878,8.86683,0
,98.71848,8.8669,0
,98.71804,8.86697,0
,98.71768,8.867,0
,98.71731,8.86698,0
,98.71715,8.86696,0
,98.71649,8.86683,0
,98.71434,8.86631,0
,98.71348,8.86614,0
,98.71328,8.86609,0
,98.71274,8.86598,0
,98.71108,8.86572,0
,98.7105,8.86571,0
,98.71019,8.86573,0
,98.70987,8.86577,0
,98.70977,8.86579,0
,98.70975,8.86579,0
,98.7092,8.86599,0
,98.70913,8.86603,0
,98.70878,8.86633,0
,98.70859,8.86657,0
,98.70859,8.86658,0
,98.70838,8.86686,0
,98.70828,8.86698,0
,98.70825,8.86703,0
,98.70814,8.86727,0
,98.70811,8.86737,0
,98.70775,8.86908,0
,98.70772,8.86926,0
,98.70764,8.86961,0
,98.70761,8.86979,0
,98.70724,8.87155,0
,98.70721,8.87166,0
,98.70686,8.87337,0
,98.70666,8.87404,0
,98.70646,8.87446,0
,98.70621,8.87477,0
,98.70572,8.87522,0
,98.70474,8.87598,0
,98.70419,8.87643,0
,98.70389,8.8767,0
,98.70327,8.87737,0
,98.70276,8.878,0
,98.70198,8.87887,0
,98.70198,8.87888,0
,98.70113,8.87984,0
,98.69932,8.88198,0
,98.69899,8.88224,0
,98.69853,8.88252,0
,98.69852,8.88252,0
,98.69799,8.88273,0
,98.69734,8.8828,0
,98.69705,8.88274,0
,98.69566,8.88221,0
,98.69524,8.88203,0
,98.69508,8.88195,0
,98.69304,8.88113,0
,98.69301,8.88111,0
,98.69201,8.88073,0
,98.69157,8.88065,0
,98.69125,8.88061,0
,98.69096,8.88066,0
,98.69044,8.88097,0
,98.69013,8.88129,0
,98.68917,8.88249,0
,98.68872,8.88294,0
,98.6883,8.88324,0
,98.68794,8.88342,0
,98.68767,8.88353,0
,98.68744,8.88359,0
,98.68696,8.88367,0
,98.68186,8.88426,0
,98.68134,8.88426,0
,98.68125,8.88421,0
,98.68102,8.88414,0
,98.68092,8.8841,0
,98.68079,8.88403,0
,98.68065,8.88394,0
,98.68047,8.8838,0
,98.68022,8.88354,0
,98.68,8.88326,0
,98.6797,8.88283,0
,98.67967,8.8828,0
,98.67927,8.88225,0
,98.67897,8.88189,0
,98.67871,8.88154,0
,98.67813,8.88093,0
,98.67799,8.88082,0
,98.67778,8.8807,0
,98.67748,8.88055,0
,98.67739,8.88053,0
,98.67728,8.88053,0
,98.67723,8.88054,0
,98.67705,8.88048,0
,98.67682,8.88046,0
,98.67661,8.88048,0
,98.6763,8.88053,0
,98.67605,8.8806,0
,98.6758,8.88072,0
,98.6755,8.8809,0
,98.67498,8.88125,0
,98.67491,8.88129,0
,98.67438,8.88166,0
,98.67313,8.88247,0
,98.67164,8.88352,0
,98.67093,8.88395,0
,98.67078,8.88401,0
,98.67072,8.88404,0
,98.67051,8.88418,0
,98.67041,8.88423,0
,98.67033,8.88428,0
,98.66627,8.88651,0
,98.66618,8.88655,0
,98.66614,8.88658,0
,98.66456,8.88746,0
,98.66362,8.88795,0
,98.66356,8.88802,0
,98.66258,8.88861,0
,98.66237,8.88875,0
,98.66236,8.88875,0
,98.66113,8.8895,0
,98.66011,8.89002,0
,98.65972,8.8902,0
,98.65608,8.89225,0
,98.65597,8.8923,0
,98.65592,8.89234,0
,98.65356,8.89366,0
,98.65327,8.89378,0
,98.65321,8.89381,0
,98.65304,8.89387,0
,98.65075,8.89446,0
,98.64845,8.89501,0
,98.64827,8.89506,0
,98.64745,8.89525,0
,98.64591,8.89567,0
,98.64538,8.89587,0
,98.64534,8.89588,0
,98.64436,8.89626,0
,98.64383,8.8965,0
,98.64348,8.8966,0
,98.64305,8.89669,0
,98.6423,8.89674,0
,98.63714,8.89673,0
,98.63696,8.89674,0
,98.63365,8.89678,0
,98.63324,8.89674,0
,98.63286,8.89674,0
,98.63246,8.89679,0
,98.63189,8.89695,0
,98.6316,8.89707,0
,98.63135,8.89722,0
,98.63102,8.89746,0
,98.63069,8.89777,0
,98.63053,8.89797,0
,98.63042,8.89815,0
,98.63023,8.89858,0
,98.62985,8.89928,0
,98.62981,8.89932,0
,98.62958,8.89962,0
,98.62947,8.89974,0
,98.62941,8.89982,0
,98.62934,8.89987,0
,98.62925,8.89995,0
,98.62878,8.90027,0
,98.62849,8.90039,0
,98.62812,8.90045,0
,98.62769,8.9005,0
,98.6262,8.90057,0
,98.62562,8.90064,0
,98.62523,8.90074,0
,98.62514,8.90078,0
,98.62492,8.90086,0
,98.62465,8.90101,0
,98.6246,8.90103,0
,98.62408,8.90139,0
,98.62299,8.9023,0
,98.62095,8.90359,0
,98.62079,8.90368,0
,98.61972,8.90436,0
,98.61953,8.90447,0
,98.61933,8.90463,0
,98.61887,8.90489,0
,98.61854,8.90499,0
,98.61808,8.90504,0
,98.61807,8.90503,0
,98.61775,8.90501,0
,98.61742,8.90496,0
,98.61735,8.90494,0
,98.61688,8.90484,0
,98.61647,8.90472,0
,98.61643,8.9047,0
,98.61629,8.90467,0
,98.61612,8.90462,0
,98.61555,8.90449,0
,98.61494,8.90439,0
,98.6143,8.90436,0
,98.61403,8.90438,0
,98.61368,8.90444,0
,98.61329,8.90457,0
,98.60792,8.90688,0
,98.60678,8.90746,0
,98.60607,8.90788,0
,98.60557,8.9082,0
,98.60485,8.90872,0
,98.60407,8.90916,0
,98.60341,8.90945,0
,98.60312,8.90955,0
,98.6026,8.90968,0
,98.60225,8.90971,0
,98.60129,8.90972,0
,98.59903,8.90952,0
,98.59827,8.90947,0
,98.59766,8.90954,0
,98.59758,8.90954,0
,98.59709,8.90972,0
,98.59682,8.90986,0
,98.5962,8.91028,0
,98.5955,8.91085,0
,98.59494,8.91125,0
,98.59461,8.91139,0
,98.59459,8.91141,0
,98.59437,8.91142,0
,98.59381,8.91158,0
,98.5935,8.91164,0
,98.59184,8.91181,0
,98.59175,8.91181,0
,98.59075,8.91191,0
,98.58748,8.9121,0
,98.58735,8.9121,0
,98.58694,8.9122,0
,98.58525,8.91231,0
,98.58518,8.91232,0
,98.58436,8.91238,0
,98.584,8.91236,0
,98.58373,8.91232,0
,98.58354,8.91228,0
,98.5833,8.91221,0
,98.58304,8.91215,0
,98.58235,8.91187,0
,98.58214,8.91177,0
,98.58195,8.91166,0
,98.58167,8.91153,0
,98.58158,8.91147,0
,98.58142,8.91138,0
,98.58139,8.91137,0
,98.58126,8.91129,0
,98.57999,8.9106,0
,98.5798,8.91042,0
,98.57723,8.90901,0
,98.57555,8.90799,0
,98.57513,8.90772,0
,98.57473,8.90741,0
,98.57469,8.90737,0
,98.57446,8.9072,0
,98.57434,8.90707,0
,98.57418,8.90692,0
,98.574,8.90672,0
,98.57376,8.90639,0
,98.57346,8.90588,0
,98.57314,8.90523,0
,98.57224,8.90326,0
,98.572,8.90279,0
,98.57182,8.90247,0
,98.57127,8.90165,0
,98.57085,8.90125,0
,98.57062,8.90105,0
,98.57015,8.90075,0
,98.56973,8.90051,0
,98.56705,8.89928,0
,98.56701,8.89927,0
,98.56552,8.89862,0
,98.56536,8.89854,0
,98.55279,8.8931,0
,98.55256,8.89301,0
,98.5521,8.89287,0
,98.55157,8.89276,0
,98.55117,8.8927,0
,98.53376,8.89106,0
,98.5332,8.89106,0
,98.53277,8.8911,0
,98.53267,8.89112,0
,98.53256,8.89113,0
,98.53233,8.89119,0
,98.53198,8.89132,0
,98.53167,8.89145,0
,98.53122,8.89177,0
,98.53078,8.89218,0
,98.52831,8.89481,0
,98.52818,8.89505,0
,98.52791,8.89536,0
,98.52709,8.89623,0
,98.52709,8.89624,0
,98.52697,8.89643,0
,98.52623,8.89716,0
,98.52518,8.89841,0
,98.52419,8.89933,0
,98.52367,8.8999,0
,98.52335,8.9002,0
,98.52301,8.90044,0
,98.52274,8.90055,0
,98.52196,8.90073,0
,98.52158,8.90073,0
,98.52135,8.9007,0
,98.52118,8.90069,0
,98.52089,8.90065,0
,98.52094,8.90101,0
,98.52094,8.90103,0
,98.52107,8.90167,0
,98.52107,8.90171,0
,98.5211,8.90181,0
,98.52125,8.90259,0
,98.52144,8.9035,0
,98.52145,8.90351,0
,98.52149,8.90363,0
,98.52155,8.90374,0
,98.52163,8.90385,0
,98.52215,8.90444,0
,98.52216,8.90447,0
,98.52218,8.90451,0
,98.52233,8.90468,0
,98.52237,8.90475,0
,98.52237,8.90476,0
,98.5224,8.9048,0
,98.52246,8.90491,0
,98.52262,8.90552,0
,98.52277,8.90616,0
,98.52281,8.90626,0
,98.52285,8.90634,0
,98.52307,8.90671,0
,98.52312,8.9069,0
,98.52316,8.90718,0
,98.52319,8.90752,0
,98.52319,8.90808,0
,98.52322,8.909,0
,98.52321,8.90958,0
,98.52322,8.90983,0
,98.5233,8.91006,0
,98.52332,8.91011,0
,98.52347,8.91034,0
,98.52363,8.91052,0
,98.52363,8.91053,0
,98.52373,8.91066,0
,98.52375,8.91067,0
,98.5241,8.91103,0
,98.52427,8.91124,0
,98.52478,8.91176,0
,98.52497,8.912,0
,98.52519,8.91231,0
,98.52533,8.91254,0
,98.52546,8.91272,0
,98.52564,8.91289,0
,98.52569,8.91292,0
,98.52586,8.91306,0
,98.52612,8.91338,0
,98.5275,8.91455,0
,98.52753,8.91443,0
,98.52773,8.91426,0

,98.52773,8.91426,0
,98.52753,8.91443,0
,98.5275,8.91455,0
,98.52612,8.91338,0
,98.52586,8.91306,0
,98.52569,8.91292,0
,98.52564,8.91289,0
,98.52546,8.91272,0
,98.52532,8.91253,0
,98.52519,8.91231,0
,98.52497,8.912,0
,98.52479,8.91178,0
,98.52478,8.91176,0
,98.52427,8.91124,0
,98.5241,8.91103,0
,98.52375,8.91067,0
,98.52373,8.91066,0
,98.52363,8.91053,0
,98.52363,8.91052,0
,98.52347,8.91034,0
,98.52332,8.91011,0
,98.5233,8.91005,0
,98.52322,8.90983,0
,98.52321,8.90958,0
,98.52322,8.909,0
,98.52319,8.90752,0
,98.52316,8.90718,0
,98.52312,8.9069,0
,98.52307,8.90671,0
,98.52285,8.90634,0
,98.52277,8.90616,0
,98.52246,8.90492,0
,98.52246,8.90491,0
,98.52237,8.90475,0
,98.52233,8.90468,0
,98.52218,8.90451,0
,98.52215,8.90444,0
,98.52163,8.90385,0
,98.52155,8.90374,0
,98.52149,8.90363,0
,98.52145,8.90351,0
,98.52144,8.9035,0
,98.52125,8.90259,0
,98.5211,8.90181,0
,98.52107,8.90171,0
,98.52107,8.90167,0
,98.52094,8.90103,0
,98.52089,8.90065,0
,98.52026,8.90057,0
,98.51975,8.90047,0
,98.51975,8.90046,0
,98.5197,8.90045,0
,98.51965,8.90043,0
,98.51961,8.90039,0
,98.51956,8.90036,0
,98.51951,8.90031,0
,98.51936,8.90011,0
,98.51936,8.9001,0
,98.51924,8.89984,0
,98.51901,8.89906,0
,98.51856,8.89772,0
,98.51848,8.89756,0
,98.51841,8.89739,0
,98.51823,8.89702,0
,98.51782,8.89639,0
,98.51741,8.8959,0
,98.517,8.89555,0
,98.51634,8.8952,0
,98.51569,8.89493,0
,98.51465,8.89465,0
,98.51463,8.89464,0
,98.51391,8.89451,0
,98.5132,8.89435,0
,98.51292,8.89425,0
,98.51286,8.89422,0
,98.5127,8.89411,0
,98.51264,8.89404,0
,98.51258,8.89393,0
,98.5124,8.8935,0
,98.51229,8.89301,0
,98.51229,8.89295,0
,98.51221,8.89238,0
,98.51212,8.892,0
,98.51205,8.89183,0
,98.51192,8.89167,0
,98.51173,8.89152,0
,98.51159,8.89147,0
,98.51136,8.89144,0
,98.51098,8.89149,0
,98.51084,8.89153,0
,98.51023,8.8918,0
,98.51007,8.89186,0
,98.50992,8.8919,0
,98.5098,8.89191,0
,98.50964,8.89191,0
,98.50943,8.89189,0
,98.50934,8.89187,0
,98.5091,8.89176,0
,98.50801,8.89107,0
,98.50727,8.89064,0
,98.50678,8.89023,0
,98.5062,8.88962,0
,98.50586,8.88931,0
,98.50585,8.88929,0
,98.5046,8.88798,0
,98.50403,8.88749,0
,98.50382,8.88736,0
,98.50367,8.8873,0
,98.50314,8.88714,0
,98.50303,8.88708,0
,98.50293,8.887,0
,98.50285,8.88692,0
,98.50277,8.88682,0
,98.50269,8.8867,0
,98.50268,8.88669,0
,98.5026,8.88654,0
,98.50253,8.88638,0
,98.5025,8.88622,0
,98.5025,8.88598,0
,98.50254,8.88548,0
,98.50255,8.885,0
,98.50253,8.88487,0
,98.50238,8.88462,0
,98.50227,8.88449,0
,98.50226,8.88449,0
,98.50212,8.88437,0
,98.50138,8.88385,0
,98.50087,8.88365,0
,98.50073,8.88361,0
,98.50034,8.88353,0
,98.5003,8.88353,0
,98.49998,8.88347,0
,98.49987,8.88344,0
,98.49974,8.88337,0
,98.49964,8.88327,0
,98.49955,8.88313,0
,98.49943,8.88289,0
,98.49941,8.88282,0
,98.49939,8.88266,0
,98.49939,8.88256,0
,98.4994,8.88247,0
,98.49941,8.88245,0
,98.49944,8.88232,0
,98.49953,8.88211,0
,98.49979,8.8819,0
,98.49992,8.88182,0
,98.50012,8.88173,0
,98.50036,8.88164,0
,98.50069,8.88154,0
,98.5013,8.8815,0
,98.50171,8.8815,0
,98.50245,8.88146,0
,98.5027,8.88136,0
,98.50281,8.88128,0
,98.50291,8.88118,0
,98.50314,8.8809,0
,98.50329,8.88067,0
,98.50351,8.8804,0
,98.50361,8.88028,0
,98.50363,8.88027,0
,98.50371,8.88019,0
,98.50388,8.88008,0
,98.50407,8.88,0
,98.5041,8.88,0
,98.50445,8.87993,0
,98.50447,8.87992,0
,98.50461,8.87988,0
,98.50495,8.87972,0
,98.50496,8.87972,0
,98.5051,8.87962,0
,98.50512,8.87961,0
,98.50532,8.87942,0
,98.50547,8.87918,0
,98.50553,8.87902,0
,98.5057,8.87844,0
,98.50578,8.87788,0
,98.50605,8.87671,0
,98.50607,8.87649,0
,98.50607,8.87627,0
,98.50599,8.87576,0
,98.506,8.87569,0
,98.506,8.87558,0
,98.50602,8.87545,0
,98.50606,8.8753,0
,98.50611,8.87517,0
,98.50645,8.8745,0
,98.5065,8.87436,0
,98.5065,8.87419,0
,98.50648,8.874,0
,98.50645,8.87389,0
,98.50626,8.87351,0
,98.50616,8.87318,0
,98.50612,8.87296,0
,98.50612,8.87278,0
,98.50611,8.87276,0
,98.50615,8.87242,0
,98.50616,8.87239,0
,98.50616,8.87221,0
,98.50614,8.87211,0
,98.50612,8.87207,0
,98.5061,8.872,0
,98.50598,8.87181,0
,98.50583,8.87151,0
,98.50577,8.87125,0
,98.50576,8.87116,0
,98.50577,8.87107,0
,98.50581,8.87092,0
,98.5059,8.87078,0
,98.50613,8.87057,0
,98.5062,8.87052,0
,98.50632,8.87039,0
,98.50637,8.87028,0
,98.50639,8.87017,0
,98.50639,8.87003,0
,98.50641,8.86988,0
,98.50641,8.86971,0
,98.50643,8.86956,0
,98.50653,8.86933,0
,98.50675,8.86905,0
,98.50729,8.86842,0
,98.50743,8.8682,0
,98.50749,8.86805,0
,98.50756,8.86783,0
,98.50756,8.86773,0
,98.50755,8.86769,0
,98.50755,8.86763,0
,98.50747,8.86742,0
,98.50744,8.86738,0
,98.50729,8.86723,0
,98.50688,8.86691,0
,98.50568,8.8662,0
,98.50544,8.86609,0
,98.50511,8.86597,0
,98.50481,8.86584,0
,98.50468,8.86577,0
,98.50457,8.86568,0
,98.50449,8.8656,0
,98.50438,8.86547,0
,98.50426,8.86525,0
,98.50422,8.86509,0
,98.5042,8.86495,0
,98.50421,8.8649,0
,98.50421,8.86484,0
,98.50433,8.86419,0
,98.50434,8.86408,0
,98.50434,8.86396,0
,98.50432,8.86381,0
,98.50427,8.86366,0
,98.50422,8.86355,0
,98.50414,8.86344,0
,98.50329,8.86262,0
,98.50303,8.86246,0
,98.50302,8.86246,0
,98.50285,8.86238,0
,98.50269,8.86229,0
,98.50219,8.86204,0
,98.50206,8.86197,0
,98.50204,8.86197,0
,98.50191,8.86193,0
,98.50178,8.86193,0
,98.50154,8.86196,0
,98.50133,8.86202,0
,98.50094,8.86216,0
,98.50058,8.86226,0
,98.50033,8.86231,0
,98.5001,8.86231,0
,98.49991,8.86229,0
,98.4998,8.86224,0
,98.4997,8.86218,0
,98.49949,8.86197,0
,98.49928,8.86164,0
,98.49925,8.86158,0
,98.49893,8.86106,0
,98.4989,8.86103,0
,98.49868,8.86071,0
,98.49858,8.86049,0
,98.49855,8.8604,0
,98.49854,8.86013,0
,98.49856,8.86,0
,98.49865,8.8597,0
,98.49893,8.85904,0
,98.49899,8.85886,0
,98.49908,8.85865,0
,98.4991,8.85856,0
,98.49909,8.85834,0
,98.49908,8.85827,0
,98.49905,8.85817,0
,98.49905,8.85816,0
,98.499,8.85802,0
,98.49884,8.85767,0
,98.49863,8.85726,0
,98.49853,8.85713,0
,98.49835,8.85695,0
,98.49818,8.85683,0
,98.4981,8.85676,0
,98.49803,8.85673,0
,98.49748,8.85641,0
,98.49729,8.85623,0
,98.49728,8.85623,0
,98.49722,8.85615,0
,98.49717,8.85605,0
,98.49712,8.85587,0
,98.49711,8.85574,0
,98.49721,8.85503,0
,98.49721,8.85475,0
,98.49717,8.8543,0
,98.49698,8.85352,0
,98.49689,8.85326,0
,98.49671,8.85286,0
,98.49631,8.85214,0
,98.4963,8.85213,0
,98.49612,8.85185,0
,98.49582,8.85149,0
,98.49565,8.85134,0
,98.49523,8.85108,0
,98.49449,8.85073,0
,98.49417,8.85055,0
,98.49402,8.85045,0
,98.49379,8.85032,0
,98.49361,8.85016,0
,98.49342,8.84994,0
,98.49324,8.84959,0
,98.4932,8.84942,0
,98.49315,8.8487,0
,98.49303,8.84828,0
,98.49292,8.84774,0
,98.49284,8.84752,0
,98.49275,8.84738,0
,98.49263,8.84726,0
,98.49254,8.8472,0
,98.49222,8.84707,0
,98.49187,8.84683,0
,98.4916,8.84656,0
,98.49115,8.84618,0
,98.49106,8.84613,0
,98.49096,8.84605,0
,98.49084,8.84592,0
,98.49064,8.84562,0
,98.4904,8.84517,0
,98.49025,8.84494,0
,98.49014,8.8448,0
,98.49001,8.84467,0
,98.48925,8.84407,0
,98.48921,8.84402,0
,98.48916,8.84392,0
,98.48885,8.84316,0
,98.48885,8.84314,0
,98.48872,8.8428,0
,98.48864,8.84264,0
,98.48855,8.84242,0
,98.48836,8.84218,0
,98.48835,8.84216,0
,98.48827,8.84208,0
,98.48815,8.842,0
,98.48757,8.84178,0
,98.48406,8.84078,0
,98.48359,8.84076,0
,98.48293,8.84053,0
,98.48262,8.8404,0
,98.48239,8.84033,0
,98.48221,8.8403,0
,98.48219,8.84029,0
,98.48182,8.8403,0
,98.48146,8.84039,0
,98.48115,8.84056,0
,98.47952,8.8416,0
,98.47932,8.8417,0
,98.47917,8.84175,0
,98.47896,8.8418,0
,98.4786,8.8418,0
,98.4779,8.84171,0
,98.47769,8.84168,0
,98.47768,8.84167,0
,98.4775,8.84165,0
,98.47704,8.84156,0
,98.47682,8.84148,0
,98.47672,8.84143,0
,98.47663,8.84136,0
,98.47638,8.84109,0
,98.47525,8.83963,0
,98.47523,8.83959,0
,98.47461,8.83885,0
,98.47404,8.83811,0
,98.4738,8.83788,0
,98.47362,8.83777,0
,98.47343,8.83769,0
,98.47329,8.83767,0
,98.47316,8.83767,0
,98.4731,8.83768,0
,98.47294,8.83774,0
,98.4728,8.83782,0
,98.47265,8.83796,0
,98.47255,8.83813,0
,98.47187,8.83955,0
,98.4718,8.83972,0
,98.47022,8.84296,0
,98.47015,8.84313,0
,98.46986,8.8437,0
,98.46977,8.84384,0
,98.46965,8.84406,0
,98.46945,8.84427,0
,98.46937,8.84433,0
,98.46923,8.84438,0
,98.46911,8.84441,0
,98.46896,8.84442,0
,98.4688,8.84439,0
,98.46871,8.84436,0
,98.46847,8.8442,0
,98.46789,8.84366,0
,98.46223,8.83871,0
,98.46209,8.8386,0
,98.46063,8.8373,0
,98.46036,8.8371,0
,98.46006,8.83692,0
,98.45246,8.83448,0
,98.4524,8.83445,0
,98.45204,8.83434,0
,98.44978,8.83349,0
,98.44955,8.83343,0
,98.4486,8.8331,0
,98.44815,8.83298,0
,98.44776,8.83282,0
,98.44735,8.83261,0
,98.44712,8.83244,0
,98.44704,8.83239,0
,98.44662,8.83197,0
,98.44659,8.83195,0
,98.44636,8.83159,0
,98.44618,8.83126,0
,98.44113,8.82475,0
,98.4411,8.82473,0
,98.44073,8.82422,0
,98.44059,8.824,0
,98.44047,8.82371,0
,98.44046,8.8237,0
,98.44036,8.82339,0
,98.44033,8.82317,0
,98.44032,8.82298,0
,98.44036,8.82252,0
,98.44048,8.82176,0
,98.44146,8.81659,0
,98.44148,8.81652,0
,98.44159,8.81583,0
,98.4416,8.81546,0
,98.44159,8.81528,0
,98.44149,8.81475,0
,98.44126,8.81422,0
,98.43816,8.80996,0
,98.43583,8.80779,0
,98.43469,8.80664,0
,98.43392,8.80544,0
,98.43388,8.80536,0
,98.429,8.79715,0
,98.42898,8.79713,0
,98.42686,8.7936,0
,98.42662,8.79317,0
,98.4264,8.7926,0
,98.42608,8.79166,0
,98.42607,8.79161,0
,98.42605,8.79157,0
,98.42584,8.79093,0
,98.42571,8.79039,0
,98.42565,8.78995,0
,98.42563,8.78986,0
,98.42562,8.78959,0
,98.42564,8.78941,0
,98.42595,8.78818,0
,98.42614,8.78755,0
,98.42669,8.78526,0
,98.42681,8.78467,0
,98.42683,8.78451,0
,98.42684,8.78448,0
,98.42684,8.78432,0
,98.42682,8.78414,0
,98.42678,8.78402,0
,98.42667,8.78376,0
,98.42655,8.78357,0
,98.42648,8.7835,0
,98.42629,8.78334,0
,98.42599,8.7832,0
,98.42709,8.78272,0
,98.42718,8.78267,0
,98.42719,8.78266,0
,98.42725,8.78262,0
,98.42777,8.78201,0
,98.42797,8.7818,0
,98.42815,8.78165,0
,98.42839,8.78151,0
,98.42855,8.78144,0
,98.42864,8.78141,0
,98.42895,8.78136,0
,98.42928,8.78134,0
,98.4295,8.78137,0
,98.42968,8.78141,0
,98.42987,8.78147,0
,98.43,8.78148,0
,98.43016,8.78145,0
,98.43021,8.78142,0
,98.43025,8.78138,0
,98.43026,8.78135,0
,98.43048,8.781,0
,98.43094,8.78033,0
,98.43141,8.77942,0
,98.43166,8.77889,0
,98.43193,8.77817,0
,98.43201,8.77804,0
,98.43211,8.77792,0
,98.43241,8.77774,0
,98.43253,8.7777,0
,98.43269,8.77767,0
,98.433,8.77767,0
,98.43375,8.77774,0
,98.43396,8.77773,0
,98.43476,8.77755,0
,98.4366,8.77685,0
,98.4368,8.77676,0
,98.43691,8.77669,0
,98.43728,8.77618,0
,98.43755,8.77595,0
,98.43779,8.77579,0
,98.43857,8.77535,0
,98.43866,8.77528,0
,98.43869,8.77522,0
,98.4387,8.77512,0
,98.43853,8.77174,0
,98.43853,8.77146,0
,98.43826,8.77001,0
,98.43827,8.76975,0
,98.43835,8.76952,0
,98.43891,8.76825,0
,98.43903,8.76789,0
,98.43909,8.76757,0
,98.43913,8.76704,0
,98.43911,8.76643,0
,98.43914,8.76619,0
,98.43925,8.76588,0
,98.43931,8.76578,0
,98.4399,8.76507,0
,98.44006,8.76486,0
,98.4402,8.76458,0
,98.44051,8.76339,0
,98.44051,8.76338,0
,98.44056,8.76322,0
,98.44062,8.76309,0
,98.44067,8.76301,0
,98.44075,8.76292,0
,98.44125,8.76244,0
,98.44139,8.76227,0
,98.44143,8.76219,0
,98.44146,8.7621,0
,98.4415,8.76188,0
,98.44165,8.76049,0
,98.44172,8.76012,0
,98.44176,8.76002,0
,98.4418,8.75996,0
,98.44268,8.75908,0
,98.44278,8.75894,0
,98.44287,8.75873,0
,98.44287,8.7586,0
,98.44284,8.75848,0
,98.44211,8.75697,0
,98.44204,8.7568,0
,98.44106,8.75479,0
,98.44092,8.75454,0
,98.4407,8.7542,0
,98.44044,8.75372,0
,98.4404,8.75362,0
,98.44038,8.7536,0
,98.44031,8.75349,0
,98.44022,8.75339,0
,98.4401,8.7533,0
,98.4397,8.75315,0
,98.43904,8.75285,0
,98.43899,8.75281,0
,98.43896,8.7528,0
,98.4389,8.75275,0
,98.43884,8.75268,0
,98.43876,8.75251,0
,98.43872,8.75235,0
,98.43873,8.75217,0
,98.43876,8.75201,0
,98.43883,8.75179,0
,98.43887,8.7517,0
,98.43895,8.75145,0
,98.43904,8.75122,0
,98.43915,8.75085,0
,98.43919,8.75053,0
,98.4392,8.74978,0
,98.43921,8.74969,0
,98.4393,8.74938,0
,98.43934,8.74929,0
,98.43951,8.74905,0
,98.43964,8.74891,0
,98.44037,8.74824,0
,98.44061,8.74799,0
,98.44073,8.74782,0
,98.44101,8.74733,0
,98.44119,8.74696,0
,98.44131,8.74667,0
,98.44138,8.74637,0
,98.44158,8.74506,0
,98.44161,8.74475,0
,98.44156,8.74313,0
,98.44157,8.74272,0
,98.44154,8.74249,0
,98.44144,8.74214,0
,98.44109,8.74119,0
,98.44098,8.7407,0
,98.44086,8.73909,0
,98.44086,8.73881,0
,98.4409,8.73808,0
,98.44088,8.73784,0
,98.44085,8.73773,0
,98.44061,8.73718,0
,98.44047,8.73692,0
,98.44007,8.73633,0
,98.4399,8.73605,0
,98.43985,8.73583,0
,98.43984,8.73574,0
,98.43985,8.73542,0
,98.44001,8.73368,0
,98.44012,8.73319,0
,98.44029,8.73263,0
,98.4403,8.73243,0
,98.44028,8.73232,0
,98.43997,8.73148,0
,98.43911,8.72985,0
,98.43894,8.72932,0
,98.43877,8.72841,0
,98.43876,8.72831,0
,98.43872,8.72809,0
,98.43872,8.72801,0
,98.43874,8.72792,0
,98.43887,8.7275,0
,98.43886,8.7274,0
,98.43881,8.72727,0
,98.43874,8.72714,0
,98.43848,8.7268,0
,98.43761,8.72578,0
,98.4375,8.72562,0
,98.43731,8.72518,0
,98.4372,8.72482,0
,98.43711,8.72442,0
,98.43694,8.72384,0
,98.43686,8.72346,0
,98.43686,8.72338,0
,98.43688,8.72332,0
,98.43689,8.72324,0
,98.43691,8.72319,0
,98.43691,8.72318,0
,98.43694,8.72313,0
,98.43698,8.72309,0
,98.43727,8.72287,0
,98.43822,8.72235,0
,98.43851,8.72214,0
,98.43865,8.72195,0
,98.43868,8.72181,0
,98.43868,8.72175,0
,98.43866,8.72156,0
,98.43862,8.72136,0
,98.43859,8.72131,0
,98.43849,8.7211,0
,98.43837,8.72091,0
,98.43824,8.7208,0
,98.43815,8.72076,0
,98.43688,8.72035,0
,98.43648,8.7201,0
,98.43593,8.71946,0
,98.43551,8.71918,0
,98.43526,8.71906,0
,98.43524,8.71906,0
,98.43492,8.71897,0
,98.4345,8.71893,0
,98.43411,8.71898,0
,98.43313,8.71929,0
,98.43277,8.71935,0
,98.43265,8.71935,0
,98.4324,8.71933,0
,98.43219,8.71928,0
,98.43193,8.7192,0
,98.4317,8.71909,0
,98.43109,8.7186,0
,98.43096,8.71852,0
,98.43082,8.71845,0
,98.43068,8.71845,0
,98.43025,8.71848,0
,98.42953,8.71857,0
,98.42949,8.71857,0
,98.42889,8.71873,0
,98.42883,8.71874,0
,98.42844,8.71887,0
,98.42824,8.71885,0
,98.42813,8.71881,0
,98.42784,8.71868,0
,98.42713,8.71827,0
,98.42659,8.71802,0
,98.42601,8.71771,0
,98.4255,8.71738,0
,98.42485,8.71678,0
,98.4246,8.71652,0
,98.42454,8.71647,0
,98.42449,8.71638,0
,98.42448,8.71638,0
,98.4244,8.7162,0
,98.42437,8.71607,0
,98.42435,8.71591,0
,98.42437,8.71559,0
,98.42438,8.71556,0
,98.42443,8.71509,0
,98.42442,8.71506,0
,98.42441,8.71494,0
,98.42437,8.71481,0
,98.42427,8.71459,0
,98.42393,8.71407,0
,98.42392,8.71404,0
,98.42385,8.71395,0
,98.42344,8.71331,0
,98.42343,8.71328,0
,98.42335,8.71315,0
,98.42332,8.71311,0
,98.42322,8.71291,0
,98.42315,8.71268,0
,98.42314,8.71266,0
,98.42311,8.71248,0
,98.42311,8.7123,0
,98.4231,8.71227,0
,98.4231,8.71223,0
,98.42318,8.71195,0
,98.42318,8.71192,0
,98.42339,8.71112,0
,98.42339,8.71089,0
,98.42334,8.71068,0
,98.42329,8.71057,0
,98.423,8.71017,0
,98.42281,8.70998,0
,98.42266,8.70987,0
,98.42168,8.70907,0
,98.42154,8.70895,0
,98.42125,8.70878,0
,98.42123,8.70876,0
,98.42033,8.7082,0
,98.42031,8.70818,0
,98.42006,8.70802,0
,98.41976,8.70787,0
,98.41964,8.70784,0
,98.41951,8.70783,0
,98.41919,8.70799,0
,98.41918,8.708,0
,98.41889,8.70812,0
,98.41885,8.70813,0
,98.41796,8.70849,0
,98.4177,8.70852,0
,98.41645,8.70845,0
,98.41623,8.70842,0
,98.41608,8.70838,0
,98.4159,8.70827,0
,98.41468,8.7073,0
,98.41449,8.70718,0
,98.41423,8.70695,0
,98.41409,8.70678,0
,98.41398,8.70661,0
,98.41384,8.70622,0
,98.41293,8.70282,0
,98.41216,8.70093,0
,98.41199,8.70058,0
,98.41178,8.70029,0
,98.41102,8.69962,0
,98.41083,8.69941,0
,98.41017,8.69854,0
,98.40997,8.69768,0
,98.40988,8.69737,0
,98.40906,8.69508,0
,98.40901,8.69491,0
,98.40882,8.69409,0
,98.40875,8.69388,0
,98.4079,8.69211,0
,98.40785,8.69198,0
,98.40784,8.6919,0
,98.40783,8.69189,0
,98.40782,8.69178,0
,98.40796,8.69085,0
,98.40807,8.69036,0
,98.40819,8.68949,0
,98.40814,8.6887,0
,98.4082,8.68816,0
,98.40829,8.68766,0
,98.4083,8.68764,0
,98.40861,8.68502,0
,98.40889,8.68423,0
,98.40896,8.68411,0
,98.40904,8.684,0
,98.4097,8.6835,0
,98.40975,8.68344,0
,98.40983,8.68337,0
,98.40994,8.68324,0
,98.41105,8.68162,0
,98.41111,8.68156,0
,98.41242,8.68085,0
,98.41477,8.68004,0
,98.41498,8.67993,0
,98.41502,8.6799,0
,98.41565,8.67952,0
,98.41636,8.67901,0
,98.41723,8.67839,0
,98.41733,8.67835,0
,98.41747,8.67832,0
,98.42165,8.6782,0
,98.42235,8.67813,0
,98.42298,8.67818,0
,98.42483,8.67851,0
,98.42525,8.67862,0
,98.42546,8.67871,0
,98.42631,8.67926,0
,98.42853,8.68017,0
,98.43023,8.68079,0
,98.43147,8.68132,0
,98.43206,8.68153,0
,98.43218,8.68155,0
,98.43235,8.68153,0
,98.4324,8.6815,0
,98.43299,8.68092,0
,98.43322,8.68076,0
,98.43365,8.68052,0
,98.43394,8.68043,0
,98.43395,8.68043,0
,98.43424,8.68028,0
,98.4344,8.68017,0
,98.43457,8.68001,0
,98.43484,8.67967,0
,98.4351,8.6793,0
,98.43546,8.67862,0
,98.43558,8.67832,0
,98.43575,8.67779,0
,98.43593,8.67742,0
,98.43742,8.67503,0
,98.43747,8.67497,0
,98.43747,8.67496,0
,98.43775,8.67453,0
,98.43782,8.67445,0
,98.43811,8.67418,0
,98.43847,8.67395,0
,98.43892,8.6737,0
,98.4391,8.67362,0
,98.43923,8.67358,0
,98.44024,8.67347,0
,98.44079,8.6735,0
,98.44099,8.67349,0
,98.44153,8.67339,0
,98.4416,8.673,0
,98.44169,8.67288,0
,98.44176,8.6728,0
,98.44187,8.67264,0
,98.44207,8.67243,0
,98.44214,8.67234,0
,98.44216,8.67229,0
,98.44223,8.67221,0
,98.44224,8.67217,0
,98.44231,8.67199,0
,98.44237,8.67175,0
,98.44244,8.67155,0
,98.44256,8.67145,0
,98.44261,8.67143,0
,98.4428,8.6714,0
,98.44283,8.67138,0
,98.44289,8.67136,0
,98.44299,8.67134,0
,98.44304,8.67132,0
,98.44308,8.67126,0
,98.44312,8.67122,0
,98.44314,8.67118,0
,98.44315,8.6711,0
,98.44318,8.671,0
,98.44319,8.67094,0
,98.44319,8.67087,0
,98.44317,8.67068,0
,98.44317,8.67051,0
,98.44322,8.67009,0
,98.44348,8.6687,0
,98.44347,8.6683,0
,98.44341,8.66796,0
,98.44339,8.66786,0
,98.44337,8.66757,0
,98.44336,8.66751,0
,98.44329,8.6673,0
,98.44325,8.66724,0
,98.44302,8.667,0
,98.443,8.66699,0
,98.44298,8.66696,0
,98.4428,8.66683,0
,98.44276,8.66679,0
,98.44237,8.66615,0
,98.44229,8.66601,0
,98.44228,8.66597,0
,98.44212,8.66569,0
,98.44182,8.66507,0
,98.44181,8.66504,0
,98.44162,8.66468,0
,98.44162,8.66465,0
,98.44146,8.66454,0
,98.44138,8.66445,0
,98.44134,8.66435,0
,98.44132,8.66427,0
,98.4413,8.66412,0
,98.44129,8.66409,0
,98.44129,8.66401,0
,98.44125,8.66356,0
,98.44121,8.66337,0
,98.44116,8.66321,0
,98.44104,8.663,0
,98.44083,8.66275,0
,98.44073,8.66248,0
,98.4407,8.66213,0
,98.44073,8.66172,0
,98.44074,8.66171,0
,98.44086,8.66108,0
,98.44091,8.65978,0
,98.44092,8.65976,0
,98.44093,8.65937,0
,98.441,8.65889,0
,98.44106,8.65868,0
,98.4411,8.6586,0
,98.44114,8.65839,0
,98.44112,8.65802,0
,98.44098,8.65753,0
,98.44091,8.65736,0
,98.44077,8.65717,0
,98.44066,8.65699,0
,98.44055,8.65691,0
,98.44042,8.65679,0
,98.4404,8.65678,0
,98.44028,8.65667,0
,98.44026,8.65666,0
,98.44014,8.65655,0
,98.44,8.65644,0
,98.43973,8.6562,0
,98.43971,8.65619,0
,98.43959,8.65608,0
,98.43915,8.65573,0
,98.43901,8.65562,0
,98.43888,8.6555,0
,98.43887,8.6555,0
,98.43885,8.65548,0
,98.43881,8.65542,0
,98.4388,8.6553,0
,98.43882,8.65523,0
,98.43886,8.65515,0
,98.43906,8.6549,0
,98.43906,8.65489,0
,98.43913,8.65481,0
,98.43957,8.65399,0
,98.4397,8.65356,0
,98.43979,8.65314,0
,98.44004,8.65316,0
,98.44076,8.65339,0
,98.44078,8.65339,0
,98.44109,8.65352,0
,98.44124,8.65357,0
,98.44137,8.6536,0
,98.44147,8.65361,0
,98.44156,8.65361,0
,98.44183,8.65366,0
,98.44208,8.65368,0
,98.44223,8.65367,0
,98.44256,8.65372,0
,98.44295,8.65382,0
,98.44306,8.65382,0
,98.44318,8.65385,0
,98.44327,8.65385,0
,98.44333,8.65386,0
,98.44375,8.65389,0
,98.44385,8.65391,0
,98.44415,8.65402,0
,98.44428,8.65408,0
,98.44447,8.6541,0
,98.44474,8.6541,0
,98.44523,8.65407,0
,98.44528,8.65406,0
,98.44541,8.65405,0
,98.44551,8.65402,0
,98.44574,8.65391,0
,98.44594,8.65378,0
,98.44616,8.65378,0
,98.44638,8.65376,0
,98.44643,8.65375,0
,98.44648,8.65373,0
,98.44667,8.65358,0
,98.4468,8.65346,0
,98.44667,8.65358,0
,98.44648,8.65373,0
,98.44643,8.65375,0
,98.44616,8.65378,0
,98.44594,8.65378,0
,98.44574,8.65391,0
,98.44551,8.65402,0
,98.44541,8.65405,0
,98.44528,8.65406,0
,98.44523,8.65407,0
,98.44474,8.6541,0
,98.44447,8.6541,0
,98.44428,8.65408,0
,98.44415,8.65402,0
,98.44385,8.65391,0
,98.44375,8.65389,0
,98.44327,8.65385,0
,98.44318,8.65385,0
,98.44306,8.65382,0
,98.44295,8.65382,0
,98.44256,8.65372,0
,98.44223,8.65367,0
,98.44208,8.65368,0
,98.44201,8.65367,0
,98.44193,8.65367,0
,98.44183,8.65366,0
,98.44156,8.65361,0
,98.44147,8.65361,0
,98.44137,8.6536,0
,98.44124,8.65357,0
,98.44109,8.65352,0
,98.44078,8.65339,0
,98.44076,8.65339,0
,98.44004,8.65316,0
,98.43979,8.65314,0
,98.43982,8.65264,0
,98.43981,8.65256,0
,98.43981,8.65246,0
,98.4398,8.65238,0
,98.43973,8.65215,0
,98.4396,8.65193,0
,98.43949,8.6518,0
,98.43938,8.6516,0
,98.43936,8.65145,0
,98.43935,8.65142,0
,98.43935,8.65125,0
,98.43937,8.65114,0
,98.4395,8.65069,0
,98.43951,8.65058,0
,98.4395,8.65054,0
,98.43913,8.64985,0
,98.43898,8.64972,0
,98.43888,8.64965,0
,98.43836,8.64938,0
,98.43817,8.64921,0
,98.43814,8.64914,0
,98.43812,8.64912,0
,98.43804,8.64892,0
,98.438,8.64885,0
,98.43793,8.64868,0
,98.43791,8.64862,0
,98.4379,8.64861,0
,98.43782,8.64846,0
,98.43775,8.6484,0
,98.43752,8.64826,0
,98.43749,8.64825,0
,98.43741,8.64819,0
,98.43732,8.64814,0
,98.43707,8.64793,0
,98.43688,8.64772,0
,98.4368,8.64759,0
,98.43679,8.64758,0
,98.43669,8.6474,0
,98.43662,8.64722,0
,98.43653,8.64686,0
,98.4365,8.64667,0
,98.43657,8.64632,0
,98.43661,8.6462,0
,98.43662,8.64608,0
,98.43661,8.64604,0
,98.43659,8.646,0
,98.43654,8.64597,0
,98.43632,8.64571,0
,98.43625,8.64564,0
,98.43607,8.64542,0
,98.43596,8.64532,0
,98.43589,8.64529,0
,98.43572,8.64524,0
,98.43501,8.64522,0
,98.43461,8.64512,0
,98.43438,8.64504,0
,98.43417,8.64494,0
,98.43402,8.64485,0
,98.43374,8.64462,0
,98.43362,8.64447,0
,98.43348,8.64425,0
,98.43323,8.6436,0
,98.43322,8.6436,0
,98.43314,8.64343,0
,98.43299,8.64324,0
,98.43266,8.6429,0
,98.43266,8.64289,0
,98.43247,8.64273,0
,98.43209,8.64246,0
,98.4317,8.64238,0
,98.43105,8.64229,0
,98.43012,8.64225,0
,98.43001,8.64227,0
,98.42987,8.64234,0
,98.42979,8.64242,0
,98.42976,8.64244,0
,98.42952,8.6427,0
,98.42932,8.64286,0
,98.42924,8.6429,0
,98.42901,8.64295,0
,98.42888,8.64295,0
,98.42871,8.64293,0
,98.42858,8.6429,0
,98.42847,8.64286,0
,98.42834,8.64285,0
,98.42818,8.64288,0
,98.42814,8.6429,0
,98.42753,8.64338,0
,98.42745,8.64342,0
,98.42736,8.64348,0
,98.42729,8.6435,0
,98.42728,8.64351,0
,98.42693,8.64354,0
,98.42675,8.64354,0
,98.42675,8.64355,0
,98.42668,8.64357,0
,98.4266,8.64373,0
,98.42649,8.64402,0
,98.42646,8.64408,0
,98.42627,8.64428,0
,98.42625,8.64432,0
,98.42619,8.64439,0
,98.42608,8.64459,0
,98.42603,8.6447,0
,98.42589,8.64489,0
,98.42577,8.64502,0
,98.42567,8.64508,0
,98.42558,8.64511,0
,98.42508,8.6452,0
,98.42507,8.64521,0
,98.4249,8.64526,0
,98.42483,8.64527,0
,98.42472,8.64531,0
,98.42386,8.64555,0
,98.42366,8.64555,0
,98.42355,8.64554,0
,98.42326,8.64554,0
,98.42278,8.6455,0
,98.42122,8.64552,0
,98.42112,8.64551,0
,98.42095,8.64547,0
,98.42094,8.64546,0
,98.42084,8.64542,0
,98.41946,8.64442,0
,98.41938,8.64439,0
,98.4193,8.64438,0
,98.4192,8.64438,0
,98.41868,8.64449,0
,98.41772,8.64483,0
,98.41771,8.64483,0
,98.41739,8.64499,0
,98.41699,8.64524,0
,98.41688,8.64529,0
,98.41678,8.64532,0
,98.41667,8.64533,0
,98.41656,8.64533,0
,98.41616,8.64527,0
,98.41608,8.64524,0
,98.41598,8.64518,0
,98.41588,8.64511,0
,98.4157,8.64502,0
,98.41567,8.645,0
,98.41544,8.64492,0
,98.41532,8.64489,0
,98.41518,8.64484,0
,98.41505,8.64482,0
,98.41461,8.6447,0
,98.41454,8.64471,0
,98.41435,8.64476,0
,98.41406,8.64488,0
,98.41389,8.64488,0
,98.41375,8.64484,0
,98.41374,8.64484,0
,98.41351,8.64473,0
,98.41321,8.64446,0
,98.41305,8.64428,0
,98.41303,8.64427,0
,98.41223,8.6433,0
,98.41201,8.64294,0
,98.41192,8.64285,0
,98.41185,8.64282,0
,98.41179,8.64281,0
,98.41176,8.6428,0
,98.4116,8.64281,0
,98.41142,8.6428,0
,98.4114,8.64279,0
,98.41137,8.64279,0
,98.41129,8.64277,0
,98.41114,8.64271,0
,98.4111,8.64268,0
,98.41063,8.64211,0
,98.4102,8.64183,0
,98.41015,8.64181,0
,98.41012,8.64179,0
,98.41002,8.64176,0
,98.40948,8.64173,0
,98.40946,8.6409,0
,98.40936,8.63982,0
,98.40934,8.63943,0
,98.40933,8.6394,0
,98.4093,8.63908,0
,98.40923,8.63868,0
,98.40904,8.63798,0
,98.40891,8.63765,0
,98.40887,8.63759,0
,98.40881,8.63744,0
,98.4087,8.63722,0
,98.40849,8.63687,0
,98.40842,8.63672,0
,98.40832,8.63645,0
,98.40829,8.63632,0
,98.40828,8.6362,0
,98.4082,8.63573,0
,98.40816,8.63562,0
,98.4081,8.63553,0
,98.40776,8.63515,0
,98.4077,8.63506,0
,98.40764,8.63494,0
,98.40751,8.63455,0
,98.40748,8.63448,0
,98.40742,8.63438,0
,98.40734,8.63429,0
,98.40722,8.6342,0
,98.40677,8.63409,0
,98.40676,8.63409,0
,98.4066,8.63402,0
,98.4065,8.63394,0
,98.40644,8.63388,0
,98.40641,8.63383,0
,98.4063,8.63353,0
,98.40623,8.6334,0
,98.406,8.63324,0
,98.40587,8.63311,0
,98.40578,8.63298,0
,98.4057,8.63279,0
,98.40555,8.63216,0
,98.40554,8.63208,0
,98.40554,8.63197,0
,98.40555,8.63192,0
,98.4056,8.63182,0
,98.40563,8.63179,0
,98.40574,8.63172,0
,98.40582,8.63169,0
,98.40597,8.63165,0
,98.40616,8.63162,0
,98.40641,8.63156,0
,98.40648,8.63153,0
,98.40659,8.63145,0
,98.40667,8.63137,0
,98.40675,8.63124,0
,98.40686,8.63099,0
,98.40697,8.63079,0
,98.407,8.63076,0
,98.40702,8.63073,0
,98.40705,8.63071,0
,98.40721,8.63065,0
,98.4076,8.63054,0
,98.40773,8.63048,0
,98.40777,8.63044,0
,98.4078,8.63035,0
,98.4078,8.63026,0
,98.40776,8.63019,0
,98.4077,8.63013,0
,98.40762,8.63009,0
,98.40753,8.63006,0
,98.40715,8.63003,0
,98.40704,8.63003,0
,98.40695,8.63004,0
,98.4067,8.63002,0
,98.40663,8.62999,0
,98.40652,8.62992,0
,98.40638,8.6298,0
,98.40617,8.6296,0
,98.40608,8.62954,0
,98.40602,8.62951,0
,98.40588,8.62947,0
,98.4058,8.62946,0
,98.40562,8.62946,0
,98.40541,8.62951,0
,98.40489,8.62967,0
,98.40438,8.62986,0
,98.40416,8.62998,0
,98.40406,8.63007,0
,98.4039,8.63026,0
,98.40376,8.63039,0
,98.40369,8.63043,0
,98.4036,8.63047,0
,98.40325,8.63056,0
,98.40281,8.63064,0
,98.40252,8.63066,0
,98.40209,8.63065,0
,98.40177,8.63061,0
,98.40152,8.63054,0
,98.40133,8.63047,0
,98.40124,8.63042,0
,98.40122,8.6304,0
,98.40116,8.63036,0
,98.40101,8.63021,0
,98.40085,8.63007,0
,98.40066,8.62995,0
,98.40033,8.62979,0
,98.40009,8.62965,0
,98.39986,8.62948,0
,98.39962,8.62924,0
,98.39945,8.62902,0
,98.39936,8.62887,0
,98.39931,8.62876,0
,98.39926,8.62861,0
,98.39922,8.62846,0
,98.39922,8.62829,0
,98.39926,8.62809,0
,98.3993,8.62799,0
,98.39935,8.62791,0
,98.39942,8.62784,0
,98.40006,8.62749,0
,98.40018,8.62739,0
,98.40024,8.62733,0
,98.40044,8.62707,0
,98.40072,8.62665,0
,98.40075,8.62663,0
,98.40115,8.62628,0
,98.40115,8.62627,0
,98.40128,8.62614,0
,98.40141,8.62598,0
,98.4015,8.62585,0
,98.40186,8.62521,0
,98.40193,8.62503,0
,98.40223,8.62365,0
,98.40228,8.62348,0
,98.40228,8.62345,0
,98.40258,8.62203,0
,98.40263,8.62158,0
,98.40265,8.62019,0
,98.40264,8.61996,0
,98.40261,8.61981,0
,98.40257,8.61967,0
,98.40257,8.61966,0
,98.4024,8.61932,0
,98.40235,8.61922,0
,98.40227,8.6191,0
,98.40209,8.6189,0
,98.40195,8.61877,0
,98.40062,8.61772,0
,98.40046,8.61764,0
,98.40032,8.61759,0
,98.39994,8.61758,0
,98.39942,8.61765,0
,98.3992,8.61763,0
,98.39905,8.61757,0
,98.39873,8.61739,0
,98.39858,8.61729,0
,98.3981,8.61692,0
,98.39793,8.61672,0
,98.39743,8.61578,0
,98.39736,8.6156,0
,98.39734,8.61549,0
,98.39736,8.61471,0
,98.3975,8.61406,0
,98.39755,8.61395,0
,98.39758,8.61385,0
,98.39807,8.61302,0
,98.39924,8.61144,0
,98.39931,8.6113,0
,98.39936,8.61114,0
,98.39937,8.61113,0
,98.39949,8.61007,0
,98.39958,8.6096,0
,98.39965,8.60937,0
,98.39972,8.6092,0
,98.40005,8.60856,0
,98.40007,8.60854,0
,98.40016,8.60818,0
,98.40016,8.60807,0
,98.40011,8.60786,0
,98.39998,8.6075,0
,98.39997,8.60733,0
,98.39996,8.60724,0
,98.39996,8.60711,0
,98.39998,8.60699,0
,98.40003,8.60674,0
,98.40015,8.60627,0
,98.40056,8.60543,0
,98.40061,8.60526,0
,98.40062,8.60521,0
,98.40062,8.60506,0
,98.4005,8.60463,0
,98.40038,8.60401,0
,98.40031,8.60316,0
,98.40029,8.60311,0
,98.40027,8.60299,0
,98.40024,8.60294,0
,98.40019,8.60281,0
,98.4,8.60261,0
,98.39945,8.60221,0
,98.39922,8.60206,0
,98.39906,8.60191,0
,98.3989,8.60174,0
,98.39888,8.60173,0
,98.3986,8.60138,0
,98.39842,8.60108,0
,98.39835,8.60089,0
,98.39831,8.60075,0
,98.39826,8.60049,0
,98.39818,8.59802,0
,98.39814,8.59756,0
,98.39775,8.58812,0
,98.39774,8.58726,0
,98.39775,8.58717,0
,98.39775,8.5867,0
,98.39776,8.58664,0
,98.39777,8.58645,0
,98.3978,8.5862,0
,98.39782,8.58611,0
,98.39782,8.58607,0
,98.39789,8.58575,0
,98.39798,8.58543,0
,98.39996,8.57966,0
,98.40001,8.57948,0
,98.40021,8.57892,0
,98.40033,8.57871,0
,98.40051,8.57847,0
,98.40066,8.57831,0
,98.40081,8.57819,0
,98.40102,8.57805,0
,98.40134,8.57791,0
,98.40156,8.57783,0
,98.40176,8.57779,0
,98.40413,8.5777,0
,98.40669,8.57748,0
,98.407,8.57743,0
,98.40735,8.57735,0
,98.40819,8.57703,0
,98.41223,8.57506,0
,98.41273,8.57483,0
,98.41274,8.57483,0
,98.41289,8.57475,0
,98.41315,8.57458,0
,98.41357,8.57425,0
,98.41385,8.57406,0
,98.41426,8.57383,0
,98.41457,8.5737,0
,98.41459,8.5737,0
,98.41494,8.57357,0
,98.41502,8.57353,0
,98.41526,8.57347,0
,98.41582,8.57325,0
,98.41657,8.57291,0
,98.4172,8.57269,0
,98.41745,8.57267,0
,98.41842,8.57266,0
,98.41874,8.57264,0
,98.41889,8.57262,0
,98.41903,8.57258,0
,98.41913,8.57253,0
,98.41937,8.57233,0
,98.41937,8.57232,0
,98.41946,8.57224,0
,98.41958,8.57205,0
,98.42035,8.57115,0
,98.42052,8.57093,0
,98.42086,8.57037,0
,98.4209,8.57029,0
,98.42147,8.5694,0
,98.42149,8.56939,0
,98.42216,8.56854,0
,98.42258,8.56813,0
,98.42272,8.56803,0
,98.42283,8.56796,0
,98.42285,8.56796,0
,98.42285,8.56795,0
,98.42394,8.56757,0
,98.42443,8.56743,0
,98.42471,8.56741,0
,98.42552,8.56742,0
,98.42614,8.56746,0
,98.42621,8.56745,0
,98.42665,8.56743,0
,98.42796,8.56724,0
,98.42833,8.56721,0
,98.42937,8.56708,0
,98.42975,8.56705,0
,98.4298,8.56726,0
,98.42983,8.56747,0
,98.4298,8.56767,0
,98.42977,8.56777,0
,98.42972,8.56789,0
,98.42957,8.56816,0
,98.42951,8.56829,0
,98.42894,8.56935,0
,98.42874,8.56969,0
,98.42871,8.56973,0
,98.42681,8.57173,0
,98.42678,8.57175,0
,98.42673,8.57182,0
,98.42667,8.57188,0
,98.42664,8.57195,0
,98.42662,8.57202,0
,98.42663,8.5722,0
,98.42675,8.57328,0
,98.42689,8.57413,0
,98.4269,8.57414,0
,98.42689,8.57434,0
,98.42684,8.57478,0
,98.42677,8.57506,0
,98.42664,8.57574,0
,98.42663,8.57576,0
,98.42659,8.57592,0
,98.42657,8.57607,0
,98.42657,8.57621,0
,98.4266,8.57641,0
,98.42667,8.57663,0
,98.42686,8.57688,0
,98.427,8.57703,0
,98.42703,8.57705,0
,98.42703,8.57706,0
,98.42753,8.57759,0
,98.4276,8.57763,0
,98.42763,8.57766,0
,98.42764,8.57766,0
,98.42773,8.57771,0
,98.42784,8.57775,0
,98.42797,8.57781,0
,98.4281,8.57789,0
,98.42812,8.57791,0
,98.42814,8.57794,0
,98.42816,8.57796,0
,98.42817,8.57826,0
,98.42819,8.57836,0
,98.42819,8.57862,0
,98.42818,8.57865,0
,98.42818,8.57872,0
,98.42815,8.57884,0
,98.42809,8.57896,0
,98.42808,8.57899,0
,98.42802,8.57907,0
,98.42797,8.57918,0
,98.42795,8.57934,0
,98.42791,8.58028,0
,98.42782,8.58054,0
,98.42779,8.58066,0
,98.42777,8.58101,0
,98.42772,8.58125,0
,98.42759,8.58157,0
,98.42743,8.58187,0
,98.42736,8.58196,0
,98.42703,8.58223,0
,98.42697,8.58232,0
,98.42694,8.5824,0
,98.42693,8.58253,0
,98.42682,8.58337,0
,98.42677,8.58427,0
,98.42674,8.58442,0
,98.42661,8.58472,0
,98.42661,8.58473,0
,98.42658,8.58477,0
,98.42657,8.5848,0
,98.42651,8.5849,0
,98.42644,8.58498,0
,98.42626,8.5851,0
,98.42626,8.58511,0
,98.42617,8.58518,0
,98.42609,8.58532,0
,98.42605,8.58547,0
,98.42606,8.58568,0
,98.42609,8.58581,0
,98.42609,8.58588,0
,98.42605,8.58608,0
,98.42598,8.58629,0
,98.42591,8.58646,0
,98.42583,8.58662,0
,98.42581,8.58668,0
,98.42577,8.58676,0
,98.42575,8.58682,0
,98.42575,8.58685,0
,98.42574,8.58689,0
,98.42573,8.58699,0
,98.42573,8.58715,0
,98.42574,8.58722,0
,98.42574,8.5874,0
,98.42575,8.58744,0
,98.42575,8.58748,0
,98.42576,8.5875,0
,98.42576,8.58757,0
,98.42575,8.58762,0
,98.42575,8.58765,0
,98.42573,8.58769,0
,98.42566,8.58788,0
,98.42566,8.58792,0
,98.42564,8.58805,0
,98.42565,8.58805,0
,98.42565,8.58822,0
,98.42566,8.58823,0
,98.42566,8.58835,0
,98.42565,8.58837,0
,98.42562,8.5884,0
,98.42558,8.58842,0
,98.42553,8.58843,0
,98.42542,8.58847,0
,98.42529,8.58859,0
,98.42524,8.58866,0
,98.42517,8.58882,0
,98.42516,8.58887,0
,98.42517,8.58893,0
,98.42522,8.58961,0
,98.42522,8.59035,0
,98.42524,8.59081,0
,98.42526,8.5909,0
,98.4253,8.59098,0
,98.42532,8.59104,0
,98.42554,8.59141,0
,98.42566,8.59164,0
,98.42573,8.59189,0
,98.42574,8.59189,0
,98.42575,8.592,0
,98.42575,8.59212,0
,98.42559,8.59256,0
,98.42556,8.59273,0
,98.42554,8.59317,0
,98.42551,8.59335,0
,98.42545,8.59351,0
,98.42519,8.59421,0
,98.42513,8.59431,0
,98.42511,8.59437,0
,98.425,8.59455,0
,98.4249,8.59465,0
,98.42474,8.5949,0
,98.42474,8.59492,0
,98.42472,8.59495,0
,98.42465,8.59502,0
,98.42462,8.59503,0
,98.42457,8.59506,0
,98.42445,8.59509,0
,98.4244,8.59511,0
,98.42423,8.59521,0
,98.42421,8.59523,0
,98.42416,8.59532,0
,98.42416,8.59539,0
,98.42417,8.59545,0
,98.42417,8.59548,0
,98.42418,8.59551,0
,98.42421,8.59567,0
,98.42423,8.59572,0
,98.42424,8.59577,0
,98.42426,8.5958,0
,98.42429,8.59587,0
,98.42443,8.59609,0
,98.42445,8.59614,0
,98.42447,8.59616,0
,98.42447,8.59617,0
,98.42455,8.5963,0
,98.42457,8.59632,0
,98.42459,8.5964,0
,98.42459,8.59643,0
,98.42458,8.59646,0
,98.42457,8.59646,0
,98.42453,8.59658,0
,98.42453,8.59668,0
,98.42456,8.5968,0
,98.42456,8.59682,0
,98.42459,8.59689,0
,98.42461,8.59696,0
,98.42462,8.59697,0
,98.42465,8.59707,0
,98.42464,8.59718,0
,98.42461,8.59733,0
,98.42462,8.59751,0
,98.42457,8.59804,0
,98.42457,8.5981,0
,98.42454,8.59837,0
,98.42453,8.5984,0
,98.42451,8.59861,0
,98.42451,8.59878,0
,98.42452,8.59884,0
,98.42452,8.59887,0
,98.42455,8.59895,0
,98.42455,8.59897,0
,98.42459,8.59904,0
,98.42468,8.59926,0
,98.42481,8.59948,0
,98.42487,8.59955,0
,98.42504,8.59971,0
,98.4253,8.59991,0
,98.42532,8.59994,0
,98.42542,8.60004,0
,98.42552,8.60018,0
,98.42565,8.60033,0
,98.42575,8.60052,0
,98.4258,8.60069,0
,98.4258,8.60071,0
,98.42582,8.60079,0
,98.42582,8.60089,0
,98.42584,8.60105,0
,98.42587,8.60117,0
,98.42587,8.60146,0
,98.42585,8.60155,0
,98.42584,8.60158,0
,98.42571,8.60192,0
,98.42558,8.60218,0
,98.42541,8.60262,0
,98.42538,8.60272,0
,98.42537,8.60285,0
,98.42537,8.60339,0
,98.42541,8.60391,0
,98.42548,8.60436,0
,98.42553,8.60463,0
,98.42559,8.60484,0
,98.42564,8.60508,0
,98.42572,8.60521,0
,98.4258,8.60531,0
,98.42593,8.60538,0
,98.42598,8.60539,0
,98.4266,8.6054,0
,98.42675,8.60538,0
,98.42686,8.6054,0
,98.42719,8.60548,0
,98.42738,8.60558,0
,98.42755,8.60574,0
,98.42757,8.60578,0
,98.42762,8.60584,0
,98.42766,8.60593,0
,98.42769,8.60603,0
,98.4277,8.60603,0
,98.42774,8.60609,0
,98.42779,8.60614,0
,98.42783,8.60616,0
,98.4279,8.60621,0
,98.42802,8.60626,0
,98.42822,8.60638,0
,98.42836,8.60646,0
,98.42849,8.60656,0
,98.42869,8.60674,0
,98.42871,8.60678,0
,98.42872,8.60679,0
,98.42873,8.60684,0
,98.42871,8.60703,0
,98.42865,8.60738,0
,98.42864,8.60741,0
,98.42863,8.60755,0
,98.42858,8.60787,0
,98.42855,8.60799,0
,98.42853,8.60828,0
,98.4285,8.6085,0
,98.42851,8.60863,0
,98.42852,8.60865,0
,98.42855,8.60877,0
,98.42859,8.60887,0
,98.42864,8.60896,0
,98.42876,8.60926,0
,98.42885,8.60983,0
,98.42895,8.61018,0
,98.42899,8.61039,0
,98.42903,8.61051,0
,98.4291,8.61061,0
,98.42914,8.61064,0
,98.42921,8.61066,0
,98.42928,8.61066,0
,98.42933,8.61064,0
,98.42934,8.61064,0
,98.4295,8.61054,0
,98.42973,8.61037,0
,98.42978,8.61032,0
,98.42991,8.61024,0
,98.43004,8.6102,0
,98.43006,8.61019,0
,98.43012,8.6102,0
,98.43038,8.61021,0
,98.43048,8.61022,0
,98.43171,8.61023,0
,98.43175,8.61024,0
,98.43235,8.61026,0
,98.4329,8.61035,0
,98.433,8.6104,0
,98.43315,8.61051,0
,98.43315,8.61052,0
,98.4335,8.61081,0
,98.43357,8.61084,0
,98.43363,8.61088,0
,98.43374,8.61091,0
,98.43381,8.61092,0
,98.4339,8.6109,0
,98.43392,8.6109,0
,98.43413,8.61082,0
,98.43428,8.61077,0
,98.43442,8.61074,0
,98.43444,8.61073,0
,98.43461,8.61068,0
,98.43467,8.61067,0
,98.43475,8.61069,0
,98.43482,8.61072,0
,98.43491,8.61078,0
,98.43518,8.61092,0
,98.43529,8.61099,0
,98.43537,8.61102,0
,98.43556,8.61106,0
,98.43565,8.61109,0
,98.43578,8.61114,0
,98.43579,8.61115,0
,98.43586,8.61119,0
,98.43594,8.61122,0
,98.43609,8.61131,0
,98.43645,8.61143,0
,98.43657,8.61146,0
,98.43661,8.61149,0
,98.43671,8.61154,0
,98.43691,8.61169,0
,98.43702,8.61179,0
,98.43727,8.61189,0
,98.43733,8.61193,0
,98.43739,8.61199,0
,98.43751,8.61214,0
,98.43755,8.61221,0
,98.43759,8.61231,0
,98.4376,8.61247,0
,98.43759,8.61255,0
,98.43756,8.61263,0
,98.43756,8.61268,0
,98.43752,8.61286,0
,98.43747,8.61296,0
,98.43746,8.61299,0
,98.43728,8.61315,0
,98.43723,8.61322,0
,98.43723,8.61333,0
,98.43727,8.61346,0
,98.43735,8.61365,0
,98.43742,8.61379,0
,98.43756,8.61402,0
,98.43758,8.61404,0
,98.43764,8.61413,0
,98.43765,8.61413,0
,98.43769,8.61418,0
,98.43781,8.61425,0
,98.43789,8.61427,0
,98.43799,8.61432,0
,98.43814,8.61437,0
,98.43819,8.61437,0
,98.4382,8.61438,0
,98.43836,8.61437,0
,98.43856,8.61433,0
,98.43874,8.61431,0
,98.43887,8.61428,0
,98.43892,8.61428,0
,98.43906,8.61426,0
,98.43919,8.61426,0
,98.43928,8.61428,0
,98.43948,8.61429,0
,98.43956,8.61426,0
,98.43961,8.61421,0
,98.43962,8.61419,0
,98.43971,8.61409,0
,98.43979,8.61394,0
,98.43984,8.6138,0
,98.44003,8.61341,0
,98.44005,8.61331,0
,98.44008,8.61323,0
,98.44011,8.61303,0
,98.44017,8.61277,0
,98.44021,8.61272,0
,98.4403,8.61263,0
,98.44042,8.61254,0
,98.44054,8.61243,0
,98.44069,8.61233,0
,98.44112,8.6121,0
,98.44157,8.61183,0
,98.44156,8.61128,0
,98.44155,8.61117,0
,98.44155,8.61103,0
,98.44146,8.61058,0
,98.44144,8.6104,0
,98.44141,8.61025,0
,98.4414,8.60997,0
,98.44142,8.60981,0
,98.4416,8.60899,0
,98.44175,8.60859,0
,98.44178,8.60847,0
,98.44179,8.6084,0
,98.44178,8.6083,0
,98.44176,8.60821,0
,98.44157,8.60782,0
,98.44121,8.60642,0
,98.44121,8.60641,0
,98.44106,8.60613,0
,98.44047,8.60556,0
,98.44037,8.60542,0
,98.4403,8.60534,0
,98.44022,8.60522,0
,98.44017,8.60502,0
,98.44015,8.60486,0
,98.44009,8.60463,0
,98.44005,8.60435,0
,98.44,8.60351,0
,98.43995,8.59908,0
,98.44,8.59886,0
,98.44004,8.59874,0
,98.4404,8.59815,0
,98.44072,8.59767,0
,98.44073,8.59766,0
,98.44123,8.59646,0
,98.44126,8.59635,0
,98.44127,8.59619,0
,98.44123,8.59599,0
,98.44093,8.59545,0
,98.44091,8.59533,0
,98.44091,8.59517,0
,98.44094,8.59494,0
,98.44122,8.59406,0
,98.44122,8.59405,0
,98.44137,8.59354,0
,98.44137,8.59352,0
,98.44139,8.5934,0
,98.44139,8.59139,0
,98.44141,8.59103,0
,98.44142,8.59099,0
,98.44142,8.59077,0
,98.44143,8.5907,0
,98.44142,8.59067,0
,98.44139,8.59004,0
,98.44142,8.58977,0
,98.44153,8.58908,0
,98.44155,8.58869,0
,98.4416,8.58836,0
,98.4416,8.58816,0
,98.44158,8.58803,0
,98.44154,8.5879,0
,98.44118,8.58746,0
,98.44113,8.58737,0
,98.4411,8.58724,0
,98.44109,8.58691,0
,98.44106,8.58661,0
,98.44104,8.58652,0
,98.44084,8.58602,0
,98.44083,8.58601,0
,98.44047,8.58521,0
,98.44042,8.58504,0
,98.44041,8.58503,0
,98.44041,8.58501,0
,98.44037,8.58486,0
,98.44035,8.58464,0
,98.44037,8.58412,0
,98.44053,8.58327,0
,98.44053,8.58325,0
,98.44061,8.58286,0
,98.44073,8.58251,0
,98.44084,8.58226,0
,98.44085,8.58222,0
,98.44094,8.58205,0
,98.44201,8.58005,0
,98.44206,8.57987,0
,98.44207,8.57953,0
,98.44206,8.57949,0
,98.44175,8.57434,0
,98.44173,8.57417,0
,98.44162,8.5738,0
,98.44158,8.57373,0
,98.44151,8.57356,0
,98.44146,8.57339,0
,98.44138,8.57318,0
,98.44135,8.57288,0
,98.44135,8.57228,0
,98.44136,8.57216,0
,98.44136,8.57202,0
,98.44134,8.57187,0
,98.44132,8.57179,0
,98.44122,8.5715,0
,98.44105,8.57112,0
,98.44102,8.57103,0
,98.44101,8.57102,0
,98.44062,8.56958,0
,98.44061,8.56957,0
,98.44054,8.56928,0
,98.44046,8.56841,0
,98.44034,8.56773,0
,98.44029,8.56762,0
,98.44021,8.56734,0
,98.44016,8.5671,0
,98.44014,8.5669,0
,98.44014,8.56679,0
,98.44019,8.56651,0
,98.44033,8.56597,0
,98.4404,8.56579,0
,98.44042,8.56569,0
,98.44046,8.56534,0
,98.44047,8.5653,0
,98.44047,8.56505,0
,98.44042,8.56457,0
,98.44042,8.56428,0
,98.44044,8.56416,0
,98.44047,8.56409,0
,98.44055,8.56383,0
,98.44056,8.56371,0
,98.44056,8.56352,0
,98.44047,8.5623,0
,98.44043,8.56208,0
,98.442,8.56165,0
,98.44205,8.56163,0
,98.44267,8.56146,0
,98.44331,8.56131,0
,98.44352,8.5613,0
,98.44363,8.56131,0
,98.44383,8.56136,0
,98.44397,8.56141,0
,98.44414,8.56149,0
,98.44444,8.56168,0
,98.44454,8.56173,0
,98.44668,8.56312,0
,98.44682,8.56319,0
,98.44692,8.56323,0
,98.44709,8.56325,0
,98.44729,8.56323,0
,98.44743,8.56318,0
,98.44753,8.56313,0
,98.4482,8.56272,0
,98.44828,8.56264,0
,98.44832,8.56259,0
,98.44838,8.56248,0
,98.44841,8.56237,0
,98.44841,8.56221,0
,98.4484,8.56211,0
,98.44814,8.56118,0
,98.44804,8.56084,0
,98.44802,8.56072,0
,98.44801,8.56059,0
,98.44802,8.56047,0
,98.44805,8.56029,0
,98.44822,8.56001,0
,98.44855,8.55959,0
,98.4511,8.55675,0
,98.45122,8.55668,0
,98.45125,8.55665,0
,98.45167,8.55639,0
,98.45188,8.55629,0
,98.45217,8.55619,0
,98.45299,8.556,0
,98.45326,8.55597,0
,98.45351,8.55596,0
,98.45437,8.55603,0
,98.45502,8.55606,0
,98.45542,8.5561,0
,98.45588,8.55607,0
,98.45606,8.55603,0
,98.45619,8.55599,0
,98.45652,8.55585,0
,98.45783,8.55536,0
,98.45797,8.55526,0
,98.45802,8.55521,0
,98.45812,8.55507,0
,98.45815,8.55501,0
,98.45818,8.55488,0
,98.45819,8.55467,0
,98.4581,8.55418,0
,98.4581,8.55414,0
,98.45805,8.55396,0
,98.45752,8.55146,0
,98.45752,8.55137,0
,98.45754,8.55132,0
,98.45755,8.55126,0
,98.45757,8.55122,0
,98.45761,8.55118,0
,98.45764,8.55113,0
,98.45775,8.55103,0
,98.46182,8.54875,0
,98.46214,8.5486,0
,98.46266,8.54842,0
,98.46292,8.54839,0
,98.4632,8.54839,0
,98.46533,8.54862,0
,98.46537,8.54863,0
,98.46567,8.54865,0
,98.46612,8.54872,0
,98.46716,8.54882,0
,98.46818,8.54875,0
,98.46876,8.54865,0
,98.46927,8.5486,0
,98.46932,8.54859,0
,98.47021,8.54852,0
,98.47199,8.54833,0
,98.47318,8.54825,0
,98.47343,8.54825,0
,98.47346,8.54826,0
,98.47365,8.54827,0
,98.47402,8.54832,0
,98.47446,8.54844,0
,98.47469,8.54847,0
,98.47522,8.54862,0
,98.47591,8.54885,0
,98.47672,8.54904,0
,98.4769,8.54905,0
,98.47701,8.54904,0
,98.47737,8.54896,0
,98.47751,8.54889,0
,98.47793,8.54864,0
,98.47823,8.5484,0
,98.47864,8.54794,0
,98.47911,8.54737,0
,98.47967,8.54664,0
,98.47992,8.54637,0
,98.48414,8.54127,0
,98.48433,8.54106,0
,98.48481,8.54043,0
,98.48533,8.53985,0
,98.48541,8.53979,0
,98.48563,8.53966,0
,98.48579,8.53959,0
,98.4859,8.53956,0
,98.4861,8.53953,0
,98.48658,8.5395,0
,98.49005,8.53942,0
,98.4948,8.53945,0
,98.4954,8.5394,0
,98.49558,8.53937,0
,98.4957,8.53934,0
,98.49619,8.53914,0
,98.49643,8.53897,0
,98.49876,8.53716,0
,98.49877,8.53716,0
,98.50219,8.5345,0
,98.50265,8.53419,0
,98.50276,8.53413,0
,98.50294,8.53406,0
,98.50655,8.53323,0
,98.50689,8.53317,0
,98.50732,8.53313,0
,98.50964,8.53315,0
,98.5098,8.53316,0
,98.51216,8.53318,0
,98.51246,8.53316,0
,98.51295,8.53316,0
,98.51311,8.53317,0
,98.51334,8.53315,0
,98.51358,8.53311,0
,98.51392,8.533,0
,98.51409,8.53291,0
,98.51427,8.53277,0
,98.51457,8.5324,0
,98.51468,8.5322,0
,98.51504,8.53178,0
,98.51639,8.52995,0
,98.51641,8.52995,0
,98.51684,8.52934,0
,98.51706,8.52905,0
,98.51712,8.52898,0
,98.51774,8.52814,0
,98.51775,8.52812,0
,98.51831,8.52739,0
,98.51841,8.52724,0
,98.51958,8.5257,0
,98.51976,8.52544,0
,98.51955,8.52529,0
,98.51927,8.52504,0
,98.51919,8.52494,0
,98.51906,8.52473,0
,98.51746,8.52154,0
,98.51704,8.52085,0
,98.51451,8.51716,0
,98.5138,8.51619,0
,98.51324,8.51533,0
,98.51305,8.51496,0
,98.51301,8.51486,0
,98.51296,8.51465,0
,98.51293,8.51432,0
,98.51295,8.51404,0
,98.51301,8.51376,0
,98.51321,8.51307,0
,98.51344,8.51207,0
,98.51371,8.51114,0
,98.51387,8.51069,0
,98.51504,8.50643,0
,98.51506,8.50638,0
,98.51523,8.50562,0
,98.51528,8.50512,0
,98.51531,8.50409,0
,98.5153,8.50393,0
,98.51531,8.50381,0
,98.51534,8.50053,0
,98.5153,8.49804,0
,98.51522,8.49658,0
,98.51516,8.49602,0
,98.51511,8.49514,0
,98.51509,8.49422,0
,98.51507,8.49409,0
,98.51506,8.49345,0
,98.51507,8.49324,0
,98.51513,8.49294,0
,98.51517,8.49282,0
,98.51537,8.49242,0
,98.51855,8.4878,0
,98.5186,8.48771,0
,98.51862,8.48769,0
,98.51873,8.48747,0
,98.51886,8.48714,0
,98.51897,8.4867,0
,98.51912,8.48585,0
,98.51921,8.48517,0
,98.51928,8.48483,0
,98.51936,8.48454,0
,98.51944,8.48434,0
,98.51957,8.48411,0
,98.51972,8.4839,0
,98.51975,8.48387,0
,98.52104,8.48215,0
,98.52119,8.48198,0
,98.52145,8.48165,0
,98.52271,8.48018,0
,98.5253,8.47696,0
,98.52555,8.47672,0
,98.52647,8.47597,0
,98.52657,8.4759,0
,98.5271,8.47558,0
,98.52818,8.47477,0
,98.52847,8.47447,0
,98.5288,8.47393,0
,98.529,8.47353,0
,98.52906,8.47343,0
,98.53009,8.47103,0
,98.53043,8.47031,0
,98.5306,8.46999,0
,98.53067,8.46988,0
,98.53069,8.46982,0
,98.53075,8.46971,0
,98.53081,8.46965,0
,98.53083,8.46964,0
,98.53106,8.46945,0
,98.53115,8.46943,0
,98.53121,8.4694,0
,98.53126,8.46934,0
,98.53139,8.46908,0
,98.53144,8.46894,0
,98.53147,8.46877,0
,98.53146,8.46858,0
,98.53143,8.46843,0
,98.53136,8.46821,0
,98.5313,8.46806,0
,98.53122,8.46795,0
,98.53119,8.46792,0
,98.53111,8.46773,0
,98.53102,8.46747,0
,98.531,8.46726,0
,98.53101,8.46721,0
,98.53104,8.46628,0
,98.53162,8.46626,0
,98.53174,8.4663,0
,98.53182,8.46634,0
,98.53209,8.46644,0
,98.53221,8.46647,0
,98.53234,8.46649,0
,98.53246,8.46597,0
,98.53259,8.46553,0
,98.53267,8.46508,0
,98.53314,8.46304,0
,98.53315,8.46302,0
,98.53334,8.46208,0
,98.53337,8.46181,0

,98.53337,8.46177,0
,98.53334,8.46208,0
,98.53315,8.46302,0
,98.53314,8.46304,0
,98.53267,8.46508,0
,98.53259,8.46553,0
,98.53246,8.46597,0
,98.53234,8.46649,0
,98.53209,8.46644,0
,98.53182,8.46634,0
,98.53174,8.4663,0
,98.53162,8.46626,0
,98.53104,8.46628,0
,98.53101,8.46721,0
,98.531,8.46726,0
,98.53102,8.46747,0
,98.53111,8.46773,0
,98.5312,8.46794,0
,98.53122,8.46806,0
,98.53135,8.46843,0
,98.53136,8.46863,0
,98.53134,8.46879,0
,98.53119,8.46922,0
,98.53113,8.46931,0
,98.53113,8.46932,0
,98.53106,8.46945,0
,98.53081,8.46965,0
,98.53075,8.46971,0
,98.53069,8.46982,0
,98.53067,8.46988,0
,98.5306,8.46999,0
,98.53009,8.47103,0
,98.52906,8.47343,0
,98.5288,8.47393,0
,98.52847,8.47447,0
,98.52818,8.47477,0
,98.5271,8.47558,0
,98.52647,8.47597,0
,98.52555,8.47672,0
,98.5253,8.47696,0
,98.52271,8.48018,0
,98.52104,8.48215,0
,98.51975,8.48387,0
,98.51972,8.4839,0
,98.51957,8.48411,0
,98.51944,8.48434,0
,98.51936,8.48454,0
,98.51928,8.48483,0
,98.51921,8.48517,0
,98.51912,8.48585,0
,98.51897,8.4867,0
,98.51886,8.48714,0
,98.51886,8.48715,0
,98.51873,8.48747,0
,98.51862,8.48769,0
,98.5186,8.48771,0
,98.51855,8.4878,0
,98.51537,8.49242,0
,98.51517,8.49282,0
,98.51513,8.49294,0
,98.51507,8.49324,0
,98.51506,8.49345,0
,98.51507,8.49409,0
,98.51509,8.49422,0
,98.51516,8.49602,0
,98.51522,8.49658,0
,98.5153,8.49804,0
,98.51534,8.50053,0
,98.51531,8.50381,0
,98.5153,8.50393,0
,98.51531,8.50409,0
,98.51528,8.50512,0
,98.51523,8.50562,0
,98.51506,8.50638,0
,98.51504,8.50643,0
,98.51387,8.51069,0
,98.51371,8.51114,0
,98.51344,8.51207,0
,98.51321,8.51307,0
,98.51301,8.51376,0
,98.51295,8.51404,0
,98.51293,8.51432,0
,98.51296,8.51465,0
,98.51301,8.51486,0
,98.51305,8.51496,0
,98.51324,8.51533,0
,98.5138,8.51619,0
,98.51451,8.51716,0
,98.51704,8.52085,0
,98.51746,8.52154,0
,98.51906,8.52473,0
,98.51919,8.52494,0
,98.51927,8.52504,0
,98.51955,8.52529,0
,98.51976,8.52544,0
,98.52052,8.5258,0
,98.52083,8.52589,0
,98.52201,8.5261,0
,98.5254,8.5266,0
,98.52769,8.527,0
,98.52772,8.52701,0
,98.52962,8.5273,0
,98.53023,8.52744,0
,98.53078,8.52765,0
,98.53139,8.52794,0
,98.53223,8.52825,0
,98.53317,8.52853,0
,98.53343,8.52863,0
,98.53382,8.52884,0
,98.53395,8.52893,0
,98.53419,8.52915,0
,98.53435,8.52932,0
,98.53454,8.52959,0
,98.53475,8.52995,0
,98.53677,8.53303,0
,98.53687,8.53316,0
,98.53696,8.53325,0
,98.53702,8.53329,0
,98.53705,8.53332,0
,98.53718,8.53339,0
,98.53728,8.53343,0
,98.5375,8.53348,0
,98.53792,8.53354,0
,98.54024,8.5337,0
,98.54038,8.53375,0
,98.54044,8.53378,0
,98.54045,8.53378,0
,98.54056,8.53391,0
,98.54061,8.53401,0
,98.54065,8.5342,0
,98.54064,8.53431,0
,98.54058,8.53446,0
,98.54056,8.53449,0
,98.54047,8.53457,0
,98.5401,8.5348,0
,98.53991,8.53497,0
,98.53985,8.53501,0
,98.53979,8.53508,0
,98.53976,8.53513,0
,98.53973,8.5352,0
,98.53972,8.53533,0
,98.53973,8.53538,0
,98.53975,8.53543,0
,98.53978,8.53547,0
,98.53981,8.53548,0
,98.53984,8.53551,0
,98.53991,8.53553,0
,98.53998,8.53553,0
,98.54015,8.53551,0
,98.54032,8.53553,0
,98.54038,8.53555,0
,98.54051,8.53563,0
,98.54058,8.5357,0
,98.54072,8.53592,0
,98.54091,8.53635,0
,98.54094,8.53649,0
,98.54094,8.53655,0
,98.54095,8.53656,0
,98.54095,8.53668,0
,98.54096,8.53674,0
,98.54098,8.53677,0
,98.54098,8.53678,0
,98.54103,8.53682,0
,98.54108,8.53682,0
,98.54116,8.5368,0
,98.54133,8.53673,0
,98.54141,8.53671,0
,98.54145,8.53672,0
,98.5415,8.53675,0
,98.54153,8.53678,0
,98.54156,8.53685,0
,98.54154,8.53696,0
,98.54154,8.53702,0
,98.54153,8.53704,0
,98.54153,8.53718,0
,98.54154,8.5372,0
,98.54157,8.53727,0
,98.54159,8.53729,0
,98.54162,8.53731,0
,98.54169,8.53733,0
,98.54171,8.53734,0
,98.54178,8.53733,0
,98.54187,8.53731,0
,98.54228,8.53717,0
,98.54239,8.53711,0
,98.54243,8.53706,0
,98.54244,8.53706,0
,98.54246,8.537,0
,98.54246,8.53693,0
,98.54245,8.53688,0
,98.54241,8.53677,0
,98.54237,8.53658,0
,98.54237,8.53649,0
,98.54241,8.5364,0
,98.54247,8.53633,0
,98.54256,8.53623,0
,98.54271,8.53603,0
,98.54278,8.53596,0
,98.5428,8.53596,0
,98.54287,8.53598,0
,98.54298,8.53605,0
,98.5431,8.53612,0
,98.54313,8.53613,0
,98.54316,8.53615,0
,98.54325,8.53617,0
,98.54334,8.53616,0
,98.54337,8.53617,0
,98.54341,8.53615,0
,98.54345,8.53614,0
,98.54352,8.5361,0
,98.54356,8.53604,0
,98.54358,8.53602,0
,98.54359,8.53598,0
,98.54363,8.53589,0
,98.54369,8.53564,0
,98.54372,8.53557,0
,98.54373,8.53557,0
,98.54378,8.53551,0
,98.54382,8.53548,0
,98.54388,8.53545,0
,98.54392,8.53544,0
,98.54422,8.53549,0
,98.54454,8.53562,0
,98.54462,8.53568,0
,98.54465,8.53573,0
,98.54467,8.53574,0
,98.54475,8.5359,0
,98.54478,8.53599,0
,98.54479,8.53606,0
,98.54481,8.53612,0
,98.54483,8.53614,0
,98.54485,8.53617,0
,98.54487,8.53618,0
,98.54488,8.53619,0
,98.54491,8.53619,0
,98.54493,8.5362,0
,98.54503,8.53618,0
,98.54513,8.53612,0
,98.5452,8.53605,0
,98.5452,8.53604,0
,98.5453,8.53592,0
,98.54536,8.53582,0
,98.54543,8.53574,0
,98.54548,8.5357,0
,98.54553,8.53568,0
,98.54563,8.53566,0
,98.54569,8.53566,0
,98.54572,8.53565,0
,98.54574,8.53565,0
,98.54575,8.53564,0
,98.54581,8.53561,0
,98.54586,8.53555,0
,98.54587,8.53549,0
,98.54596,8.53522,0
,98.54598,8.53518,0
,98.54598,8.53517,0
,98.54609,8.53496,0
,98.54616,8.53493,0
,98.54618,8.53493,0
,98.54629,8.53496,0
,98.54638,8.535,0
,98.54646,8.53506,0
,98.54648,8.53507,0
,98.54655,8.53514,0
,98.54657,8.5352,0
,98.54661,8.53544,0
,98.54672,8.53572,0
,98.54674,8.5358,0
,98.54673,8.53609,0
,98.54663,8.5364,0
,98.54663,8.53651,0
,98.54667,8.53661,0
,98.54667,8.53662,0
,98.5467,8.53665,0
,98.5467,8.53666,0
,98.54674,8.5367,0
,98.54676,8.53671,0
,98.54677,8.53672,0
,98.54687,8.53674,0
,98.54691,8.53674,0
,98.54703,8.5367,0
,98.54703,8.53669,0
,98.54711,8.53665,0
,98.54729,8.5365,0
,98.54729,8.53649,0
,98.54736,8.53645,0
,98.54744,8.53642,0
,98.5475,8.53641,0
,98.54763,8.53645,0
,98.54787,8.53661,0
,98.54796,8.53665,0
,98.54827,8.53672,0
,98.54863,8.53686,0
,98.54872,8.53691,0
,98.54877,8.53695,0
,98.54885,8.53699,0
,98.54892,8.53701,0
,98.54898,8.53701,0
,98.54927,8.53693,0
,98.54932,8.53693,0
,98.54937,8.53694,0
,98.54943,8.53697,0
,98.54955,8.53705,0
,98.54959,8.53712,0
,98.54964,8.53718,0
,98.54965,8.53721,0
,98.54971,8.53725,0
,98.54981,8.5373,0
,98.55003,8.53732,0
,98.55023,8.53732,0
,98.55028,8.53733,0
,98.55034,8.53742,0
,98.55039,8.53746,0
,98.55056,8.5375,0
,98.55066,8.5375,0
,98.55072,8.53748,0
,98.55075,8.53745,0
,98.55077,8.53741,0
,98.55078,8.53733,0
,98.55078,8.53714,0
,98.55079,8.5371,0
,98.55081,8.53706,0
,98.55084,8.53702,0
,98.55086,8.53701,0
,98.55089,8.53698,0
,98.55094,8.53696,0
,98.55097,8.53696,0
,98.551,8.53695,0
,98.55138,8.53698,0
,98.55151,8.53702,0
,98.55165,8.53711,0
,98.55184,8.53728,0
,98.55189,8.53731,0
,98.55193,8.53732,0
,98.55196,8.53732,0
,98.55197,8.53731,0
,98.55199,8.5373,0
,98.55202,8.53724,0
,98.55203,8.5372,0
,98.55204,8.53711,0
,98.55203,8.53703,0
,98.55196,8.53675,0
,98.55196,8.53664,0
,98.552,8.53656,0
,98.55202,8.5365,0
,98.55204,8.53647,0
,98.5521,8.53641,0
,98.5522,8.53634,0
,98.55262,8.53608,0
,98.55297,8.53575,0
,98.55298,8.53575,0
,98.55301,8.53572,0
,98.55306,8.5357,0
,98.55323,8.53566,0
,98.55328,8.53563,0
,98.55365,8.5355,0
,98.55383,8.53541,0
,98.55402,8.53534,0
,98.55418,8.53522,0
,98.5543,8.53508,0
,98.55439,8.5349,0
,98.55456,8.53449,0
,98.55456,8.53446,0
,98.55467,8.53407,0
,98.55474,8.53393,0
,98.55494,8.5337,0
,98.55517,8.53361,0
,98.55532,8.5336,0
,98.55542,8.53357,0
,98.55559,8.53349,0
,98.55565,8.53344,0
,98.55566,8.53342,0
,98.5557,8.53338,0
,98.55576,8.53328,0
,98.55592,8.53309,0
,98.55598,8.53299,0
,98.55602,8.53286,0
,98.5561,8.53269,0
,98.55616,8.5326,0
,98.55621,8.53255,0
,98.55632,8.53253,0
,98.55654,8.53252,0
,98.55662,8.53256,0
,98.55673,8.53259,0
,98.5568,8.53259,0
,98.55696,8.53254,0
,98.55701,8.53249,0
,98.55703,8.53243,0
,98.55699,8.53226,0
,98.55699,8.53214,0
,98.55704,8.53208,0
,98.55715,8.53203,0
,98.55721,8.53203,0
,98.55733,8.53205,0
,98.55738,8.53208,0
,98.55738,8.53209,0
,98.55742,8.53212,0
,98.55765,8.53253,0
,98.55774,8.53264,0
,98.55784,8.5329,0
,98.5579,8.53315,0
,98.5579,8.53322,0
,98.55782,8.53337,0
,98.5578,8.53339,0
,98.55775,8.53349,0
,98.55774,8.53354,0
,98.55774,8.53358,0
,98.55781,8.53366,0
,98.55786,8.5337,0
,98.55793,8.53371,0
,98.55812,8.53371,0
,98.55823,8.53377,0
,98.55833,8.53386,0
,98.55843,8.53399,0
,98.55854,8.53418,0
,98.55864,8.53431,0
,98.55874,8.53449,0
,98.55878,8.53467,0
,98.55875,8.53501,0
,98.55882,8.53521,0
,98.55887,8.53527,0
,98.55905,8.53536,0
,98.55946,8.53561,0
,98.55958,8.53565,0
,98.55967,8.53566,0
,98.55958,8.53565,0
,98.55946,8.53561,0
,98.55905,8.53536,0
,98.55887,8.53527,0
,98.55882,8.53521,0
,98.55875,8.53501,0
,98.55878,8.53467,0
,98.55874,8.53449,0
,98.55864,8.53431,0
,98.55854,8.53418,0
,98.55843,8.53399,0
,98.55833,8.53386,0
,98.55823,8.53377,0
,98.55812,8.53371,0
,98.55793,8.53371,0
,98.55786,8.5337,0
,98.55781,8.53366,0
,98.55774,8.53358,0
,98.55774,8.53354,0
,98.55775,8.53349,0
,98.5578,8.53339,0
,98.55782,8.53337,0
,98.55786,8.5333,0
,98.5579,8.53322,0
,98.5579,8.53315,0
,98.55784,8.5329,0
,98.55774,8.53264,0
,98.55765,8.53253,0
,98.55742,8.53212,0
,98.55738,8.53209,0
,98.55738,8.53208,0
,98.55733,8.53205,0
,98.55721,8.53203,0
,98.55715,8.53203,0
,98.55704,8.53208,0
,98.55699,8.53214,0
,98.55699,8.53226,0
,98.55703,8.53243,0
,98.55701,8.53249,0
,98.55696,8.53254,0
,98.5568,8.53259,0
,98.55673,8.53259,0
,98.55662,8.53256,0
,98.55654,8.53252,0
,98.55632,8.53253,0
,98.55623,8.53255,0
,98.55621,8.53255,0
,98.55616,8.5326,0
,98.55611,8.53268,0
,98.5561,8.53269,0
,98.55602,8.53286,0
,98.55598,8.53299,0
,98.55592,8.53309,0
,98.55576,8.53328,0
,98.5557,8.53338,0
,98.55566,8.53342,0
,98.55565,8.53344,0
,98.55559,8.53349,0
,98.55542,8.53357,0
,98.55532,8.5336,0
,98.55517,8.53361,0
,98.55494,8.5337,0
,98.55474,8.53393,0
,98.55467,8.53407,0
,98.55456,8.53446,0
,98.55456,8.53449,0
,98.55439,8.5349,0
,98.5543,8.53508,0
,98.55418,8.53522,0
,98.55402,8.53534,0
,98.55398,8.53536,0
,98.55383,8.53541,0
,98.55365,8.5355,0
,98.55328,8.53563,0
,98.55323,8.53566,0
,98.55306,8.5357,0
,98.55301,8.53572,0
,98.55298,8.53575,0
,98.55297,8.53575,0
,98.55262,8.53608,0
,98.5522,8.53634,0
,98.5521,8.53641,0
,98.55204,8.53647,0
,98.55198,8.53659,0
,98.55196,8.53664,0
,98.55196,8.53675,0
,98.55203,8.53703,0
,98.55204,8.53711,0
,98.55202,8.53723,0
,98.55202,8.53724,0
,98.55199,8.5373,0
,98.55197,8.53731,0
,98.55196,8.53732,0
,98.55189,8.53731,0
,98.55184,8.53728,0
,98.55165,8.53711,0
,98.55151,8.53702,0
,98.55138,8.53698,0
,98.55108,8.53696,0
,98.55104,8.53695,0
,98.551,8.53695,0
,98.55094,8.53696,0
,98.55089,8.53698,0
,98.55084,8.53702,0
,98.55081,8.53706,0
,98.55079,8.5371,0
,98.55078,8.53714,0
,98.55078,8.53733,0
,98.55077,8.53741,0
,98.55075,8.53745,0
,98.55072,8.53748,0
,98.55066,8.5375,0
,98.55056,8.5375,0
,98.55039,8.53746,0
,98.55034,8.53742,0
,98.55028,8.53733,0
,98.55023,8.53732,0
,98.55003,8.53732,0
,98.54981,8.5373,0
,98.54971,8.53725,0
,98.54965,8.53721,0
,98.54964,8.53718,0
,98.54959,8.53712,0
,98.54955,8.53705,0
,98.54943,8.53697,0
,98.54937,8.53694,0
,98.54932,8.53693,0
,98.54927,8.53693,0
,98.54898,8.53701,0
,98.54892,8.53701,0
,98.54885,8.53699,0
,98.54877,8.53695,0
,98.54872,8.53691,0
,98.54863,8.53686,0
,98.54827,8.53672,0
,98.54796,8.53665,0
,98.54787,8.53661,0
,98.54763,8.53645,0
,98.5475,8.53641,0
,98.54744,8.53642,0
,98.54736,8.53645,0
,98.54729,8.53649,0
,98.54729,8.5365,0
,98.54711,8.53665,0
,98.54703,8.53669,0
,98.54703,8.5367,0
,98.54691,8.53674,0
,98.54687,8.53674,0
,98.54677,8.53672,0
,98.54674,8.5367,0
,98.5467,8.53666,0
,98.5467,8.53665,0
,98.54667,8.53662,0
,98.54667,8.53661,0
,98.54663,8.53651,0
,98.54663,8.5364,0
,98.54673,8.53609,0
,98.54674,8.5358,0
,98.54672,8.53572,0
,98.54661,8.53544,0
,98.54657,8.5352,0
,98.54655,8.53514,0
,98.54648,8.53507,0
,98.54646,8.53506,0
,98.54644,8.53504,0
,98.54638,8.535,0
,98.54629,8.53496,0
,98.54618,8.53493,0
,98.54616,8.53493,0
,98.54609,8.53496,0
,98.54598,8.53517,0
,98.54598,8.53518,0
,98.54597,8.53521,0
,98.54596,8.53522,0
,98.54587,8.53549,0
,98.54586,8.53555,0
,98.54581,8.53561,0
,98.54575,8.53564,0
,98.54574,8.53565,0
,98.54569,8.53566,0
,98.54563,8.53566,0
,98.54553,8.53568,0
,98.54548,8.5357,0
,98.54543,8.53574,0
,98.54536,8.53582,0
,98.5453,8.53592,0
,98.5452,8.53604,0
,98.5452,8.53605,0
,98.54513,8.53612,0
,98.54503,8.53618,0
,98.54493,8.5362,0
,98.54491,8.53619,0
,98.54488,8.53619,0
,98.54487,8.53618,0
,98.54485,8.53617,0
,98.54483,8.53614,0
,98.54481,8.53612,0
,98.54479,8.53606,0
,98.54478,8.53599,0
,98.54475,8.5359,0
,98.54467,8.53574,0
,98.54465,8.53573,0
,98.54462,8.53568,0
,98.54454,8.53562,0
,98.54422,8.53549,0
,98.54392,8.53544,0
,98.54388,8.53545,0
,98.54385,8.53547,0
,98.54382,8.53548,0
,98.54378,8.53551,0
,98.54373,8.53557,0
,98.54372,8.53557,0
,98.54369,8.53564,0
,98.54363,8.53589,0
,98.54359,8.53598,0
,98.54358,8.53602,0
,98.54352,8.5361,0
,98.54345,8.53614,0
,98.54341,8.53615,0
,98.54337,8.53617,0
,98.54334,8.53616,0
,98.54325,8.53617,0
,98.54316,8.53615,0
,98.54297,8.53604,0
,98.54287,8.53598,0
,98.5428,8.53596,0
,98.54278,8.53596,0
,98.54271,8.53603,0
,98.54256,8.53623,0
,98.54241,8.5364,0
,98.54237,8.53649,0
,98.54237,8.53658,0
,98.54241,8.53677,0
,98.54245,8.53688,0
,98.54246,8.53693,0
,98.54246,8.537,0
,98.54244,8.53706,0
,98.54243,8.53706,0
,98.54239,8.53711,0
,98.54228,8.53717,0
,98.54187,8.53731,0
,98.54176,8.53733,0
,98.54173,8.53734,0
,98.54169,8.53733,0
,98.54162,8.53731,0
,98.54159,8.53729,0
,98.54157,8.53727,0
,98.54154,8.53719,0
,98.54153,8.53718,0
,98.54153,8.53704,0
,98.54154,8.53702,0
,98.54155,8.53689,0
,98.54156,8.53685,0
,98.54153,8.53678,0
,98.5415,8.53675,0
,98.54145,8.53672,0
,98.54143,8.53672,0
,98.54141,8.53671,0
,98.54133,8.53673,0
,98.54116,8.5368,0
,98.54108,8.53682,0
,98.54103,8.53682,0
,98.54101,8.53681,0
,98.54098,8.53678,0
,98.54096,8.53674,0
,98.54095,8.53668,0
,98.54095,8.53656,0
,98.54094,8.53655,0
,98.54094,8.53649,0
,98.54091,8.53635,0
,98.54072,8.53592,0
,98.54058,8.5357,0
,98.54051,8.53563,0
,98.54038,8.53555,0
,98.54032,8.53553,0
,98.54015,8.53551,0
,98.53998,8.53553,0
,98.53991,8.53553,0
,98.53984,8.53551,0
,98.53981,8.53548,0
,98.53978,8.53547,0
,98.53975,8.53543,0
,98.53973,8.53538,0
,98.53972,8.53533,0
,98.53972,8.53527,0
,98.53973,8.5352,0
,98.53979,8.53508,0
,98.53985,8.53501,0
,98.53991,8.53497,0
,98.5401,8.5348,0
,98.54047,8.53457,0
,98.54056,8.53449,0
,98.54058,8.53446,0
,98.54064,8.53431,0
,98.54065,8.5342,0
,98.54061,8.53401,0
,98.54056,8.53391,0
,98.54045,8.53378,0
,98.54024,8.5337,0
,98.53792,8.53354,0
,98.5375,8.53348,0
,98.53728,8.53343,0
,98.53718,8.53339,0
,98.53705,8.53332,0
,98.53702,8.53329,0
,98.53696,8.53325,0
,98.53687,8.53316,0
,98.53677,8.53303,0
,98.53475,8.52995,0
,98.53454,8.52959,0
,98.53435,8.52932,0
,98.53419,8.52915,0
,98.53395,8.52893,0
,98.53382,8.52884,0
,98.53343,8.52863,0
,98.53317,8.52853,0
,98.53223,8.52825,0
,98.53139,8.52794,0
,98.53078,8.52765,0
,98.53023,8.52744,0
,98.52962,8.5273,0
,98.52772,8.52701,0
,98.52769,8.527,0
,98.5254,8.5266,0
,98.52201,8.5261,0
,98.52083,8.52589,0
,98.52052,8.5258,0
,98.51976,8.52544,0
,98.51955,8.52529,0
,98.51927,8.52504,0
,98.51919,8.52494,0
,98.51906,8.52473,0
,98.51746,8.52154,0
,98.51704,8.52085,0
,98.51451,8.51716,0
,98.5138,8.51619,0
,98.51324,8.51533,0
,98.51305,8.51496,0
,98.51301,8.51486,0
,98.51296,8.51465,0
,98.51293,8.51432,0
,98.51295,8.51404,0
,98.51301,8.51376,0
,98.51321,8.51307,0
,98.51344,8.51207,0
,98.51371,8.51114,0
,98.51387,8.51069,0
,98.51504,8.50643,0
,98.51506,8.50638,0
,98.51523,8.50562,0
,98.51528,8.50512,0
,98.51531,8.50409,0
,98.5153,8.50393,0
,98.51531,8.50381,0
,98.51534,8.50053,0
,98.5153,8.49804,0
,98.51522,8.49658,0
,98.51516,8.49602,0
,98.51509,8.49422,0
,98.51507,8.49409,0
,98.51506,8.49345,0
,98.51507,8.49324,0
,98.51513,8.49294,0
,98.51517,8.49282,0
,98.51537,8.49242,0
,98.51855,8.4878,0
,98.5186,8.48771,0
,98.51862,8.48769,0
,98.51873,8.48747,0
,98.51886,8.48715,0
,98.51886,8.48714,0
,98.51897,8.4867,0
,98.51912,8.48585,0
,98.51921,8.48517,0
,98.51928,8.48483,0
,98.51936,8.48454,0
,98.51944,8.48434,0
,98.51957,8.48411,0
,98.51972,8.4839,0
,98.51975,8.48387,0
,98.52104,8.48215,0
,98.52271,8.48018,0
,98.5253,8.47696,0
,98.52555,8.47672,0
,98.52647,8.47597,0
,98.5271,8.47558,0
,98.52818,8.47477,0
,98.52847,8.47447,0
,98.5288,8.47393,0
,98.52906,8.47343,0
,98.53009,8.47103,0
,98.5306,8.46999,0
,98.53067,8.46988,0
,98.53069,8.46982,0
,98.53075,8.46971,0
,98.53081,8.46965,0
,98.53083,8.46964,0
,98.53106,8.46945,0
,98.53115,8.46943,0
,98.53121,8.4694,0
,98.53123,8.46937,0
,98.53126,8.46934,0
,98.53139,8.46908,0
,98.53144,8.46894,0
,98.53147,8.46877,0
,98.53146,8.46858,0
,98.53143,8.46843,0
,98.5313,8.46806,0
,98.53122,8.46795,0
,98.53119,8.46792,0
,98.53102,8.46747,0
,98.531,8.46726,0
,98.53101,8.46721,0
,98.53112,8.46473,0
,98.53122,8.46344,0
,98.53123,8.4634,0
,98.53123,8.46324,0
,98.53137,8.46113,0
,98.53139,8.46099,0
,98.53143,8.46009,0
,98.53146,8.45995,0
,98.5315,8.45984,0
,98.53154,8.45885,0
,98.53155,8.45882,0
,98.53155,8.45856,0
,98.53156,8.45845,0
,98.53154,8.45792,0
,98.53125,8.45406,0
,98.53118,8.45346,0
,98.53117,8.45342,0
,98.53115,8.45296,0
,98.53105,8.45179,0
,98.53097,8.45118,0
,98.5309,8.45099,0
,98.53086,8.45092,0
,98.5308,8.45086,0
,98.53076,8.45084,0
,98.53063,8.45073,0
,98.5304,8.45059,0
,98.53034,8.45054,0
,98.52832,8.44926,0
,98.52745,8.44875,0
,98.52658,8.44814,0
,98.52644,8.44801,0
,98.52603,8.44773,0
,98.52573,8.44749,0
,98.52535,8.44726,0
,98.52266,8.44515,0
,98.52242,8.44493,0
,98.52201,8.44461,0
,98.52179,8.44441,0
,98.52168,8.44428,0
,98.52139,8.44378,0
,98.52142,8.44373,0
,98.52143,8.44371,0
,98.52143,8.44369,0
,98.52144,8.44367,0
,98.52143,8.44366,0
,98.52143,8.44361,0
,98.52142,8.44359,0
,98.52141,8.44357,0
,98.52138,8.44354,0
,98.52138,8.44353,0
,98.52135,8.4435,0
,98.52132,8.44349,0
,98.52131,8.44348,0
,98.5213,8.44348,0
,98.52128,8.44347,0
,98.52122,8.44347,0
,98.52121,8.44348,0
,98.52119,8.44348,0
,98.51976,8.44128,0
,98.51891,8.43964,0
,98.51828,8.43852,0
,98.51787,8.43769,0
,98.51768,8.43731,0
,98.51752,8.43691,0
,98.51739,8.43664,0
,98.51728,8.43645,0
,98.51713,8.43625,0
,98.51696,8.43609,0
,98.51679,8.43596,0
,98.51659,8.43583,0
,98.51638,8.43573,0
,98.51606,8.43562,0
,98.51483,8.43533,0
,98.51397,8.43509,0
,98.51358,8.43501,0
,98.51223,8.43466,0
,98.51196,8.43457,0
,98.51174,8.43444,0
,98.51162,8.43435,0
,98.51144,8.43415,0
,98.51135,8.43403,0
,98.51131,8.43395,0
,98.51122,8.43382,0
,98.51107,8.4335,0
,98.51062,8.43212,0
,98.51045,8.43148,0
,98.51029,8.43104,0
,98.51007,8.43068,0
,98.50988,8.43045,0
,98.50957,8.43016,0
,98.5092,8.4299,0
,98.50772,8.42918,0
,98.50757,8.42907,0
,98.50739,8.42889,0
,98.50715,8.42855,0
,98.50635,8.42721,0
,98.50627,8.42704,0
,98.50625,8.42701,0
,98.50617,8.42678,0
,98.5061,8.42664,0
,98.50568,8.42558,0
,98.50543,8.42506,0
,98.50525,8.42474,0
,98.50482,8.42407,0
,98.50475,8.42399,0
,98.50461,8.42379,0
,98.50426,8.4234,0
,98.50341,8.4226,0
,98.50298,8.42209,0
,98.5026,8.42171,0
,98.50245,8.42159,0
,98.50228,8.42148,0
,98.50177,8.42127,0
,98.50113,8.42107,0
,98.50079,8.42088,0
,98.4989,8.41968,0
,98.49853,8.41947,0
,98.49834,8.4194,0
,98.49812,8.41935,0
,98.49784,8.41933,0
,98.49759,8.41934,0
,98.49738,8.41938,0
,98.49606,8.41972,0
,98.49583,8.41976,0
,98.49528,8.41979,0
,98.4944,8.41976,0
,98.4941,8.41979,0
,98.49339,8.41996,0
,98.49244,8.42011,0
,98.49237,8.42013,0
,98.49221,8.42015,0
,98.49181,8.42023,0
,98.49083,8.42049,0
,98.48852,8.42121,0
,98.48774,8.42156,0
,98.48655,8.4222,0
,98.48643,8.42227,0
,98.48629,8.42237,0
,98.48583,8.42276,0
,98.48539,8.42317,0
,98.48533,8.42321,0
,98.48493,8.42354,0
,98.48356,8.42437,0
,98.48319,8.42449,0
,98.48284,8.42456,0
,98.48196,8.42464,0
,98.48047,8.42494,0
,98.48043,8.42496,0
,98.48026,8.42501,0
,98.48022,8.42503,0
,98.47984,8.42515,0
,98.4797,8.42521,0
,98.47905,8.42539,0
,98.47865,8.42545,0
,98.47821,8.42547,0
,98.47502,8.42538,0
,98.47457,8.42532,0
,98.47446,8.42529,0
,98.47301,8.42504,0
,98.47272,8.42495,0
,98.47215,8.4247,0
,98.47195,8.42459,0
,98.47151,8.42431,0
,98.47124,8.42416,0
,98.47088,8.42399,0
,98.46876,8.42315,0
,98.46699,8.42223,0
,98.46521,8.42113,0
,98.46468,8.42067,0
,98.46284,8.41889,0
,98.462,8.41803,0
,98.46052,8.41642,0
,98.46017,8.41595,0
,98.45951,8.41478,0
,98.45902,8.41358,0
,98.45807,8.41053,0
,98.45775,8.40974,0
,98.45727,8.40875,0
,98.45727,8.40874,0
,98.45711,8.40845,0
,98.45612,8.40639,0
,98.45562,8.40547,0
,98.45521,8.40463,0
,98.45513,8.40442,0
,98.4547,8.40363,0
,98.45249,8.39993,0
,98.45229,8.39941,0
,98.45184,8.39802,0
,98.45169,8.39765,0
,98.45163,8.39754,0
,98.45163,8.39744,0
,98.45138,8.39685,0
,98.45125,8.39646,0
,98.45109,8.39588,0
,98.451,8.39544,0
,98.45098,8.39457,0
,98.45101,8.39435,0
,98.45101,8.39423,0
,98.45116,8.39349,0
,98.45117,8.39336,0
,98.4514,8.39242,0
,98.45151,8.39208,0
,98.45155,8.39199,0
,98.45158,8.39189,0
,98.45175,8.3915,0
,98.4512,8.39157,0
,98.45092,8.39163,0
,98.4509,8.39163,0
,98.44981,8.39189,0
,98.44933,8.39197,0
,98.44904,8.39198,0
,98.44898,8.39199,0
,98.44873,8.39199,0
,98.44855,8.39197,0
,98.44851,8.39196,0
,98.44832,8.39183,0
,98.448,8.39155,0
,98.4477,8.39132,0
,98.44763,8.39125,0
,98.44677,8.39056,0
,98.44657,8.39047,0
,98.44557,8.39036,0
,98.44517,8.39036,0
,98.44496,8.3904,0
,98.44427,8.39063,0
,98.44323,8.39108,0
,98.4431,8.39116,0
,98.44302,8.39124,0
,98.44295,8.39137,0
,98.44291,8.39156,0
,98.44286,8.3917,0
,98.4428,8.39182,0
,98.44272,8.39194,0
,98.44265,8.39201,0
,98.4426,8.39204,0
,98.4424,8.39208,0
,98.44227,8.39209,0
,98.44148,8.39209,0
,98.44124,8.39211,0
,98.44111,8.39215,0
,98.44065,8.39235,0
,98.44047,8.3924,0
,98.44032,8.3924,0
,98.43988,8.39229,0
,98.43986,8.39228,0
,98.43978,8.39227,0
,98.43877,8.39238,0
,98.43848,8.39244,0
,98.43842,8.39248,0
,98.43831,8.39262,0
,98.43822,8.39278,0
,98.43812,8.39292,0
,98.43807,8.39296,0
,98.43793,8.39299,0
,98.43788,8.39299,0
,98.43783,8.39297,0
,98.43778,8.39294,0
,98.4376,8.39275,0
,98.43749,8.39261,0
,98.43734,8.39246,0
,98.43721,8.39235,0
,98.43709,8.39228,0
,98.43692,8.3922,0
,98.43681,8.39217,0
,98.4367,8.39216,0
,98.43606,8.39221,0
,98.43578,8.39229,0
,98.43534,8.39234,0
,98.43508,8.3924,0
,98.43465,8.39265,0
,98.43453,8.39274,0
,98.43431,8.39301,0
,98.43369,8.39396,0
,98.4336,8.39415,0
,98.43269,8.39555,0
,98.43171,8.39543,0
,98.43159,8.39543,0
,98.43128,8.39547,0
,98.4302,8.39568,0
,98.43006,8.39572,0
,98.42977,8.39586,0
,98.42922,8.39611,0
,98.42909,8.39614,0
,98.42856,8.39618,0
,98.42823,8.39618,0
,98.42748,8.39625,0
,98.42739,8.39625,0
,98.42725,8.39623,0
,98.42718,8.39623,0
,98.42671,8.39606,0
,98.42637,8.39597,0
,98.42628,8.39596,0
,98.42609,8.39596,0
,98.4254,8.39603,0
,98.42523,8.39607,0
,98.42498,8.39615,0
,98.42447,8.3964,0
,98.42441,8.39641,0
,98.4243,8.3964,0
,98.42408,8.39632,0
,98.42395,8.39624,0
,98.42367,8.39602,0
,98.42282,8.39511,0
,98.42092,8.39322,0
,98.42086,8.3931,0
,98.42079,8.39286,0
,98.42073,8.39236,0
,98.42072,8.39232,0
,98.42069,8.39201,0
,98.42064,8.39184,0
,98.42053,8.39164,0
,98.4205,8.39161,0
,98.42043,8.39149,0
,98.42014,8.39108,0
,98.42003,8.39087,0
,98.41998,8.39075,0
,98.42002,8.39067,0
,98.42006,8.39061,0
,98.42024,8.39042,0
,98.42072,8.39004,0
,98.42105,8.38967,0
,98.42126,8.38935,0
,98.4215,8.3889,0
,98.42155,8.38875,0
,98.4216,8.38852,0
,98.42173,8.3875,0
,98.42174,8.38729,0
,98.42173,8.38722,0
,98.42173,8.38715,0
,98.4217,8.38699,0
,98.42162,8.38681,0
,98.42151,8.38663,0
,98.42136,8.38643,0
,98.42128,8.38636,0
,98.42124,8.3863,0
,98.42073,8.38575,0
,98.42069,8.38572,0
,98.42067,8.38569,0
,98.42032,8.3854,0
,98.41989,8.38509,0
,98.41972,8.38499,0
,98.41964,8.38493,0
,98.41923,8.3847,0
,98.41841,8.38419,0
,98.4177,8.38382,0
,98.41769,8.38381,0
,98.41754,8.38375,0
,98.41751,8.38373,0
,98.41719,8.38366,0
,98.41688,8.38356,0
,98.41675,8.38349,0
,98.41671,8.38344,0
,98.41639,8.38289,0
,98.41637,8.38283,0
,98.4162,8.38247,0
,98.41607,8.38228,0
,98.41599,8.38219,0
,98.41598,8.38219,0
,98.41595,8.38216,0
,98.41517,8.38174,0
,98.41502,8.38171,0
,98.41493,8.38171,0
,98.41456,8.38177,0
,98.41439,8.38178,0
,98.41423,8.38176,0
,98.41413,8.38173,0
,98.41403,8.38168,0
,98.41366,8.38143,0
,98.41364,8.38143,0
,98.41352,8.38136,0
,98.41314,8.38134,0
,98.41286,8.38129,0
,98.41267,8.38122,0
,98.41243,8.38106,0
,98.41232,8.38095,0
,98.4117,8.38021,0
,98.41154,8.38014,0
,98.41132,8.38009,0
,98.41122,8.38005,0
,98.4111,8.38002,0
,98.41104,8.37998,0
,98.41089,8.3798,0
,98.41064,8.37943,0
,98.41031,8.37887,0
,98.41021,8.37867,0
,98.41017,8.37841,0
,98.41008,8.3781,0
,98.40984,8.37768,0
,98.40973,8.37743,0
,98.40953,8.37683,0
,98.40943,8.3766,0
,98.40933,8.37644,0
,98.40926,8.37636,0
,98.4091,8.37623,0
,98.40896,8.37614,0
,98.40848,8.37568,0
,98.40812,8.37545,0
,98.40785,8.37525,0
,98.40748,8.37489,0
,98.40753,8.37484,0
,98.4076,8.37479,0
,98.40766,8.37479,0
,98.40767,8.37478,0
,98.40769,8.37478,0
,98.40774,8.37472,0
,98.4078,8.37466,0
,98.40783,8.37465,0
,98.40789,8.37461,0
,98.40796,8.3746,0
,98.40815,8.3746,0
,98.40827,8.37457,0
,98.40838,8.37451,0
,98.4085,8.37431,0
,98.40851,8.37428,0
,98.40855,8.37423,0
,98.40796,8.37396,0
,98.40855,8.37423,0
,98.40853,8.37425,0
,98.40851,8.37428,0
,98.4085,8.37431,0
,98.40838,8.37451,0
,98.40827,8.37457,0
,98.40815,8.3746,0
,98.40796,8.3746,0
,98.40792,8.37461,0
,98.40789,8.37461,0
,98.40783,8.37465,0
,98.4078,8.37466,0
,98.40772,8.37475,0
,98.40769,8.37478,0
,98.40767,8.37478,0
,98.40766,8.37479,0
,98.4076,8.37479,0
,98.40753,8.37484,0
,98.40748,8.37489,0
,98.40785,8.37525,0
,98.40812,8.37545,0
,98.40848,8.37568,0
,98.40896,8.37614,0
,98.4091,8.37623,0
,98.40926,8.37636,0
,98.40928,8.37639,0
,98.40933,8.37644,0
,98.40943,8.3766,0
,98.40953,8.37683,0
,98.40973,8.37743,0
,98.40984,8.37768,0
,98.41008,8.3781,0
,98.41017,8.37841,0
,98.41021,8.37867,0
,98.41008,8.37864,0
,98.40966,8.37858,0
,98.40949,8.37853,0
,98.40937,8.37846,0
,98.40929,8.3784,0
,98.4092,8.37831,0
,98.40918,8.37828,0
,98.40896,8.37805,0
,98.40896,8.37804,0
,98.40878,8.37784,0
,98.4085,8.37765,0
,98.40838,8.3776,0
,98.4083,8.37757,0
,98.40793,8.37749,0
,98.40774,8.37747,0
,98.40765,8.37747,0
,98.40682,8.37758,0
,98.40676,8.37758,0
,98.40662,8.3776,0
,98.4066,8.37759,0
,98.40642,8.37759,0
,98.40624,8.37757,0
,98.40615,8.37755,0
,98.40593,8.37745,0
,98.40571,8.37741,0
,98.40526,8.3774,0
,98.40517,8.37741,0
,98.40501,8.37747,0
,98.40497,8.3775,0
,98.40489,8.37754,0
,98.40456,8.37778,0
,98.40455,8.37778,0
,98.40431,8.37795,0
,98.40412,8.37812,0
,98.40407,8.37823,0
,98.40405,8.37839,0
,98.40408,8.37852,0
,98.40411,8.37876,0
,98.40411,8.37889,0
,98.4041,8.37889,0
,98.4041,8.379,0
,98.40366,8.38074,0
,98.40353,8.38136,0
,98.40352,8.38137,0
,98.40347,8.38149,0
,98.40335,8.3816,0
,98.40322,8.38168,0
,98.40229,8.38208,0
,98.40207,8.38221,0
,98.40197,8.38229,0
,98.40191,8.38236,0
,98.40191,8.38238,0
,98.40188,8.38245,0
,98.40186,8.38252,0
,98.40187,8.38276,0
,98.40198,8.38331,0
,98.40198,8.38343,0
,98.40196,8.38352,0
,98.40191,8.38364,0
,98.40176,8.38385,0
,98.40159,8.38399,0
,98.40126,8.38422,0
,98.40095,8.3844,0
,98.40068,8.38452,0
,98.40013,8.38489,0
,98.39943,8.38565,0
,98.39941,8.38568,0
,98.39939,8.38569,0
,98.39906,8.38606,0
,98.39881,8.38625,0
,98.39844,8.38646,0
,98.39731,8.38697,0
,98.39705,8.38711,0
,98.39686,8.38726,0
,98.39686,8.38727,0
,98.39639,8.38768,0
,98.39628,8.38775,0
,98.39603,8.38783,0
,98.39596,8.38784,0
,98.39534,8.3878,0
,98.39519,8.38776,0
,98.39503,8.38775,0
,98.39487,8.38777,0
,98.39483,8.38779,0
,98.39465,8.38783,0
,98.39432,8.38793,0
,98.39217,8.38879,0
,98.39203,8.38882,0
,98.39186,8.38884,0
,98.39016,8.38881,0
,98.3901,8.38882,0
,98.38987,8.38891,0
,98.3898,8.38896,0
,98.38974,8.38904,0
,98.3897,8.38907,0
,98.38961,8.38919,0
,98.38955,8.38924,0
,98.3895,8.38927,0
,98.38943,8.38929,0
,98.38934,8.38929,0
,98.38887,8.38924,0
,98.38876,8.38925,0
,98.38871,8.38927,0
,98.38866,8.38928,0
,98.38864,8.3893,0
,98.3886,8.38932,0
,98.38838,8.38955,0
,98.38833,8.38959,0
,98.38819,8.38973,0
,98.38783,8.39001,0
,98.38757,8.39016,0
,98.38734,8.39026,0
,98.38729,8.39029,0
,98.38713,8.39036,0
,98.38697,8.39041,0
,98.38687,8.39042,0
,98.38663,8.39038,0
,98.38641,8.39032,0
,98.38621,8.39024,0
,98.3862,8.39024,0
,98.38593,8.3901,0
,98.38567,8.38992,0
,98.38544,8.3897,0
,98.38519,8.38938,0
,98.385,8.38917,0
,98.38499,8.38915,0
,98.38482,8.38899,0
,98.38469,8.38889,0
,98.3845,8.3888,0
,98.38411,8.38872,0
,98.38379,8.38868,0
,98.38256,8.38859,0
,98.38244,8.38861,0
,98.38209,8.38877,0
,98.38159,8.38889,0
,98.38131,8.38893,0
,98.38129,8.38894,0
,98.38106,8.38894,0
,98.38102,8.38893,0
,98.38097,8.38893,0
,98.38093,8.38892,0
,98.38086,8.38892,0
,98.38066,8.38886,0
,98.38066,8.38885,0
,98.38006,8.38861,0
,98.38,8.3886,0
,98.37992,8.38861,0
,98.37984,8.38864,0
,98.37974,8.38871,0
,98.3797,8.38875,0
,98.37967,8.3888,0
,98.37965,8.38886,0
,98.37963,8.38898,0
,98.37964,8.38904,0
,98.37963,8.38914,0
,98.37961,8.38921,0
,98.37958,8.38925,0
,98.37955,8.38932,0
,98.37952,8.38936,0
,98.37951,8.38936,0
,98.37949,8.38938,0
,98.37944,8.3894,0
,98.37929,8.38941,0
,98.37921,8.3894,0
,98.37906,8.3894,0
,98.379,8.38941,0
,98.37895,8.38943,0
,98.37892,8.38945,0
,98.3789,8.38947,0
,98.37886,8.38954,0
,98.37885,8.38954,0
,98.37879,8.38965,0
,98.37872,8.38971,0
,98.37866,8.38974,0
,98.3786,8.38976,0
,98.37847,8.38976,0
,98.37842,8.38974,0
,98.37819,8.38957,0
,98.3781,8.38953,0
,98.37803,8.38953,0
,98.37794,8.38958,0
,98.37776,8.38978,0
,98.37765,8.38986,0
,98.3775,8.38999,0
,98.37746,8.39009,0
,98.37748,8.39028,0
,98.37748,8.39038,0
,98.37746,8.39046,0
,98.37742,8.39053,0
,98.37722,8.39074,0
,98.37717,8.39081,0
,98.37713,8.39096,0
,98.37713,8.39106,0
,98.3771,8.39134,0
,98.37707,8.3914,0
,98.37703,8.39144,0
,98.37697,8.39148,0
,98.37689,8.39148,0
,98.37684,8.39146,0
,98.37672,8.39135,0
,98.37668,8.39128,0
,98.37664,8.39116,0
,98.37663,8.391,0
,98.37666,8.39092,0
,98.37679,8.39072,0
,98.37684,8.39068,0
,98.37689,8.39057,0
,98.3769,8.39047,0
,98.37688,8.3904,0
,98.37677,8.39026,0
,98.37671,8.39022,0
,98.3762,8.39005,0
,98.37602,8.38996,0
,98.3759,8.38983,0
,98.37571,8.38958,0
,98.37557,8.38944,0
,98.37543,8.38935,0
,98.37532,8.38925,0
,98.37527,8.38919,0
,98.37511,8.38868,0
,98.37511,8.38867,0
,98.37507,8.38858,0
,98.37499,8.38833,0
,98.37486,8.38808,0
,98.3747,8.38789,0
,98.37452,8.38773,0
,98.37448,8.38771,0
,98.37446,8.38769,0
,98.37438,8.38764,0
,98.37361,8.38732,0
,98.3735,8.38724,0
,98.37304,8.38671,0
,98.372,8.38564,0
,98.37196,8.38562,0
,98.37173,8.38542,0
,98.37113,8.38471,0
,98.37082,8.38428,0
,98.37062,8.38418,0
,98.37054,8.38417,0
,98.37029,8.3842,0
,98.37015,8.38424,0
,98.37013,8.38424,0
,98.37,8.38429,0
,98.36984,8.38438,0
,98.36952,8.38462,0
,98.36942,8.38467,0
,98.36926,8.38473,0
,98.36881,8.38476,0
,98.36831,8.38473,0
,98.36745,8.38462,0
,98.36736,8.3846,0
,98.36724,8.38459,0
,98.36722,8.3846,0
,98.36712,8.3846,0
,98.36701,8.38462,0
,98.36685,8.38464,0
,98.3664,8.38474,0
,98.36634,8.38476,0
,98.36584,8.38487,0
,98.3657,8.38492,0
,98.36559,8.38494,0
,98.36546,8.38495,0
,98.36535,8.38494,0
,98.36474,8.38478,0
,98.36473,8.38477,0
,98.36441,8.3847,0
,98.36439,8.38469,0
,98.36424,8.38466,0
,98.36406,8.38464,0
,98.36375,8.38463,0
,98.3637,8.38464,0
,98.3636,8.38464,0
,98.36309,8.38474,0
,98.36308,8.38475,0
,98.36291,8.38478,0
,98.36216,8.38497,0
,98.36168,8.38512,0
,98.36069,8.38562,0
,98.36037,8.3857,0
,98.35989,8.38575,0
,98.35958,8.38574,0
,98.35892,8.38583,0
,98.35787,8.38605,0
,98.35766,8.38612,0
,98.35722,8.38632,0
,98.35674,8.38662,0
,98.35656,8.38676,0
,98.35651,8.38679,0
,98.3563,8.38706,0
,98.35596,8.38755,0
,98.35562,8.38794,0
,98.35533,8.38811,0
,98.35447,8.3885,0
,98.35427,8.38863,0
,98.3541,8.38881,0
,98.35397,8.38898,0
,98.35302,8.39084,0
,98.35294,8.39109,0
,98.35284,8.39126,0
,98.35268,8.39147,0
,98.35241,8.39173,0
,98.35225,8.39194,0
,98.35214,8.39212,0
,98.35209,8.39218,0
,98.35197,8.39227,0
,98.35184,8.39234,0
,98.35124,8.39253,0
,98.35099,8.39263,0
,98.35064,8.39284,0
,98.35035,8.39311,0
,98.35008,8.39343,0
,98.34981,8.39387,0
,98.34943,8.39442,0
,98.34932,8.39453,0
,98.34919,8.3946,0
,98.34898,8.39466,0
,98.34868,8.39469,0
,98.34846,8.39473,0
,98.34804,8.39484,0
,98.34735,8.3951,0
,98.34701,8.39527,0
,98.34591,8.39591,0
,98.3454,8.39618,0
,98.34514,8.39638,0
,98.34475,8.39674,0
,98.34357,8.39754,0
,98.34314,8.39797,0
,98.34293,8.39812,0
,98.34273,8.39818,0
,98.34264,8.39818,0
,98.34257,8.39819,0
,98.34246,8.39817,0
,98.3419,8.39801,0
,98.34092,8.39763,0
,98.34091,8.39763,0
,98.33909,8.39681,0
,98.33903,8.39679,0
,98.33893,8.39673,0
,98.33861,8.39655,0
,98.33765,8.39591,0
,98.3374,8.39572,0
,98.33672,8.39498,0
,98.33662,8.39489,0
,98.33638,8.39479,0
,98.33584,8.39466,0
,98.33545,8.39453,0
,98.33481,8.39425,0
,98.3348,8.39424,0
,98.33448,8.39412,0
,98.33347,8.39384,0
,98.33331,8.39375,0
,98.33316,8.39363,0
,98.33284,8.3933,0
,98.33252,8.39293,0
,98.33194,8.39233,0
,98.3317,8.39214,0
,98.33154,8.39204,0
,98.33138,8.39197,0
,98.33121,8.39192,0
,98.32945,8.3916,0
,98.3295,8.39148,0
,98.32959,8.39113,0
,98.32956,8.39066,0
,98.32943,8.39014,0
,98.32925,8.38968,0
,98.32889,8.38924,0
,98.32854,8.38887,0
,98.32821,8.38846,0
,98.32815,8.3884,0
,98.32778,8.38788,0
,98.32746,8.38734,0
,98.32742,8.3873,0
,98.32729,8.38711,0
,98.32712,8.3869,0
,98.32675,8.38653,0
,98.32636,8.38622,0
,98.32622,8.38613,0
,98.32527,8.38516,0
,98.32483,8.3848,0
,98.32469,8.38473,0
,98.32426,8.38457,0
,98.32386,8.38431,0
,98.32377,8.3842,0
,98.32376,8.38414,0
,98.32368,8.38395,0
,98.32358,8.3838,0
,98.32342,8.38367,0
,98.32333,8.38362,0
,98.32265,8.38341,0
,98.32237,8.38329,0
,98.32231,8.38323,0
,98.32223,8.38318,0
,98.32208,8.38304,0
,98.32206,8.38303,0
,98.32188,8.38288,0
,98.32162,8.38261,0
,98.32122,8.38227,0
,98.32112,8.38217,0
,98.32089,8.38186,0
,98.32063,8.38158,0
,98.32029,8.38131,0
,98.32006,8.38116,0
,98.32001,8.38114,0
,98.31909,8.38051,0
,98.3188,8.38029,0
,98.31879,8.38029,0
,98.31872,8.38023,0
,98.31863,8.38013,0
,98.31852,8.37997,0
,98.31816,8.37916,0
,98.31801,8.37894,0
,98.31748,8.37835,0
,98.31747,8.37833,0
,98.31721,8.37802,0
,98.31687,8.37766,0
,98.3166,8.37733,0
,98.31582,8.3766,0
,98.31474,8.37586,0
,98.31404,8.37545,0
,98.31397,8.37538,0
,98.31383,8.37513,0
,98.31372,8.37498,0
,98.31367,8.37494,0
,98.31359,8.37485,0
,98.31345,8.37478,0
,98.31337,8.37477,0
,98.31227,8.37491,0
,98.31206,8.37491,0
,98.31144,8.37487,0
,98.31109,8.37482,0
,98.31059,8.37468,0
,98.30899,8.37409,0
,98.30772,8.37354,0
,98.30697,8.3733,0
,98.3068,8.37328,0
,98.30647,8.37327,0
,98.30603,8.37331,0
,98.3059,8.37331,0
,98.30537,8.37335,0
,98.3052,8.37332,0
,98.30436,8.37296,0
,98.3041,8.37287,0
,98.3039,8.37282,0
,98.30366,8.3728,0
,98.30343,8.37284,0
,98.30245,8.37307,0
,98.3021,8.3731,0
,98.30165,8.37309,0
,98.30131,8.37305,0
,98.3009,8.37295,0
,98.30036,8.37267,0
,98.2992,8.37192,0
,98.29811,8.37127,0
,98.297,8.37067,0
,98.29444,8.36964,0
,98.29415,8.36958,0
,98.29386,8.36963,0
,98.29285,8.37013,0
,98.2917,8.37056,0
,98.2917,8.37057,0
,98.29143,8.37067,0
,98.28865,8.37154,0
,98.28855,8.37156,0
,98.28768,8.37181,0
,98.28733,8.37189,0
,98.28733,8.3719,0
,98.28675,8.37202,0
,98.28654,8.37204,0
,98.28643,8.37204,0
,98.28612,8.37201,0
,98.28538,8.37179,0
,98.28991,8.36124,0
,98.29021,8.36042,0
,98.2903,8.36006,0
,98.29075,8.35584,0
,98.29077,8.35551,0
,98.29076,8.35523,0
,98.29077,8.35499,0
,98.29074,8.35459,0
,98.29065,8.35399,0
,98.29058,8.35319,0
,98.29045,8.35323,0
,98.29064,8.35486,0
,98.29066,8.35519,0
,98.28988,8.35518,0
,98.2898,8.35517,0
,98.28875,8.35514,0
,98.28848,8.3551,0
,98.2883,8.35503,0
,98.28691,8.35411,0
,98.28683,8.35408,0
,98.28671,8.35406,0
,98.28628,8.35409,0
,98.28513,8.35433,0
,98.28485,8.35435,0
,98.28206,8.35401,0
,98.28198,8.35401,0
,98.28192,8.35403,0
,98.28189,8.35405,0
,98.28187,8.35407,0
,98.28184,8.35413,0
,98.28151,8.35597,0
,98.2811,8.35705,0
,98.28106,8.35723,0
,98.28102,8.35777,0
,98.28106,8.3582,0
,98.2818,8.36088,0
,98.2818,8.36109,0
,98.28178,8.36124,0
,98.28174,8.36138,0
,98.28161,8.36159,0
,98.28152,8.36167,0
,98.28146,8.36171,0
,98.28064,8.36196,0
,98.28016,8.36197,0
,98.27956,8.36187,0
,98.2792,8.36177,0
,98.2788,8.36152,0
,98.2787,8.3615,0
,98.27695,8.36174,0
,98.2768,8.36175,0
,98.2767,8.36174,0
,98.27644,8.36163,0
,98.27619,8.36147,0
,98.27615,8.36137,0
,98.27614,8.3613,0
,98.27615,8.36111,0
,98.27619,8.36096,0
,98.2762,8.36061,0
,98.27617,8.36048,0
,98.27614,8.36042,0
,98.27604,8.36038,0
,98.27549,8.36047,0
,98.27535,8.36047,0
,98.2753,8.36043,0
,98.27528,8.36037,0
,98.27526,8.36034,0
,98.27523,8.36024,0
,98.27522,8.36013,0
,98.27524,8.35919,0
,98.27449,8.35913,0
,98.27371,8.35898,0
,98.27351,8.35896,0
,98.2732,8.35896,0
,98.27204,8.35913,0
,98.27172,8.35921,0
,98.2711,8.35923,0
,98.27075,8.35919,0
,98.27059,8.35914,0
,98.26994,8.35875,0
,98.26961,8.35859,0
,98.26919,8.35847,0
,98.26897,8.35846,0
,98.26827,8.35878,0
,98.26804,8.35896,0
,98.26796,8.35904,0
,98.26775,8.35931,0
,98.26752,8.35977,0
,98.26741,8.35992,0
,98.26734,8.35997,0
,98.26729,8.35999,0
,98.26717,8.36002,0
,98.26622,8.36005,0
,98.26614,8.36003,0
,98.26608,8.35998,0
,98.26601,8.35986,0
,98.26598,8.35944,0
,98.26595,8.35923,0
,98.26587,8.35903,0
,98.26578,8.35889,0
,98.26571,8.35883,0
,98.2656,8.35876,0
,98.26503,8.35853,0
,98.26493,8.35848,0
,98.2644,8.35809,0
,98.26428,8.35794,0
,98.26411,8.35767,0
,98.26401,8.35755,0
,98.2638,8.35734,0
,98.2635,8.35709,0
,98.26342,8.357,0
,98.26337,8.35692,0
,98.26329,8.35655,0
,98.26326,8.3563,0
,98.26312,8.35552,0
,98.26313,8.35524,0
,98.2632,8.35488,0
,98.26341,8.35413,0
,98.26346,8.35402,0
,98.26353,8.35386,0
,98.26362,8.35371,0
,98.26363,8.35371,0
,98.26365,8.35367,0
,98.26408,8.35328,0
,98.2642,8.35311,0
,98.26426,8.35296,0
,98.26436,8.35255,0
,98.26459,8.35183,0
,98.26463,8.35163,0
,98.26465,8.3513,0
,98.26464,8.35114,0
,98.2646,8.35091,0
,98.26456,8.35079,0
,98.26456,8.35077,0
,98.26449,8.3506,0
,98.26447,8.35045,0
,98.2645,8.3502,0
,98.26453,8.35005,0
,98.26458,8.34988,0
,98.26463,8.34976,0
,98.26475,8.3496,0
,98.26485,8.34952,0
,98.26527,8.34929,0
,98.26534,8.34923,0
,98.26542,8.34911,0
,98.26552,8.34889,0
,98.26561,8.34863,0
,98.26576,8.34835,0
,98.26656,8.34756,0
,98.26743,8.34641,0
,98.26752,8.34624,0
,98.26759,8.34605,0
,98.26761,8.34582,0
,98.2676,8.34559,0
,98.26753,8.34521,0
,98.26752,8.34508,0
,98.26755,8.34483,0
,98.26779,8.34417,0
,98.26807,8.34383,0
,98.26816,8.34369,0
,98.26823,8.34346,0
,98.26829,8.34312,0
,98.26842,8.34266,0
,98.26842,8.34245,0
,98.26841,8.34235,0
,98.26838,8.34225,0
,98.26821,8.3419,0
,98.26818,8.34176,0
,98.26818,8.34157,0
,98.26856,8.33984,0
,98.26873,8.33872,0
,98.26876,8.33826,0
,98.26875,8.33821,0
,98.26867,8.33806,0
,98.26833,8.3377,0
,98.26827,8.33755,0
,98.26825,8.3374,0
,98.26824,8.33641,0
,98.26829,8.33529,0
,98.26833,8.33514,0
,98.26839,8.33499,0
,98.26846,8.33486,0
,98.26857,8.33476,0
,98.26872,8.33467,0
,98.26893,8.33459,0
,98.27085,8.33418,0
,98.2711,8.3341,0
,98.27114,8.33408,0
,98.27126,8.33397,0
,98.27131,8.33388,0
,98.27143,8.33361,0
,98.27163,8.33306,0
,98.27167,8.33286,0
,98.27168,8.33269,0
,98.27167,8.33259,0
,98.27162,8.33247,0
,98.27153,8.33239,0
,98.27097,8.33204,0
,98.27093,8.33199,0
,98.2709,8.33196,0
,98.27088,8.33191,0
,98.27087,8.33184,0
,98.27087,8.33175,0
,98.27109,8.33098,0
,98.27139,8.33018,0
,98.27142,8.32993,0
,98.27148,8.32971,0
,98.27158,8.32952,0
,98.27163,8.32947,0
,98.27208,8.32913,0
,98.27215,8.32902,0
,98.27218,8.32892,0
,98.27218,8.32888,0
,98.27219,8.32886,0
,98.27218,8.32832,0
,98.2722,8.32805,0
,98.27239,8.32737,0
,98.27241,8.32721,0
,98.27241,8.32706,0
,98.27235,8.32619,0
,98.27236,8.32582,0
,98.27246,8.3253,0
,98.27256,8.32386,0
,98.27256,8.32357,0
,98.27254,8.32341,0
,98.27258,8.3229,0
,98.27274,8.32174,0
,98.27288,8.32097,0
,98.273,8.32006,0
,98.27305,8.31984,0
,98.27321,8.31937,0
,98.27365,8.31843,0
,98.27374,8.31822,0
,98.27394,8.31791,0
,98.27407,8.31774,0
,98.27424,8.3176,0
,98.27442,8.31748,0
,98.27466,8.31737,0
,98.27489,8.3173,0
,98.27495,8.31727,0
,98.27519,8.31709,0
,98.27522,8.31705,0
,98.27531,8.31689,0
,98.27533,8.31682,0
,98.27535,8.31668,0
,98.27535,8.31662,0
,98.27534,8.31655,0
,98.27514,8.31582,0
,98.27513,8.31575,0
,98.27494,8.31507,0
,98.27456,8.31423,0
,98.27588,8.31242,0
,98.27596,8.31218,0
,98.27598,8.31206,0
,98.27593,8.31143,0
,98.27554,8.30943,0
,98.27536,8.30867,0
,98.27526,8.30815,0
,98.27527,8.30806,0
,98.27527,8.30796,0
,98.27531,8.30783,0
,98.27546,8.30711,0
,98.27555,8.30688,0
,98.27566,8.30672,0
,98.27571,8.30667,0
,98.27583,8.30659,0
,98.27605,8.30641,0
,98.27652,8.30592,0
,98.27681,8.30566,0
,98.27688,8.30558,0
,98.27699,8.30539,0
,98.27706,8.305,0
,98.27715,8.30405,0
,98.27714,8.30389,0
,98.27707,8.30373,0
,98.277,8.30364,0
,98.27658,8.30319,0
,98.27639,8.30292,0
,98.2762,8.30233,0
,98.276,8.30156,0
,98.276,8.30154,0
,98.27596,8.30147,0
,98.27592,8.30142,0
,98.27588,8.30138,0
,98.27585,8.30137,0
,98.27574,8.30137,0
,98.27455,8.30165,0
,98.27436,8.30167,0
,98.27402,8.30162,0
,98.27381,8.30155,0
,98.27286,8.3011,0
,98.27269,8.30097,0
,98.27254,8.3008,0
,98.27233,8.30041,0
,98.2723,8.30031,0
,98.2723,8.30021,0
,98.27229,8.30018,0
,98.27227,8.29995,0
,98.27226,8.29937,0
,98.27228,8.29925,0
,98.27234,8.29909,0
,98.27236,8.29891,0
,98.27232,8.2987,0
,98.27217,8.29834,0
,98.27213,8.29829,0
,98.27204,8.29814,0
,98.27168,8.2975,0
,98.2716,8.29735,0
,98.2716,8.29727,0
,98.27162,8.29712,0
,98.27198,8.29542,0
,98.27203,8.29524,0
,98.27258,8.2941,0
,98.27258,8.29409,0
,98.27271,8.29392,0
,98.27298,8.29365,0
,98.27322,8.29347,0
,98.27342,8.29325,0
,98.27349,8.29315,0
,98.27356,8.29302,0
,98.27373,8.29263,0
,98.27379,8.29244,0
,98.27376,8.29141,0
,98.27379,8.29109,0
,98.27389,8.29092,0
,98.27403,8.29063,0
,98.27414,8.29032,0
,98.27421,8.29006,0
,98.27432,8.28945,0
,98.27447,8.28887,0
,98.27447,8.28884,0
,98.27481,8.28764,0
,98.2749,8.2874,0
,98.27496,8.28715,0
,98.27499,8.28695,0
,98.27505,8.28534,0
,98.27509,8.28497,0
,98.27511,8.28488,0
,98.27522,8.2846,0
,98.27526,8.28444,0
,98.27527,8.28425,0
,98.27525,8.284,0
,98.27525,8.28386,0
,98.27544,8.28295,0
,98.27548,8.28262,0
,98.27553,8.28245,0
,98.27559,8.28233,0
,98.27568,8.28222,0
,98.27582,8.282,0
,98.27597,8.28181,0
,98.27605,8.28174,0
,98.2762,8.28165,0
,98.27636,8.2816,0
,98.27653,8.28157,0
,98.2766,8.28158,0
,98.27666,8.2816,0
,98.27674,8.28166,0
,98.27679,8.28172,0
,98.2769,8.28179,0
,98.27699,8.28182,0
,98.27706,8.28183,0
,98.27714,8.28181,0
,98.27718,8.28179,0
,98.27721,8.28176,0
,98.27734,8.28157,0
,98.27746,8.28145,0
,98.27754,8.2814,0
,98.27763,8.28138,0
,98.27815,8.28137,0
,98.2782,8.28135,0
,98.27825,8.2813,0
,98.2783,8.28123,0
,98.27839,8.28078,0
,98.27845,8.28064,0
,98.27853,8.28053,0
,98.27862,8.28044,0
,98.27868,8.2804,0
,98.27892,8.28016,0
,98.27954,8.27942,0
,98.27971,8.27926,0
,98.27976,8.27923,0
,98.27985,8.2792,0
,98.27995,8.27918,0
,98.28012,8.27917,0
,98.28027,8.27914,0
,98.28036,8.27911,0
,98.28048,8.27905,0
,98.28065,8.27891,0
,98.28089,8.27875,0
,98.2813,8.27844,0
,98.28151,8.27831,0
,98.28217,8.27797,0
,98.28228,8.27789,0
,98.28238,8.2778,0
,98.28247,8.27768,0
,98.28251,8.27764,0
,98.2829,8.27707,0
,98.28293,8.27699,0
,98.28297,8.2768,0
,98.28298,8.27664,0
,98.28297,8.27602,0
,98.28253,8.27581,0
,98.27919,8.2744,0
,98.27906,8.27432,0
,98.279,8.2743,0
,98.27939,8.27239,0
,98.27952,8.27161,0
,98.27955,8.27107,0
,98.27958,8.27083,0
,98.27997,8.26867,0
,98.28017,8.26762,0
,98.28018,8.26751,0
,98.28017,8.2672,0
,98.27999,8.26618,0
,98.27999,8.26595,0
,98.28006,8.26534,0
,98.28021,8.26536,0

,98.28021,8.26536,0
,98.28006,8.26534,0
,98.28009,8.26513,0
,98.2801,8.26508,0
,98.28012,8.26455,0
,98.28017,8.26352,0
,98.28019,8.26335,0
,98.28021,8.26313,0
,98.28033,8.26211,0
,98.28036,8.26188,0
,98.28036,8.26181,0
,98.28037,8.26175,0
,98.28038,8.26162,0
,98.28052,8.26147,0
,98.28062,8.26139,0
,98.2807,8.26132,0
,98.28173,8.26126,0
,98.28327,8.2612,0
,98.28337,8.2612,0
,98.28506,8.26112,0
,98.28531,8.26111,0
,98.28542,8.2611,0
,98.28633,8.26103,0
,98.28635,8.26103,0
,98.28651,8.26103,0
,98.28752,8.26098,0
,98.28796,8.26096,0
,98.29014,8.26084,0
,98.29087,8.26079,0
,98.29139,8.2608,0
,98.29141,8.2608,0
,98.29177,8.26078,0
,98.29214,8.26077,0
,98.29268,8.26072,0
,98.29286,8.2607,0
,98.29359,8.26066,0
,98.2936,8.26065,0
,98.29468,8.26062,0
,98.29469,8.26062,0
,98.29595,8.26055,0
,98.29595,8.26054,0
,98.29794,8.26045,0
,98.29795,8.26045,0
,98.29849,8.26041,0
,98.29889,8.26038,0
,98.29904,8.26038,0
,98.29934,8.26037,0
,98.30019,8.26032,0
,98.30032,8.26031,0
,98.30055,8.26031,0
,98.30065,8.26031,0
,98.30063,8.26022,0
,98.3006,8.25985,0
,98.30052,8.25917,0
,98.30034,8.25786,0
,98.30031,8.25762,0
,98.30025,8.25696,0
,98.30023,8.25674,0
,98.30021,8.25666,0
,98.3002,8.25661,0
,98.30016,8.25616,0
,98.30004,8.25526,0
,98.29985,8.25426,0
,98.29971,8.25385,0
,98.29963,8.25355,0
,98.29856,8.24989,0
,98.29824,8.24881,0
,98.29806,8.24814,0
,98.29792,8.24746,0
,98.29785,8.24646,0
,98.29784,8.24638,0
,98.29784,8.24628,0
,98.29784,8.24624,0
,98.29786,8.24616,0
,98.29789,8.24608,0
,98.29793,8.24601,0
,98.29797,8.24595,0
,98.29802,8.24588,0
,98.29808,8.24583,0
,98.29813,8.24578,0
,98.2982,8.24573,0
,98.29822,8.24571,0
,98.29825,8.24564,0
,98.29826,8.24558,0
,98.29814,8.24526,0
,98.29808,8.24514,0
,98.29802,8.24498,0
,98.29798,8.24488,0
,98.29796,8.24481,0
,98.29794,8.24476,0
,98.29793,8.24468,0
,98.29794,8.24464,0
,98.29782,8.24432,0
,98.29776,8.24399,0
,98.29772,8.24374,0
,98.29766,8.24272,0
,98.29764,8.24237,0
,98.29762,8.24216,0
,98.2976,8.24188,0
,98.2976,8.24179,0
,98.29759,8.24171,0
,98.29756,8.24094,0
,98.29754,8.24043,0
,98.29747,8.23934,0
,98.29746,8.23913,0
,98.29743,8.23896,0
,98.29732,8.23851,0
,98.29709,8.23773,0
,98.29706,8.23766,0
,98.29696,8.23732,0
,98.29692,8.23721,0
,98.2969,8.23713,0
,98.29687,8.23703,0
,98.29686,8.23693,0
,98.29684,8.23682,0
,98.29685,8.23658,0
,98.29686,8.23648,0
,98.29698,8.23588,0
,98.29706,8.23555,0
,98.29711,8.23523,0
,98.29714,8.23507,0
,98.29725,8.23457,0
,98.29728,8.23444,0
,98.2974,8.23363,0
,98.29756,8.23265,0
,98.29761,8.2323,0
,98.29766,8.232,0
,98.29773,8.23167,0
,98.29776,8.23156,0
,98.29784,8.23138,0
,98.29796,8.23111,0
,98.29804,8.231,0
,98.2981,8.23091,0
,98.29836,8.2306,0
,98.29844,8.23051,0
,98.29869,8.2302,0
,98.29895,8.22989,0
,98.29937,8.22937,0
,98.29954,8.22916,0
,98.29968,8.22897,0
,98.29984,8.22874,0
,98.2999,8.22861,0
,98.29996,8.22847,0
,98.30005,8.22819,0
,98.30009,8.22794,0
,98.3001,8.22772,0
,98.30009,8.22743,0
,98.30007,8.22732,0
,98.30005,8.22721,0
,98.29997,8.22688,0
,98.29988,8.22646,0
,98.29978,8.22603,0
,98.29967,8.2257,0
,98.29958,8.22549,0
,98.29947,8.22504,0
,98.2994,8.22474,0
,98.29921,8.22406,0
,98.29908,8.22359,0
,98.29906,8.22349,0
,98.29905,8.22342,0
,98.299,8.22327,0
,98.29859,8.22183,0
,98.29851,8.22164,0
,98.29841,8.22127,0
,98.29827,8.22079,0
,98.29819,8.22044,0
,98.29817,8.22036,0
,98.29814,8.22026,0
,98.2981,8.22015,0
,98.29805,8.21996,0
,98.29802,8.21984,0
,98.29785,8.2193,0
,98.29784,8.21927,0
,98.29752,8.21796,0
,98.29745,8.21768,0
,98.29738,8.21742,0
,98.29727,8.21699,0
,98.29711,8.21646,0
,98.29704,8.21619,0
,98.29702,8.21601,0
,98.29699,8.2159,0
,98.29697,8.21581,0
,98.29696,8.2157,0
,98.29694,8.2156,0
,98.2969,8.2152,0
,98.29689,8.21508,0
,98.29689,8.21497,0
,98.29688,8.21486,0
,98.29689,8.21475,0
,98.29689,8.21457,0
,98.29689,8.21455,0
,98.29693,8.21422,0
,98.29694,8.21409,0
,98.29698,8.21387,0
,98.29703,8.21363,0
,98.29708,8.21342,0
,98.29712,8.21327,0
,98.29729,8.21285,0
,98.2974,8.21263,0
,98.29753,8.21243,0
,98.29764,8.21227,0
,98.29797,8.21185,0
,98.29803,8.21178,0
,98.29829,8.21135,0
,98.29839,8.21118,0
,98.29848,8.21101,0
,98.29872,8.21045,0
,98.29904,8.20975,0
,98.29921,8.20933,0
,98.29937,8.20899,0
,98.29954,8.20854,0
,98.29965,8.20821,0
,98.29972,8.20792,0
,98.29973,8.20789,0
,98.29976,8.20765,0
,98.29981,8.20741,0
,98.29984,8.20722,0
,98.29985,8.20703,0
,98.29986,8.2068,0
,98.29985,8.20671,0
,98.2998,8.20627,0
,98.29975,8.20591,0
,98.29973,8.20582,0
,98.29971,8.20573,0
,98.2997,8.20572,0
,98.29968,8.20564,0
,98.29968,8.20563,0
,98.29963,8.20548,0
,98.29953,8.20511,0
,98.2994,8.20471,0
,98.29934,8.20455,0
,98.29922,8.20415,0
,98.29921,8.20414,0
,98.29906,8.20367,0
,98.299,8.20343,0
,98.29879,8.20279,0
,98.29826,8.20128,0
,98.29801,8.20054,0
,98.29788,8.20019,0
,98.29777,8.19987,0
,98.2977,8.1997,0
,98.29752,8.1992,0
,98.29739,8.19891,0
,98.29737,8.19886,0
,98.29691,8.19764,0
,98.29669,8.19702,0
,98.2965,8.19639,0
,98.29617,8.19537,0
,98.2956,8.19371,0
,98.29556,8.19354,0
,98.29553,8.1933,0
,98.29551,8.19307,0
,98.29552,8.19292,0
,98.29553,8.19274,0
,98.29557,8.19255,0
,98.29561,8.19235,0
,98.29617,8.19072,0
,98.29622,8.19059,0
,98.29627,8.19042,0
,98.29638,8.1901,0
,98.29659,8.18951,0
,98.29696,8.1884,0
,98.29699,8.18834,0
,98.29732,8.18737,0
,98.29767,8.18641,0
,98.29808,8.18517,0
,98.29811,8.18508,0
,98.29843,8.18405,0
,98.29845,8.18396,0
,98.29852,8.18382,0
,98.29866,8.18338,0
,98.2987,8.18322,0
,98.29884,8.18296,0
,98.29894,8.18284,0
,98.2995,8.18224,0
,98.29976,8.18198,0
,98.30004,8.18168,0
,98.30006,8.18167,0
,98.30008,8.18163,0
,98.30009,8.18161,0
,98.30009,8.18159,0
,98.3001,8.18157,0
,98.30009,8.18105,0
,98.30008,8.18085,0
,98.30004,8.18071,0
,98.30002,8.18067,0
,98.29991,8.18055,0
,98.29983,8.18048,0
,98.29979,8.18046,0
,98.29958,8.18034,0
,98.29915,8.18006,0
,98.29899,8.17997,0
,98.29884,8.17986,0
,98.29876,8.1798,0
,98.29871,8.17975,0
,98.29865,8.17967,0
,98.29861,8.17959,0
,98.29847,8.17761,0
,98.29845,8.1775,0
,98.29845,8.17701,0
,98.29844,8.17697,0
,98.2984,8.17587,0
,98.29838,8.17536,0
,98.2983,8.17372,0
,98.29829,8.17364,0
,98.29831,8.17347,0
,98.29836,8.17325,0
,98.29843,8.17309,0
,98.29879,8.17234,0
,98.29902,8.17185,0
,98.29993,8.16989,0
,98.3,8.16972,0
,98.30001,8.16972,0
,98.30039,8.16889,0
,98.3005,8.16871,0
,98.30059,8.16858,0
,98.30078,8.16835,0
,98.30111,8.16798,0
,98.30209,8.16697,0
,98.30218,8.16687,0
,98.30226,8.16677,0
,98.3028,8.16621,0
,98.30331,8.16565,0
,98.30342,8.16552,0
,98.30358,8.16529,0
,98.30366,8.16516,0
,98.30369,8.16508,0
,98.30394,8.16456,0
,98.30443,8.16352,0
,98.3045,8.16335,0
,98.30475,8.16281,0
,98.30482,8.16264,0
,98.30485,8.16247,0
,98.30487,8.16234,0
,98.30488,8.16214,0
,98.30488,8.16188,0
,98.30488,8.16186,0
,98.30484,8.16125,0
,98.30477,8.16046,0
,98.30475,8.1602,0
,98.30472,8.15998,0
,98.30471,8.15973,0
,98.30472,8.15965,0
,98.30472,8.15955,0
,98.30476,8.15936,0
,98.30483,8.1592,0
,98.30491,8.15904,0
,98.30519,8.1585,0
,98.30532,8.15827,0
,98.30539,8.15818,0
,98.30546,8.1581,0
,98.30558,8.15799,0
,98.30569,8.15791,0
,98.30603,8.15775,0
,98.30622,8.15766,0
,98.30646,8.1576,0
,98.30664,8.15757,0
,98.30688,8.15757,0
,98.30709,8.15756,0
,98.30732,8.15757,0
,98.30799,8.15766,0
,98.3082,8.1577,0
,98.30883,8.15779,0
,98.31116,8.15816,0
,98.31138,8.15817,0
,98.31152,8.15817,0
,98.31161,8.15816,0
,98.31165,8.15816,0
,98.31177,8.15814,0
,98.31178,8.15814,0
,98.31186,8.15812,0
,98.31245,8.15798,0
,98.31293,8.15785,0
,98.31327,8.15777,0
,98.31353,8.15773,0
,98.3138,8.1577,0
,98.31403,8.15769,0
,98.31451,8.15769,0
,98.31457,8.1577,0
,98.31496,8.15771,0
,98.31507,8.15772,0
,98.31526,8.15772,0
,98.316,8.15773,0
,98.31709,8.15778,0
,98.31723,8.15778,0
,98.31815,8.15783,0
,98.31896,8.1579,0
,98.31921,8.15791,0
,98.31926,8.15791,0
,98.32008,8.15792,0
,98.32041,8.15791,0
,98.32069,8.15787,0
,98.32098,8.1578,0
,98.32103,8.15779,0
,98.32141,8.15765,0
,98.32149,8.15762,0
,98.32165,8.15753,0
,98.32174,8.15749,0
,98.32207,8.15727,0
,98.32239,8.15701,0
,98.32272,8.15675,0
,98.32398,8.15579,0
,98.32406,8.15573,0
,98.32414,8.1557,0
,98.32426,8.15563,0
,98.32437,8.15558,0
,98.32463,8.15551,0
,98.32476,8.15548,0
,98.32495,8.15547,0
,98.32543,8.15549,0
,98.32624,8.1555,0
,98.32931,8.15559,0
,98.32966,8.1556,0
,98.33089,8.15565,0
,98.3313,8.15567,0
,98.33572,8.15578,0
,98.3358,8.15579,0
,98.33635,8.15579,0
,98.33654,8.15578,0
,98.33673,8.15575,0
,98.33685,8.15572,0
,98.33701,8.15567,0
,98.33712,8.15562,0
,98.33745,8.15542,0
,98.33755,8.15535,0
,98.33771,8.15518,0
,98.33786,8.15501,0
,98.33794,8.15488,0
,98.33798,8.15482,0
,98.33803,8.15472,0
,98.33809,8.1546,0
,98.33822,8.15428,0
,98.33828,8.15416,0
,98.33834,8.15399,0
,98.33865,8.15323,0
,98.33872,8.15306,0
,98.33964,8.15093,0
,98.34007,8.14994,0
,98.34025,8.14945,0
,98.34035,8.14918,0
,98.34038,8.14905,0
,98.34048,8.14872,0
,98.34073,8.14787,0
,98.34104,8.14694,0
,98.34136,8.14597,0
,98.34172,8.14494,0
,98.34184,8.14459,0
,98.34202,8.14417,0
,98.34207,8.14401,0
,98.3421,8.14382,0
,98.34212,8.14359,0
,98.34212,8.14345,0
,98.3421,8.14332,0
,98.34206,8.14311,0
,98.34198,8.14287,0
,98.34196,8.14281,0
,98.34167,8.1421,0
,98.34163,8.14195,0
,98.34136,8.1403,0
,98.34135,8.14022,0
,98.34134,8.1401,0
,98.34135,8.13995,0
,98.34136,8.13979,0
,98.34146,8.13923,0
,98.34147,8.13917,0
,98.3415,8.13892,0
,98.34157,8.13808,0
,98.3415,8.13769,0
,98.3413,8.13623,0
,98.34117,8.13538,0
,98.34106,8.13481,0
,98.341,8.13442,0
,98.34085,8.13373,0
,98.34081,8.13347,0
,98.34078,8.13326,0
,98.33996,8.13092,0
,98.3398,8.13044,0
,98.33978,8.1304,0
,98.33974,8.13025,0
,98.33962,8.13001,0
,98.33958,8.12993,0
,98.3395,8.12983,0
,98.33937,8.12972,0
,98.33918,8.12961,0
,98.33855,8.12918,0
,98.33844,8.12909,0
,98.33832,8.12896,0
,98.33819,8.1288,0
,98.33804,8.12859,0
,98.33779,8.12819,0
,98.33767,8.12797,0
,98.33759,8.12779,0
,98.33752,8.12762,0
,98.33744,8.12739,0
,98.33732,8.12704,0
,98.33717,8.12651,0
,98.33696,8.12575,0
,98.33683,8.12534,0
,98.33672,8.12493,0
,98.33657,8.12438,0
,98.33646,8.12383,0
,98.33639,8.12343,0
,98.33637,8.12328,0
,98.3363,8.12285,0
,98.33629,8.12271,0
,98.33627,8.12256,0
,98.33625,8.12193,0
,98.33623,8.12113,0
,98.33621,8.12083,0
,98.3362,8.12052,0
,98.33617,8.11967,0
,98.33614,8.11822,0
,98.33613,8.11792,0
,98.33608,8.11724,0
,98.33603,8.11671,0
,98.33594,8.1162,0
,98.33588,8.1157,0
,98.33581,8.11522,0
,98.33577,8.11491,0
,98.33567,8.11431,0
,98.33565,8.11422,0
,98.33562,8.11395,0
,98.3356,8.11373,0
,98.33551,8.11304,0
,98.33543,8.11232,0
,98.33533,8.11216,0
,98.33532,8.11214,0
,98.33527,8.11211,0
,98.3352,8.11209,0
,98.33505,8.11211,0
,98.33497,8.11212,0
,98.33359,8.11234,0
,98.3335,8.11236,0
,98.33255,8.11251,0
,98.33174,8.11263,0
,98.3317,8.11264,0
,98.33112,8.1127,0
,98.33103,8.11271,0
,98.33084,8.1127,0
,98.33076,8.1127,0
,98.33074,8.11269,0
,98.32857,8.11251,0
,98.32799,8.11246,0
,98.32768,8.11244,0
,98.32741,8.11242,0
,98.32651,8.11234,0
,98.32388,8.11213,0
,98.32349,8.1121,0
,98.32322,8.11207,0
,98.32277,8.11202,0
,98.32096,8.11185,0
,98.32047,8.1118,0
,98.32002,8.11176,0
,98.31838,8.11161,0
,98.31594,8.11137,0
,98.31521,8.1113,0
,98.31394,8.11119,0
,98.31238,8.11104,0
,98.31233,8.11104,0
,98.31217,8.11107,0
,98.31213,8.11107,0
,98.31204,8.11107,0
,98.31021,8.1108,0
,98.3101,8.11077,0
,98.31005,8.11074,0
,98.31,8.11071,0
,98.30962,8.11028,0
,98.30957,8.11022,0
,98.30888,8.10947,0
,98.30872,8.1093,0
,98.30863,8.10919,0
,98.30859,8.10914,0
,98.30852,8.10901,0
,98.30848,8.10894,0
,98.30841,8.10876,0
,98.30839,8.10872,0
,98.30838,8.10858,0
,98.30837,8.10849,0
,98.30832,8.10835,0
,98.30827,8.1082,0
,98.30785,8.10685,0
,98.30781,8.10667,0
,98.30767,8.10578,0
,98.30761,8.1054,0
,98.30746,8.10431,0
,98.3074,8.10387,0
,98.30734,8.1035,0
,98.30724,8.10285,0
,98.3072,8.10255,0
,98.30719,8.10239,0
,98.3072,8.10216,0
,98.30721,8.10202,0
,98.30725,8.1018,0
,98.30727,8.10169,0
,98.30728,8.10156,0
,98.3073,8.10141,0
,98.30731,8.10117,0
,98.3073,8.1011,0
,98.3071,8.10111,0
,98.30702,8.10111,0
,98.30664,8.10107,0
,98.30653,8.10107,0
,98.30642,8.10108,0
,98.3062,8.10111,0
,98.30606,8.10114,0
,98.30588,8.10117,0
,98.30568,8.10123,0
,98.30525,8.10136,0
,98.30519,8.10117,0
,98.30512,8.10095,0
,98.30506,8.10081,0
,98.30502,8.10073,0
,98.30499,8.10069,0
,98.30498,8.10067,0
,98.30488,8.10068,0