2020-09-13T08:36:07+03:00,24.060429,37.712281,0
2020-09-13T08:36:12+03:00,24.060442,37.712279,0
2020-09-13T08:45:04+03:00,24.065838,37.707745,0
2020-09-13T08:48:04+03:00,24.068185,37.702044,0
2020-09-13T08:51:04+03:00,24.071494,37.696831,0
2020-09-13T08:54:04+03:00,24.074616,37.691409,0
2020-09-13T08:57:04+03:00,24.076635,37.685631,0
2020-09-13T09:00:04+03:00,24.079747,37.68066,0
2020-09-13T09:03:04+03:00,24.082893,37.675392,0
2020-09-13T09:06:04+03:00,24.085967,37.669907,0
2020-09-13T09:09:04+03:00,24.087911,37.664224,0
2020-09-13T09:12:04+03:00,24.089985,37.658402,0
2020-09-13T09:15:04+03:00,24.093352,37.653173,0
2020-09-13T09:18:04+03:00,24.095918,37.647162,0
2020-09-13T09:21:04+03:00,24.10122,37.643245,0
2020-09-13T09:24:04+03:00,24.105649,37.639565,0
2020-09-13T09:27:04+03:00,24.109996,37.635161,0
2020-09-13T09:30:04+03:00,24.114635,37.631752,0
2020-09-13T09:33:04+03:00,24.119294,37.627928,0
2020-09-13T09:36:04+03:00,24.124157,37.623747,0
2020-09-13T09:39:04+03:00,24.128756,37.618975,0
2020-09-13T09:42:04+03:00,24.133375,37.614412,0
2020-09-13T09:45:04+03:00,24.137667,37.609742,0
2020-09-13T09:48:04+03:00,24.141553,37.605022,0
2020-09-13T09:51:04+03:00,24.14464,37.599733,0
2020-09-13T09:54:04+03:00,24.147091,37.594634,0
2020-09-13T09:57:04+03:00,24.143792,37.591683,0
2020-09-13T10:00:04+03:00,24.13775,37.591815,0
2020-09-13T10:03:04+03:00,24.131296,37.591907,0
2020-09-13T10:06:04+03:00,24.124055,37.592504,0
2020-09-13T10:09:04+03:00,24.117559,37.593391,0
2020-09-13T10:12:04+03:00,24.111307,37.593284,0
2020-09-13T10:15:04+03:00,24.105431,37.593772,0
2020-09-13T10:18:04+03:00,24.099047,37.593698,0
2020-09-13T10:21:04+03:00,24.093336,37.594845,0
2020-09-13T10:24:04+03:00,24.087315,37.59618,0
2020-09-13T10:27:04+03:00,24.081129,37.597736,0
2020-09-13T10:30:04+03:00,24.074454,37.599282,0
2020-09-13T10:33:04+03:00,24.067795,37.600918,0
2020-09-13T10:36:04+03:00,24.06157,37.602306,0
2020-09-13T10:39:04+03:00,24.055189,37.60246,0
2020-09-13T10:42:04+03:00,24.048814,37.603427,0
2020-09-13T10:45:04+03:00,24.04283,37.605032,0
2020-09-13T10:48:04+03:00,24.03935,37.60725,0
2020-09-13T10:51:04+03:00,24.035426,37.609744,0
2020-09-13T10:57:04+03:00,24.027293,37.615301,0
2020-09-13T11:00:04+03:00,24.024768,37.616946,0
2020-09-13T11:03:04+03:00,24.029387,37.616239,0
2020-09-13T11:06:04+03:00,24.034044,37.615939,0
2020-09-13T11:09:05+03:00,24.038107,37.615563,0
2020-09-13T11:12:05+03:00,24.042521,37.615079,0
2020-09-13T11:15:05+03:00,24.041163,37.616088,0
2020-09-13T11:18:05+03:00,24.036638,37.619085,0
2020-09-13T11:21:05+03:00,24.032261,37.622214,0
2020-09-13T11:24:05+03:00,24.027712,37.625327,0
2020-09-13T11:27:05+03:00,24.022953,37.628547,0
2020-09-13T11:30:05+03:00,24.019015,37.63154,0
2020-09-13T11:33:05+03:00,24.015277,37.634575,0
2020-09-13T11:36:05+03:00,24.011728,37.637133,0
2020-09-13T11:39:05+03:00,24.00802,37.639994,0
2020-09-13T11:42:05+03:00,24.005445,37.641543,0
2020-09-13T11:45:05+03:00,24.00121,37.644501,0
2020-09-13T11:48:05+03:00,24.005859,37.644229,0
2020-09-13T11:51:05+03:00,24.01192,37.643757,0
2020-09-13T11:54:05+03:00,24.017867,37.643678,0
2020-09-13T11:57:05+03:00,24.023133,37.642959,0
2020-09-13T12:00:05+03:00,24.021494,37.644875,0
2020-09-13T12:03:05+03:00,24.019416,37.647557,0
2020-09-13T12:06:05+03:00,24.019315,37.650503,0
2020-09-13T12:09:05+03:00,24.019918,37.651552,0
2020-09-13T12:12:05+03:00,24.020391,37.653393,0
2020-09-13T15:33:42+03:00,24.018483,37.653175,0
2020-09-13T15:36:42+03:00,24.017118,37.651497,0
2020-09-13T15:39:42+03:00,24.011393,37.650883,0
2020-09-13T15:42:42+03:00,24.00642,37.65234,0
2020-09-13T15:45:42+03:00,24.001604,37.652946,0
2020-09-13T15:48:42+03:00,23.995087,37.653556,0
2020-09-13T15:51:42+03:00,23.987792,37.653405,0
2020-09-13T15:54:42+03:00,23.980807,37.653243,0
2020-09-13T15:57:42+03:00,23.975234,37.655445,0
2020-09-13T16:00:42+03:00,23.969712,37.658058,0
2020-09-13T16:03:42+03:00,23.964548,37.659625,0
2020-09-13T16:06:42+03:00,23.960425,37.660372,0
2020-09-13T16:09:42+03:00,23.95507,37.660994,0
2020-09-13T16:12:42+03:00,23.952242,37.661623,0
2020-09-13T16:15:42+03:00,23.947097,37.663118,0
2020-09-13T16:18:42+03:00,23.942491,37.664907,0
2020-09-13T16:21:42+03:00,23.940352,37.665702,0
2020-09-13T16:24:42+03:00,23.938999,37.666386,0
2020-09-13T16:27:42+03:00,23.937097,37.666373,0
2020-09-13T16:30:45+03:00,23.933402,37.667929,0
2020-09-13T16:33:46+03:00,23.92879,37.670852,0
2020-09-13T16:36:46+03:00,23.923688,37.673449,0
2020-09-13T16:39:42+03:00,23.919273,37.675884,0
2020-09-13T16:42:47+03:00,23.914477,37.679517,0
2020-09-13T16:45:47+03:00,23.909128,37.682396,0
2020-09-13T16:48:46+03:00,23.904145,37.685698,0
2020-09-13T16:51:47+03:00,23.899202,37.689875,0
2020-09-13T16:54:46+03:00,23.895761,37.693347,0
2020-09-13T16:57:42+03:00,23.892127,37.69657,0
2020-09-13T17:00:42+03:00,23.888994,37.70014,0
2020-09-13T17:03:42+03:00,23.885941,37.702022,0
2020-09-13T17:06:42+03:00,23.882986,37.704545,0
2020-09-13T17:09:42+03:00,23.879322,37.707745,0
2020-09-13T17:12:42+03:00,23.874612,37.711818,0
2020-09-13T17:15:42+03:00,23.869858,37.715446,0
2020-09-13T17:18:42+03:00,23.865359,37.719743,0
2020-09-13T17:21:42+03:00,23.86117,37.724364,0
2020-09-13T17:24:42+03:00,23.856568,37.728989,0
2020-09-13T17:27:42+03:00,23.852205,37.734015,0
2020-09-13T17:30:42+03:00,23.84771,37.73904,0
2020-09-13T17:33:42+03:00,23.843033,37.743663,0
2020-09-13T17:36:42+03:00,23.839042,37.74881,0
2020-09-13T17:39:42+03:00,23.834441,37.753645,0
2020-09-13T17:42:42+03:00,23.829068,37.757387,0
2020-09-13T17:45:42+03:00,23.8238,37.75994,0
2020-09-13T17:48:42+03:00,23.818588,37.762369,0
2020-09-13T17:51:42+03:00,23.813847,37.766358,0
2020-09-13T17:54:42+03:00,23.808288,37.770663,0
2020-09-13T17:57:42+03:00,23.802043,37.77425,0
2020-09-13T18:00:42+03:00,23.796638,37.778168,0
2020-09-13T18:03:42+03:00,23.791133,37.78168,0
2020-09-13T18:06:42+03:00,23.78595,37.785029,0
2020-09-13T18:09:42+03:00,23.780806,37.788007,0
2020-09-13T18:12:42+03:00,23.775787,37.790897,0
2020-09-13T18:15:42+03:00,23.771044,37.794439,0
2020-09-13T18:18:46+03:00,23.767739,37.798106,0
2020-09-13T18:21:46+03:00,23.769278,37.798973,0
2020-09-13T18:28:46+03:00,23.769804,37.798786,0

2020-09-14T07:20:43Z,23.7679461,37.81170971,0
2020-09-14T07:23:37Z,23.76786448,37.81169634,0
2020-09-14T07:24:34Z,23.76784103,37.81172203,0
2020-09-14T07:27:04Z,23.76795516,37.8117466,0
2020-09-14T07:27:19Z,23.76802553,37.81174395,0
2020-09-14T07:27:34Z,23.76804492,37.81173316,0
2020-09-14T07:28:52Z,23.76804922,37.81170448,0
2020-09-14T07:32:04Z,23.76803509,37.811703,0
2020-09-14T07:32:16Z,23.76801377,37.81174069,0
2020-09-14T07:32:41Z,23.76802526,37.8117992,0
2020-09-14T07:33:05Z,23.76800856,37.81184985,0
2020-09-14T07:34:38Z,23.76807659,37.81188847,0
2020-09-14T07:35:32Z,23.76813734,37.81186322,0
2020-09-14T07:35:50Z,23.76821323,37.81176993,0
2020-09-14T07:36:35Z,23.76811723,37.81171531,0
2020-09-14T07:37:05Z,23.76806292,37.81172047,0
2020-09-14T07:37:17Z,23.76794877,37.81176621,0
2020-09-14T07:37:29Z,23.76785275,37.81184066,0
2020-09-14T07:37:38Z,23.76780336,37.81189406,0
2020-09-14T07:37:44Z,23.76780278,37.81191417,0
2020-09-14T07:38:02Z,23.76777723,37.81191629,0
2020-09-14T07:38:56Z,23.76779035,37.81194535,0
2020-09-14T07:39:05Z,23.76788483,37.81193079,0
2020-09-14T07:39:11Z,23.76793695,37.81184339,0
2020-09-14T07:39:17Z,23.76788111,37.81173347,0
2020-09-14T07:39:23Z,23.76776947,37.81165878,0
2020-09-14T07:39:26Z,23.76775505,37.81162453,0
2020-09-14T07:39:29Z,23.76761578,37.81159692,0
2020-09-14T07:39:32Z,23.76762069,37.81156702,0
2020-09-14T07:39:35Z,23.76748593,37.81153799,0
2020-09-14T07:39:38Z,23.76746515,37.81150767,0
2020-09-14T07:39:41Z,23.76733361,37.81148181,0
2020-09-14T07:39:44Z,23.76730494,37.81145551,0
2020-09-14T07:39:47Z,23.76718992,37.81142676,0
2020-09-14T07:39:50Z,23.76716047,37.81140145,0
2020-09-14T07:39:53Z,23.7670317,37.81135606,0
2020-09-14T07:39:59Z,23.76687389,37.8112807,0
2020-09-14T07:40:02Z,23.76681605,37.81123513,0
2020-09-14T07:40:17Z,23.76646038,37.81103917,0
2020-09-14T07:40:41Z,23.76576564,37.81072765,0
2020-09-14T07:41:14Z,23.76488141,37.81018648,0
2020-09-14T07:41:26Z,23.76453736,37.80999376,0
2020-09-14T07:41:47Z,23.7638868,37.80952288,0
2020-09-14T07:41:56Z,23.76359424,37.80933251,0
2020-09-14T07:42:02Z,23.76338849,37.80923473,0
2020-09-14T07:42:17Z,23.76283303,37.80901144,0
2020-09-14T07:42:26Z,23.76250517,37.80890557,0
2020-09-14T07:42:35Z,23.76216913,37.80875783,0
2020-09-14T07:42:50Z,23.76163608,37.80847557,0
2020-09-14T07:43:05Z,23.76106915,37.8082407,0
2020-09-14T07:43:35Z,23.75996239,37.80771798,0
2020-09-14T07:43:44Z,23.75962696,37.8075813,0
2020-09-14T07:44:05Z,23.7588187,37.807294,0
2020-09-14T07:44:26Z,23.75802848,37.80703791,0
2020-09-14T07:44:53Z,23.7570249,37.80661215,0
2020-09-14T07:45:02Z,23.75671059,37.80643046,0
2020-09-14T07:45:11Z,23.75643391,37.80623655,0
2020-09-14T07:45:20Z,23.75617328,37.80600513,0
2020-09-14T07:45:32Z,23.7558687,37.80568026,0
2020-09-14T07:45:35Z,23.75580853,37.80558792,0
2020-09-14T07:45:41Z,23.75572216,37.80539107,0
2020-09-14T07:45:44Z,23.75565425,37.8053024,0
2020-09-14T07:45:47Z,23.75556432,37.80523826,0
2020-09-14T07:46:17Z,23.75444103,37.80479667,0
2020-09-14T07:46:50Z,23.75330365,37.80424277,0
2020-09-14T07:47:05Z,23.75278299,37.8039535,0
2020-09-14T07:47:14Z,23.7524554,37.80380896,0
2020-09-14T07:47:32Z,23.75176068,37.80361759,0
2020-09-14T07:47:47Z,23.7512508,37.80330602,0
2020-09-14T07:47:53Z,23.75105983,37.80315852,0
2020-09-14T07:47:59Z,23.7509079,37.80301539,0
2020-09-14T07:48:05Z,23.75070299,37.8029429,0
2020-09-14T07:48:08Z,23.75060771,37.80294882,0
2020-09-14T07:48:14Z,23.75047383,37.80301891,0
2020-09-14T07:48:23Z,23.75036262,37.80316395,0
2020-09-14T07:48:29Z,23.75034508,37.80325461,0
2020-09-14T07:48:47Z,23.75023393,37.80352452,0
2020-09-14T07:48:53Z,23.75021008,37.80362454,0
2020-09-14T07:48:59Z,23.75014888,37.80371938,0
2020-09-14T07:49:02Z,23.75009846,37.80375328,0
2020-09-14T07:49:05Z,23.75003564,37.8037697,0
2020-09-14T07:49:11Z,23.74988064,37.80373949,0
2020-09-14T07:49:20Z,23.74965088,37.80363369,0
2020-09-14T07:49:32Z,23.74936985,37.80353718,0
2020-09-14T07:49:47Z,23.74912709,37.80337945,0
2020-09-14T07:50:05Z,23.74885308,37.80323093,0
2020-09-14T07:50:26Z,23.74864484,37.80302521,0
2020-09-14T07:50:47Z,23.74850063,37.80278757,0
2020-09-14T07:50:59Z,23.74837535,37.80262758,0
2020-09-14T07:51:05Z,23.74827599,37.80253511,0
2020-09-14T07:51:38Z,23.74766114,37.80209023,0
2020-09-14T07:51:50Z,23.7473872,37.80192412,0
2020-09-14T07:52:35Z,23.74597294,37.8013586,0
2020-09-14T07:52:41Z,23.74580098,37.80130783,0
2020-09-14T07:52:50Z,23.74552991,37.80119874,0
2020-09-14T07:53:32Z,23.74399648,37.80076018,0
2020-09-14T07:53:41Z,23.74367109,37.80062764,0
2020-09-14T07:53:53Z,23.7432587,37.80042857,0
2020-09-14T07:54:05Z,23.74280817,37.80026938,0
2020-09-14T07:54:20Z,23.74229964,37.80006057,0
2020-09-14T07:54:23Z,23.74221173,37.80000595,0
2020-09-14T07:54:29Z,23.74200109,37.799914,0
2020-09-14T07:54:44Z,23.74148749,37.79972479,0
2020-09-14T07:55:05Z,23.74081728,37.79944112,0
2020-09-14T07:55:18Z,23.74034701,37.79933266,0
2020-09-14T07:55:39Z,23.73957986,37.79902492,0
2020-09-14T07:55:54Z,23.73893838,37.79884974,0
2020-09-14T07:55:57Z,23.73881392,37.79880179,0
2020-09-14T07:56:09Z,23.73833971,37.79856294,0
2020-09-14T07:56:15Z,23.7381341,37.79841265,0
2020-09-14T07:56:27Z,23.73775124,37.79818607,0
2020-09-14T07:56:30Z,23.73764572,37.79814595,0
2020-09-14T07:56:33Z,23.73756574,37.79808466,0
2020-09-14T07:56:36Z,23.7374582,37.7980592,0
2020-09-14T07:56:39Z,23.73736884,37.7980051,0
2020-09-14T07:56:48Z,23.73705177,37.79789665,0
2020-09-14T07:56:54Z,23.73685309,37.79785177,0
2020-09-14T07:57:24Z,23.73596292,37.79749009,0
2020-09-14T07:57:33Z,23.73573504,37.7973545,0
2020-09-14T07:57:42Z,23.73549026,37.79723513,0
2020-09-14T07:57:54Z,23.7351322,37.7970999,0
2020-09-14T07:58:09Z,23.7346708,37.79689756,0
2020-09-14T07:58:24Z,23.73423955,37.79667336,0
2020-09-14T07:58:39Z,23.73380001,37.79650972,0
2020-09-14T07:58:54Z,23.73336517,37.79627785,0
2020-09-14T07:59:06Z,23.73295038,37.79611866,0
2020-09-14T07:59:12Z,23.73276037,37.79602578,0
2020-09-14T07:59:18Z,23.7325777,37.79591298,0
2020-09-14T07:59:27Z,23.73229181,37.79580734,0
2020-09-14T07:59:45Z,23.73175396,37.79551865,0
2020-09-14T08:00:06Z,23.73109226,37.79522918,0
2020-09-14T08:00:27Z,23.73038937,37.79495519,0
2020-09-14T08:00:42Z,23.72992141,37.79472341,0
2020-09-14T08:00:54Z,23.72948369,37.79457394,0
2020-09-14T08:00:57Z,23.72938666,37.79452581,0
2020-09-14T08:01:03Z,23.7292054,37.7943894,0
2020-09-14T08:01:21Z,23.72867242,37.79412482,0
2020-09-14T08:01:39Z,23.72818071,37.79384851,0
2020-09-14T08:01:48Z,23.72792223,37.79374194,0
2020-09-14T08:01:54Z,23.72774468,37.79368825,0
2020-09-14T08:02:12Z,23.72722282,37.79345531,0
2020-09-14T08:02:36Z,23.72669084,37.79306304,0
2020-09-14T08:02:42Z,23.72654109,37.79299125,0
2020-09-14T08:02:51Z,23.72630876,37.79291846,0
2020-09-14T08:03:03Z,23.72599473,37.79275095,0
2020-09-14T08:03:06Z,23.72592422,37.79270299,0
2020-09-14T08:03:18Z,23.72571172,37.79247627,0
2020-09-14T08:03:24Z,23.72557428,37.79238197,0
2020-09-14T08:03:48Z,23.7248862,37.79208313,0
2020-09-14T08:04:06Z,23.72437553,37.79177878,0
2020-09-14T08:04:27Z,23.72382621,37.79135515,0
2020-09-14T08:04:30Z,23.72374168,37.7913191,0
2020-09-14T08:04:39Z,23.72350778,37.79116292,0
2020-09-14T08:04:45Z,23.72334274,37.79108193,0
2020-09-14T08:04:54Z,23.72305637,37.79098717,0
2020-09-14T08:05:03Z,23.72278116,37.79085321,0
2020-09-14T08:05:12Z,23.72254031,37.79070885,0
2020-09-14T08:05:21Z,23.72228247,37.79052428,0
2020-09-14T08:05:45Z,23.72156949,37.790142,0
2020-09-14T08:06:03Z,23.72111578,37.78983979,0
2020-09-14T08:06:21Z,23.72055229,37.78958315,0
2020-09-14T08:06:36Z,23.72014565,37.78934049,0
2020-09-14T08:06:39Z,23.72006546,37.78930861,0
2020-09-14T08:06:51Z,23.71977923,37.78910675,0
2020-09-14T08:06:57Z,23.71961493,37.78901489,0
2020-09-14T08:07:09Z,23.71928359,37.7888524,0
2020-09-14T08:07:24Z,23.71885149,37.7887066,0
2020-09-14T08:07:57Z,23.71792398,37.7882298,0
2020-09-14T08:08:09Z,23.71757244,37.78809818,0
2020-09-14T08:08:12Z,23.71748635,37.78803843,0
2020-09-14T08:08:15Z,23.71739245,37.78800473,0
2020-09-14T08:08:21Z,23.71719771,37.78790003,0
2020-09-14T08:08:36Z,23.71670733,37.7876934,0
2020-09-14T08:09:09Z,23.71569702,37.78714637,0
2020-09-14T08:09:24Z,23.71524007,37.78697832,0
2020-09-14T08:09:39Z,23.71477857,37.78676929,0
2020-09-14T08:09:45Z,23.71459657,37.7867087,0
2020-09-14T08:09:57Z,23.71424689,37.78649728,0
2020-09-14T08:10:33Z,23.71306413,37.78596348,0
2020-09-14T08:10:42Z,23.7128127,37.78579189,0
2020-09-14T08:10:51Z,23.71252894,37.78563208,0
2020-09-14T08:11:12Z,23.71178587,37.78536517,0
2020-09-14T08:11:24Z,23.71136586,37.78517839,0
2020-09-14T08:11:46Z,23.71068658,37.78478158,0
2020-09-14T08:12:04Z,23.71022842,37.7844114,0
2020-09-14T08:12:13Z,23.70998764,37.78425915,0
2020-09-14T08:12:31Z,23.70943933,37.78400122,0
2020-09-14T08:12:43Z,23.70906207,37.78384811,0
2020-09-14T08:12:52Z,23.70876954,37.78375702,0
2020-09-14T08:13:04Z,23.70838878,37.78359133,0
2020-09-14T08:13:16Z,23.70808399,37.78338196,0
2020-09-14T08:13:28Z,23.70773363,37.7831692,0
2020-09-14T08:13:40Z,23.70736373,37.78297966,0
2020-09-14T08:13:58Z,23.70687829,37.78264255,0
2020-09-14T08:14:16Z,23.7063505,37.78237803,0
2020-09-14T08:14:31Z,23.7058663,37.78218173,0
2020-09-14T08:14:52Z,23.7052627,37.78180299,0
2020-09-14T08:15:01Z,23.70498822,37.78166208,0
2020-09-14T08:15:10Z,23.70471521,37.78155724,0
2020-09-14T08:15:22Z,23.70437347,37.78139004,0
2020-09-14T08:15:58Z,23.70313618,37.78093479,0
2020-09-14T08:16:28Z,23.70218349,37.78045616,0
2020-09-14T08:16:43Z,23.70165296,37.78026762,0
2020-09-14T08:17:01Z,23.70106048,37.7800807,0
2020-09-14T08:17:16Z,23.70054021,37.77994946,0
2020-09-14T08:17:28Z,23.70013797,37.77981429,0
2020-09-14T08:17:58Z,23.69918354,37.77944291,0
2020-09-14T08:18:07Z,23.69891442,37.77930333,0
2020-09-14T08:18:13Z,23.69869625,37.7792204,0
2020-09-14T08:18:22Z,23.69839058,37.77912966,0
2020-09-14T08:18:37Z,23.69783321,37.77891119,0
2020-09-14T08:18:55Z,23.69725378,37.77864877,0
2020-09-14T08:19:16Z,23.69657914,37.77838207,0
2020-09-14T08:19:22Z,23.69636736,37.77831344,0
2020-09-14T08:19:40Z,23.69578929,37.77804951,0
2020-09-14T08:20:01Z,23.6950672,37.77779585,0
2020-09-14T08:20:22Z,23.69437143,37.77752266,0
2020-09-14T08:20:31Z,23.69407826,37.77737663,0
2020-09-14T08:20:46Z,23.69360502,37.77717627,0
2020-09-14T08:20:58Z,23.69317769,37.77705529,0
2020-09-14T08:21:10Z,23.69276991,37.7769121,0
2020-09-14T08:21:19Z,23.69250438,37.77678471,0
2020-09-14T08:21:28Z,23.69224655,37.77662546,0
2020-09-14T08:21:40Z,23.69191753,37.77645179,0
2020-09-14T08:21:58Z,23.69140605,37.7762394,0
2020-09-14T08:22:07Z,23.69113344,37.77615681,0
2020-09-14T08:22:13Z,23.69096126,37.77607682,0
2020-09-14T08:22:19Z,23.69079929,37.77602816,0
2020-09-14T08:22:31Z,23.69043308,37.77588006,0
2020-09-14T08:22:52Z,23.68986728,37.77560371,0
2020-09-14T08:23:10Z,23.68933592,37.7753935,0
2020-09-14T08:23:28Z,23.68878166,37.77512921,0
2020-09-14T08:23:46Z,23.68818854,37.7748983,0
2020-09-14T08:23:55Z,23.68792339,37.77476415,0
2020-09-14T08:24:28Z,23.68687671,37.77431781,0
2020-09-14T08:24:43Z,23.68637643,37.77413013,0
2020-09-14T08:24:52Z,23.68610344,37.77396732,0
2020-09-14T08:25:07Z,23.68560654,37.77377829,0
2020-09-14T08:25:16Z,23.68532685,37.77364703,0
2020-09-14T08:25:25Z,23.68506603,37.77349086,0
2020-09-14T08:25:37Z,23.68475788,37.77327274,0
2020-09-14T08:25:46Z,23.68447105,37.77317387,0
2020-09-14T08:26:01Z,23.68391016,37.77307333,0
2020-09-14T08:26:10Z,23.68355139,37.77295667,0
2020-09-14T08:26:13Z,23.68343754,37.77290517,0
2020-09-14T08:26:31Z,23.68284053,37.77254249,0
2020-09-14T08:26:37Z,23.68263513,37.77246879,0
2020-09-14T08:27:01Z,23.68180554,37.77211098,0
2020-09-14T08:27:16Z,23.68138808,37.77187394,0
2020-09-14T08:27:37Z,23.68077597,37.77159075,0
2020-09-14T08:27:58Z,23.68016084,37.77135088,0
2020-09-14T08:28:25Z,23.6793757,37.77101983,0
2020-09-14T08:28:46Z,23.67889792,37.77071061,0
2020-09-14T08:29:04Z,23.67836564,37.77047492,0
2020-09-14T08:29:28Z,23.67776441,37.7701132,0
2020-09-14T08:30:13Z,23.67653004,37.76951573,0
2020-09-14T08:30:25Z,23.6761847,37.76932524,0
2020-09-14T08:30:37Z,23.67584754,37.76918048,0
2020-09-14T08:30:46Z,23.67562028,37.76905655,0
2020-09-14T08:30:52Z,23.67548478,37.76898038,0
2020-09-14T08:31:04Z,23.6752213,37.76876767,0
2020-09-14T08:31:19Z,23.67488182,37.7685631,0
2020-09-14T08:31:40Z,23.67436133,37.76834587,0
2020-09-14T08:31:49Z,23.67412271,37.76821268,0
2020-09-14T08:32:16Z,23.67338401,37.76790111,0
2020-09-14T08:32:40Z,23.67277932,37.76756203,0
2020-09-14T08:33:16Z,23.6718706,37.76713136,0
2020-09-14T08:34:10Z,23.67065118,37.76638259,0
2020-09-14T08:34:46Z,23.66985214,37.76597369,0
2020-09-14T08:35:01Z,23.66946505,37.76581946,0
2020-09-14T08:35:28Z,23.66885078,37.76549347,0
2020-09-14T08:35:43Z,23.66850731,37.76528947,0
2020-09-14T08:36:16Z,23.6677095,37.76493653,0
2020-09-14T08:36:37Z,23.66726289,37.76471071,0
2020-09-14T08:36:43Z,23.66714347,37.76462357,0
2020-09-14T08:36:52Z,23.66693646,37.76451434,0
2020-09-14T08:36:58Z,23.66682982,37.76443105,0
2020-09-14T08:37:10Z,23.66655725,37.76427,0
2020-09-14T08:37:43Z,23.66582968,37.76393522,0
2020-09-14T08:37:49Z,23.66569044,37.76390334,0
2020-09-14T08:37:55Z,23.66554364,37.76384049,0
2020-09-14T08:37:58Z,23.66548958,37.76379765,0
2020-09-14T08:38:37Z,23.66463801,37.76337745,0
2020-09-14T08:38:58Z,23.66419901,37.7631248,0
2020-09-14T08:39:13Z,23.66387905,37.76296896,0
2020-09-14T08:39:25Z,23.66359134,37.76279694,0
2020-09-14T08:39:49Z,23.66306053,37.76256344,0
2020-09-14T08:40:04Z,23.66272988,37.76238991,0
2020-09-14T08:40:19Z,23.66239439,37.76225943,0
2020-09-14T08:40:46Z,23.66176486,37.76193525,0
2020-09-14T08:41:22Z,23.66088024,37.76155208,0
2020-09-14T08:41:43Z,23.66040365,37.7612597,0
2020-09-14T08:41:58Z,23.65997413,37.76109218,0
2020-09-14T08:42:10Z,23.65962397,37.76098084,0
2020-09-14T08:42:25Z,23.65925823,37.76082369,0
2020-09-14T08:42:46Z,23.65879352,37.76053962,0
2020-09-14T08:43:13Z,23.65818848,37.76021096,0
2020-09-14T08:43:58Z,23.656994,37.75973242,0
2020-09-14T08:44:22Z,23.6564004,37.75944726,0
2020-09-14T08:44:31Z,23.65618958,37.75931361,0
2020-09-14T08:44:52Z,23.65567717,37.75906331,0
2020-09-14T08:45:19Z,23.6549323,37.75879967,0
2020-09-14T08:45:34Z,23.65455876,37.75860515,0
2020-09-14T08:45:58Z,23.65406294,37.75828144,0
2020-09-14T08:46:22Z,23.65344101,37.75805804,0
2020-09-14T08:46:37Z,23.65298032,37.7579174,0
2020-09-14T08:46:46Z,23.65273345,37.75781558,0
2020-09-14T08:46:55Z,23.65247597,37.75773233,0
2020-09-14T08:47:13Z,23.65196431,37.75752075,0
2020-09-14T08:47:34Z,23.65128735,37.75729595,0
2020-09-14T08:47:43Z,23.65098961,37.75717233,0
2020-09-14T08:48:04Z,23.65035151,37.75686981,0
2020-09-14T08:48:22Z,23.64978175,37.75664374,0
2020-09-14T08:48:34Z,23.64939309,37.75652271,0
2020-09-14T08:48:46Z,23.6489739,37.75642654,0
2020-09-14T08:49:07Z,23.64824129,37.75610217,0
2020-09-14T08:49:25Z,23.64765834,37.75582423,0
2020-09-14T08:49:46Z,23.64692731,37.75553996,0
2020-09-14T08:50:04Z,23.64634756,37.75524426,0
2020-09-14T08:50:16Z,23.64592823,37.75509368,0
2020-09-14T08:50:22Z,23.64573593,37.754994,0
2020-09-14T08:50:28Z,23.64556453,37.75487239,0
2020-09-14T08:50:31Z,23.64546654,37.75482335,0
2020-09-14T08:50:37Z,23.6452785,37.75477108,0
2020-09-14T08:50:46Z,23.64497079,37.75474556,0
2020-09-14T08:50:52Z,23.64479466,37.7547416,0
2020-09-14T08:51:04Z,23.6444841,37.75476271,0
2020-09-14T08:51:10Z,23.64432472,37.75474872,0
2020-09-14T08:51:16Z,23.64412923,37.75467723,0
2020-09-14T08:51:25Z,23.64385068,37.75452687,0
2020-09-14T08:51:28Z,23.6437342,37.75450064,0
2020-09-14T08:51:34Z,23.64353568,37.75450138,0
2020-09-14T08:51:43Z,23.64334408,37.75455228,0
2020-09-14T08:51:52Z,23.64309827,37.75454814,0
2020-09-14T08:51:58Z,23.64289895,37.75451392,0
2020-09-14T08:52:01Z,23.6427845,37.75448202,0
2020-09-14T08:52:16Z,23.64228706,37.75422913,0
2020-09-14T08:52:19Z,23.64217623,37.75419246,0
2020-09-14T08:52:25Z,23.64193928,37.7541292,0
2020-09-14T08:52:40Z,23.64133302,37.75403692,0
2020-09-14T08:52:46Z,23.64110858,37.753976,0
2020-09-14T08:52:52Z,23.64088803,37.75388489,0
2020-09-14T08:53:01Z,23.64056902,37.75371446,0
2020-09-14T08:53:10Z,23.64024319,37.75349415,0
2020-09-14T08:53:16Z,23.64003051,37.75338008,0
2020-09-14T08:53:22Z,23.63982508,37.75329066,0
2020-09-14T08:53:34Z,23.63935056,37.75312532,0
2020-09-14T08:53:40Z,23.63913592,37.75302529,0
2020-09-14T08:53:55Z,23.63867036,37.752699,0
2020-09-14T08:54:04Z,23.63836652,37.75257413,0
2020-09-14T08:54:16Z,23.6379309,37.75232083,0
2020-09-14T08:54:19Z,23.63783836,37.75225157,0
2020-09-14T08:54:28Z,23.63760188,37.75199596,0
2020-09-14T08:54:34Z,23.63741132,37.75188161,0
2020-09-14T08:54:43Z,23.6370844,37.75175484,0
2020-09-14T08:54:52Z,23.63669064,37.75166861,0
2020-09-14T08:54:55Z,23.63656893,37.75161919,0
2020-09-14T08:55:01Z,23.63635828,37.75146054,0
2020-09-14T08:55:13Z,23.63595336,37.75120096,0
2020-09-14T08:55:25Z,23.63564527,37.75094007,0
2020-09-14T08:55:37Z,23.635232,37.75068071,0
2020-09-14T08:55:49Z,23.6347992,37.75048849,0
2020-09-14T08:56:04Z,23.6342199,37.75026471,0
2020-09-14T08:56:22Z,23.63349117,37.75001055,0
2020-09-14T08:56:28Z,23.63325757,37.74989148,0
2020-09-14T08:56:37Z,23.63295055,37.74965987,0
2020-09-14T08:56:49Z,23.63250988,37.74940773,0
2020-09-14T08:56:55Z,23.63230683,37.74925569,0
2020-09-14T08:57:04Z,23.63208969,37.74901818,0
2020-09-14T08:57:13Z,23.63194508,37.7487683,0
2020-09-14T08:57:19Z,23.63179559,37.7486415,0
2020-09-14T08:57:28Z,23.63152865,37.74846748,0
2020-09-14T08:57:37Z,23.63120619,37.74831153,0
2020-09-14T08:57:49Z,23.63078052,37.74803974,0
2020-09-14T08:57:55Z,23.63061967,37.74790922,0
2020-09-14T08:57:58Z,23.63054896,37.74788747,0
2020-09-14T08:58:01Z,23.63046295,37.7478308,0
2020-09-14T08:58:10Z,23.63026816,37.7475985,0
2020-09-14T08:58:16Z,23.63009128,37.7474464,0
2020-09-14T08:58:34Z,23.62952586,37.74709387,0
2020-09-14T08:58:40Z,23.62935784,37.746932,0
2020-09-14T08:58:49Z,23.62901814,37.74678204,0
2020-09-14T08:59:01Z,23.62863007,37.74654972,0
2020-09-14T08:59:04Z,23.62859574,37.74646765,0
2020-09-14T08:59:07Z,23.62850135,37.74640174,0
2020-09-14T08:59:10Z,23.62847053,37.74633483,0
2020-09-14T08:59:13Z,23.62833557,37.74625855,0
2020-09-14T08:59:22Z,23.62812156,37.74608806,0
2020-09-14T08:59:31Z,23.6277859,37.74591164,0
2020-09-14T08:59:43Z,23.62734742,37.74562357,0
2020-09-14T08:59:58Z,23.62687061,37.74525443,0
2020-09-14T09:00:01Z,23.62681788,37.74517687,0
2020-09-14T09:00:07Z,23.62664857,37.74510765,0
2020-09-14T09:00:10Z,23.62651629,37.74510541,0
2020-09-14T09:00:13Z,23.62643317,37.74513291,0
2020-09-14T09:00:16Z,23.62623895,37.74515638,0
2020-09-14T09:00:22Z,23.62589357,37.74513364,0
2020-09-14T09:00:25Z,23.62576799,37.74514211,0
2020-09-14T09:00:37Z,23.62524126,37.74503782,0
2020-09-14T09:00:43Z,23.62497774,37.7450096,0
2020-09-14T09:00:49Z,23.62474609,37.74492862,0
2020-09-14T09:00:52Z,23.62467141,37.74488272,0
2020-09-14T09:00:58Z,23.62449483,37.74466347,0
2020-09-14T09:01:01Z,23.62438048,37.74457599,0
2020-09-14T09:01:10Z,23.62408171,37.74441271,0
2020-09-14T09:01:19Z,23.62374536,37.74416859,0
2020-09-14T09:01:28Z,23.62338983,37.74401264,0
2020-09-14T09:01:34Z,23.62315457,37.74387808,0
2020-09-14T09:01:43Z,23.62291094,37.74360184,0
2020-09-14T09:01:46Z,23.62280192,37.74351849,0
2020-09-14T09:01:58Z,23.62239133,37.74326484,0
2020-09-14T09:02:07Z,23.62217308,37.74304251,0
2020-09-14T09:02:13Z,23.62198309,37.74287967,0
2020-09-14T09:02:19Z,23.62178199,37.74274636,0
2020-09-14T09:02:28Z,23.62146009,37.74256856,0
2020-09-14T09:02:34Z,23.62129868,37.742385,0
2020-09-14T09:02:37Z,23.6211912,37.74231339,0
2020-09-14T09:02:49Z,23.62073664,37.74207487,0
2020-09-14T09:02:58Z,23.6204292,37.7418338,0
2020-09-14T09:03:07Z,23.62017217,37.74158674,0
2020-09-14T09:03:10Z,23.6200664,37.74152073,0
2020-09-14T09:03:22Z,23.61962265,37.74131222,0
2020-09-14T09:03:37Z,23.6189383,37.74106631,0
2020-09-14T09:03:46Z,23.61861514,37.74084287,0
2020-09-14T09:03:49Z,23.61849594,37.74078715,0
2020-09-14T09:03:52Z,23.61836586,37.74075556,0
2020-09-14T09:03:55Z,23.61824352,37.74075506,0
2020-09-14T09:04:04Z,23.61795197,37.74080049,0
2020-09-14T09:04:10Z,23.61770553,37.74075039,0
2020-09-14T09:04:13Z,23.61759401,37.74075076,0
2020-09-14T09:04:25Z,23.61739735,37.74083655,0
2020-09-14T09:04:34Z,23.61718742,37.74081002,0
2020-09-14T09:04:37Z,23.61708841,37.74081295,0
2020-09-14T09:04:43Z,23.61694052,37.74084202,0
2020-09-14T09:04:49Z,23.61680852,37.74088993,0
2020-09-14T09:05:28Z,23.61634106,37.74094903,0
2020-09-14T09:05:37Z,23.61617952,37.74089306,0
2020-09-14T09:05:49Z,23.61589185,37.74087333,0
2020-09-14T09:05:55Z,23.61577782,37.74091587,0
2020-09-14T09:06:04Z,23.61558979,37.74094242,0
2020-09-14T09:06:16Z,23.61537454,37.74101874,0
2020-09-14T09:06:19Z,23.61532773,37.74101811,0
2020-09-14T09:06:28Z,23.61522767,37.74104946,0
2020-09-14T09:06:40Z,23.61509092,37.741055,0
2020-09-14T09:06:43Z,23.61508031,37.74103274,0
2020-09-14T09:06:52Z,23.61496751,37.74099623,0
2020-09-14T09:07:07Z,23.61480882,37.74098897,0
2020-09-14T09:07:19Z,23.61465238,37.74093734,0
2020-09-14T09:07:25Z,23.61458861,37.74094547,0
2020-09-14T09:07:43Z,23.61456248,37.74093106,0
2020-09-14T09:07:55Z,23.61475961,37.74085603,0
2020-09-14T09:07:58Z,23.61482935,37.74087622,0
2020-09-14T09:08:01Z,23.61488442,37.74092844,0
2020-09-14T09:08:07Z,23.61494644,37.74101918,0
2020-09-14T09:08:10Z,23.61493378,37.74105582,0
2020-09-14T09:08:16Z,23.61487311,37.74107552,0
2020-09-14T09:08:25Z,23.61471137,37.74105584,0
2020-09-14T09:08:43Z,23.61453084,37.74108159,0
2020-09-14T09:09:07Z,23.61449935,37.74105035,0
2020-09-14T09:09:10Z,23.61451977,37.74099533,0
2020-09-14T09:09:16Z,23.61445195,37.74094202,0
2020-09-14T09:09:25Z,23.61419935,37.74086611,0
2020-09-14T09:09:43Z,23.61360673,37.74091456,0
2020-09-14T09:09:52Z,23.61340319,37.74096316,0
2020-09-14T09:09:58Z,23.61329733,37.74096574,0
2020-09-14T09:10:01Z,23.61326518,37.74097717,0
2020-09-14T09:10:04Z,23.61324792,37.74100521,0
2020-09-14T09:10:10Z,23.61318284,37.74102766,0
2020-09-14T09:10:31Z,23.61256795,37.74079995,0
2020-09-14T09:10:40Z,23.61224775,37.74060889,0
2020-09-14T09:10:46Z,23.61207315,37.74045673,0
2020-09-14T09:10:49Z,23.61197886,37.74039971,0
2020-09-14T09:10:58Z,23.61162539,37.74027472,0
2020-09-14T09:11:10Z,23.61116419,37.74005484,0
2020-09-14T09:11:13Z,23.61103701,37.74000872,0
2020-09-14T09:11:19Z,23.6108069,37.73987848,0
2020-09-14T09:11:28Z,23.61048843,37.73964289,0
2020-09-14T09:11:31Z,23.61034829,37.739597,0
2020-09-14T09:11:40Z,23.61001819,37.73942488,0
2020-09-14T09:11:55Z,23.60955492,37.73906396,0
2020-09-14T09:12:07Z,23.6092143,37.7388287,0
2020-09-14T09:12:13Z,23.60899781,37.7387122,0
2020-09-14T09:12:28Z,23.60835632,37.73847747,0
2020-09-14T09:12:43Z,23.60774303,37.73823082,0
2020-09-14T09:12:55Z,23.60721933,37.73807295,0
2020-09-14T09:13:04Z,23.60685048,37.73790014,0
2020-09-14T09:13:10Z,23.6066359,37.73777754,0
2020-09-14T09:13:19Z,23.60637705,37.7375799,0
2020-09-14T09:13:25Z,23.60616844,37.73747104,0
2020-09-14T09:13:31Z,23.60597646,37.73733359,0
2020-09-14T09:13:43Z,23.60555563,37.7370874,0
2020-09-14T09:13:58Z,23.60503507,37.73675351,0
2020-09-14T09:14:07Z,23.60473796,37.7365442,0
2020-09-14T09:14:13Z,23.60450667,37.73642442,0
2020-09-14T09:14:25Z,23.6040077,37.73622273,0
2020-09-14T09:14:31Z,23.60376599,37.73610259,0
2020-09-14T09:14:37Z,23.60349463,37.73602983,0
2020-09-14T09:14:49Z,23.60295989,37.7359528,0
2020-09-14T09:14:58Z,23.60252918,37.7358007,0
2020-09-14T09:15:13Z,23.60190773,37.73549595,0
2020-09-14T09:15:16Z,23.60179653,37.73543232,0
2020-09-14T09:15:22Z,23.60159617,37.73527719,0
2020-09-14T09:15:31Z,23.60136148,37.73504367,0
2020-09-14T09:15:34Z,23.60125117,37.73497476,0
2020-09-14T09:15:43Z,23.60090952,37.73483566,0
2020-09-14T09:15:46Z,23.60079028,37.73477115,0
2020-09-14T09:15:52Z,23.60054628,37.73468005,0
2020-09-14T09:16:01Z,23.60021426,37.73447048,0
2020-09-14T09:16:13Z,23.59987926,37.73417185,0
2020-09-14T09:16:25Z,23.5994856,37.73387337,0
2020-09-14T09:16:28Z,23.59936646,37.73380117,0
2020-09-14T09:16:40Z,23.59893037,37.73359119,0
2020-09-14T09:16:52Z,23.59850807,37.73335234,0
2020-09-14T09:17:10Z,23.59799141,37.73291428,0
2020-09-14T09:17:25Z,23.59760494,37.73251384,0
2020-09-14T09:17:43Z,23.59711382,37.73215332,0
2020-09-14T09:17:49Z,23.59696799,37.73200061,0
2020-09-14T09:18:16Z,23.59613681,37.73147665,0
2020-09-14T09:18:25Z,23.5958538,37.73127019,0
2020-09-14T09:18:40Z,23.5953311,37.73101791,0
2020-09-14T09:18:52Z,23.59487889,37.73077715,0
2020-09-14T09:19:13Z,23.59411772,37.73044743,0
2020-09-14T09:19:25Z,23.59364854,37.73019731,0
2020-09-14T09:19:28Z,23.59352815,37.7301263,0
2020-09-14T09:19:40Z,23.593129,37.72980402,0
2020-09-14T09:19:43Z,23.59302347,37.72974963,0
2020-09-14T09:19:49Z,23.5928503,37.72962899,0
2020-09-14T09:19:58Z,23.5925314,37.72943819,0
2020-09-14T09:20:10Z,23.59211543,37.72922926,0
2020-09-14T09:20:16Z,23.59190768,37.72910593,0
2020-09-14T09:20:19Z,23.59183103,37.72902213,0
2020-09-14T09:20:25Z,23.59165945,37.72888452,0
2020-09-14T09:20:43Z,23.59110249,37.72851716,0
2020-09-14T09:20:58Z,23.59056693,37.72823851,0
2020-09-14T09:21:01Z,23.59044077,37.72819171,0
2020-09-14T09:21:07Z,23.59017123,37.72812714,0
2020-09-14T09:21:10Z,23.59005535,37.72807963,0
2020-09-14T09:21:16Z,23.58983961,37.72795653,0
2020-09-14T09:21:37Z,23.58903857,37.72756554,0
2020-09-14T09:21:49Z,23.58861862,37.72729161,0
2020-09-14T09:21:58Z,23.58831977,37.72712607,0
2020-09-14T09:22:16Z,23.5878027,37.72671935,0
2020-09-14T09:22:31Z,23.58737125,37.72641688,0
2020-09-14T09:22:58Z,23.58641214,37.72591549,0
2020-09-14T09:23:13Z,23.58590319,37.7255526,0
2020-09-14T09:23:22Z,23.58558706,37.72537611,0
2020-09-14T09:23:25Z,23.58546623,37.72532895,0
2020-09-14T09:23:31Z,23.58521993,37.72527252,0
2020-09-14T09:23:34Z,23.58510175,37.72528527,0
2020-09-14T09:23:37Z,23.58500376,37.72531941,0
2020-09-14T09:23:46Z,23.58481914,37.72542186,0
2020-09-14T09:23:52Z,23.58462253,37.72544259,0
2020-09-14T09:24:01Z,23.58423039,37.72543477,0
2020-09-14T09:24:07Z,23.58394281,37.72539111,0
2020-09-14T09:24:10Z,23.583801,37.72534931,0
2020-09-14T09:24:22Z,23.58326953,37.7251175,0
2020-09-14T09:24:40Z,23.58265177,37.72466323,0
2020-09-14T09:24:49Z,23.58232516,37.72446241,0
2020-09-14T09:24:58Z,23.58199586,37.72423096,0
2020-09-14T09:25:04Z,23.5817881,37.72411061,0
2020-09-14T09:25:13Z,23.58142645,37.72395369,0
2020-09-14T09:25:22Z,23.58107845,37.72377638,0
2020-09-14T09:25:25Z,23.58094493,37.72371884,0
2020-09-14T09:25:28Z,23.58080634,37.7236835,0
2020-09-14T09:25:31Z,23.58066283,37.72366803,0
2020-09-14T09:25:37Z,23.58040928,37.72370402,0
2020-09-14T09:26:10Z,23.5797392,37.72394475,0
2020-09-14T09:26:25Z,23.57950313,37.72393407,0
2020-09-14T09:26:43Z,23.57940447,37.72396441,0
2020-09-14T09:26:55Z,23.57918623,37.72387263,0
2020-09-14T09:27:01Z,23.57904323,37.72387592,0
2020-09-14T09:27:07Z,23.5789217,37.7239325,0
2020-09-14T09:27:19Z,23.57876222,37.72404539,0
2020-09-14T09:27:25Z,23.57865922,37.72405453,0
2020-09-14T09:27:34Z,23.57840707,37.72391864,0
2020-09-14T09:27:43Z,23.57806189,37.72379419,0
2020-09-14T09:27:52Z,23.57771232,37.7235995,0
2020-09-14T09:28:07Z,23.57721934,37.72329028,0
2020-09-14T09:28:43Z,23.57624946,37.72235419,0
2020-09-14T09:29:25Z,23.57501328,37.72130687,0
2020-09-14T09:29:28Z,23.57491413,37.72125066,0
2020-09-14T09:29:34Z,23.57476965,37.72111007,0
2020-09-14T09:29:40Z,23.57464157,37.72095204,0
2020-09-14T09:30:04Z,23.57400385,37.72036144,0
2020-09-14T09:30:10Z,23.5738329,37.72026375,0
2020-09-14T09:30:31Z,23.57315724,37.71980323,0
2020-09-14T09:30:40Z,23.57286834,37.71956203,0
2020-09-14T09:30:46Z,23.57264549,37.71945401,0
2020-09-14T09:30:52Z,23.57242796,37.71931086,0
2020-09-14T09:31:07Z,23.57197061,37.71896295,0
2020-09-14T09:31:16Z,23.57166364,37.71875078,0
2020-09-14T09:31:25Z,23.57137535,37.71857527,0
2020-09-14T09:31:34Z,23.5711129,37.71835078,0
2020-09-14T09:31:40Z,23.57091411,37.71821974,0
2020-09-14T09:31:46Z,23.57073522,37.71807548,0
2020-09-14T09:31:52Z,23.57056573,37.71791598,0
2020-09-14T09:32:13Z,23.56987249,37.7174437,0
2020-09-14T09:32:25Z,23.56952485,37.71717413,0
2020-09-14T09:32:40Z,23.56906053,37.71688748,0
2020-09-14T09:32:55Z,23.56865631,37.71653902,0
2020-09-14T09:33:16Z,23.56806499,37.71608153,0
2020-09-14T09:33:22Z,23.56791195,37.71597897,0
2020-09-14T09:33:49Z,23.56718038,37.71539047,0
2020-09-14T09:33:58Z,23.5669405,37.71523292,0
2020-09-14T09:34:10Z,23.56661445,37.71497269,0
2020-09-14T09:34:13Z,23.56652969,37.71488196,0
2020-09-14T09:34:25Z,23.56617696,37.71463789,0
2020-09-14T09:34:43Z,23.56567016,37.71424829,0
2020-09-14T09:34:52Z,23.56542985,37.71409932,0
2020-09-14T09:35:01Z,23.56521254,37.713906,0
2020-09-14T09:35:16Z,23.56480065,37.71361062,0
2020-09-14T09:35:31Z,23.56440279,37.7132772,0
2020-09-14T09:35:55Z,23.56373399,37.71275614,0
2020-09-14T09:36:13Z,23.56333745,37.71234113,0
2020-09-14T09:36:28Z,23.56298093,37.71204072,0
2020-09-14T09:36:31Z,23.56289996,37.71199663,0
2020-09-14T09:36:55Z,23.56224981,37.71144472,0
2020-09-14T09:37:07Z,23.56193414,37.7111982,0
2020-09-14T09:37:28Z,23.56134733,37.71079293,0
2020-09-14T09:37:37Z,23.56109426,37.7105966,0
2020-09-14T09:37:43Z,23.56097041,37.71046798,0
2020-09-14T09:37:49Z,23.56082567,37.71035382,0
2020-09-14T09:38:07Z,23.56046892,37.70993126,0
2020-09-14T09:38:25Z,23.56001139,37.70954542,0
2020-09-14T09:38:43Z,23.55953487,37.70918474,0
2020-09-14T09:39:04Z,23.55896597,37.70881719,0
2020-09-14T09:39:34Z,23.55813044,37.70824412,0
2020-09-14T09:39:49Z,23.55771622,37.70791173,0
2020-09-14T09:40:01Z,23.55741719,37.70763254,0
2020-09-14T09:40:19Z,23.55687734,37.70720745,0
2020-09-14T09:40:31Z,23.5565586,37.70690678,0
2020-09-14T09:40:43Z,23.5562202,37.70666077,0
2020-09-14T09:40:55Z,23.55589195,37.70638363,0
2020-09-14T09:41:04Z,23.55561709,37.70619501,0
2020-09-14T09:41:34Z,23.55471629,37.70546778,0
2020-09-14T09:41:43Z,23.55448613,37.70525717,0
2020-09-14T09:41:52Z,23.55427291,37.70503691,0
2020-09-14T09:41:55Z,23.55421485,37.70495144,0
2020-09-14T09:42:07Z,23.55392547,37.70466928,0
2020-09-14T09:42:13Z,23.55383129,37.70449887,0
2020-09-14T09:42:25Z,23.55352261,37.70421781,0
2020-09-14T09:42:31Z,23.55340088,37.70407376,0
2020-09-14T09:42:46Z,23.55306403,37.70383833,0
2020-09-14T09:42:49Z,23.55298552,37.70376842,0
2020-09-14T09:42:58Z,23.55279552,37.70354644,0
2020-09-14T09:43:01Z,23.55271651,37.70349177,0
2020-09-14T09:43:25Z,23.55207346,37.70291511,0
2020-09-14T09:43:37Z,23.55174523,37.70266563,0
2020-09-14T09:44:07Z,23.55101974,37.70189034,0
2020-09-14T09:44:13Z,23.55091887,37.70172852,0
2020-09-14T09:44:28Z,23.5505542,37.70143314,0
2020-09-14T09:44:37Z,23.55032434,37.7011467,0
2020-09-14T09:44:49Z,23.55002481,37.7008635,0
2020-09-14T09:45:16Z,23.5493171,37.70028481,0
2020-09-14T09:45:28Z,23.54893053,37.70003416,0
2020-09-14T09:45:52Z,23.54822041,37.69952027,0
2020-09-14T09:46:01Z,23.54796945,37.69929871,0
2020-09-14T09:46:04Z,23.54790215,37.69922104,0
2020-09-14T09:46:19Z,23.54746974,37.69884914,0
2020-09-14T09:46:43Z,23.54688769,37.69825177,0
2020-09-14T09:46:55Z,23.54655831,37.69796363,0
2020-09-14T09:47:07Z,23.54621076,37.69769685,0
2020-09-14T09:47:40Z,23.54519317,37.6969864,0
2020-09-14T09:47:58Z,23.54459394,37.69661504,0
2020-09-14T09:48:13Z,23.54407408,37.69633079,0
2020-09-14T09:48:25Z,23.54368533,37.6960644,0
2020-09-14T09:48:31Z,23.54345276,37.69595028,0
2020-09-14T09:48:53Z,23.5427706,37.69541855,0
2020-09-14T09:49:41Z,23.54116959,37.69438173,0
2020-09-14T09:49:47Z,23.54096377,37.69427209,0
2020-09-14T09:49:56Z,23.54070363,37.69408923,0
2020-09-14T09:50:05Z,23.5404642,37.69387973,0
2020-09-14T09:50:23Z,23.53993578,37.69354209,0
2020-09-14T09:50:47Z,23.53918869,37.69301562,0
2020-09-14T09:50:59Z,23.53876524,37.69278989,0
2020-09-14T09:51:11Z,23.53834678,37.69266097,0
2020-09-14T09:51:20Z,23.53792998,37.69251011,0
2020-09-14T09:51:23Z,23.5377817,37.69248659,0
2020-09-14T09:51:29Z,23.53753696,37.69236151,0
2020-09-14T09:51:32Z,23.53742364,37.69232591,0
2020-09-14T09:51:38Z,23.53723604,37.69218619,0
2020-09-14T09:51:56Z,23.53662042,37.69186216,0
2020-09-14T09:52:11Z,23.53619839,37.69153409,0
2020-09-14T09:52:26Z,23.53569999,37.69126996,0
2020-09-14T09:52:38Z,23.53528926,37.69102949,0
2020-09-14T09:52:53Z,23.53480166,37.69079213,0
2020-09-14T09:53:02Z,23.53448368,37.69067535,0
2020-09-14T09:53:32Z,23.53346439,37.6900607,0
2020-09-14T09:53:41Z,23.53320152,37.68984499,0
2020-09-14T09:53:44Z,23.53307257,37.68983245,0
2020-09-14T09:53:56Z,23.53264126,37.68964857,0
2020-09-14T09:54:23Z,23.5317752,37.68915642,0
2020-09-14T09:54:35Z,23.5314565,37.68887695,0
2020-09-14T09:54:47Z,23.53110655,37.6886119,0
2020-09-14T09:54:56Z,23.5307481,37.68847306,0
2020-09-14T09:55:02Z,23.530559,37.68833737,0
2020-09-14T09:55:17Z,23.53003055,37.68803769,0
2020-09-14T09:55:23Z,23.52982892,37.6879375,0
2020-09-14T09:55:29Z,23.52960279,37.68785233,0
2020-09-14T09:55:35Z,23.52939034,37.68774527,0
2020-09-14T09:55:41Z,23.52921966,37.68763184,0
2020-09-14T09:55:44Z,23.52910311,37.6875913,0
2020-09-14T09:55:53Z,23.52884418,37.68742587,0
2020-09-14T09:55:59Z,23.52865424,37.68735473,0
2020-09-14T09:56:08Z,23.52838025,37.68721396,0
2020-09-14T09:56:11Z,23.52826625,37.68717492,0
2020-09-14T09:56:23Z,23.5279371,37.68698877,0
2020-09-14T09:56:26Z,23.52778877,37.68693353,0
2020-09-14T09:56:38Z,23.527434,37.68673863,0
2020-09-14T09:56:50Z,23.5270657,37.68656511,0
2020-09-14T09:57:05Z,23.52662369,37.68638856,0
2020-09-14T09:57:14Z,23.52637022,37.68624117,0
2020-09-14T09:57:26Z,23.52602868,37.68607451,0
2020-09-14T09:57:32Z,23.52585479,37.68601628,0
2020-09-14T09:57:38Z,23.5256693,37.68597602,0
2020-09-14T09:57:44Z,23.52549156,37.68590978,0
2020-09-14T09:58:02Z,23.52494591,37.68566289,0
2020-09-14T09:58:20Z,23.52440299,37.6854504,0
2020-09-14T09:58:26Z,23.52423713,37.68535935,0
2020-09-14T09:58:47Z,23.52359157,37.68507335,0
2020-09-14T09:59:11Z,23.52283748,37.68470095,0
2020-09-14T09:59:20Z,23.52251843,37.68459842,0
2020-09-14T09:59:35Z,23.52196642,37.68438679,0
2020-09-14T09:59:38Z,23.52186717,37.68436792,0
2020-09-14T09:59:44Z,23.52169084,37.68427893,0
2020-09-14T09:59:53Z,23.52131174,37.68419889,0
2020-09-14T10:00:02Z,23.52098377,37.68407939,0
2020-09-14T10:00:11Z,23.52068484,37.68399316,0
2020-09-14T10:00:17Z,23.52057567,37.68393922,0
2020-09-14T10:00:41Z,23.51969361,37.68369717,0
2020-09-14T10:00:47Z,23.51943694,37.68365975,0
2020-09-14T10:00:50Z,23.51932654,37.68366926,0
2020-09-14T10:00:53Z,23.51919782,37.68364656,0
2020-09-14T10:00:59Z,23.51894938,37.68364074,0
2020-09-14T10:01:05Z,23.51881128,37.68356797,0
2020-09-14T10:01:17Z,23.51834543,37.68351236,0
2020-09-14T10:01:26Z,23.51802818,37.68341794,0
2020-09-14T10:01:38Z,23.51769151,37.68328786,0
2020-09-14T10:01:50Z,23.51739677,37.68322382,0
2020-09-14T10:02:02Z,23.51709912,37.6832056,0
2020-09-14T10:02:11Z,23.51686479,37.68323159,0
2020-09-14T10:02:29Z,23.51640359,37.68335151,0
2020-09-14T10:02:50Z,23.51590994,37.68354744,0
2020-09-14T10:03:08Z,23.51561466,37.68381287,0
2020-09-14T10:03:14Z,23.51554487,37.68391884,0
2020-09-14T10:03:23Z,23.51542308,37.68405181,0
2020-09-14T10:03:47Z,23.51507046,37.68438604,0
2020-09-14T10:04:20Z,23.51467319,37.68464295,0
2020-09-14T10:04:44Z,23.51433165,37.68481272,0
2020-09-14T10:05:05Z,23.51394048,37.68497264,0
2020-09-14T10:05:14Z,23.51380183,37.68506748,0
2020-09-14T10:05:26Z,23.51358256,37.68516862,0
2020-09-14T10:05:56Z,23.51301426,37.68555348,0
2020-09-14T10:06:17Z,23.51270902,37.68580809,0
2020-09-14T10:07:17Z,23.51192591,37.68659818,0
2020-09-14T10:07:29Z,23.51176591,37.68678766,0
2020-09-14T10:07:35Z,23.51168619,37.68685984,0
2020-09-14T10:07:44Z,23.51160682,37.68697762,0
2020-09-14T10:07:56Z,23.51154416,37.68716009,0
2020-09-14T10:08:14Z,23.51151636,37.68738666,0
2020-09-14T10:08:32Z,23.51152408,37.68760403,0
2020-09-14T10:08:53Z,23.51148862,37.68785862,0
2020-09-14T10:09:05Z,23.51143892,37.68799053,0
2020-09-14T10:09:35Z,23.51138469,37.68826964,0
2020-09-14T10:09:56Z,23.51136026,37.68844733,0
2020-09-14T10:10:17Z,23.51137626,37.68847965,0
2020-09-14T10:10:41Z,23.5113486,37.68846894,0
2020-09-14T10:10:47Z,23.51133226,37.68842397,0
2020-09-14T10:10:59Z,23.51126528,37.68837452,0
2020-09-14T10:11:20Z,23.51117879,37.68827173,0
2020-09-14T10:11:53Z,23.51100659,37.68823629,0
2020-09-14T10:12:08Z,23.5109225,37.68819858,0
2020-09-14T10:12:17Z,23.51088173,37.68814817,0
2020-09-14T10:12:35Z,23.51070363,37.68804698,0
2020-09-14T10:12:50Z,23.51059917,37.68792675,0
2020-09-14T10:13:11Z,23.51051591,37.68769166,0
2020-09-14T10:13:14Z,23.51051842,37.6876541,0
2020-09-14T10:13:32Z,23.51057327,37.68743367,0
2020-09-14T10:13:53Z,23.51071184,37.68719215,0
2020-09-14T10:14:05Z,23.51078429,37.68712548,0
2020-09-14T10:14:14Z,23.51074462,37.68709281,0
2020-09-14T10:14:17Z,23.51065586,37.68709391,0
2020-09-14T10:14:23Z,23.51054754,37.6871254,0
2020-09-14T10:14:29Z,23.51049129,37.68718314,0
2020-09-14T10:14:35Z,23.51047535,37.68723682,0
2020-09-14T10:14:56Z,23.51048672,37.68743891,0
2020-09-14T10:15:08Z,23.51055369,37.68757776,0
2020-09-14T10:15:11Z,23.51055917,37.68762431,0
2020-09-14T10:15:29Z,23.51052731,37.68783219,0
2020-09-14T10:15:41Z,23.51053126,37.6879442,0
2020-09-14T10:15:53Z,23.51053827,37.6880602,0
2020-09-14T10:16:02Z,23.5105721,37.68813726,0
2020-09-14T10:16:23Z,23.51059306,37.68830946,0
2020-09-14T10:17:08Z,23.51058142,37.68830476,0
2020-09-14T10:17:32Z,23.51059927,37.68821751,0
2020-09-14T10:17:59Z,23.5107099,37.6880639,0
2020-09-14T10:18:20Z,23.51071843,37.68800849,0
2020-09-14T10:19:05Z,23.51057518,37.68801125,0
2020-09-14T10:19:29Z,23.51041057,37.68796603,0
2020-09-14T10:20:14Z,23.51030792,37.68798527,0
2020-09-14T10:20:23Z,23.51029122,37.68799254,0
2020-09-14T10:20:38Z,23.51029219,37.68801049,0
2020-09-14T10:22:20Z,23.51031904,37.68799737,0
2020-09-14T10:23:05Z,23.51026381,37.68801412,0
2020-09-14T10:23:38Z,23.51029528,37.68797666,0
2020-09-14T10:23:50Z,23.51032332,37.68798487,0
2020-09-14T10:24:17Z,23.51034011,37.68797318,0
2020-09-14T10:24:35Z,23.51033774,37.68795482,0
2020-09-14T10:25:38Z,23.51032301,37.68798497,0
2020-09-14T10:25:44Z,23.51034124,37.68801017,0
2020-09-14T10:29:32Z,23.51023913,37.68801957,0
2020-09-14T10:30:26Z,23.51021684,37.68803936,0
2020-09-14T10:30:32Z,23.5102331,37.6880515,0
2020-09-14T10:30:41Z,23.5102028,37.68805164,0
2020-09-14T10:31:50Z,23.51030646,37.68797838,0
2020-09-14T10:32:32Z,23.51030348,37.6879932,0
2020-09-14T10:33:02Z,23.51034508,37.68799178,0
2020-09-14T10:33:08Z,23.51036093,37.68797468,0
2020-09-14T10:33:14Z,23.51036894,37.68798872,0
2020-09-14T10:33:26Z,23.51038358,37.6879836,0
2020-09-14T10:33:32Z,23.51037158,37.68799064,0
2020-09-14T10:33:44Z,23.51036353,37.68797129,0
2020-09-14T10:34:23Z,23.51034103,37.68797211,0
2020-09-14T10:34:47Z,23.51038696,37.68794056,0
2020-09-14T10:34:59Z,23.510398,37.68794666,0
2020-09-14T10:37:53Z,23.51020239,37.68803329,0
2020-09-14T10:40:08Z,23.51030121,37.68800694,0
2020-09-14T10:40:17Z,23.51032786,37.68796889,0
2020-09-14T10:40:26Z,23.51036654,37.68797114,0
2020-09-14T10:40:35Z,23.5103532,37.68796624,0
2020-09-14T10:40:59Z,23.51032408,37.68799762,0
2020-09-14T10:41:20Z,23.51028996,37.68797103,0
2020-09-14T10:42:32Z,23.51027609,37.68800625,0
2020-09-14T10:42:59Z,23.51033053,37.68798858,0
2020-09-14T10:43:02Z,23.51032317,37.68800468,0
2020-09-14T10:43:14Z,23.51029761,37.68800769,0
2020-09-14T10:43:20Z,23.51030323,37.68801638,0
2020-09-14T10:45:11Z,23.51041876,37.6879613,0
2020-09-14T10:45:23Z,23.51045453,37.68796388,0
2020-09-14T10:45:35Z,23.51046652,37.68792778,0
2020-09-14T10:46:05Z,23.51039378,37.6880005,0
2020-09-14T10:46:29Z,23.51032238,37.68799542,0
2020-09-14T10:46:35Z,23.51030342,37.68797776,0
2020-09-14T10:47:05Z,23.51019204,37.68800723,0
2020-09-14T10:47:26Z,23.51023117,37.68801978,0
2020-09-14T10:48:08Z,23.51036337,37.6879535,0
2020-09-14T10:49:20Z,23.51045549,37.68795678,0
2020-09-14T10:49:53Z,23.51038719,37.68796661,0
2020-09-14T10:50:26Z,23.51037921,37.68795435,0
2020-09-14T10:50:41Z,23.51038016,37.68797654,0
2020-09-14T10:50:47Z,23.51038341,37.68795887,0
2020-09-14T10:50:56Z,23.51039405,37.68796667,0
2020-09-14T10:51:02Z,23.51038592,37.68795148,0
2020-09-14T10:51:08Z,23.51040181,37.6879477,0
2020-09-14T10:51:35Z,23.51035583,37.68798073,0
2020-09-14T10:51:44Z,23.51032835,37.68798719,0
2020-09-14T10:52:29Z,23.51030767,37.68797278,0
2020-09-14T10:52:35Z,23.51030418,37.68798667,0
2020-09-14T10:52:47Z,23.51033257,37.68796011,0
2020-09-14T10:53:20Z,23.51037056,37.68797187,0
2020-09-14T10:53:26Z,23.51038438,37.68794714,0
2020-09-14T10:53:59Z,23.51045767,37.68796655,0
2020-09-14T10:54:08Z,23.51047573,37.68792159,0
2020-09-14T10:54:35Z,23.51048252,37.68795028,0
2020-09-14T10:54:56Z,23.51041122,37.68799409,0
2020-09-14T10:55:20Z,23.51036413,37.68799761,0
2020-09-14T10:55:56Z,23.51034994,37.68798457,0
2020-09-14T10:55:59Z,23.51031575,37.68799863,0
2020-09-14T10:56:05Z,23.51032714,37.68798813,0
2020-09-14T10:56:11Z,23.51032308,37.68800111,0
2020-09-14T10:56:29Z,23.51033265,37.68798945,0
2020-09-14T10:57:23Z,23.51046053,37.68801857,0
2020-09-14T10:57:59Z,23.51044164,37.68800687,0
2020-09-14T10:58:38Z,23.51034428,37.68803723,0
2020-09-14T10:59:05Z,23.51031779,37.68801867,0
2020-09-14T10:59:14Z,23.51034424,37.68802834,0
2020-09-14T10:59:23Z,23.51036955,37.68800631,0
2020-09-14T11:00:29Z,23.5102656,37.6880188,0
2020-09-14T11:00:38Z,23.51029443,37.68803155,0
2020-09-14T11:01:35Z,23.5104226,37.68800389,0
2020-09-14T11:02:35Z,23.5103011,37.68801912,0
2020-09-14T11:37:55.075Z,23.51037963,37.68798483,0
2020-09-14T11:38:07Z,23.51031156,37.68802963,0
2020-09-14T11:38:13Z,23.51027919,37.68803795,0
2020-09-14T11:38:34Z,23.51027311,37.68802733,0
2020-09-14T11:39:49Z,23.51043172,37.68799174,0
2020-09-14T11:41:19Z,23.51023598,37.68805322,0
2020-09-14T11:41:55Z,23.51035532,37.6880389,0
2020-09-14T11:42:46Z,23.51043344,37.68797149,0
2020-09-14T11:44:07Z,23.51047249,37.6879818,0
2020-09-14T11:44:19Z,23.51048671,37.68795865,0
2020-09-14T11:44:37Z,23.51042644,37.6880056,0
2020-09-14T11:44:43Z,23.51042147,37.68799438,0
2020-09-14T11:46:49Z,23.51039802,37.68801225,0
2020-09-14T11:46:52Z,23.51028855,37.68803528,0
2020-09-14T11:47:25Z,23.51031547,37.68801503,0
2020-09-14T11:49:04Z,23.51027769,37.68803141,0
2020-09-14T11:49:19Z,23.51032473,37.6880294,0
2020-09-14T11:49:43Z,23.51040902,37.68797435,0
2020-09-14T11:49:58Z,23.51042784,37.6879789,0
2020-09-14T11:50:16Z,23.51037318,37.68800249,0
2020-09-14T11:51:10Z,23.51032016,37.68800179,0
2020-09-14T11:51:55Z,23.51034521,37.68799596,0
2020-09-14T11:52:52Z,23.51030267,37.68804055,0
2020-09-14T11:53:43Z,23.51027165,37.68803451,0
2020-09-14T11:54:49Z,23.5103475,37.68799591,0
2020-09-14T11:56:25Z,23.51043797,37.68798954,0
2020-09-14T11:56:43Z,23.51043283,37.68797323,0
2020-09-14T11:57:04Z,23.51040325,37.68797976,0
2020-09-14T11:57:13Z,23.51038458,37.68801779,0
2020-09-14T11:57:16Z,23.51036038,37.6880229,0
2020-09-14T11:57:19Z,23.51031599,37.68800084,0
2020-09-14T11:57:25Z,23.51032073,37.688024,0
2020-09-14T11:57:52Z,23.5103248,37.68801017,0
2020-09-14T11:58:22Z,23.510284,37.68800677,0
2020-09-14T11:59:25Z,23.51024924,37.68804504,0
2020-09-14T11:59:46Z,23.51019831,37.68803728,0
2020-09-14T11:59:55Z,23.51023954,37.6880492,0
2020-09-14T12:00:16Z,23.51027357,37.68801448,0
2020-09-14T12:00:25Z,23.51028779,37.6880142,0
2020-09-14T12:00:37Z,23.51028442,37.68803503,0
2020-09-14T12:01:10Z,23.51030286,37.68801244,0
2020-09-14T12:01:28Z,23.51024977,37.68801638,0
2020-09-14T12:01:34Z,23.51022615,37.68805423,0
2020-09-14T12:01:40Z,23.51026512,37.68805607,0
2020-09-14T12:01:46Z,23.5103007,37.68808238,0
2020-09-14T12:01:55Z,23.51023362,37.68803263,0
2020-09-14T12:02:01Z,23.51022182,37.68807627,0
2020-09-14T12:02:07Z,23.51018579,37.68805437,0
2020-09-14T12:02:13Z,23.51015486,37.6880664,0
2020-09-14T12:02:22Z,23.51016386,37.68808358,0
2020-09-14T12:03:22Z,23.51028606,37.68806448,0
2020-09-14T12:03:40Z,23.51029035,37.68804005,0
2020-09-14T12:03:49Z,23.51027827,37.68803341,0
2020-09-14T12:03:58Z,23.51027444,37.6880434,0
2020-09-14T12:04:13Z,23.51028976,37.68804358,0
2020-09-14T12:04:55Z,23.5103514,37.68800535,0
2020-09-14T12:05:04Z,23.51035152,37.68798939,0
2020-09-14T12:05:37Z,23.51030333,37.68798731,0
2020-09-14T12:05:52Z,23.51030659,37.68796884,0
2020-09-14T12:06:04Z,23.51033189,37.68800044,0
2020-09-14T12:06:34Z,23.51035278,37.6879603,0
2020-09-14T12:07:07Z,23.510374,37.68795105,0
2020-09-14T12:07:19Z,23.51038012,37.68796289,0
2020-09-14T12:07:28Z,23.51035448,37.68800412,0
2020-09-14T12:08:19Z,23.51026715,37.68800525,0
2020-09-14T12:08:34Z,23.5102994,37.68801214,0
2020-09-14T12:09:10Z,23.51038459,37.68798013,0
2020-09-14T12:09:16Z,23.51042837,37.68798243,0
2020-09-14T12:10:58Z,23.51031856,37.68802423,0
2020-09-14T12:11:10Z,23.51028982,37.6880227,0
2020-09-14T12:11:19Z,23.5103132,37.68801091,0
2020-09-14T12:11:52Z,23.51027334,37.68802428,0
2020-09-14T12:12:40Z,23.51029713,37.68800837,0
2020-09-14T12:12:52Z,23.51031797,37.68801407,0
2020-09-14T12:13:49Z,23.51035607,37.68798015,0
2020-09-14T12:14:01Z,23.5103376,37.68797253,0
2020-09-14T12:14:25Z,23.51028117,37.68799719,0
2020-09-14T12:14:31Z,23.51027832,37.68803165,0
2020-09-14T12:14:34Z,23.51029387,37.68804973,0
2020-09-14T12:14:46Z,23.510236,37.68799928,0
2020-09-14T12:14:52Z,23.51022273,37.68800668,0
2020-09-14T12:15:25Z,23.51033724,37.68801896,0
2020-09-14T12:15:55Z,23.51041803,37.68797198,0
2020-09-14T12:16:31Z,23.51033654,37.68800511,0
2020-09-14T12:17:07Z,23.51024516,37.68807651,0
2020-09-14T12:17:43Z,23.51021862,37.68805742,0
2020-09-14T12:18:19Z,23.51029558,37.68798648,0
2020-09-14T12:18:37Z,23.51032907,37.68797969,0
2020-09-14T12:18:49Z,23.51031953,37.68800674,0
2020-09-14T12:19:01Z,23.51027704,37.6880164,0
2020-09-14T12:19:22Z,23.51024073,37.68805688,0
2020-09-14T12:19:52Z,23.5101837,37.68802638,0
2020-09-14T12:20:22Z,23.51018176,37.68804024,0
2020-09-14T12:20:40Z,23.51020818,37.68801286,0
2020-09-14T12:20:46Z,23.51022501,37.68802864,0
2020-09-14T12:21:52Z,23.51024969,37.6880079,0
2020-09-14T12:22:04Z,23.51029935,37.68801241,0
2020-09-14T12:22:31Z,23.51031067,37.68797455,0
2020-09-14T12:22:46Z,23.51032148,37.68797975,0
2020-09-14T12:23:07Z,23.51031769,37.68800308,0
2020-09-14T12:23:22Z,23.51027388,37.68800498,0
2020-09-14T12:23:40Z,23.51022508,37.68805244,0
2020-09-14T12:24:01Z,23.5101966,37.68805068,0
2020-09-14T12:24:31Z,23.51028336,37.688031,0
2020-09-14T12:24:46Z,23.51031874,37.68799906,0
2020-09-14T12:25:10Z,23.51036139,37.68799697,0
2020-09-14T12:25:25Z,23.51035876,37.68797297,0
2020-09-14T12:26:13Z,23.51032996,37.68804174,0
2020-09-14T12:26:52Z,23.51027165,37.6880247,0
2020-09-14T12:28:01Z,23.51035992,37.68801003,0
2020-09-14T12:28:22Z,23.51037897,37.68800163,0
2020-09-14T12:28:37Z,23.51037971,37.68797798,0
2020-09-14T12:28:52Z,23.51037146,37.68799688,0
2020-09-14T12:29:37Z,23.51027176,37.68800792,0
2020-09-14T12:30:07Z,23.51033455,37.68805066,0
2020-09-14T12:30:22Z,23.51030163,37.68801425,0
2020-09-14T12:30:28Z,23.51032294,37.68800801,0
2020-09-14T12:30:43Z,23.51031659,37.68796758,0
2020-09-14T12:30:49Z,23.5103452,37.68794993,0
2020-09-14T12:31:07Z,23.51035967,37.6879682,0
2020-09-14T12:31:25Z,23.51035171,37.68797917,0
2020-09-14T12:32:04Z,23.51030091,37.68799766,0
2020-09-14T12:32:22Z,23.51034438,37.68801041,0
2020-09-14T12:32:55Z,23.51040374,37.68798633,0
2020-09-14T12:33:40Z,23.51034354,37.68803327,0
2020-09-14T12:33:55Z,23.51028891,37.68804313,0
2020-09-14T12:34:10Z,23.51025677,37.68808718,0
2020-09-14T12:34:46Z,23.51021277,37.68806903,0
2020-09-14T12:35:01Z,23.51024371,37.68802718,0
2020-09-14T12:35:19Z,23.51029476,37.6880078,0
2020-09-14T12:35:55Z,23.51031687,37.68801713,0
2020-09-14T12:36:07Z,23.51032607,37.68800001,0
2020-09-14T12:37:01Z,23.51035901,37.6880039,0
2020-09-14T12:37:40Z,23.51028843,37.68801219,0
2020-09-14T12:38:13Z,23.51026613,37.68804784,0
2020-09-14T12:38:28Z,23.51025004,37.68804078,0
2020-09-14T12:38:40Z,23.51027105,37.6880373,0
2020-09-14T12:38:49Z,23.5102641,37.6880278,0
2020-09-14T12:39:13Z,23.5103438,37.68803614,0
2020-09-14T12:39:28Z,23.51038107,37.68801616,0
2020-09-14T12:40:07Z,23.51034521,37.68801057,0
2020-09-14T12:40:28Z,23.5103045,37.68803288,0
2020-09-14T12:41:01Z,23.51023412,37.68802826,0
2020-09-14T12:41:37Z,23.51028295,37.68803497,0
2020-09-14T12:42:16Z,23.51038965,37.68799514,0
2020-09-14T12:42:58Z,23.51030504,37.68799381,0
2020-09-14T12:43:04Z,23.5102846,37.68800416,0
2020-09-14T12:43:31Z,23.51028542,37.6880245,0
2020-09-14T12:43:46Z,23.5103137,37.68799546,0
2020-09-14T12:45:52Z,23.51037368,37.68797587,0
2020-09-14T12:46:28Z,23.51033218,37.68803402,0
2020-09-14T12:46:49Z,23.51030361,37.68801756,0
2020-09-14T12:47:13Z,23.51025728,37.68802045,0
2020-09-14T12:48:04Z,23.51032935,37.68801573,0
2020-09-14T12:48:16Z,23.51033084,37.68798923,0
2020-09-14T12:48:19Z,23.51035995,37.68798582,0
2020-09-14T12:48:25Z,23.51036905,37.68795393,0
2020-09-14T12:48:31Z,23.51039811,37.68795121,0
2020-09-14T12:48:37Z,23.51039182,37.68798756,0
2020-09-14T12:48:46Z,23.51034753,37.68795692,0
2020-09-14T12:48:49Z,23.51035087,37.68797419,0
2020-09-14T12:49:01Z,23.51029523,37.68801196,0
2020-09-14T12:49:16Z,23.51027484,37.68805341,0
2020-09-14T12:49:55Z,23.51025735,37.68806248,0
2020-09-14T12:50:04Z,23.51025496,37.68805069,0
2020-09-14T12:51:01Z,23.5103134,37.68801845,0
2020-09-14T12:51:28Z,23.51029209,37.68803797,0
2020-09-14T12:51:46Z,23.51027983,37.68809797,0
2020-09-14T12:52:34Z,23.51038539,37.68819591,0
2020-09-14T12:52:58Z,23.51031705,37.6881597,0
2020-09-14T12:53:10Z,23.51044583,37.68800583,0
2020-09-14T12:53:16Z,23.51051858,37.68789085,0
2020-09-14T12:53:25Z,23.51060633,37.68766993,0
2020-09-14T12:53:43Z,23.51060729,37.68715059,0
2020-09-14T12:53:55Z,23.51065145,37.68677356,0
2020-09-14T12:54:07Z,23.510652,37.68637958,0
2020-09-14T12:54:17Z,23.51063751,37.68607645,0
2020-09-14T12:54:20Z,23.51061765,37.68599893,0
2020-09-14T12:54:32Z,23.51058209,37.68558792,0
2020-09-14T12:54:38Z,23.51058557,37.68539937,0
2020-09-14T12:54:56Z,23.5105056,37.6848485,0
2020-09-14T12:54:59Z,23.51046882,37.68475437,0
2020-09-14T12:55:20Z,23.51033088,37.68409425,0
2020-09-14T12:55:29Z,23.51024336,37.68380402,0
2020-09-14T12:55:32Z,23.51024302,37.68371301,0
2020-09-14T12:55:44Z,23.510079,37.68335062,0
2020-09-14T12:55:56Z,23.50997009,37.68300591,0
2020-09-14T12:56:14Z,23.50986066,37.6824459,0
2020-09-14T12:56:26Z,23.50967247,37.68208348,0
2020-09-14T12:56:29Z,23.50965272,37.68199598,0
2020-09-14T12:56:35Z,23.50955877,37.68182717,0
2020-09-14T12:56:41Z,23.50944545,37.6816645,0
2020-09-14T12:56:56Z,23.50911441,37.68126047,0
2020-09-14T12:57:05Z,23.50895102,37.68102572,0
2020-09-14T12:57:20Z,23.50872189,37.68059197,0
2020-09-14T12:57:29Z,23.50863869,37.68033572,0
2020-09-14T12:57:35Z,23.50854971,37.68017762,0
2020-09-14T12:57:56Z,23.50840193,37.6795853,0
2020-09-14T12:58:05Z,23.50833305,37.67940217,0
2020-09-14T12:58:08Z,23.50829854,37.6793528,0
2020-09-14T12:58:26Z,23.50819728,37.67905336,0
2020-09-14T12:58:38Z,23.50808038,37.6788054,0
2020-09-14T12:58:47Z,23.50790949,37.67860458,0
2020-09-14T12:58:50Z,23.50781741,37.67857679,0
2020-09-14T12:58:53Z,23.50776797,37.67858102,0
2020-09-14T12:58:59Z,23.50773237,37.6786568,0
2020-09-14T12:59:05Z,23.50773065,37.67873881,0
2020-09-14T12:59:14Z,23.50766634,37.67887798,0
2020-09-14T12:59:20Z,23.50758784,37.678949,0
2020-09-14T12:59:26Z,23.50746101,37.67903476,0
2020-09-14T12:59:29Z,23.50738094,37.67905717,0
2020-09-14T12:59:32Z,23.50728634,37.6790696,0
2020-09-14T12:59:38Z,23.50714013,37.67901196,0
2020-09-14T12:59:50Z,23.50696075,37.67885112,0
2020-09-14T12:59:56Z,23.50690054,37.67875217,0
2020-09-14T13:00:14Z,23.50666397,37.67847515,0
2020-09-14T13:00:41Z,23.50627677,37.67808761,0
2020-09-14T13:00:44Z,23.50626196,37.67804548,0
2020-09-14T13:00:50Z,23.50615954,37.67793061,0
2020-09-14T13:01:32Z,23.50525803,37.67706409,0
2020-09-14T13:01:47Z,23.50502015,37.67669713,0
2020-09-14T13:01:59Z,23.50489877,37.6764043,0
2020-09-14T13:02:08Z,23.50477804,37.67617609,0
2020-09-14T13:02:26Z,23.50452618,37.67576822,0
2020-09-14T13:02:47Z,23.5043154,37.67531989,0
2020-09-14T13:02:56Z,23.50420269,37.67516529,0
2020-09-14T13:03:08Z,23.5041164,37.67495976,0
2020-09-14T13:03:32Z,23.50386826,37.67454307,0
2020-09-14T13:03:41Z,23.50382629,37.67441852,0
2020-09-14T13:03:56Z,23.5036382,37.67410459,0
2020-09-14T13:03:59Z,23.5035887,37.67405076,0
2020-09-14T13:04:11Z,23.50340343,37.67376015,0
2020-09-14T13:04:17Z,23.50325232,37.67360928,0
2020-09-14T13:04:35Z,23.50285718,37.67308696,0
2020-09-14T13:04:47Z,23.50267423,37.67272801,0
2020-09-14T13:04:59Z,23.50241999,37.67237652,0
2020-09-14T13:05:08Z,23.50227475,37.67210958,0
2020-09-14T13:05:14Z,23.50214266,37.67193134,0
2020-09-14T13:05:38Z,23.50179933,37.67126652,0
2020-09-14T13:05:47Z,23.50161932,37.67102857,0
2020-09-14T13:05:56Z,23.50144926,37.67074552,0
2020-09-14T13:06:20Z,23.50098374,37.67009094,0
2020-09-14T13:06:41Z,23.50065544,37.66958797,0
2020-09-14T13:06:59Z,23.50054809,37.66921615,0
2020-09-14T13:07:08Z,23.50043005,37.66903754,0
2020-09-14T13:07:11Z,23.50037379,37.6689669,0
2020-09-14T13:07:17Z,23.50022774,37.66884078,0
2020-09-14T13:07:26Z,23.50005108,37.66863942,0
2020-09-14T13:07:35Z,23.49989759,37.66839249,0
2020-09-14T13:07:38Z,23.49985919,37.66830342,0
2020-09-14T13:07:47Z,23.49960245,37.66807398,0
2020-09-14T13:07:53Z,23.49949457,37.667884,0
2020-09-14T13:08:05Z,23.49924807,37.66759308,0
2020-09-14T13:08:11Z,23.499149,37.66743565,0
2020-09-14T13:08:32Z,23.49876767,37.66693174,0
2020-09-14T13:08:41Z,23.49872344,37.66673847,0
2020-09-14T13:08:44Z,23.49867543,37.66666313,0
2020-09-14T13:08:53Z,23.49844078,37.66641744,0
2020-09-14T13:09:02Z,23.49823282,37.66623866,0
2020-09-14T13:09:17Z,23.498034,37.66586233,0
2020-09-14T13:09:53Z,23.49735975,37.66502793,0
2020-09-14T13:10:08Z,23.49701457,37.66467212,0
2020-09-14T13:10:14Z,23.49695292,37.66453198,0
2020-09-14T13:10:23Z,23.49682664,37.66432296,0
2020-09-14T13:10:32Z,23.49662216,37.66412769,0
2020-09-14T13:10:38Z,23.49646098,37.66404823,0
2020-09-14T13:10:44Z,23.49637714,37.66395408,0
2020-09-14T13:10:47Z,23.4963233,37.66388075,0
2020-09-14T13:10:53Z,23.49625933,37.66373665,0
2020-09-14T13:11:05Z,23.49622946,37.6634831,0
2020-09-14T13:11:17Z,23.49600989,37.66326461,0
2020-09-14T13:11:26Z,23.49581616,37.66311602,0
2020-09-14T13:11:35Z,23.49568324,37.66293223,0
2020-09-14T13:11:50Z,23.49533846,37.66259398,0
2020-09-14T13:11:56Z,23.49524393,37.66243332,0
2020-09-14T13:12:05Z,23.49515984,37.66220396,0
2020-09-14T13:12:14Z,23.49502757,37.66199322,0
2020-09-14T13:12:38Z,23.4944065,37.66153792,0
2020-09-14T13:12:41Z,23.49434542,37.6614666,0
2020-09-14T13:12:47Z,23.49425966,37.66129889,0
2020-09-14T13:12:53Z,23.49416286,37.66115945,0
2020-09-14T13:13:02Z,23.49404189,37.66089994,0
2020-09-14T13:13:11Z,23.49387821,37.66067083,0
2020-09-14T13:13:32Z,23.49334143,37.66024538,0
2020-09-14T13:13:41Z,23.49319342,37.66003009,0
2020-09-14T13:13:53Z,23.49304821,37.65973453,0
2020-09-14T13:13:56Z,23.49299896,37.65966789,0
2020-09-14T13:14:05Z,23.49282703,37.65950194,0
2020-09-14T13:14:14Z,23.49261611,37.65934364,0
2020-09-14T13:14:35Z,23.49228277,37.65887008,0
2020-09-14T13:14:44Z,23.49211306,37.65866774,0
2020-09-14T13:14:50Z,23.49196812,37.65854125,0
2020-09-14T13:14:56Z,23.49179539,37.65843394,0
2020-09-14T13:15:02Z,23.49162419,37.65829237,0
2020-09-14T13:15:17Z,23.49127416,37.65791698,0
2020-09-14T13:15:23Z,23.49117442,37.65774788,0
2020-09-14T13:15:29Z,23.4910642,37.65761193,0
2020-09-14T13:15:38Z,23.49086204,37.65744629,0
2020-09-14T13:15:44Z,23.49073328,37.65731807,0
2020-09-14T13:15:53Z,23.49058027,37.65712916,0
2020-09-14T13:16:08Z,23.49029959,37.65684063,0
2020-09-14T13:16:26Z,23.48993642,37.65654634,0
2020-09-14T13:16:32Z,23.48989803,37.65646549,0
2020-09-14T13:17:08Z,23.4892769,37.65583325,0
2020-09-14T13:17:35Z,23.48880335,37.65537234,0
2020-09-14T13:17:53Z,23.48838722,37.65503564,0
2020-09-14T13:18:05Z,23.48815253,37.65479796,0
2020-09-14T13:18:20Z,23.4878199,37.6545409,0
2020-09-14T13:18:38Z,23.487515,37.65421734,0
2020-09-14T13:19:35Z,23.48654097,37.65330801,0
2020-09-14T13:19:44Z,23.48640578,37.65313711,0
2020-09-14T13:19:59Z,23.48614184,37.65290563,0
2020-09-14T13:20:41Z,23.48549066,37.65221217,0
2020-09-14T13:21:02Z,23.48511611,37.65188588,0
2020-09-14T13:21:20Z,23.48480694,37.65153665,0
2020-09-14T13:21:35Z,23.48444796,37.65118782,0
2020-09-14T13:21:41Z,23.48427834,37.65104531,0
2020-09-14T13:22:11Z,23.48365722,37.65040707,0
2020-09-14T13:22:35Z,23.48313926,37.64996379,0
2020-09-14T13:22:56Z,23.48278592,37.64955429,0
2020-09-14T13:23:20Z,23.48226552,37.64907135,0
2020-09-14T13:23:35Z,23.4819868,37.64873302,0
2020-09-14T13:23:47Z,23.48174665,37.64851955,0
2020-09-14T13:23:56Z,23.48156722,37.64833095,0
2020-09-14T13:24:02Z,23.48151822,37.64821463,0
2020-09-14T13:24:08Z,23.48137225,37.64809513,0
2020-09-14T13:24:17Z,23.48122606,37.64791508,0
2020-09-14T13:24:26Z,23.48094233,37.64764425,0
2020-09-14T13:24:32Z,23.48082895,37.64750061,0
2020-09-14T13:24:38Z,23.48067624,37.6473509,0
2020-09-14T13:24:44Z,23.48054574,37.64718292,0
2020-09-14T13:24:50Z,23.48037965,37.64702148,0
2020-09-14T13:24:56Z,23.48023753,37.64684879,0
2020-09-14T13:24:59Z,23.48013837,37.64678068,0
2020-09-14T13:25:17Z,23.47974102,37.64631786,0
2020-09-14T13:25:26Z,23.47953624,37.64604355,0
2020-09-14T13:25:41Z,23.47915892,37.6456561,0
2020-09-14T13:26:23Z,23.47830412,37.64462263,0
2020-09-14T13:26:35Z,23.47801607,37.64437533,0
2020-09-14T13:26:41Z,23.47782465,37.64425702,0
2020-09-14T13:26:47Z,23.47763584,37.64416671,0
2020-09-14T13:26:56Z,23.47743844,37.64393678,0
2020-09-14T13:26:59Z,23.47741288,37.64385181,0
2020-09-14T13:27:08Z,23.47724897,37.64364377,0
2020-09-14T13:27:20Z,23.47695162,37.64340543,0
2020-09-14T13:27:23Z,23.47692032,37.64334742,0
2020-09-14T13:27:29Z,23.47669954,37.64323593,0
2020-09-14T13:27:35Z,23.47658969,37.64312254,0
2020-09-14T13:27:41Z,23.47654232,37.64301279,0
2020-09-14T13:27:47Z,23.4764696,37.64299481,0
2020-09-14T13:27:50Z,23.4764392,37.64297003,0
2020-09-14T13:28:14Z,23.47608021,37.64262323,0
2020-09-14T13:28:17Z,23.47606554,37.64259343,0
2020-09-14T13:28:38Z,23.47532355,37.64195597,0
2020-09-14T13:28:41Z,23.47526831,37.64188325,0
2020-09-14T13:28:44Z,23.47525623,37.64181599,0
2020-09-14T13:28:47Z,23.47522882,37.64177406,0
2020-09-14T13:28:53Z,23.47508185,37.64164705,0
2020-09-14T13:28:56Z,23.47498326,37.64160481,0
2020-09-14T13:29:05Z,23.47485778,37.64143818,0
2020-09-14T13:29:17Z,23.47461438,37.6411763,0
2020-09-14T13:29:26Z,23.47446951,37.64095176,0
2020-09-14T13:29:32Z,23.47436973,37.64082872,0
2020-09-14T13:29:38Z,23.47422264,37.64069802,0
2020-09-14T13:29:44Z,23.47410792,37.6405536,0
2020-09-14T13:29:56Z,23.47384807,37.64033364,0
2020-09-14T13:30:23Z,23.47314964,37.63961361,0
2020-09-14T13:30:41Z,23.47261312,37.6391562,0
2020-09-14T13:30:44Z,23.47254514,37.63905834,0
2020-09-14T13:30:56Z,23.47236844,37.6387154,0
2020-09-14T13:30:59Z,23.47231138,37.63863272,0
2020-09-14T13:31:05Z,23.47214206,37.63848082,0
2020-09-14T13:31:20Z,23.47161967,37.63813274,0
2020-09-14T13:31:23Z,23.4715491,37.63805467,0
2020-09-14T13:31:29Z,23.47144542,37.63788524,0
2020-09-14T13:31:38Z,23.47127756,37.63770968,0
2020-09-14T13:31:50Z,23.47104109,37.63740682,0
2020-09-14T13:32:08Z,23.47062473,37.63696376,0
2020-09-14T13:32:26Z,23.47028747,37.63649302,0
2020-09-14T13:32:35Z,23.47008144,37.63631604,0
2020-09-14T13:32:47Z,23.46975068,37.63606559,0
2020-09-14T13:32:59Z,23.46946068,37.63579656,0
2020-09-14T13:33:02Z,23.46937429,37.63576137,0
2020-09-14T13:33:08Z,23.46930492,37.63567688,0
2020-09-14T13:33:17Z,23.46903017,37.63546876,0
2020-09-14T13:33:26Z,23.46880377,37.63523022,0
2020-09-14T13:33:29Z,23.46870001,37.63517269,0
2020-09-14T13:33:41Z,23.46839067,37.63492033,0
2020-09-14T13:33:53Z,23.468106,37.63463813,0
2020-09-14T13:34:08Z,23.46785054,37.6343316,0
2020-09-14T13:34:29Z,23.46734189,37.63396915,0
2020-09-14T13:34:44Z,23.46705742,37.63362331,0
2020-09-14T13:35:02Z,23.46669924,37.63327491,0
2020-09-14T13:35:32Z,23.46575678,37.63259955,0
2020-09-14T13:35:53Z,23.46501551,37.63214712,0
2020-09-14T13:36:02Z,23.46473203,37.63191705,0
2020-09-14T13:36:05Z,23.46466771,37.63183657,0
2020-09-14T13:36:08Z,23.46457463,37.63175634,0
2020-09-14T13:36:20Z,23.46418286,37.63152209,0
2020-09-14T13:36:26Z,23.46399387,37.6313912,0
2020-09-14T13:36:29Z,23.46389229,37.63130597,0
2020-09-14T13:36:32Z,23.46381519,37.63121386,0
2020-09-14T13:36:35Z,23.46374851,37.63109773,0
2020-09-14T13:36:47Z,23.46357435,37.63068014,0
2020-09-14T13:36:53Z,23.46345384,37.6304708,0
2020-09-14T13:37:08Z,23.46310641,37.6300661,0
2020-09-14T13:37:14Z,23.46302185,37.62988296,0
2020-09-14T13:37:23Z,23.46294625,37.62960167,0
2020-09-14T13:37:35Z,23.46275734,37.62926954,0
2020-09-14T13:37:41Z,23.46262651,37.62910457,0
2020-09-14T13:37:47Z,23.46246094,37.62895872,0
2020-09-14T13:37:53Z,23.46233448,37.6287938,0
2020-09-14T13:37:59Z,23.4622587,37.62859587,0
2020-09-14T13:38:08Z,23.46224666,37.62834391,0
2020-09-14T13:38:11Z,23.46221101,37.6282382,0
2020-09-14T13:38:26Z,23.46193242,37.62778641,0
2020-09-14T13:38:38Z,23.46176068,37.62745216,0
2020-09-14T13:38:41Z,23.46169143,37.62735241,0
2020-09-14T13:38:59Z,23.46142893,37.62685091,0
2020-09-14T13:39:02Z,23.461392,37.62675326,0
2020-09-14T13:39:14Z,23.4611899,37.62641761,0
2020-09-14T13:39:20Z,23.46110686,37.62623456,0
2020-09-14T13:39:23Z,23.46103985,37.62615254,0
2020-09-14T13:39:32Z,23.46086671,37.62587383,0
2020-09-14T13:39:47Z,23.46070524,37.62543085,0
2020-09-14T13:39:56Z,23.46055019,37.62515759,0
2020-09-14T13:40:02Z,23.46050283,37.62497568,0
2020-09-14T13:40:11Z,23.4603658,37.62473234,0
2020-09-14T13:40:32Z,23.45997329,37.6241335,0
2020-09-14T13:40:38Z,23.45987427,37.62394285,0
2020-09-14T13:40:53Z,23.45967327,37.62347103,0
2020-09-14T13:41:05Z,23.45954975,37.62308968,0
2020-09-14T13:41:20Z,23.45934616,37.62261681,0
2020-09-14T13:41:41Z,23.45901986,37.62196689,0
2020-09-14T13:41:44Z,23.45894852,37.62188581,0
2020-09-14T13:41:53Z,23.45878224,37.62159805,0
2020-09-14T13:42:02Z,23.45868588,37.62131492,0
2020-09-14T13:42:08Z,23.45858834,37.62114726,0
2020-09-14T13:42:17Z,23.45836561,37.62093207,0
2020-09-14T13:42:23Z,23.45823205,37.62076118,0
2020-09-14T13:42:38Z,23.45800645,37.62032418,0
2020-09-14T13:42:50Z,23.45785533,37.61997092,0
2020-09-14T13:42:56Z,23.45783044,37.61981779,0
2020-09-14T13:43:02Z,23.4577621,37.61966433,0
2020-09-14T13:43:05Z,23.45771517,37.61957876,0
2020-09-14T13:43:11Z,23.45758426,37.61941672,0
2020-09-14T13:43:17Z,23.45748443,37.61922787,0
2020-09-14T13:43:23Z,23.45746652,37.61905753,0
2020-09-14T13:43:29Z,23.45738793,37.6188861,0
2020-09-14T13:43:35Z,23.45725647,37.6187068,0
2020-09-14T13:43:44Z,23.45697468,37.61847,0
2020-09-14T13:43:47Z,23.45691641,37.61836522,0
2020-09-14T13:43:50Z,23.45689968,37.61826016,0
2020-09-14T13:43:56Z,23.45691819,37.61808285,0
2020-09-14T13:43:59Z,23.45690656,37.61799998,0
2020-09-14T13:44:02Z,23.45687172,37.61792293,0
2020-09-14T13:44:11Z,23.45666277,37.6176999,0
2020-09-14T13:44:20Z,23.45636626,37.61750914,0
2020-09-14T13:44:41Z,23.45590265,37.61694668,0
2020-09-14T13:45:05Z,23.45523472,37.61635701,0
2020-09-14T13:45:29Z,23.45480209,37.61570405,0
2020-09-14T13:45:59Z,23.45406846,37.61494218,0
2020-09-14T13:46:26Z,23.45361229,37.61412801,0
2020-09-14T13:46:41Z,23.45346911,37.61372551,0
2020-09-14T13:46:44Z,23.45342023,37.61364929,0
2020-09-14T13:46:53Z,23.453215,37.61343215,0
2020-09-14T13:47:02Z,23.45296581,37.61322219,0
2020-09-14T13:47:08Z,23.4528375,37.61302978,0
2020-09-14T13:47:14Z,23.45275626,37.61285154,0
2020-09-14T13:47:20Z,23.4526606,37.61270369,0
2020-09-14T13:47:29Z,23.45245983,37.61249957,0
2020-09-14T13:47:38Z,23.45224217,37.61224433,0
2020-09-14T13:47:53Z,23.45193478,37.61181668,0
2020-09-14T13:47:59Z,23.45185598,37.61162744,0
2020-09-14T13:48:08Z,23.45171576,37.61138708,0
2020-09-14T13:48:23Z,23.45138027,37.61096998,0
2020-09-14T13:48:29Z,23.4513037,37.61080211,0
2020-09-14T13:48:44Z,23.45116365,37.61036845,0
2020-09-14T13:48:47Z,23.45110527,37.61029366,0
2020-09-14T13:48:56Z,23.45085309,37.61010717,0
2020-09-14T13:49:02Z,23.45065832,37.60999433,0
2020-09-14T13:49:11Z,23.45031035,37.6098336,0
2020-09-14T13:49:17Z,23.45010795,37.60971132,0
2020-09-14T13:49:23Z,23.44999589,37.60951717,0
2020-09-14T13:49:32Z,23.44993325,37.60922578,0
2020-09-14T13:49:35Z,23.44989265,37.60914795,0
2020-09-14T13:49:53Z,23.44947249,37.60869592,0
2020-09-14T13:49:59Z,23.44942039,37.60853575,0
2020-09-14T13:50:05Z,23.44941442,37.60838274,0
2020-09-14T13:50:11Z,23.44936306,37.60822115,0
2020-09-14T13:50:17Z,23.4492051,37.60809765,0
2020-09-14T13:50:26Z,23.44887935,37.60793305,0
2020-09-14T13:50:32Z,23.44873306,37.60777863,0
2020-09-14T13:50:41Z,23.44865118,37.60752556,0
2020-09-14T13:50:44Z,23.44861258,37.60745278,0
2020-09-14T13:50:53Z,23.44839849,37.60724158,0
2020-09-14T13:50:56Z,23.44833083,37.6071639,0
2020-09-14T13:50:59Z,23.44827843,37.60707284,0
2020-09-14T13:51:05Z,23.44822964,37.60693468,0
2020-09-14T13:51:11Z,23.44819717,37.6067803,0
2020-09-14T13:51:14Z,23.44816175,37.60668392,0
2020-09-14T13:51:17Z,23.44810796,37.60660434,0
2020-09-14T13:51:23Z,23.44795967,37.60649504,0
2020-09-14T13:51:32Z,23.44763961,37.6063537,0
2020-09-14T13:51:44Z,23.44716919,37.60625067,0
2020-09-14T13:51:47Z,23.44703936,37.60619161,0
2020-09-14T13:51:50Z,23.44695536,37.60611734,0
2020-09-14T13:51:59Z,23.44677888,37.60585948,0
2020-09-14T13:52:11Z,23.44644552,37.60552875,0
2020-09-14T13:52:20Z,23.44626433,37.60524199,0
2020-09-14T13:52:26Z,23.44622,37.60504897,0
2020-09-14T13:52:32Z,23.44611911,37.60486448,0
2020-09-14T13:52:35Z,23.44605739,37.60478044,0
2020-09-14T13:52:50Z,23.44567119,37.60441184,0
2020-09-14T13:52:59Z,23.44554428,37.60414555,0
2020-09-14T13:53:11Z,23.44543777,37.60379473,0
2020-09-14T13:53:14Z,23.44539205,37.6037162,0
2020-09-14T13:53:17Z,23.44533294,37.60364035,0
2020-09-14T13:53:20Z,23.44524335,37.6035595,0
2020-09-14T13:53:26Z,23.44505363,37.60343042,0
2020-09-14T13:53:32Z,23.44489661,37.60326799,0
2020-09-14T13:53:44Z,23.44472907,37.60291323,0
2020-09-14T13:54:02Z,23.44443841,37.60240457,0
2020-09-14T13:54:14Z,23.44411578,37.60208665,0
2020-09-14T13:54:23Z,23.4439448,37.60185038,0
2020-09-14T13:54:35Z,23.4437709,37.60149571,0
2020-09-14T13:54:50Z,23.44359516,37.60107288,0
2020-09-14T13:55:02Z,23.44348595,37.60076257,0
2020-09-14T13:55:14Z,23.44334572,37.60044456,0
2020-09-14T13:55:23Z,23.44318197,37.60021082,0
2020-09-14T13:55:29Z,23.44310384,37.60005785,0
2020-09-14T13:56:02Z,23.44243671,37.59917149,0
2020-09-14T13:56:11Z,23.44228664,37.59892821,0
2020-09-14T13:56:32Z,23.44196929,37.59832593,0
2020-09-14T13:56:35Z,23.44193263,37.59824056,0
2020-09-14T13:56:41Z,23.44189849,37.59809011,0
2020-09-14T13:56:47Z,23.44183595,37.59794367,0
2020-09-14T13:56:59Z,23.44168076,37.5976536,0
2020-09-14T13:57:23Z,23.44144299,37.59704712,0
2020-09-14T13:57:38Z,23.44126597,37.59668379,0
2020-09-14T13:57:53Z,23.4410846,37.59626172,0
2020-09-14T13:58:20Z,23.44081888,37.59553449,0
2020-09-14T13:58:26Z,23.4407387,37.59537448,0
2020-09-14T13:58:50Z,23.44052819,37.59478768,0
2020-09-14T13:59:08Z,23.44028525,37.59430946,0
2020-09-14T13:59:23Z,23.44013134,37.59393561,0
2020-09-14T13:59:44Z,23.44005651,37.59340358,0
2020-09-14T13:59:59Z,23.44014123,37.5930353,0
2020-09-14T14:00:17Z,23.44016928,37.59257502,0
2020-09-14T14:00:26Z,23.44019886,37.59234062,0
2020-09-14T14:00:44Z,23.44031865,37.59189542,0
2020-09-14T14:00:56Z,23.44037356,37.59159453,0
2020-09-14T14:01:05Z,23.4403609,37.5913666,0
2020-09-14T14:01:17Z,23.44027916,37.59106628,0
2020-09-14T14:01:26Z,23.44018322,37.59085752,0
2020-09-14T14:01:38Z,23.44009155,37.59056645,0
2020-09-14T14:01:47Z,23.43995829,37.59036584,0
2020-09-14T14:01:59Z,23.43980612,37.59008048,0
2020-09-14T14:02:08Z,23.43972086,37.58988148,0
2020-09-14T14:02:14Z,23.43961512,37.58973331,0
2020-09-14T14:02:26Z,23.43932297,37.58942935,0
2020-09-14T14:02:32Z,23.43920887,37.58927729,0
2020-09-14T14:02:50Z,23.43902755,37.58880785,0
2020-09-14T14:02:56Z,23.43901087,37.58865714,0
2020-09-14T14:02:59Z,23.43898679,37.58858081,0
2020-09-14T14:03:14Z,23.43881834,37.58821245,0
2020-09-14T14:03:23Z,23.4386481,37.58794203,0
2020-09-14T14:03:29Z,23.43851139,37.58777668,0
2020-09-14T14:03:38Z,23.43837669,37.58753855,0
2020-09-14T14:03:53Z,23.4380995,37.5871199,0
2020-09-14T14:04:17Z,23.43757579,37.58645387,0
2020-09-14T14:04:29Z,23.43732525,37.58608086,0
2020-09-14T14:04:41Z,23.43707103,37.58575758,0
2020-09-14T14:04:47Z,23.4369186,37.58557787,0
2020-09-14T14:05:02Z,23.4365507,37.5851985,0
2020-09-14T14:05:14Z,23.436298,37.58488896,0
2020-09-14T14:05:53Z,23.43562599,37.58390275,0
2020-09-14T14:06:05Z,23.4354185,37.58354495,0
2020-09-14T14:06:26Z,23.43515168,37.58293824,0
2020-09-14T14:06:32Z,23.43509285,37.58276612,0
2020-09-14T14:06:41Z,23.43498586,37.58253217,0
2020-09-14T14:07:02Z,23.43479197,37.58198302,0
2020-09-14T14:07:17Z,23.43458487,37.58159623,0
2020-09-14T14:07:41Z,23.43419742,37.58100618,0
2020-09-14T14:07:53Z,23.43405006,37.58067313,0
2020-09-14T14:07:56Z,23.43398663,37.58059914,0
2020-09-14T14:08:08Z,23.43381166,37.58024433,0
2020-09-14T14:08:14Z,23.43370833,37.58008027,0
2020-09-14T14:08:41Z,23.43343777,37.57941013,0
2020-09-14T14:08:56Z,23.43316571,37.57905642,0
2020-09-14T14:09:08Z,23.43287422,37.57877037,0
2020-09-14T14:09:14Z,23.4327721,37.5786295,0
2020-09-14T14:09:26Z,23.4325175,37.5783349,0
2020-09-14T14:09:47Z,23.43200026,37.57778434,0
2020-09-14T14:09:59Z,23.43174773,37.57746611,0
2020-09-14T14:10:05Z,23.43164951,37.57729194,0
2020-09-14T14:10:17Z,23.43149912,37.57696781,0
2020-09-14T14:10:35Z,23.43134677,37.57654791,0
2020-09-14T14:10:47Z,23.43117308,37.57629464,0
2020-09-14T14:10:59Z,23.43095704,37.57602523,0
2020-09-14T14:11:20Z,23.43067621,37.57552328,0
2020-09-14T14:11:29Z,23.43058318,37.57530905,0
2020-09-14T14:11:53Z,23.43012976,37.57475823,0
2020-09-14T14:12:08Z,23.42994674,37.57440813,0
2020-09-14T14:12:17Z,23.4298576,37.57419511,0
2020-09-14T14:12:26Z,23.4297177,37.57398582,0
2020-09-14T14:12:32Z,23.42961753,37.5738694,0
2020-09-14T14:13:11Z,23.42909749,37.57294292,0
2020-09-14T14:13:35Z,23.42864372,37.57234483,0
2020-09-14T14:13:47Z,23.42843025,37.57203793,0
2020-09-14T14:14:02Z,23.42818818,37.5716482,0
2020-09-14T14:14:23Z,23.42781964,37.5711386,0
2020-09-14T14:14:56Z,23.42741123,37.5703288,0
2020-09-14T14:14:59Z,23.42736986,37.57027167,0
2020-09-14T14:15:08Z,23.42716047,37.57008917,0
2020-09-14T14:15:29Z,23.42659621,37.56970964,0
2020-09-14T14:15:38Z,23.42641229,37.56952224,0
2020-09-14T14:15:50Z,23.42617904,37.56922375,0
2020-09-14T14:16:05Z,23.42594656,37.5688608,0
2020-09-14T14:16:44Z,23.42548999,37.56803321,0
2020-09-14T14:17:20Z,23.42499524,37.56723789,0
2020-09-14T14:17:59Z,23.42464936,37.5664084,0
2020-09-14T14:18:20Z,23.42437323,37.56595075,0
2020-09-14T14:18:32Z,23.42413182,37.5656996,0
2020-09-14T14:18:47Z,23.42380414,37.56543105,0
2020-09-14T14:19:02Z,23.4234569,37.56510468,0
2020-09-14T14:19:14Z,23.42326826,37.56480724,0
2020-09-14T14:19:41Z,23.42301882,37.5641466,0
2020-09-14T14:19:59Z,23.42278198,37.56369376,0
2020-09-14T14:20:08Z,23.42262435,37.56347547,0
2020-09-14T14:20:17Z,23.42243649,37.56327044,0
2020-09-14T14:20:38Z,23.42192662,37.56279689,0
2020-09-14T14:20:41Z,23.42187319,37.562729,0
2020-09-14T14:20:53Z,23.4215574,37.56245763,0
2020-09-14T14:21:05Z,23.42136,37.56218558,0
2020-09-14T14:21:11Z,23.42128595,37.56200303,0
2020-09-14T14:21:23Z,23.42122244,37.56170215,0
2020-09-14T14:21:32Z,23.4211181,37.5614929,0
2020-09-14T14:21:50Z,23.42089361,37.5611335,0
2020-09-14T14:22:02Z,23.42075294,37.56086094,0
2020-09-14T14:22:08Z,23.42071447,37.5607157,0
2020-09-14T14:22:11Z,23.42068153,37.5606614,0
2020-09-14T14:22:23Z,23.42064334,37.56040906,0
2020-09-14T14:22:41Z,23.42054454,37.56008873,0
2020-09-14T14:22:47Z,23.42049599,37.55997875,0
2020-09-14T14:23:26Z,23.42001223,37.55921433,0
2020-09-14T14:23:47Z,23.41979293,37.5587664,0
2020-09-14T14:24:02Z,23.4196008,37.55845991,0
2020-09-14T14:24:20Z,23.41926929,37.55815596,0
2020-09-14T14:24:32Z,23.41912383,37.55790338,0
2020-09-14T14:24:59Z,23.41886994,37.55736402,0
2020-09-14T14:25:17Z,23.41884024,37.55703483,0
2020-09-14T14:25:23Z,23.41880234,37.55692247,0
2020-09-14T14:25:35Z,23.41868584,37.55670011,0
2020-09-14T14:25:41Z,23.41858464,37.5565859,0
2020-09-14T14:25:53Z,23.41833481,37.55637964,0
2020-09-14T14:26:14Z,23.41777849,37.55606896,0
2020-09-14T14:26:23Z,23.4175416,37.55590168,0
2020-09-14T14:26:47Z,23.41691702,37.55553285,0
2020-09-14T14:27:02Z,23.41652247,37.55526016,0
2020-09-14T14:27:05Z,23.4164263,37.55521288,0
2020-09-14T14:27:17Z,23.41608207,37.55498918,0
2020-09-14T14:27:29Z,23.41573425,37.55480861,0
2020-09-14T14:27:47Z,23.41518321,37.55445818,0
2020-09-14T14:27:59Z,23.41477338,37.55425051,0
2020-09-14T14:28:14Z,23.4142265,37.55401767,0
2020-09-14T14:28:20Z,23.41397507,37.55394359,0
2020-09-14T14:28:29Z,23.41360928,37.55387559,0
2020-09-14T14:28:50Z,23.41270761,37.55378413,0
2020-09-14T14:28:53Z,23.4125876,37.55375575,0
2020-09-14T14:28:56Z,23.41247937,37.5537041,0
2020-09-14T14:29:05Z,23.41219976,37.55351164,0
2020-09-14T14:29:11Z,23.4120322,37.55336676,0
2020-09-14T14:29:29Z,23.41162272,37.55295229,0
2020-09-14T14:29:35Z,23.4115182,37.55282093,0
2020-09-14T14:29:41Z,23.41143953,37.5526673,0
2020-09-14T14:29:47Z,23.41145499,37.55251836,0
2020-09-14T14:29:53Z,23.41152035,37.55239921,0
2020-09-14T14:30:02Z,23.41170792,37.55221097,0
2020-09-14T14:30:14Z,23.41199604,37.55200597,0
2020-09-14T14:30:23Z,23.4121975,37.55181876,0
2020-09-14T14:30:29Z,23.41227702,37.55168656,0
2020-09-14T14:30:35Z,23.41229661,37.55151855,0
2020-09-14T14:30:41Z,23.41237901,37.55138067,0
2020-09-14T14:30:50Z,23.41255769,37.5511921,0
2020-09-14T14:31:05Z,23.41292236,37.5508786,0
2020-09-14T14:31:14Z,23.41310102,37.55067557,0
2020-09-14T14:31:29Z,23.4132732,37.55033541,0
2020-09-14T14:31:41Z,23.41336959,37.55001957,0
2020-09-14T14:32:02Z,23.41363415,37.54952023,0
2020-09-14T14:32:17Z,23.41385859,37.54920726,0
2020-09-14T14:32:32Z,23.41412524,37.54892542,0
2020-09-14T14:32:38Z,23.4142091,37.54881302,0
2020-09-14T14:32:44Z,23.41428729,37.54868977,0
2020-09-14T14:33:02Z,23.4144714,37.54829894,0
2020-09-14T14:33:11Z,23.41458665,37.54811867,0
2020-09-14T14:33:17Z,23.41467676,37.54801897,0
2020-09-14T14:33:32Z,23.41501834,37.54776015,0
2020-09-14T14:33:38Z,23.41507377,37.54763476,0
2020-09-14T14:33:53Z,23.41513675,37.54733722,0
2020-09-14T14:34:02Z,23.41519252,37.5471759,0
2020-09-14T14:34:17Z,23.41535911,37.5468906,0
2020-09-14T14:34:20Z,23.41540947,37.54683686,0
2020-09-14T14:34:32Z,23.4155736,37.54655715,0
2020-09-14T14:34:41Z,23.41571692,37.54634929,0
2020-09-14T14:34:53Z,23.41585658,37.54608095,0
2020-09-14T14:34:56Z,23.41586487,37.54601287,0
2020-09-14T14:35:05Z,23.41605226,37.54582379,0
2020-09-14T14:35:08Z,23.41610025,37.54575378,0
2020-09-14T14:35:17Z,23.41619328,37.54553683,0
2020-09-14T14:35:20Z,23.41624608,37.54547916,0
2020-09-14T14:35:26Z,23.41631106,37.54534361,0
2020-09-14T14:35:35Z,23.41638917,37.54511199,0
2020-09-14T14:35:47Z,23.41653368,37.54481369,0
2020-09-14T14:35:50Z,23.4165855,37.54475604,0
2020-09-14T14:35:59Z,23.41672594,37.54452054,0
2020-09-14T14:36:02Z,23.41677864,37.54446466,0
2020-09-14T14:36:05Z,23.41681623,37.54437983,0
2020-09-14T14:36:17Z,23.41701549,37.54406903,0
2020-09-14T14:36:44Z,23.41728147,37.54342124,0
2020-09-14T14:36:53Z,23.41734753,37.54321941,0
2020-09-14T14:36:56Z,23.41739887,37.54315218,0
2020-09-14T14:37:02Z,23.41751559,37.54304898,0
2020-09-14T14:37:08Z,23.41763015,37.54290419,0
2020-09-14T14:37:53Z,23.41822617,37.54196616,0
2020-09-14T14:38:08Z,23.41850425,37.54163977,0
2020-09-14T14:38:38Z,23.41908987,37.54101409,0
2020-09-14T14:38:59Z,23.41948476,37.54055889,0
2020-09-14T14:39:23Z,23.42002495,37.54004626,0
2020-09-14T14:39:32Z,23.42021528,37.53985063,0
2020-09-14T14:39:41Z,23.42042029,37.53960293,0
2020-09-14T14:39:50Z,23.42065394,37.5393888,0
2020-09-14T14:40:17Z,23.4210243,37.5387255,0
2020-09-14T14:40:23Z,23.42114393,37.53859198,0
2020-09-14T14:40:32Z,23.42135525,37.53840019,0
2020-09-14T14:40:38Z,23.42147338,37.53826085,0
2020-09-14T14:40:47Z,23.42162456,37.53803235,0
2020-09-14T14:40:50Z,23.42168732,37.53797753,0
2020-09-14T14:41:08Z,23.42194208,37.53753489,0
2020-09-14T14:41:26Z,23.42222387,37.5371619,0
2020-09-14T14:41:50Z,23.42266862,37.53665783,0
2020-09-14T14:41:59Z,23.42288241,37.53649632,0
2020-09-14T14:42:02Z,23.42294303,37.53642627,0
2020-09-14T14:42:05Z,23.42296865,37.53636106,0
2020-09-14T14:42:11Z,23.42296632,37.53622643,0
2020-09-14T14:42:20Z,23.42283737,37.5360239,0
2020-09-14T14:42:29Z,23.4226469,37.5358136,0
2020-09-14T14:42:35Z,23.42258262,37.53565463,0
2020-09-14T14:42:44Z,23.42257717,37.53542586,0
2020-09-14T14:42:59Z,23.42265359,37.53505624,0
2020-09-14T14:43:05Z,23.42263552,37.53490708,0
2020-09-14T14:43:08Z,23.42260977,37.53482854,0
2020-09-14T14:43:11Z,23.42256307,37.53475614,0
2020-09-14T14:43:23Z,23.42233211,37.5344906,0
2020-09-14T14:43:29Z,23.42225845,37.53435602,0
2020-09-14T14:43:32Z,23.42223848,37.53428101,0
2020-09-14T14:43:38Z,23.42223032,37.53413849,0
2020-09-14T14:43:53Z,23.42228755,37.53379195,0
2020-09-14T14:43:56Z,23.42223838,37.53372768,0
2020-09-14T14:44:05Z,23.42218373,37.53348486,0
2020-09-14T14:44:14Z,23.42206602,37.53324092,0
2020-09-14T14:44:23Z,23.42198675,37.53301224,0
2020-09-14T14:44:35Z,23.42190871,37.53267089,0
2020-09-14T14:44:56Z,23.4217172,37.53210399,0
2020-09-14T14:45:02Z,23.42163289,37.53196946,0
2020-09-14T14:45:11Z,23.42152649,37.53171907,0
2020-09-14T14:45:14Z,23.42146639,37.53163396,0
2020-09-14T14:45:20Z,23.42141476,37.53144696,0
2020-09-14T14:45:29Z,23.42131978,37.53120646,0
2020-09-14T14:45:38Z,23.42125575,37.53094568,0
2020-09-14T14:45:47Z,23.4212198,37.5307142,0
2020-09-14T14:46:02Z,23.42109618,37.53032403,0
2020-09-14T14:46:05Z,23.42105767,37.53025367,0
2020-09-14T14:46:21Z,23.42102263,37.52984126,0
2020-09-14T14:46:27Z,23.42097714,37.52968113,0
2020-09-14T14:46:33Z,23.42090953,37.52953163,0
2020-09-14T14:46:42Z,23.42084639,37.5293052,0
2020-09-14T14:46:57Z,23.4207918,37.52895903,0
2020-09-14T14:47:06Z,23.42073519,37.52877405,0
2020-09-14T14:47:24Z,23.42064221,37.52833889,0
2020-09-14T14:47:27Z,23.42060194,37.52825782,0
2020-09-14T14:47:36Z,23.42054611,37.52804531,0
2020-09-14T14:47:42Z,23.42048702,37.52791017,0
2020-09-14T14:47:54Z,23.42041569,37.5276148,0
2020-09-14T14:48:06Z,23.420312,37.52729708,0
2020-09-14T14:48:15Z,23.4202706,37.5270441,0
2020-09-14T14:48:21Z,23.42022024,37.52686255,0
2020-09-14T14:48:30Z,23.42006248,37.52665423,0
2020-09-14T14:48:36Z,23.41998052,37.52651463,0
2020-09-14T14:48:54Z,23.41984319,37.52604852,0
2020-09-14T14:48:57Z,23.41979896,37.52597088,0
2020-09-14T14:49:09Z,23.41969427,37.52567026,0
2020-09-14T14:49:24Z,23.41958346,37.52527606,0
2020-09-14T14:49:30Z,23.41948541,37.52513357,0
2020-09-14T14:49:33Z,23.41945568,37.52505943,0
2020-09-14T14:49:36Z,23.41939418,37.52499214,0
2020-09-14T14:49:42Z,23.41928912,37.52482391,0
2020-09-14T14:49:54Z,23.41913419,37.52447811,0
2020-09-14T14:50:09Z,23.41897666,37.52400974,0
2020-09-14T14:50:12Z,23.41893712,37.52393023,0
2020-09-14T14:50:18Z,23.4188962,37.52374863,0
2020-09-14T14:50:21Z,23.41885606,37.52365622,0
2020-09-14T14:50:42Z,23.41869397,37.52307537,0
2020-09-14T14:50:45Z,23.41866344,37.52298859,0
2020-09-14T14:50:48Z,23.41861387,37.52293434,0
2020-09-14T14:51:00Z,23.41853857,37.52258461,0
2020-09-14T14:51:09Z,23.41844921,37.52236097,0
2020-09-14T14:51:21Z,23.41837385,37.52203099,0
2020-09-14T14:51:39Z,23.41817966,37.52153805,0
2020-09-14T14:51:54Z,23.41794554,37.52111762,0
2020-09-14T14:52:06Z,23.41783119,37.52083137,0
2020-09-14T14:52:21Z,23.41775056,37.52047516,0
2020-09-14T14:52:24Z,23.41771412,37.52039191,0
2020-09-14T14:52:27Z,23.41771025,37.5202987,0
2020-09-14T14:52:30Z,23.41767988,37.52023762,0
2020-09-14T14:52:33Z,23.41766864,37.52015956,0
2020-09-14T14:52:42Z,23.41755064,37.51991524,0
2020-09-14T14:52:48Z,23.41751396,37.51975787,0
2020-09-14T14:52:57Z,23.41749528,37.5195505,0
2020-09-14T14:53:12Z,23.41742844,37.51917828,0
2020-09-14T14:53:15Z,23.4174602,37.51910701,0
2020-09-14T14:53:21Z,23.41758801,37.51899154,0
2020-09-14T14:53:27Z,23.41776427,37.51892078,0
2020-09-14T14:53:33Z,23.41795937,37.51887492,0
2020-09-14T14:53:39Z,23.41816748,37.51879786,0
2020-09-14T14:53:42Z,23.41826345,37.51874862,0
2020-09-14T14:53:48Z,23.41842252,37.51862667,0
2020-09-14T14:54:06Z,23.41876161,37.51824816,0
2020-09-14T14:54:27Z,23.41927766,37.51785824,0
2020-09-14T14:54:33Z,23.41945023,37.51771104,0
2020-09-14T14:54:48Z,23.41981651,37.51735509,0
2020-09-14T14:54:54Z,23.41993719,37.51722157,0
2020-09-14T14:55:09Z,23.42019341,37.51681735,0
2020-09-14T14:55:12Z,23.42021269,37.5167516,0
2020-09-14T14:55:18Z,23.42032339,37.51663005,0
2020-09-14T14:55:30Z,23.42058098,37.5163956,0
2020-09-14T14:55:36Z,23.42072936,37.51629139,0
2020-09-14T14:55:42Z,23.42087771,37.51621676,0
2020-09-14T14:55:51Z,23.42107724,37.51605261,0
2020-09-14T14:56:12Z,23.42162989,37.51572572,0
2020-09-14T14:56:27Z,23.42203266,37.51540731,0
2020-09-14T14:56:33Z,23.42217858,37.5152795,0
2020-09-14T14:56:51Z,23.42254045,37.51489694,0
2020-09-14T14:57:00Z,23.42268871,37.51464536,0
2020-09-14T14:57:09Z,23.42289635,37.51446849,0
2020-09-14T14:57:21Z,23.42321776,37.51424058,0
2020-09-14T14:57:30Z,23.42343806,37.514054,0
2020-09-14T14:57:42Z,23.42377006,37.5138258,0
2020-09-14T14:57:48Z,23.42390868,37.51370945,0
2020-09-14T14:58:09Z,23.42431896,37.5133061,0
2020-09-14T14:58:33Z,23.42483071,37.51289398,0
2020-09-14T14:58:57Z,23.42526719,37.51243899,0
2020-09-14T14:59:15Z,23.42563133,37.51209946,0
2020-09-14T14:59:42Z,23.42610596,37.5116107,0
2020-09-14T14:59:57Z,23.42643655,37.51129831,0
2020-09-14T15:00:09Z,23.42676054,37.51103689,0
2020-09-14T15:00:24Z,23.42709731,37.51070574,0
2020-09-14T15:00:36Z,23.42736711,37.51048885,0
2020-09-14T15:00:54Z,23.42770398,37.51013479,0
2020-09-14T15:01:24Z,23.42834825,37.50953082,0
2020-09-14T15:01:33Z,23.42853968,37.50937816,0
2020-09-14T15:01:48Z,23.42881966,37.50909385,0
2020-09-14T15:02:03Z,23.42914696,37.50882322,0
2020-09-14T15:02:24Z,23.42966704,37.50850434,0
2020-09-14T15:03:15Z,23.4312567,37.50785645,0
2020-09-14T15:03:33Z,23.43185097,37.50765909,0
2020-09-14T15:03:39Z,23.43203435,37.50755702,0
2020-09-14T15:03:51Z,23.43241648,37.50739952,0
2020-09-14T15:04:12Z,23.43323104,37.50711202,0
2020-09-14T15:04:18Z,23.43348375,37.50704227,0
2020-09-14T15:04:21Z,23.43361976,37.50702297,0
2020-09-14T15:04:27Z,23.4338908,37.50702565,0
2020-09-14T15:04:36Z,23.43427593,37.50695378,0
2020-09-14T15:04:45Z,23.43463081,37.5068497,0
2020-09-14T15:05:06Z,23.43533975,37.50660265,0
2020-09-14T15:05:15Z,23.43564274,37.50648819,0
2020-09-14T15:05:27Z,23.43598543,37.50633318,0
2020-09-14T15:05:33Z,23.43621215,37.50629991,0
2020-09-14T15:05:42Z,23.43654517,37.5063442,0
2020-09-14T15:05:51Z,23.43685745,37.50645734,0
2020-09-14T15:06:06Z,23.43716421,37.50669212,0
2020-09-14T15:06:21Z,23.43730222,37.50684091,0
2020-09-14T15:06:24Z,23.43734649,37.5068638,0
2020-09-14T15:06:33Z,23.43738161,37.50694695,0
2020-09-14T15:06:45Z,23.43751573,37.50702461,0
2020-09-14T15:06:57Z,23.43755234,37.50713501,0
2020-09-14T15:07:09Z,23.43761139,37.50724363,0
2020-09-14T15:07:21Z,23.4376026,37.50733853,0
2020-09-14T15:07:24Z,23.43758828,37.50734901,0
2020-09-14T15:07:39Z,23.43760828,37.50747962,0
2020-09-14T15:07:57Z,23.43760298,37.5076285,0
2020-09-14T15:08:12Z,23.43766631,37.50773676,0
2020-09-14T15:08:24Z,23.43765943,37.50780864,0
2020-09-14T15:08:42Z,23.43769764,37.50797206,0
2020-09-14T15:08:48Z,23.43766201,37.50804355,0
2020-09-14T15:08:51Z,23.43762717,37.50806509,0
2020-09-14T15:08:54Z,23.43756347,37.50808496,0
2020-09-14T15:09:00Z,23.43746036,37.5080852,0
2020-09-14T15:09:06Z,23.43736692,37.50802811,0
2020-09-14T15:09:12Z,23.43729384,37.50795702,0
2020-09-14T15:09:15Z,23.43726923,37.50790564,0
2020-09-14T15:09:21Z,23.43729813,37.50781492,0
2020-09-14T15:09:27Z,23.4373623,37.50774485,0
2020-09-14T15:09:36Z,23.43754202,37.50766161,0
2020-09-14T15:09:57Z,23.43780706,37.50742283,0
2020-09-14T15:10:03Z,23.43785189,37.50733194,0
2020-09-14T15:10:18Z,23.43791596,37.50709603,0
2020-09-14T15:10:24Z,23.43796846,37.50701892,0
2020-09-14T15:10:45Z,23.43823087,37.50674253,0
2020-09-14T15:11:00Z,23.4384474,37.50659125,0
2020-09-14T15:11:15Z,23.43867309,37.50647105,0
2020-09-14T15:11:36Z,23.43905433,37.50636807,0
2020-09-14T15:11:42Z,23.43912416,37.50629393,0
2020-09-14T15:11:45Z,23.43913606,37.50624236,0
2020-09-14T15:11:51Z,23.43910463,37.5061627,0
2020-09-14T15:11:54Z,23.43907824,37.50613442,0
2020-09-14T15:12:03Z,23.43895511,37.50608875,0
2020-09-14T15:12:09Z,23.43888013,37.50608524,0
2020-09-14T15:12:24Z,23.43870694,37.50615433,0
2020-09-14T15:12:30Z,23.43867467,37.50620215,0
2020-09-14T15:12:39Z,23.43865106,37.50629169,0
2020-09-14T15:12:51Z,23.43866841,37.50637518,0
2020-09-14T15:13:03Z,23.43874555,37.50644211,0
2020-09-14T15:13:12Z,23.43885328,37.50645851,0
2020-09-14T15:13:15Z,23.43889141,37.50647849,0
2020-09-14T15:13:27Z,23.43903258,37.50642025,0
2020-09-14T15:13:30Z,23.43906717,37.50638649,0
2020-09-14T15:13:42Z,23.439143,37.50624528,0
2020-09-14T15:13:51Z,23.43918322,37.50611214,0
2020-09-14T15:13:54Z,23.43921546,37.50606234,0
2020-09-14T15:14:03Z,23.43932983,37.50597366,0
2020-09-14T15:14:15Z,23.4395113,37.50591841,0
2020-09-14T15:14:42Z,23.43999854,37.50587003,0
2020-09-14T15:14:48Z,23.4401503,37.50583928,0
2020-09-14T15:15:06Z,23.44065056,37.50566666,0
2020-09-14T15:15:15Z,23.4408658,37.50556794,0
2020-09-14T15:15:33Z,23.44124622,37.50534286,0
2020-09-14T15:15:36Z,23.44129343,37.50529644,0
2020-09-14T15:15:45Z,23.44149198,37.50516587,0
2020-09-14T15:15:54Z,23.44176324,37.50502098,0
2020-09-14T15:16:09Z,23.44216997,37.50474725,0
2020-09-14T15:16:21Z,23.4425405,37.50455779,0
2020-09-14T15:16:36Z,23.44297053,37.50424619,0
2020-09-14T15:16:48Z,23.44326883,37.50397442,0
2020-09-14T15:17:00Z,23.44360522,37.50371846,0
2020-09-14T15:17:12Z,23.44389878,37.50345797,0
2020-09-14T15:17:24Z,23.44424107,37.50325094,0
2020-09-14T15:17:43Z,23.44482542,37.50305791,0
2020-09-14T15:17:52Z,23.44511672,37.50294526,0
2020-09-14T15:18:07Z,23.44551603,37.50274128,0
2020-09-14T15:18:13Z,23.44562487,37.50261812,0
2020-09-14T15:18:16Z,23.4456914,37.5025766,0
2020-09-14T15:18:37Z,23.44630711,37.50237284,0
2020-09-14T15:18:49Z,23.44665053,37.50223357,0
2020-09-14T15:18:55Z,23.44681941,37.5021511,0
2020-09-14T15:19:07Z,23.44711886,37.50194751,0
2020-09-14T15:19:16Z,23.44736283,37.50182722,0
2020-09-14T15:19:25Z,23.44764625,37.50176849,0
2020-09-14T15:20:04Z,23.4488515,37.50162565,0
2020-09-14T15:20:19Z,23.44931505,37.50158445,0
2020-09-14T15:20:37Z,23.44985948,37.50160354,0
2020-09-14T15:20:43Z,23.45004327,37.50157072,0
2020-09-14T15:20:49Z,23.45017765,37.50158908,0
2020-09-14T15:21:28Z,23.45104742,37.50151161,0
2020-09-14T15:21:34Z,23.45116826,37.50146133,0
2020-09-14T15:21:43Z,23.451279,37.50135863,0
2020-09-14T15:21:52Z,23.4513135,37.50122532,0
2020-09-14T15:22:01Z,23.4512697,37.50109312,0
2020-09-14T15:22:10Z,23.45118896,37.50099672,0
2020-09-14T15:22:28Z,23.45094369,37.50086706,0
2020-09-14T15:22:40Z,23.4507809,37.5008375,0
2020-09-14T15:22:55Z,23.45062684,37.50085995,0
2020-09-14T15:23:04Z,23.45055847,37.50089321,0
2020-09-14T15:23:10Z,23.4505568,37.50093572,0
2020-09-14T15:23:16Z,23.45058471,37.50097713,0
2020-09-14T15:23:25Z,23.45067761,37.50103847,0
2020-09-14T15:23:34Z,23.45079577,37.50106194,0
2020-09-14T15:23:43Z,23.45091882,37.5010627,0
2020-09-14T15:23:49Z,23.45101512,37.50102217,0
2020-09-14T15:23:52Z,23.45104276,37.50099503,0
2020-09-14T15:23:55Z,23.45105304,37.50094557,0
2020-09-14T15:24:04Z,23.45099049,37.50085332,0
2020-09-14T15:24:19Z,23.45081804,37.50074258,0
2020-09-14T15:24:25Z,23.45070139,37.50063598,0
2020-09-14T15:24:31Z,23.45055125,37.50055364,0
2020-09-14T15:24:40Z,23.45041193,37.50039676,0
2020-09-14T15:24:49Z,23.45034011,37.50021383,0
2020-09-14T15:24:52Z,23.45033365,37.50012009,0
2020-09-14T15:24:58Z,23.45034053,37.49997123,0
2020-09-14T15:25:04Z,23.45037499,37.49981541,0
2020-09-14T15:25:13Z,23.45042986,37.49968938,0
2020-09-14T15:25:31Z,23.45071763,37.49921911,0
2020-09-14T15:25:52Z,23.45108938,37.49874872,0
2020-09-14T15:26:01Z,23.45127026,37.49856703,0
2020-09-14T15:26:10Z,23.45148123,37.49841104,0
2020-09-14T15:26:37Z,23.45218037,37.49794512,0
2020-09-14T15:26:43Z,23.45235253,37.49786498,0
2020-09-14T15:26:52Z,23.45263952,37.4977933,0
2020-09-14T15:27:04Z,23.45302145,37.4977208,0
2020-09-14T15:27:16Z,23.45339686,37.49767328,0
2020-09-14T15:27:40Z,23.4542002,37.49767108,0
2020-09-14T15:27:55Z,23.45468286,37.49768649,0
2020-09-14T15:28:01Z,23.45486262,37.49766756,0
2020-09-14T15:28:52Z,23.45643764,37.49736172,0
2020-09-14T15:28:58Z,23.4566443,37.49730656,0
2020-09-14T15:29:07Z,23.45688589,37.49721748,0
2020-09-14T15:29:10Z,23.45692261,37.49718795,0
2020-09-14T15:29:16Z,23.45704916,37.49718566,0
2020-09-14T15:29:22Z,23.45716577,37.49723037,0
2020-09-14T15:29:25Z,23.45719235,37.49727138,0
2020-09-14T15:29:28Z,23.45720405,37.49733153,0
2020-09-14T15:29:31Z,23.45719933,37.49736651,0
2020-09-14T15:29:34Z,23.45716894,37.49740806,0
2020-09-14T15:29:55Z,23.45676919,37.49756911,0
2020-09-14T15:30:23Z,23.45622346,37.49774461,0
2020-09-14T15:30:47Z,23.45581154,37.49781526,0
2020-09-14T15:31:14Z,23.45566544,37.49780868,0
2020-09-14T15:31:23Z,23.45562586,37.49779098,0
2020-09-14T15:31:38Z,23.4554872,37.49779364,0
2020-09-14T15:31:44Z,23.4554309,37.49781143,0
2020-09-14T15:31:47Z,23.45540933,37.49783616,0
2020-09-14T15:31:50Z,23.45536693,37.49783674,0
2020-09-14T15:31:59Z,23.45523501,37.49781544,0
2020-09-14T15:32:08Z,23.45520767,37.49774986,0
2020-09-14T15:32:14Z,23.45525808,37.49766074,0
2020-09-14T15:32:20Z,23.45536248,37.4976001,0
2020-09-14T15:32:38Z,23.45583082,37.49744891,0
2020-09-14T15:32:53Z,23.45624695,37.49739316,0
2020-09-14T15:32:59Z,23.45639987,37.49733353,0
2020-09-14T15:33:02Z,23.45649626,37.49735834,0
2020-09-14T15:33:05Z,23.45656452,37.49741485,0
2020-09-14T15:33:11Z,23.45660501,37.49753782,0
2020-09-14T15:33:20Z,23.4565403,37.49764845,0
2020-09-14T15:33:23Z,23.4565009,37.49766912,0
2020-09-14T15:33:32Z,23.45634618,37.49769833,0
2020-09-14T15:33:47Z,23.45602183,37.49781273,0
2020-09-14T15:33:56Z,23.45581708,37.49783821,0
2020-09-14T15:33:59Z,23.45577387,37.49785706,0
2020-09-14T15:34:02Z,23.45571452,37.49784128,0
2020-09-14T15:34:35Z,23.45510524,37.49788802,0
2020-09-14T15:34:47Z,23.4549521,37.49786834,0
2020-09-14T15:34:50Z,23.45489805,37.49787577,0
2020-09-14T15:34:59Z,23.45471833,37.49784268,0
2020-09-14T15:35:32Z,23.45432499,37.4978493,0
2020-09-14T15:35:35Z,23.45428415,37.49783692,0
2020-09-14T15:35:53Z,23.45407405,37.49786597,0
2020-09-14T15:36:05Z,23.45396935,37.4978591,0
2020-09-14T15:36:20Z,23.45390814,37.49780192,0
2020-09-14T15:36:47Z,23.45372462,37.49780018,0
2020-09-14T15:37:05Z,23.453556,37.49782327,0
2020-09-14T15:37:32Z,23.45326325,37.49779196,0
2020-09-14T15:37:38Z,23.45313286,37.49780282,0
2020-09-14T15:37:50Z,23.45288297,37.49779234,0
2020-09-14T15:37:59Z,23.45268393,37.49783204,0
2020-09-14T15:38:11Z,23.45245145,37.49791474,0
2020-09-14T15:38:17Z,23.45235902,37.49799543,0
2020-09-14T15:38:29Z,23.45214736,37.49813919,0
2020-09-14T15:38:56Z,23.4516719,37.49838286,0
2020-09-14T15:39:23Z,23.45121482,37.49870762,0
2020-09-14T15:39:29Z,23.45112207,37.49875847,0
2020-09-14T15:39:50Z,23.45084953,37.49903106,0
2020-09-14T15:39:59Z,23.45073833,37.49917666,0
2020-09-14T15:40:14Z,23.45057836,37.49943653,0
2020-09-14T15:40:29Z,23.4504895,37.49971259,0
2020-09-14T15:40:35Z,23.45046837,37.49983686,0
2020-09-14T15:40:38Z,23.45047883,37.49989071,0
2020-09-14T15:40:47Z,23.45057319,37.50005962,0
2020-09-14T15:40:56Z,23.45073342,37.50021263,0
2020-09-14T15:41:02Z,23.45085217,37.50030227,0
2020-09-14T15:41:14Z,23.45103131,37.50048649,0
2020-09-14T15:41:32Z,23.45140897,37.50070532,0
2020-09-14T15:41:44Z,23.45170571,37.50084844,0
2020-09-14T15:41:56Z,23.45196067,37.50091987,0
2020-09-14T15:42:11Z,23.45212999,37.5010636,0
2020-09-14T15:42:29Z,23.45217441,37.50120167,0
2020-09-14T15:43:05Z,23.45226598,37.50109947,0
2020-09-14T15:43:20Z,23.45223713,37.50101346,0
2020-09-14T15:43:23Z,23.45221153,37.50099536,0
2020-09-14T15:43:32Z,23.45218692,37.50094283,0
2020-09-14T15:43:38Z,23.45214233,37.5009239,0
2020-09-14T15:43:44Z,23.45213611,37.50088902,0
2020-09-14T15:43:53Z,23.4520972,37.5008486,0
2020-09-14T15:43:56Z,23.45207207,37.5008472,0
2020-09-14T15:44:08Z,23.45204006,37.50081931,0
2020-09-14T15:44:23Z,23.45192357,37.50081554,0
2020-09-14T15:44:29Z,23.45187777,37.50079816,0
2020-09-14T15:44:35Z,23.45190356,37.50077738,0
2020-09-14T15:44:44Z,23.45208908,37.50077628,0
2020-09-14T15:44:47Z,23.45214872,37.50081545,0
2020-09-14T15:44:53Z,23.45220614,37.50088452,0
2020-09-14T15:44:56Z,23.45221019,37.50091664,0
2020-09-14T15:46:02Z,23.45208108,37.50105084,0
2020-09-14T15:46:11Z,23.45215785,37.50106674,0
2020-09-14T15:46:38Z,23.45226497,37.50104952,0
2020-09-14T15:46:47Z,23.45222555,37.5010388,0
2020-09-14T15:46:56Z,23.45216777,37.50106109,0
2020-09-14T15:47:11Z,23.45207208,37.50104849,0
2020-09-14T15:47:17Z,23.45207898,37.50103322,0
2020-09-14T15:47:26Z,23.4520691,37.50104774,0
2020-09-14T15:47:38Z,23.45192525,37.50108344,0
2020-09-14T15:47:50Z,23.45181576,37.50109205,0
2020-09-14T15:48:05Z,23.45191196,37.50106907,0
2020-09-14T15:48:20Z,23.4520649,37.5011382,0
2020-09-14T15:48:35Z,23.45214654,37.50124139,0
2020-09-14T15:48:47Z,23.45216188,37.50121192,0
2020-09-14T15:48:53Z,23.45218584,37.50120476,0
2020-09-14T15:49:02Z,23.45216789,37.50111144,0
2020-09-14T15:49:08Z,23.45218544,37.50106246,0
2020-09-14T15:49:14Z,23.45217743,37.50102445,0
2020-09-14T15:49:23Z,23.45220301,37.50103227,0
2020-09-14T15:49:35Z,23.45222388,37.50106739,0
2020-09-14T15:49:41Z,23.45223585,37.50105599,0
2020-09-14T15:49:53Z,23.45217606,37.50095467,0
2020-09-14T15:50:17Z,23.45216661,37.50088023,0
2020-09-14T15:50:20Z,23.45215168,37.50086389,0
2020-09-14T15:50:47Z,23.45196273,37.50084744,0
2020-09-14T15:50:59Z,23.45188148,37.50080581,0
2020-09-14T15:51:05Z,23.45192565,37.50079765,0
2020-09-14T15:51:11Z,23.45201948,37.50081893,0
2020-09-14T15:51:14Z,23.4520663,37.50084209,0
2020-09-14T15:51:20Z,23.45211593,37.50091043,0
2020-09-14T15:51:26Z,23.45213244,37.50100824,0
2020-09-14T15:51:38Z,23.45210888,37.50109029,0
2020-09-14T15:51:44Z,23.45208294,37.50109578,0
2020-09-14T15:51:47Z,23.45207407,37.50108831,0
2020-09-14T15:51:59Z,23.452122,37.50103986,0
2020-09-14T15:52:11Z,23.45221239,37.50099633,0
2020-09-14T15:52:20Z,23.45214616,37.50098133,0
2020-09-14T15:52:23Z,23.45210356,37.5009903,0
2020-09-14T15:52:38Z,23.45200103,37.50111771,0
2020-09-14T15:52:47Z,23.45198317,37.50120249,0
2020-09-14T15:53:08Z,23.45190017,37.50135525,0
2020-09-14T15:53:26Z,23.45190584,37.50147392,0
2020-09-14T15:53:38Z,23.45190226,37.50146047,0
2020-09-14T15:54:20Z,23.4521052,37.5011515,0
2020-09-14T15:54:35Z,23.45223391,37.50101475,0
2020-09-14T15:55:03Z,23.45239877,37.50075174,0
2020-09-14T15:55:27Z,23.45250047,37.50064736,0
2020-09-14T15:56:09Z,23.45249741,37.50070615,0
2020-09-14T15:56:15Z,23.45246189,37.50073166,0
2020-09-14T15:56:51Z,23.45241533,37.50073469,0
2020-09-14T15:57:21Z,23.45243854,37.5006918,0
2020-09-14T15:58:00Z,23.45242315,37.50073991,0
2020-09-14T15:58:18Z,23.45240956,37.50074396,0
2020-09-14T15:58:51Z,23.45240649,37.50072933,0
2020-09-14T15:59:06Z,23.45242184,37.5007406,0
2020-09-14T15:59:15Z,23.45241052,37.50074635,0
2020-09-14T16:00:06Z,23.45244755,37.50069803,0
2020-09-14T16:01:15Z,23.4524557,37.50063961,0
2020-09-14T16:12:12Z,23.45242916,37.50065065,0
2020-09-14T16:12:18Z,23.45244517,37.50065422,0
2020-09-14T16:36:27Z,23.45243154,37.50065013,0
2020-09-14T16:41:21Z,23.4524612,37.50061983,0
2020-09-14T16:41:33Z,23.45246629,37.50063651,0
2020-09-14T16:42:03Z,23.45248721,37.50063281,0
2020-09-14T16:42:18Z,23.45246091,37.5006638,0
2020-09-14T16:43:39Z,23.45250696,37.50063675,0
2020-09-14T16:43:51Z,23.45249778,37.50066161,0
2020-09-14T16:45:18Z,23.45251961,37.50066446,0
2020-09-14T16:46:03Z,23.45249565,37.50066821,0
2020-09-14T16:46:09Z,23.45250309,37.50067632,0
2020-09-14T16:46:24Z,23.45250921,37.50065611,0
2020-09-14T16:47:09Z,23.45248803,37.50067217,0
2020-09-14T16:47:15Z,23.45249412,37.50069113,0
2020-09-14T16:47:54Z,23.45246694,37.50067783,0
2020-09-14T16:48:06Z,23.45246839,37.50071156,0
2020-09-14T16:48:12Z,23.45246027,37.50068391,0
2020-09-14T16:48:18Z,23.45247154,37.50067525,0
2020-09-14T16:48:24Z,23.45246059,37.50068349,0
2020-09-14T16:48:30Z,23.45245636,37.50066927,0
2020-09-14T16:54:25Z,23.45246612,37.50065481,0
2020-09-14T16:54:58Z,23.45242937,37.50068597,0
2020-09-14T16:55:10Z,23.4524502,37.50066564,0
2020-09-14T16:55:58Z,23.45244159,37.50065709,0
2020-09-14T16:56:51Z,23.4524531,37.50067234,0
2020-09-14T16:56:54Z,23.45247796,37.50066795,0
2020-09-14T16:57:03Z,23.45246032,37.50068265,0
2020-09-14T16:58:03Z,23.45242115,37.50068051,0
2020-09-14T16:59:27Z,23.45251128,37.50069837,0
2020-09-14T17:00:09Z,23.45248049,37.5006916,0
2020-09-14T17:00:30Z,23.45246879,37.5006679,0
2020-09-14T17:01:00Z,23.45247901,37.50060706,0
2020-09-14T17:01:03Z,23.45245094,37.50061701,0
2020-09-14T17:01:12Z,23.45244221,37.50065632,0
2020-09-14T17:01:20Z,23.45245382,37.50062203,0
2020-09-14T17:01:47Z,23.45244186,37.50062625,0
2020-09-14T17:02:20Z,23.4524944,37.50060996,0
2020-09-14T17:02:29Z,23.45249577,37.50062762,0
2020-09-14T17:02:32Z,23.45248302,37.50063034,0
2020-09-14T17:02:38Z,23.45249111,37.50061509,0
2020-09-14T17:03:04Z,23.45246148,37.50063837,0
2020-09-14T17:03:19Z,23.45246979,37.50060869,0

2020-09-15T11:44:57Z,23.45296441,37.5007712,0
2020-09-15T11:45:03Z,23.45294077,37.50073674,0
2020-09-15T11:45:09Z,23.45294665,37.50074555,0
2020-09-15T11:45:33Z,23.4529228,37.50073796,0
2020-09-15T11:45:39Z,23.45293756,37.50073877,0
2020-09-15T11:47:00Z,23.45289036,37.50076395,0
2020-09-15T11:47:12Z,23.45286668,37.50085994,0
2020-09-15T11:47:30Z,23.45289527,37.50097314,0
2020-09-15T11:47:45Z,23.45293095,37.50099043,0
2020-09-15T11:48:06Z,23.4529785,37.50105996,0
2020-09-15T11:48:15Z,23.45297114,37.50109624,0
2020-09-15T11:48:45Z,23.45285571,37.50122491,0
2020-09-15T11:48:54Z,23.45281647,37.50122922,0
2020-09-15T11:49:03Z,23.45282512,37.50121755,0
2020-09-15T11:49:24Z,23.45277481,37.50116341,0
2020-09-15T11:49:30Z,23.45268214,37.50111121,0
2020-09-15T11:49:36Z,23.45256834,37.50111539,0
2020-09-15T11:49:51Z,23.45228874,37.50118211,0
2020-09-15T11:50:06Z,23.45203937,37.50118233,0
2020-09-15T11:51:12Z,23.45082831,37.50087156,0
2020-09-15T11:51:18Z,23.45068995,37.50081231,0
2020-09-15T11:51:27Z,23.45047834,37.500691,0
2020-09-15T11:51:36Z,23.45030932,37.50055511,0
2020-09-15T11:51:45Z,23.45017252,37.50038568,0
2020-09-15T11:51:54Z,23.45012262,37.50017309,0
2020-09-15T11:52:03Z,23.45010261,37.49996588,0
2020-09-15T11:52:09Z,23.45011958,37.4998198,0
2020-09-15T11:52:18Z,23.45016901,37.49961294,0
2020-09-15T11:52:30Z,23.45031615,37.49933398,0
2020-09-15T11:52:42Z,23.45047347,37.49909999,0
2020-09-15T11:53:06Z,23.45082044,37.49865439,0
2020-09-15T11:53:18Z,23.45106229,37.49843761,0
2020-09-15T11:53:30Z,23.45131771,37.49825193,0
2020-09-15T11:53:45Z,23.4516787,37.49802989,0
2020-09-15T11:53:57Z,23.45198686,37.49788835,0
2020-09-15T11:54:13Z,23.45241315,37.49774559,0
2020-09-15T11:54:28Z,23.45285476,37.49765175,0
2020-09-15T11:54:40Z,23.45325276,37.49764157,0
2020-09-15T11:54:46Z,23.45344179,37.49765843,0
2020-09-15T11:55:01Z,23.45388771,37.49766144,0
2020-09-15T11:55:22Z,23.45457449,37.49761651,0
2020-09-15T11:55:49Z,23.45538793,37.49754729,0
2020-09-15T11:55:58Z,23.45568912,37.49749326,0
2020-09-15T11:56:07Z,23.45600262,37.49746278,0
2020-09-15T11:56:19Z,23.45640747,37.49738853,0
2020-09-15T11:56:37Z,23.45692292,37.49722983,0
2020-09-15T11:56:46Z,23.4571756,37.49713151,0
2020-09-15T11:57:16Z,23.45810685,37.4967154,0
2020-09-15T11:57:50Z,23.45894051,37.4961281,0
2020-09-15T11:58:02Z,23.45921108,37.49589661,0
2020-09-15T11:58:08Z,23.45932981,37.4957735,0
2020-09-15T11:58:11Z,23.45935038,37.49572173,0
2020-09-15T11:58:41Z,23.45990436,37.49508288,0
2020-09-15T11:59:20Z,23.4605698,37.49409739,0
2020-09-15T11:59:44Z,23.46110762,37.49345914,0
2020-09-15T11:59:53Z,23.46133449,37.49324627,0
2020-09-15T12:00:02Z,23.46160007,37.49306134,0
2020-09-15T12:00:08Z,23.46179886,37.49296296,0
2020-09-15T12:00:17Z,23.46210362,37.49285959,0
2020-09-15T12:00:26Z,23.46237572,37.49273097,0
2020-09-15T12:00:29Z,23.46247716,37.49274921,0
2020-09-15T12:00:41Z,23.46295937,37.49275924,0
2020-09-15T12:01:02Z,23.46374704,37.49275057,0
2020-09-15T12:01:20Z,23.46447928,37.49284441,0
2020-09-15T12:01:32Z,23.46488786,37.49284519,0
2020-09-15T12:01:47Z,23.46547224,37.49289586,0
2020-09-15T12:02:02Z,23.46605677,37.49287085,0
2020-09-15T12:02:14Z,23.46651374,37.4928154,0
2020-09-15T12:02:29Z,23.46710715,37.49278695,0
2020-09-15T12:02:47Z,23.4678407,37.49293735,0
2020-09-15T12:02:53Z,23.46809238,37.49294413,0
2020-09-15T12:03:11Z,23.46878913,37.49300581,0
2020-09-15T12:03:17Z,23.46901302,37.49299679,0
2020-09-15T12:03:29Z,23.46946405,37.4930531,0
2020-09-15T12:03:35Z,23.46968965,37.49311155,0
2020-09-15T12:03:44Z,23.47008136,37.49313471,0
2020-09-15T12:03:50Z,23.47028159,37.49317158,0
2020-09-15T12:04:02Z,23.4708588,37.4931637,0
2020-09-15T12:04:08Z,23.47113147,37.49319079,0
2020-09-15T12:04:11Z,23.47120933,37.49317327,0
2020-09-15T12:04:23Z,23.47173955,37.49315603,0
2020-09-15T12:04:35Z,23.47221865,37.49307006,0
2020-09-15T12:04:44Z,23.47261229,37.4930443,0
2020-09-15T12:04:50Z,23.4728876,37.49298997,0
2020-09-15T12:04:56Z,23.473105,37.49299775,0
2020-09-15T12:05:02Z,23.4733651,37.49292597,0
2020-09-15T12:05:08Z,23.47362822,37.49289991,0
2020-09-15T12:05:14Z,23.47384773,37.49281104,0
2020-09-15T12:05:23Z,23.47422409,37.49272432,0
2020-09-15T12:05:38Z,23.47478483,37.49254555,0
2020-09-15T12:05:44Z,23.47498936,37.492448,0
2020-09-15T12:05:50Z,23.47523662,37.49236131,0
2020-09-15T12:05:59Z,23.47554499,37.49219086,0
2020-09-15T12:06:14Z,23.47610193,37.49196216,0
2020-09-15T12:06:26Z,23.47658189,37.49179633,0
2020-09-15T12:06:32Z,23.47682245,37.49174298,0
2020-09-15T12:06:44Z,23.47730739,37.49159499,0
2020-09-15T12:07:05Z,23.4781518,37.49137555,0
2020-09-15T12:07:17Z,23.47857585,37.49122601,0
2020-09-15T12:07:29Z,23.4790757,37.49110865,0
2020-09-15T12:07:38Z,23.47941126,37.49099441,0
2020-09-15T12:07:41Z,23.47955762,37.49097074,0
2020-09-15T12:08:11Z,23.48072956,37.49056381,0
2020-09-15T12:08:17Z,23.48096003,37.4904624,0
2020-09-15T12:08:29Z,23.48137491,37.49024508,0
2020-09-15T12:08:41Z,23.48175112,37.49003115,0
2020-09-15T12:08:47Z,23.48189218,37.48993287,0
2020-09-15T12:09:05Z,23.48227986,37.48977153,0
2020-09-15T12:09:20Z,23.48268132,37.48955814,0
2020-09-15T12:09:32Z,23.48307963,37.4893914,0
2020-09-15T12:10:02Z,23.48415224,37.48886241,0
2020-09-15T12:10:14Z,23.48450275,37.48863804,0
2020-09-15T12:10:47Z,23.48561781,37.48805402,0
2020-09-15T12:11:08Z,23.48627386,37.48765191,0
2020-09-15T12:11:23Z,23.4867024,37.48741211,0
2020-09-15T12:11:41Z,23.48704938,37.48717511,0
2020-09-15T12:11:56Z,23.48726448,37.48700135,0
2020-09-15T12:12:23Z,23.48762992,37.48674381,0
2020-09-15T12:12:50Z,23.48796179,37.48646342,0
2020-09-15T12:13:05Z,23.48815624,37.48625297,0
2020-09-15T12:13:14Z,23.48827251,37.48616773,0
2020-09-15T12:13:20Z,23.48833627,37.48607193,0
2020-09-15T12:13:35Z,23.48854724,37.48587391,0
2020-09-15T12:13:53Z,23.48886354,37.48566497,0
2020-09-15T12:14:11Z,23.48914931,37.48543933,0
2020-09-15T12:14:23Z,23.48935764,37.48530545,0
2020-09-15T12:14:44Z,23.4896272,37.48505477,0
2020-09-15T12:14:56Z,23.48976159,37.48490229,0
2020-09-15T12:14:59Z,23.48983949,37.48486571,0
2020-09-15T12:15:05Z,23.48991761,37.48478795,0
2020-09-15T12:15:11Z,23.4900104,37.48473306,0
2020-09-15T12:15:23Z,23.49015185,37.4845993,0
2020-09-15T12:15:29Z,23.49024392,37.48453438,0
2020-09-15T12:15:44Z,23.49039052,37.48432265,0
2020-09-15T12:15:59Z,23.49058116,37.48413067,0
2020-09-15T12:16:08Z,23.49070691,37.48404646,0
2020-09-15T12:16:17Z,23.49079396,37.48394991,0
2020-09-15T12:16:53Z,23.4911731,37.48343749,0
2020-09-15T12:17:17Z,23.4917258,37.48292689,0
2020-09-15T12:17:32Z,23.49215362,37.48257292,0
2020-09-15T12:17:41Z,23.49244278,37.48237142,0
2020-09-15T12:17:47Z,23.4926016,37.48221959,0
2020-09-15T12:17:59Z,23.49296353,37.48193408,0
2020-09-15T12:18:11Z,23.4932737,37.48164406,0
2020-09-15T12:18:14Z,23.49337108,37.48158706,0
2020-09-15T12:18:53Z,23.49437335,37.48061923,0
2020-09-15T12:19:17Z,23.49500894,37.4800574,0
2020-09-15T12:19:50Z,23.49582934,37.4792682,0
2020-09-15T12:20:11Z,23.49636157,37.4787871,0
2020-09-15T12:20:47Z,23.49728377,37.47788407,0
2020-09-15T12:21:17Z,23.49802208,37.47709729,0
2020-09-15T12:21:26Z,23.49820824,37.47687498,0
2020-09-15T12:21:38Z,23.49842573,37.4765696,0
2020-09-15T12:22:02Z,23.49891649,37.47601532,0
2020-09-15T12:22:14Z,23.49917144,37.4757558,0
2020-09-15T12:22:29Z,23.49932781,37.47543165,0
2020-09-15T12:22:32Z,23.49940933,37.47536843,0
2020-09-15T12:22:38Z,23.49961945,37.47525384,0
2020-09-15T12:22:44Z,23.49973214,37.47514188,0
2020-09-15T12:22:47Z,23.49980389,37.47509878,0
2020-09-15T12:22:53Z,23.49991975,37.47494526,0
2020-09-15T12:23:05Z,23.50019613,37.47468536,0
2020-09-15T12:23:14Z,23.50038966,37.47447686,0
2020-09-15T12:23:35Z,23.5009602,37.47395397,0
2020-09-15T12:24:02Z,23.5017381,37.47319703,0
2020-09-15T12:24:23Z,23.50242255,37.47268469,0
2020-09-15T12:24:41Z,23.50294834,37.47221283,0
2020-09-15T12:24:50Z,23.50323919,37.47204405,0
2020-09-15T12:24:53Z,23.50326265,37.47199332,0
2020-09-15T12:25:02Z,23.50352096,37.47168548,0
2020-09-15T12:25:05Z,23.50364831,37.47162337,0
2020-09-15T12:25:17Z,23.50402719,37.47132265,0
2020-09-15T12:25:26Z,23.50433558,37.47114731,0
2020-09-15T12:25:32Z,23.50450814,37.47100549,0
2020-09-15T12:25:44Z,23.50482842,37.47066721,0
2020-09-15T12:26:02Z,23.50538205,37.4702182,0
2020-09-15T12:26:05Z,23.50546555,37.47013197,0
2020-09-15T12:26:11Z,23.50568484,37.46998851,0
2020-09-15T12:26:14Z,23.50574874,37.46991723,0
2020-09-15T12:26:17Z,23.50578213,37.46981842,0
2020-09-15T12:26:20Z,23.50592083,37.46974363,0
2020-09-15T12:26:29Z,23.50624291,37.46952748,0
2020-09-15T12:26:32Z,23.50632969,37.4694388,0
2020-09-15T12:26:50Z,23.50686737,37.46903159,0
2020-09-15T12:27:05Z,23.50743929,37.46872252,0
2020-09-15T12:27:11Z,23.50763594,37.46857879,0
2020-09-15T12:27:23Z,23.5080632,37.4683523,0
2020-09-15T12:27:26Z,23.50815962,37.46827189,0
2020-09-15T12:27:29Z,23.50828751,37.46821873,0
2020-09-15T12:27:32Z,23.50837272,37.46814518,0
2020-09-15T12:27:44Z,23.50873968,37.4679085,0
2020-09-15T12:28:05Z,23.50946825,37.46750268,0
2020-09-15T12:28:08Z,23.50956737,37.46741904,0
2020-09-15T12:28:14Z,23.50979262,37.46729237,0
2020-09-15T12:28:17Z,23.50986682,37.46720499,0
2020-09-15T12:28:20Z,23.50996687,37.4671323,0
2020-09-15T12:28:26Z,23.5102333,37.46701719,0
2020-09-15T12:28:32Z,23.51042537,37.4668627,0
2020-09-15T12:28:41Z,23.51066289,37.4666417,0
2020-09-15T12:28:50Z,23.51104312,37.46647485,0
2020-09-15T12:28:59Z,23.51136025,37.46625924,0
2020-09-15T12:29:08Z,23.51162058,37.46602883,0
2020-09-15T12:29:32Z,23.51249793,37.46549172,0
2020-09-15T12:29:38Z,23.51270325,37.46532518,0
2020-09-15T12:29:47Z,23.51300448,37.46511983,0
2020-09-15T12:29:53Z,23.5132404,37.46499123,0
2020-09-15T12:30:17Z,23.51405988,37.46437058,0
2020-09-15T12:30:29Z,23.51448696,37.46411219,0
2020-09-15T12:30:41Z,23.51489605,37.4638288,0
2020-09-15T12:30:53Z,23.51531673,37.46358896,0
2020-09-15T12:31:02Z,23.51559802,37.46336638,0
2020-09-15T12:31:11Z,23.51596393,37.46314646,0
2020-09-15T12:31:14Z,23.51605153,37.46306088,0
2020-09-15T12:31:20Z,23.51625002,37.46292528,0
2020-09-15T12:31:29Z,23.51652711,37.46276108,0
2020-09-15T12:31:59Z,23.51752402,37.4620944,0
2020-09-15T12:32:08Z,23.5178702,37.46191561,0
2020-09-15T12:32:17Z,23.51820935,37.46171131,0
2020-09-15T12:32:23Z,23.51842535,37.46161116,0
2020-09-15T12:32:29Z,23.51859984,37.46144032,0
2020-09-15T12:32:32Z,23.51869814,37.46136871,0
2020-09-15T12:32:38Z,23.5188946,37.46126955,0
2020-09-15T12:32:47Z,23.51916317,37.46103899,0
2020-09-15T12:32:56Z,23.51948302,37.46085345,0
2020-09-15T12:33:02Z,23.51972028,37.46075642,0
2020-09-15T12:33:08Z,23.51990293,37.4605958,0
2020-09-15T12:33:20Z,23.52031945,37.46032412,0
2020-09-15T12:33:26Z,23.5204969,37.46017296,0
2020-09-15T12:33:50Z,23.52090836,37.45947316,0
2020-09-15T12:33:56Z,23.52093845,37.45929733,0
2020-09-15T12:34:05Z,23.5210386,37.45905939,0
2020-09-15T12:34:08Z,23.52105439,37.45897985,0
2020-09-15T12:34:11Z,23.52108746,37.45890732,0
2020-09-15T12:34:14Z,23.5211578,37.45882934,0
2020-09-15T12:34:23Z,23.52128523,37.45858179,0
2020-09-15T12:34:35Z,23.52140514,37.45825935,0
2020-09-15T12:34:41Z,23.52148618,37.4581026,0
2020-09-15T12:34:56Z,23.52161925,37.45767645,0
2020-09-15T12:35:05Z,23.52172693,37.45745311,0
2020-09-15T12:35:11Z,23.521847,37.45728507,0
2020-09-15T12:35:14Z,23.52185001,37.45719154,0
2020-09-15T12:35:23Z,23.52196608,37.45694672,0
2020-09-15T12:35:29Z,23.52200482,37.45679013,0
2020-09-15T12:35:32Z,23.52204612,37.45669615,0
2020-09-15T12:35:35Z,23.52204661,37.45661311,0
2020-09-15T12:35:47Z,23.52211325,37.45626559,0
2020-09-15T12:36:02Z,23.52237578,37.45584371,0
2020-09-15T12:36:14Z,23.52253089,37.45546223,0
2020-09-15T12:36:20Z,23.5225853,37.45528051,0
2020-09-15T12:36:38Z,23.52279755,37.4548059,0
2020-09-15T12:36:41Z,23.52282554,37.45473121,0
2020-09-15T12:36:44Z,23.52281724,37.45471325,0
2020-09-15T12:36:56Z,23.52302681,37.45428721,0
2020-09-15T12:37:05Z,23.52311508,37.45401245,0
2020-09-15T12:37:11Z,23.52318938,37.45383824,0
2020-09-15T12:37:20Z,23.5233612,37.45359744,0
2020-09-15T12:37:38Z,23.5235994,37.45306693,0
2020-09-15T12:38:14Z,23.52415993,37.45195538,0
2020-09-15T12:38:20Z,23.52422983,37.45177351,0
2020-09-15T12:38:29Z,23.52431056,37.45148826,0
2020-09-15T12:38:44Z,23.52447389,37.45107326,0
2020-09-15T12:39:05Z,23.5247906,37.45043378,0
2020-09-15T12:39:11Z,23.52486321,37.45024296,0
2020-09-15T12:39:14Z,23.5248716,37.45014038,0
2020-09-15T12:39:20Z,23.5249429,37.44994428,0
2020-09-15T12:39:23Z,23.52499679,37.44985619,0
2020-09-15T12:39:29Z,23.525051,37.44967598,0
2020-09-15T12:39:47Z,23.52529326,37.44910791,0
2020-09-15T12:39:56Z,23.52539121,37.44883532,0
2020-09-15T12:40:05Z,23.52555625,37.44858182,0
2020-09-15T12:40:23Z,23.52577754,37.44804504,0
2020-09-15T12:40:26Z,23.52583602,37.44795824,0
2020-09-15T12:40:29Z,23.52591898,37.44787825,0
2020-09-15T12:40:38Z,23.52599604,37.44759558,0
2020-09-15T12:40:41Z,23.52604273,37.4475073,0
2020-09-15T12:40:50Z,23.52611522,37.44722933,0
2020-09-15T12:41:02Z,23.52631074,37.44685212,0
2020-09-15T12:41:14Z,23.52652752,37.44651374,0
2020-09-15T12:41:29Z,23.52675889,37.44607351,0
2020-09-15T12:41:41Z,23.52701017,37.44572931,0
2020-09-15T12:41:47Z,23.52709428,37.44552387,0
2020-09-15T12:41:56Z,23.52726414,37.44526459,0
2020-09-15T12:41:59Z,23.52735827,37.44520122,0
2020-09-15T12:42:02Z,23.52742257,37.44512099,0
2020-09-15T12:42:11Z,23.52756378,37.44485967,0
2020-09-15T12:42:14Z,23.52763465,37.44477562,0
2020-09-15T12:42:20Z,23.52772603,37.4445839,0
2020-09-15T12:42:29Z,23.52790146,37.44430044,0
2020-09-15T12:42:50Z,23.52824275,37.44364092,0
2020-09-15T12:43:11Z,23.52873351,37.44301627,0
2020-09-15T12:43:17Z,23.52886725,37.44282173,0
2020-09-15T12:43:29Z,23.52915761,37.44247229,0
2020-09-15T12:43:38Z,23.52934654,37.44217267,0
2020-09-15T12:44:05Z,23.52996122,37.44136136,0
2020-09-15T12:44:20Z,23.530235,37.44091802,0
2020-09-15T12:44:26Z,23.53032956,37.44073567,0
2020-09-15T12:44:35Z,23.53056049,37.44047983,0
2020-09-15T12:44:50Z,23.53090517,37.44000345,0
2020-09-15T12:44:56Z,23.53106419,37.4398523,0
2020-09-15T12:44:59Z,23.53113144,37.43976179,0
2020-09-15T12:45:05Z,23.53132751,37.43960426,0
2020-09-15T12:45:14Z,23.53159603,37.43934136,0
2020-09-15T12:45:23Z,23.53191894,37.43911515,0
2020-09-15T12:45:29Z,23.53209443,37.43893013,0
2020-09-15T12:45:38Z,23.53237802,37.43869659,0
2020-09-15T12:45:47Z,23.53271635,37.43847495,0
2020-09-15T12:45:56Z,23.53293771,37.43821194,0
2020-09-15T12:46:02Z,23.53304428,37.43803392,0
2020-09-15T12:46:20Z,23.53352476,37.43744657,0
2020-09-15T12:46:35Z,23.53389681,37.43706206,0
2020-09-15T12:46:41Z,23.53397888,37.43689085,0
2020-09-15T12:46:44Z,23.53405609,37.43681903,0
2020-09-15T12:46:47Z,23.53416412,37.43675971,0
2020-09-15T12:46:53Z,23.53433777,37.43657909,0
2020-09-15T12:46:56Z,23.53440566,37.43648325,0
2020-09-15T12:47:05Z,23.53468575,37.43620281,0
2020-09-15T12:47:11Z,23.5348362,37.43600259,0
2020-09-15T12:47:14Z,23.53487411,37.43590017,0
2020-09-15T12:47:26Z,23.53511643,37.43552306,0
2020-09-15T12:47:35Z,23.53530475,37.43527219,0
2020-09-15T12:47:41Z,23.5353801,37.43511056,0
2020-09-15T12:47:44Z,23.53540368,37.4350424,0
2020-09-15T12:47:47Z,23.53540778,37.4349677,0
2020-09-15T12:47:56Z,23.53539195,37.43476453,0
2020-09-15T12:48:02Z,23.53535187,37.43463415,0
2020-09-15T12:48:05Z,23.53536119,37.43458825,0
2020-09-15T12:48:11Z,23.53529196,37.43447558,0
2020-09-15T12:48:23Z,23.53522201,37.43421919,0
2020-09-15T12:48:59Z,23.53514219,37.43329192,0
2020-09-15T12:49:08Z,23.53508988,37.43301179,0
2020-09-15T12:49:14Z,23.53507548,37.43282377,0
2020-09-15T12:49:23Z,23.53499401,37.43255836,0
2020-09-15T12:49:29Z,23.53496455,37.4323824,0
2020-09-15T12:49:47Z,23.53474795,37.43186363,0
2020-09-15T12:49:53Z,23.53470943,37.43170878,0
2020-09-15T12:49:59Z,23.53462915,37.43154266,0
2020-09-15T12:50:02Z,23.53462062,37.43145944,0
2020-09-15T12:50:05Z,23.53458152,37.43136972,0
2020-09-15T12:50:08Z,23.53451309,37.43129003,0
2020-09-15T12:50:11Z,23.53448429,37.43118293,0
2020-09-15T12:50:14Z,23.5344865,37.43109673,0
2020-09-15T12:50:20Z,23.53439963,37.43093845,0
2020-09-15T12:50:29Z,23.53431036,37.43069087,0
2020-09-15T12:50:38Z,23.53420111,37.430496,0
2020-09-15T12:50:50Z,23.53398111,37.43025396,0
2020-09-15T12:50:56Z,23.53393366,37.4301411,0
2020-09-15T12:51:05Z,23.53379871,37.4299223,0
2020-09-15T12:51:11Z,23.53372642,37.42976612,0
2020-09-15T12:51:26Z,23.53363743,37.42940416,0
2020-09-15T12:51:38Z,23.53351466,37.42907291,0
2020-09-15T12:51:41Z,23.53353113,37.4289992,0
2020-09-15T12:51:44Z,23.53352131,37.42892442,0
2020-09-15T12:51:53Z,23.53339813,37.42867532,0
2020-09-15T12:52:05Z,23.53327528,37.42831334,0
2020-09-15T12:52:17Z,23.53313352,37.42797042,0
2020-09-15T12:52:20Z,23.53311574,37.42788349,0
2020-09-15T12:52:23Z,23.53312652,37.42781182,0
2020-09-15T12:52:32Z,23.53307401,37.42753324,0
2020-09-15T12:52:38Z,23.53301317,37.42740046,0
2020-09-15T12:52:41Z,23.53296172,37.42734247,0
2020-09-15T12:52:50Z,23.53276201,37.42715034,0
2020-09-15T12:52:53Z,23.5326979,37.42711442,0
2020-09-15T12:53:20Z,23.53216749,37.42669503,0
2020-09-15T12:53:29Z,23.53195426,37.4265524,0
2020-09-15T12:53:38Z,23.53176358,37.42636682,0
2020-09-15T12:53:47Z,23.53164575,37.42618703,0
2020-09-15T12:54:02Z,23.53139468,37.42590242,0
2020-09-15T12:54:11Z,23.53120149,37.42577006,0
2020-09-15T12:54:17Z,23.53102734,37.42575903,0
2020-09-15T12:54:23Z,23.53083089,37.42577062,0
2020-09-15T12:54:35Z,23.53046432,37.42574938,0
2020-09-15T12:54:38Z,23.53036075,37.42575795,0
2020-09-15T12:54:47Z,23.53009609,37.42583752,0
2020-09-15T12:54:50Z,23.53001174,37.42583899,0
2020-09-15T12:54:59Z,23.5297418,37.42577704,0
2020-09-15T12:55:05Z,23.52957353,37.42570475,0
2020-09-15T12:55:14Z,23.52929666,37.42563035,0
2020-09-15T12:55:17Z,23.52919243,37.42558084,0
2020-09-15T12:55:26Z,23.52886916,37.42551843,0
2020-09-15T12:55:38Z,23.52849438,37.42539018,0
2020-09-15T12:55:47Z,23.528128,37.42534926,0
2020-09-15T12:56:26Z,23.52669511,37.42499546,0
2020-09-15T12:56:38Z,23.52637713,37.42484774,0
2020-09-15T12:56:41Z,23.52628146,37.42482126,0
2020-09-15T12:56:50Z,23.52599058,37.42476824,0
2020-09-15T12:57:02Z,23.52561642,37.42467418,0
2020-09-15T12:57:08Z,23.52540664,37.4246373,0
2020-09-15T12:57:17Z,23.5251129,37.42461285,0
2020-09-15T12:57:26Z,23.52484599,37.42455696,0
2020-09-15T12:58:14Z,23.52322764,37.42415294,0
2020-09-15T12:58:23Z,23.52291856,37.4241114,0
2020-09-15T12:58:35Z,23.5225292,37.42400143,0
2020-09-15T12:58:44Z,23.52225349,37.42386945,0
2020-09-15T12:59:02Z,23.52174315,37.42370924,0
2020-09-15T12:59:14Z,23.52133582,37.42364058,0
2020-09-15T12:59:26Z,23.52090461,37.42360392,0
2020-09-15T12:59:29Z,23.52082626,37.42357555,0
2020-09-15T12:59:44Z,23.52030115,37.42346815,0
2020-09-15T12:59:56Z,23.51988269,37.42340659,0
2020-09-15T13:00:02Z,23.51970368,37.42334698,0
2020-09-15T13:00:08Z,23.5194988,37.42330268,0
2020-09-15T13:00:11Z,23.51942137,37.42325728,0
2020-09-15T13:00:26Z,23.51897365,37.42316654,0
2020-09-15T13:00:50Z,23.51834477,37.42307884,0
2020-09-15T13:01:11Z,23.51775218,37.42296003,0
2020-09-15T13:01:20Z,23.51752354,37.4229508,0
2020-09-15T13:01:32Z,23.51707524,37.42284176,0
2020-09-15T13:01:38Z,23.51686088,37.42281158,0
2020-09-15T13:01:59Z,23.51634663,37.42270163,0
2020-09-15T13:02:11Z,23.51626402,37.42266888,0
2020-09-15T13:02:44Z,23.51581724,37.4225675,0
2020-09-15T13:02:53Z,23.51572867,37.42256785,0
2020-09-15T13:03:05Z,23.51553409,37.42251763,0
2020-09-15T13:03:14Z,23.5152767,37.42237987,0
2020-09-15T13:03:23Z,23.51490867,37.42229445,0
2020-09-15T13:03:35Z,23.51423418,37.42221312,0
2020-09-15T13:03:44Z,23.51368304,37.42204142,0
2020-09-15T13:04:08Z,23.51269218,37.42180012,0
2020-09-15T13:04:41Z,23.51176815,37.42160484,0
2020-09-15T13:04:47Z,23.51159234,37.42154158,0
2020-09-15T13:05:32Z,23.51031029,37.42122648,0
2020-09-15T13:06:05Z,23.50961214,37.42097448,0
2020-09-15T13:07:02Z,23.50807844,37.42054148,0
2020-09-15T13:07:23Z,23.5073734,37.4203288,0
2020-09-15T13:07:35Z,23.50698541,37.4201923,0
2020-09-15T13:07:53Z,23.50637423,37.42008043,0
2020-09-15T13:07:59Z,23.50628907,37.4200424,0
2020-09-15T13:08:08Z,23.50616055,37.42001903,0
2020-09-15T13:08:17Z,23.50591888,37.41999664,0
2020-09-15T13:08:26Z,23.5056027,37.41994221,0
2020-09-15T13:08:29Z,23.50553645,37.41988874,0
2020-09-15T13:08:35Z,23.50540378,37.41984957,0
2020-09-15T13:08:47Z,23.50498576,37.4197848,0
2020-09-15T13:08:56Z,23.50472726,37.4197625,0
2020-09-15T13:09:02Z,23.50456399,37.41972877,0
2020-09-15T13:09:08Z,23.50438349,37.41970889,0
2020-09-15T13:09:17Z,23.50403852,37.41970158,0
2020-09-15T13:09:32Z,23.50365155,37.41965334,0
2020-09-15T13:09:41Z,23.50340259,37.41958433,0
2020-09-15T13:10:08Z,23.50277985,37.41947502,0
2020-09-15T13:10:17Z,23.50256274,37.41944886,0
2020-09-15T13:10:26Z,23.50226852,37.4194435,0
2020-09-15T13:10:41Z,23.50189749,37.41938796,0
2020-09-15T13:10:50Z,23.50148868,37.41934969,0
2020-09-15T13:11:35Z,23.50021141,37.41909553,0
2020-09-15T13:11:53Z,23.49974509,37.41903304,0
2020-09-15T13:12:26Z,23.49875462,37.41881928,0
2020-09-15T13:12:35Z,23.49868278,37.41879233,0
2020-09-15T13:12:44Z,23.49854134,37.41878466,0
2020-09-15T13:13:17Z,23.4975322,37.41863894,0
2020-09-15T13:13:26Z,23.49731807,37.41857913,0
2020-09-15T13:13:50Z,23.49682243,37.41850231,0
2020-09-15T13:13:59Z,23.49668605,37.41851588,0
2020-09-15T13:14:17Z,23.4962561,37.41843633,0
2020-09-15T13:14:32Z,23.4958706,37.41839609,0
2020-09-15T13:14:44Z,23.49545414,37.4182962,0
2020-09-15T13:14:56Z,23.49486271,37.41819236,0
2020-09-15T13:15:14Z,23.49430901,37.4180697,0
2020-09-15T13:15:20Z,23.49411085,37.41806197,0
2020-09-15T13:15:41Z,23.49350586,37.4179225,0
2020-09-15T13:15:53Z,23.49307626,37.41785777,0
2020-09-15T13:16:14Z,23.49256962,37.41772715,0
2020-09-15T13:16:35Z,23.49200901,37.41765119,0
2020-09-15T13:16:50Z,23.49178723,37.41758698,0
2020-09-15T13:16:59Z,23.49152238,37.41754909,0
2020-09-15T13:17:08Z,23.49129582,37.41748322,0
2020-09-15T13:17:32Z,23.4905455,37.41734866,0
2020-09-15T13:17:56Z,23.48978418,37.41717838,0
2020-09-15T13:18:05Z,23.48945232,37.41709422,0
2020-09-15T13:18:14Z,23.4892538,37.41702648,0
2020-09-15T13:18:41Z,23.48861535,37.41687019,0
2020-09-15T13:18:54Z,23.48815275,37.41674454,0
2020-09-15T13:19:15Z,23.48720368,37.41643551,0
2020-09-15T13:19:24Z,23.48688928,37.41637012,0
2020-09-15T13:19:33Z,23.48661716,37.41628406,0
2020-09-15T13:19:51Z,23.48596461,37.41620534,0
2020-09-15T13:19:54Z,23.48588037,37.41621693,0
2020-09-15T13:20:09Z,23.48540529,37.41611413,0
2020-09-15T13:20:12Z,23.48530797,37.41607501,0
2020-09-15T13:20:18Z,23.48507976,37.41602018,0
2020-09-15T13:20:24Z,23.48489037,37.41594554,0
2020-09-15T13:20:30Z,23.48467758,37.41590281,0
2020-09-15T13:20:37Z,23.48443427,37.41582129,0
2020-09-15T13:20:58Z,23.48376101,37.41565989,0
2020-09-15T13:21:07Z,23.48349119,37.41556051,0
2020-09-15T13:21:19Z,23.48309014,37.41544524,0
2020-09-15T13:21:28Z,23.48276019,37.41541442,0
2020-09-15T13:21:52Z,23.48201414,37.41520294,0
2020-09-15T13:21:58Z,23.48187212,37.41519836,0
2020-09-15T13:22:04Z,23.48166618,37.41509376,0
2020-09-15T13:22:13Z,23.48138157,37.41499693,0
2020-09-15T13:22:31Z,23.48076804,37.41487044,0
2020-09-15T13:22:37Z,23.48056349,37.41478785,0
2020-09-15T13:22:43Z,23.48036393,37.41473269,0
2020-09-15T13:23:01Z,23.47969856,37.41465116,0
2020-09-15T13:23:16Z,23.47919951,37.41454015,0
2020-09-15T13:23:28Z,23.47878473,37.41440976,0
2020-09-15T13:23:31Z,23.47867827,37.41440032,0
2020-09-15T13:23:41Z,23.47827139,37.41429974,0
2020-09-15T13:23:56Z,23.47772609,37.41414167,0
2020-09-15T13:24:02Z,23.4775223,37.41411215,0
2020-09-15T13:24:08Z,23.47733708,37.41404573,0
2020-09-15T13:24:14Z,23.47715049,37.41400181,0
2020-09-15T13:24:20Z,23.47693656,37.41398408,0
2020-09-15T13:24:33Z,23.47646584,37.41384219,0
2020-09-15T13:24:36Z,23.47635857,37.41383721,0
2020-09-15T13:24:42Z,23.47615974,37.41376983,0
2020-09-15T13:24:48Z,23.47594548,37.41374592,0
2020-09-15T13:24:51Z,23.47584633,37.41371373,0
2020-09-15T13:25:00Z,23.47554961,37.41366959,0
2020-09-15T13:25:30Z,23.47451865,37.41342227,0
2020-09-15T13:25:51Z,23.4737883,37.41333296,0
2020-09-15T13:26:03Z,23.47334973,37.41323236,0
2020-09-15T13:26:09Z,23.47313116,37.41320632,0
2020-09-15T13:26:27Z,23.47246552,37.41307695,0
2020-09-15T13:26:30Z,23.47239397,37.41308097,0
2020-09-15T13:26:39Z,23.4721173,37.41301415,0
2020-09-15T13:26:42Z,23.471954,37.41295226,0
2020-09-15T13:27:00Z,23.47131462,37.41285166,0
2020-09-15T13:27:03Z,23.47120821,37.41281337,0
2020-09-15T13:27:06Z,23.47106443,37.41278618,0
2020-09-15T13:27:30Z,23.47025921,37.41267182,0
2020-09-15T13:27:42Z,23.46981596,37.41258193,0
2020-09-15T13:27:48Z,23.46960867,37.41251187,0
2020-09-15T13:27:54Z,23.46938296,37.41246082,0
2020-09-15T13:28:18Z,23.46862008,37.4123237,0
2020-09-15T13:28:24Z,23.46846369,37.41227866,0
2020-09-15T13:28:48Z,23.46764733,37.41214231,0
2020-09-15T13:28:57Z,23.46732819,37.41207868,0
2020-09-15T13:29:03Z,23.46715367,37.41202095,0
2020-09-15T13:29:10Z,23.46688717,37.41201899,0
2020-09-15T13:29:16Z,23.46669147,37.41193408,0
2020-09-15T13:29:37Z,23.46597913,37.41182136,0
2020-09-15T13:29:55Z,23.46540128,37.41170611,0
2020-09-15T13:30:04Z,23.46510629,37.41168813,0
2020-09-15T13:30:13Z,23.46485083,37.41161743,0
2020-09-15T13:30:22Z,23.46455658,37.41159317,0
2020-09-15T13:30:28Z,23.46438393,37.41154145,0
2020-09-15T13:30:40Z,23.46401333,37.41152361,0
2020-09-15T13:30:55Z,23.46350056,37.41141313,0
2020-09-15T13:30:58Z,23.46342721,37.41141038,0
2020-09-15T13:31:22Z,23.46269923,37.41122455,0
2020-09-15T13:31:46Z,23.46197129,37.41106895,0
2020-09-15T13:32:16Z,23.4612141,37.41083089,0
2020-09-15T13:32:43Z,23.46068482,37.41073885,0
2020-09-15T13:32:55Z,23.46032613,37.41071779,0
2020-09-15T13:33:34Z,23.45961401,37.41063279,0
2020-09-15T13:34:01Z,23.45891141,37.41050521,0
2020-09-15T13:34:25Z,23.45835643,37.41046276,0
2020-09-15T13:34:34Z,23.45804432,37.41041371,0
2020-09-15T13:34:52Z,23.45743564,37.41035484,0
2020-09-15T13:35:19Z,23.45667629,37.41033704,0
2020-09-15T13:35:28Z,23.45640975,37.41031685,0
2020-09-15T13:35:37Z,23.45616696,37.41025374,0
2020-09-15T13:35:58Z,23.4556316,37.4101882,0
2020-09-15T13:36:16Z,23.45520901,37.41008442,0
2020-09-15T13:36:31Z,23.45478224,37.41001206,0
2020-09-15T13:36:52Z,23.45422657,37.40987106,0
2020-09-15T13:36:58Z,23.45406379,37.40980707,0
2020-09-15T13:37:07Z,23.45382224,37.40976669,0
2020-09-15T13:37:31Z,23.45338577,37.40964828,0
2020-09-15T13:38:10Z,23.45231808,37.40946417,0
2020-09-15T13:38:28Z,23.45191415,37.40936757,0
2020-09-15T13:38:40Z,23.45155517,37.40935297,0
2020-09-15T13:38:58Z,23.45108605,37.40924497,0
2020-09-15T13:39:16Z,23.45064651,37.40910217,0
2020-09-15T13:39:31Z,23.45035794,37.40903147,0
2020-09-15T13:40:13Z,23.44942003,37.40870677,0
2020-09-15T13:40:37Z,23.44897513,37.40861129,0
2020-09-15T13:41:01Z,23.44860183,37.40844277,0
2020-09-15T13:41:25Z,23.4481648,37.40829551,0
2020-09-15T13:42:19Z,23.44719402,37.40799815,0
2020-09-15T13:42:34Z,23.44690277,37.40796067,0
2020-09-15T13:42:43Z,23.44680836,37.40789773,0
2020-09-15T13:42:52Z,23.44664378,37.40783091,0
2020-09-15T13:43:22Z,23.44612936,37.40768729,0
2020-09-15T13:43:49Z,23.44569309,37.40752032,0
2020-09-15T13:44:01Z,23.44544366,37.40744885,0
2020-09-15T13:44:28Z,23.44478397,37.40729684,0
2020-09-15T13:44:40Z,23.44443141,37.40725019,0
2020-09-15T13:44:55Z,23.44405517,37.40716748,0
2020-09-15T13:45:19Z,23.44338462,37.40705008,0
2020-09-15T13:45:58Z,23.44238854,37.40679058,0
2020-09-15T13:46:19Z,23.44169558,37.40667259,0
2020-09-15T13:46:40Z,23.44096059,37.40658137,0
2020-09-15T13:47:07Z,23.44008258,37.40637418,0
2020-09-15T13:47:22Z,23.43962874,37.40628988,0
2020-09-15T13:47:55Z,23.43862997,37.40595913,0
2020-09-15T13:48:07Z,23.43827936,37.4058804,0
2020-09-15T13:48:10Z,23.43818092,37.40587575,0
2020-09-15T13:48:22Z,23.43780125,37.40575319,0
2020-09-15T13:48:28Z,23.43758846,37.40571209,0
2020-09-15T13:49:01Z,23.43657761,37.405447,0
2020-09-15T13:49:10Z,23.43633949,37.4054281,0
2020-09-15T13:49:19Z,23.43614327,37.40534917,0
2020-09-15T13:49:28Z,23.43590908,37.40528881,0
2020-09-15T13:49:43Z,23.435603,37.40516968,0
2020-09-15T13:50:10Z,23.43504881,37.40499081,0
2020-09-15T13:50:22Z,23.43475099,37.40486387,0
2020-09-15T13:50:37Z,23.43438839,37.40475765,0
2020-09-15T13:50:58Z,23.4338742,37.40464217,0
2020-09-15T13:51:13Z,23.43356411,37.40452921,0
2020-09-15T13:51:31Z,23.43314868,37.40440633,0
2020-09-15T13:51:43Z,23.43282411,37.40436848,0
2020-09-15T13:51:55Z,23.4324969,37.40426912,0
2020-09-15T13:52:07Z,23.43213082,37.40421768,0
2020-09-15T13:52:10Z,23.43200734,37.40422489,0
2020-09-15T13:52:16Z,23.43183136,37.40417335,0
2020-09-15T13:52:19Z,23.43169797,37.40415372,0
2020-09-15T13:52:28Z,23.43131014,37.40412615,0
2020-09-15T13:52:46Z,23.43049672,37.40410658,0
2020-09-15T13:52:55Z,23.43012275,37.40405174,0
2020-09-15T13:53:07Z,23.42977723,37.40395592,0
2020-09-15T13:53:19Z,23.42944557,37.40381813,0
2020-09-15T13:53:40Z,23.42893365,37.40365077,0
2020-09-15T13:53:52Z,23.42866517,37.40353823,0
2020-09-15T13:53:58Z,23.42851708,37.40349298,0
2020-09-15T13:54:01Z,23.42843206,37.4034333,0
2020-09-15T13:54:16Z,23.42794374,37.40337923,0
2020-09-15T13:54:19Z,23.42785851,37.40334267,0
2020-09-15T13:54:22Z,23.42774469,37.4033568,0
2020-09-15T13:54:34Z,23.42729886,37.40331322,0
2020-09-15T13:54:40Z,23.42710036,37.40325616,0
2020-09-15T13:54:52Z,23.42674087,37.4031217,0
2020-09-15T13:55:10Z,23.42604289,37.40299415,0
2020-09-15T13:55:13Z,23.42594128,37.4029914,0
2020-09-15T13:55:40Z,23.42503145,37.40271237,0
2020-09-15T13:55:52Z,23.42459324,37.40264093,0
2020-09-15T13:56:13Z,23.42382343,37.40246118,0
2020-09-15T13:56:55Z,23.4224481,37.40208578,0
2020-09-15T13:57:10Z,23.42200838,37.40197991,0
2020-09-15T13:57:25Z,23.4216685,37.40185293,0
2020-09-15T13:57:46Z,23.42108902,37.40169502,0
2020-09-15T13:58:07Z,23.42060559,37.4016037,0
2020-09-15T13:58:10Z,23.42027536,37.40151783,0
2020-09-15T13:58:13Z,23.42018011,37.40147352,0
2020-09-15T13:58:31Z,23.41954042,37.40134328,0
2020-09-15T13:58:37Z,23.41935591,37.40127738,0
2020-09-15T13:58:58Z,23.41870477,37.40112789,0
2020-09-15T13:59:07Z,23.41841723,37.40101592,0
2020-09-15T13:59:13Z,23.41823672,37.40096466,0
2020-09-15T13:59:19Z,23.41801916,37.40094018,0
2020-09-15T13:59:28Z,23.41773294,37.40088248,0
2020-09-15T13:59:49Z,23.4170802,37.40068717,0
2020-09-15T14:00:07Z,23.41658003,37.40051424,0
2020-09-15T14:00:22Z,23.41618291,37.40042464,0
2020-09-15T14:00:25Z,23.41609574,37.40042619,0
2020-09-15T14:00:31Z,23.41592555,37.40038641,0
2020-09-15T14:00:46Z,23.41541159,37.4002167,0
2020-09-15T14:00:58Z,23.41499213,37.40019393,0
2020-09-15T14:01:07Z,23.41453398,37.40022537,0
2020-09-15T14:01:13Z,23.41427635,37.40018662,0
2020-09-15T14:01:28Z,23.4137476,37.40004337,0
2020-09-15T14:01:58Z,23.41301038,37.39979399,0
2020-09-15T14:02:10Z,23.41272139,37.39966638,0
2020-09-15T14:02:28Z,23.41225171,37.39951344,0
2020-09-15T14:02:34Z,23.41208927,37.39946484,0
2020-09-15T14:02:37Z,23.41202689,37.39946425,0
2020-09-15T14:02:43Z,23.4118661,37.3994156,0
2020-09-15T14:02:52Z,23.41169909,37.39934287,0
2020-09-15T14:02:58Z,23.41153161,37.39931409,0
2020-09-15T14:03:31Z,23.41051718,37.39900141,0
2020-09-15T14:03:37Z,23.41027061,37.39895505,0
2020-09-15T14:03:40Z,23.41014537,37.3989503,0
2020-09-15T14:03:46Z,23.40986499,37.39895361,0
2020-09-15T14:03:49Z,23.40973039,37.39897956,0
2020-09-15T14:04:01Z,23.40920146,37.39897137,0
2020-09-15T14:04:16Z,23.40869728,37.39889909,0
2020-09-15T14:04:19Z,23.40845664,37.39880269,0
2020-09-15T14:04:22Z,23.40833929,37.39878498,0
2020-09-15T14:04:28Z,23.40811568,37.39877263,0
2020-09-15T14:04:43Z,23.4074865,37.39878382,0
2020-09-15T14:04:46Z,23.40737874,37.39877456,0
2020-09-15T14:04:58Z,23.4067946,37.39865336,0
2020-09-15T14:05:10Z,23.40629968,37.39850891,0
2020-09-15T14:05:16Z,23.40607128,37.39846625,0
2020-09-15T14:05:28Z,23.40561738,37.39834406,0
2020-09-15T14:05:49Z,23.40491761,37.39809451,0
2020-09-15T14:05:55Z,23.40471959,37.39806488,0
2020-09-15T14:05:58Z,23.4046244,37.3980052,0
2020-09-15T14:06:07Z,23.40431401,37.39791293,0
2020-09-15T14:06:22Z,23.40365795,37.39782374,0
2020-09-15T14:06:28Z,23.40342983,37.39785628,0
2020-09-15T14:06:31Z,23.40330122,37.39785382,0
2020-09-15T14:06:40Z,23.4028734,37.3977492,0
2020-09-15T14:06:46Z,23.40262969,37.39771481,0
2020-09-15T14:06:52Z,23.40242173,37.39764622,0
2020-09-15T14:07:07Z,23.4019516,37.39743203,0
2020-09-15T14:07:22Z,23.40143904,37.39724236,0
2020-09-15T14:07:28Z,23.4012074,37.39720082,0
2020-09-15T14:07:43Z,23.40071601,37.39707259,0
2020-09-15T14:07:52Z,23.40043999,37.39696881,0
2020-09-15T14:07:58Z,23.40023005,37.39690983,0
2020-09-15T14:08:13Z,23.39981797,37.39673372,0
2020-09-15T14:08:25Z,23.39940136,37.39663921,0
2020-09-15T14:08:28Z,23.39931155,37.39660443,0
2020-09-15T14:08:37Z,23.39896635,37.39655287,0
2020-09-15T14:08:55Z,23.39836965,37.39641135,0
2020-09-15T14:09:28Z,23.3975781,37.39611483,0
2020-09-15T14:09:43Z,23.39724003,37.39600815,0
2020-09-15T14:09:55Z,23.39693843,37.3958861,0
2020-09-15T14:10:16Z,23.39642463,37.39573284,0
2020-09-15T14:10:28Z,23.39595332,37.39562759,0
2020-09-15T14:10:40Z,23.39549439,37.39555525,0
2020-09-15T14:10:49Z,23.39509898,37.39554445,0
2020-09-15T14:10:55Z,23.39484677,37.39551408,0
2020-09-15T14:10:58Z,23.39473428,37.39547778,0
2020-09-15T14:11:04Z,23.39447216,37.39547105,0
2020-09-15T14:11:25Z,23.39357688,37.3953655,0
2020-09-15T14:11:40Z,23.39300255,37.39521543,0
2020-09-15T14:11:58Z,23.39236705,37.39501905,0
2020-09-15T14:12:07Z,23.39209724,37.39489839,0
2020-09-15T14:12:13Z,23.39190837,37.39484091,0
2020-09-15T14:12:22Z,23.39163059,37.39472513,0
2020-09-15T14:12:49Z,23.39084186,37.39453454,0
2020-09-15T14:13:19Z,23.38989653,37.39425376,0
2020-09-15T14:13:40Z,23.3890606,37.39411919,0
2020-09-15T14:13:55Z,23.38842402,37.39405795,0
2020-09-15T14:13:58Z,23.38830817,37.39402368,0
2020-09-15T14:14:01Z,23.38816845,37.39402053,0
2020-09-15T14:14:04Z,23.38804403,37.39398436,0
2020-09-15T14:14:28Z,23.38700483,37.39390766,0
2020-09-15T14:14:46Z,23.38626572,37.39377741,0
2020-09-15T14:14:52Z,23.38598209,37.39374358,0
2020-09-15T14:14:55Z,23.38583733,37.39374423,0
2020-09-15T14:15:04Z,23.38544778,37.39366383,0
2020-09-15T14:15:22Z,23.38464549,37.39355396,0
2020-09-15T14:16:01Z,23.3830567,37.39317752,0
2020-09-15T14:16:07Z,23.38282176,37.39314672,0
2020-09-15T14:16:16Z,23.38252133,37.39302794,0
2020-09-15T14:16:22Z,23.38216893,37.39296487,0
2020-09-15T14:16:31Z,23.38173342,37.39295778,0
2020-09-15T14:16:37Z,23.3814189,37.39292032,0
2020-09-15T14:16:46Z,23.38100249,37.39278665,0
2020-09-15T14:16:49Z,23.38089937,37.39273008,0
2020-09-15T14:16:52Z,23.38076358,37.39268426,0
2020-09-15T14:17:01Z,23.38033164,37.39265363,0
2020-09-15T14:17:16Z,23.37969054,37.39254627,0
2020-09-15T14:17:34Z,23.37902761,37.39234532,0
2020-09-15T14:17:37Z,23.37893324,37.39229759,0
2020-09-15T14:17:43Z,23.37871892,37.3922452,0
2020-09-15T14:17:49Z,23.37850464,37.39216727,0
2020-09-15T14:18:04Z,23.37809044,37.39198918,0
2020-09-15T14:18:16Z,23.37785599,37.39184702,0
2020-09-15T14:18:25Z,23.37765726,37.3917857,0
2020-09-15T14:18:31Z,23.37753508,37.39171892,0
2020-09-15T14:18:58Z,23.37688327,37.39151292,0
2020-09-15T14:19:10Z,23.37654427,37.39137686,0
2020-09-15T14:19:35Z,23.3757877,37.39116175,0
2020-09-15T14:19:50Z,23.37537005,37.3910137,0
2020-09-15T14:20:08Z,23.37500592,37.39094446,0
2020-09-15T14:20:20Z,23.3746556,37.39081912,0
2020-09-15T14:21:02Z,23.37349099,37.39046495,0
2020-09-15T14:21:41Z,23.37249773,37.39011114,0
2020-09-15T14:21:53Z,23.37219376,37.39005286,0
2020-09-15T14:22:44Z,23.37094338,37.3896394,0
2020-09-15T14:22:59Z,23.37059374,37.38955212,0
2020-09-15T14:23:29Z,23.37000086,37.38936489,0
2020-09-15T14:24:14Z,23.36925389,37.38908094,0
2020-09-15T14:24:59Z,23.3683054,37.38885275,0
2020-09-15T14:25:05Z,23.36817172,37.38879827,0
2020-09-15T14:25:44Z,23.3670774,37.38852224,0
2020-09-15T14:25:47Z,23.36695953,37.38849672,0
2020-09-15T14:26:05Z,23.36679735,37.3884988,0
2020-09-15T14:26:14Z,23.36660568,37.38845123,0
2020-09-15T14:26:20Z,23.36632636,37.38835066,0
2020-09-15T14:26:47Z,23.36548544,37.38813831,0
2020-09-15T14:26:50Z,23.36511851,37.38801523,0
2020-09-15T14:27:29Z,23.36411162,37.38793717,0
2020-09-15T14:27:41Z,23.36379512,37.38788398,0
2020-09-15T14:27:44Z,23.36366063,37.38784263,0
2020-09-15T14:27:53Z,23.36336049,37.38781584,0
2020-09-15T14:27:59Z,23.36314251,37.38777019,0
2020-09-15T14:28:05Z,23.36292914,37.38776285,0
2020-09-15T14:28:14Z,23.36268129,37.3876843,0
2020-09-15T14:28:20Z,23.36242907,37.38766247,0
2020-09-15T14:28:35Z,23.3619738,37.3875817,0
2020-09-15T14:28:47Z,23.36149932,37.38754706,0
2020-09-15T14:28:50Z,23.36139237,37.38756068,0
2020-09-15T14:28:56Z,23.36118207,37.38752567,0
2020-09-15T14:29:08Z,23.36069443,37.38749699,0
2020-09-15T14:29:11Z,23.36058631,37.38747425,0
2020-09-15T14:29:20Z,23.36031457,37.38748056,0
2020-09-15T14:29:32Z,23.35991285,37.3874214,0
2020-09-15T14:29:41Z,23.35962357,37.38744027,0
2020-09-15T14:29:53Z,23.35925033,37.38735448,0
2020-09-15T14:29:56Z,23.3591594,37.38735445,0
2020-09-15T14:30:14Z,23.35861331,37.38726539,0
2020-09-15T14:30:35Z,23.3580191,37.38713612,0
2020-09-15T14:31:06Z,23.35703115,37.38698396,0
2020-09-15T14:31:18Z,23.35657757,37.38696508,0
2020-09-15T14:31:33Z,23.35598667,37.3869708,0
2020-09-15T14:31:48Z,23.35539572,37.38694071,0
2020-09-15T14:31:51Z,23.35527775,37.38691475,0
2020-09-15T14:31:57Z,23.35503647,37.38689627,0
2020-09-15T14:32:00Z,23.35495156,37.38686995,0
2020-09-15T14:32:09Z,23.3546445,37.38688164,0
2020-09-15T14:32:15Z,23.35446965,37.38684084,0
2020-09-15T14:32:21Z,23.35428833,37.38683185,0
2020-09-15T14:32:42Z,23.35373125,37.38670618,0
2020-09-15T14:32:51Z,23.35341791,37.38669402,0
2020-09-15T14:33:00Z,23.3531726,37.38664231,0
2020-09-15T14:33:27Z,23.35232216,37.38656954,0
2020-09-15T14:33:39Z,23.35185611,37.38650921,0
2020-09-15T14:33:51Z,23.3514137,37.38653513,0
2020-09-15T14:34:12Z,23.35058084,37.38651076,0
2020-09-15T14:34:45Z,23.34917344,37.38659978,0
2020-09-15T14:34:57Z,23.34863202,37.38661682,0
2020-09-15T14:35:09Z,23.34810353,37.38657049,0
2020-09-15T14:35:21Z,23.34758711,37.38656744,0
2020-09-15T14:35:33Z,23.34709479,37.3865221,0
2020-09-15T14:35:51Z,23.34636631,37.3863871,0
2020-09-15T14:36:09Z,23.34569482,37.38629877,0
2020-09-15T14:36:33Z,23.34478038,37.38625969,0
2020-09-15T14:36:39Z,23.3445401,37.38621767,0
2020-09-15T14:36:54Z,23.34400118,37.38616835,0
2020-09-15T14:37:12Z,23.34342579,37.3860491,0
2020-09-15T14:37:21Z,23.34309269,37.38602377,0
2020-09-15T14:37:36Z,23.34259171,37.38593245,0
2020-09-15T14:37:51Z,23.34207266,37.38589706,0
2020-09-15T14:38:09Z,23.34143348,37.38580762,0
2020-09-15T14:38:18Z,23.34110498,37.38579613,0
2020-09-15T14:38:45Z,23.34007381,37.38569857,0
2020-09-15T14:38:51Z,23.33986048,37.38569773,0
2020-09-15T14:39:18Z,23.33895851,37.38560262,0
2020-09-15T14:39:42Z,23.3381164,37.38554348,0
2020-09-15T14:39:54Z,23.33772966,37.38548094,0
2020-09-15T14:40:00Z,23.33754356,37.38546796,0
2020-09-15T14:40:15Z,23.33708397,37.38538349,0
2020-09-15T14:41:09Z,23.33526867,37.38518704,0
2020-09-15T14:41:21Z,23.33483286,37.38516305,0
2020-09-15T14:41:33Z,23.33440271,37.38517035,0
2020-09-15T14:41:54Z,23.33355379,37.38513934,0
2020-09-15T14:42:00Z,23.3332912,37.38515934,0
2020-09-15T14:42:09Z,23.3329259,37.38521771,0
2020-09-15T14:42:15Z,23.33268188,37.38523419,0
2020-09-15T14:42:21Z,23.33240776,37.38523058,0
2020-09-15T14:42:27Z,23.33213057,37.38525534,0
2020-09-15T14:42:36Z,23.33174954,37.3852365,0
2020-09-15T14:42:57Z,23.33086917,37.38512796,0
2020-09-15T14:43:06Z,23.33047569,37.38511122,0
2020-09-15T14:43:18Z,23.32994809,37.38511836,0
2020-09-15T14:43:27Z,23.32954834,37.38507677,0
2020-09-15T14:43:36Z,23.32915562,37.38508191,0
2020-09-15T14:43:54Z,23.32838679,37.38501725,0
2020-09-15T14:44:27Z,23.32690636,37.38502028,0
2020-09-15T14:44:36Z,23.32647587,37.38505552,0
2020-09-15T14:44:51Z,23.32577606,37.38506957,0
2020-09-15T14:45:09Z,23.32498691,37.38499052,0
2020-09-15T14:45:21Z,23.32446537,37.3849095,0
2020-09-15T14:45:33Z,23.32401959,37.38478813,0
2020-09-15T14:45:42Z,23.32367305,37.38473115,0
2020-09-15T14:45:54Z,23.32322429,37.38462858,0
2020-09-15T14:45:57Z,23.32310906,37.38461517,0
2020-09-15T14:46:00Z,23.32296539,37.38464143,0
2020-09-15T14:46:27Z,23.32204042,37.38440696,0
2020-09-15T14:46:39Z,23.3216521,37.38433601,0
2020-09-15T14:46:54Z,23.32114935,37.38421162,0
2020-09-15T14:47:21Z,23.32021917,37.38402392,0
2020-09-15T14:47:33Z,23.31981737,37.38398835,0
2020-09-15T14:47:42Z,23.31950193,37.38392521,0
2020-09-15T14:48:18Z,23.31825246,37.38374869,0
2020-09-15T14:48:30Z,23.31785009,37.38364966,0
2020-09-15T14:48:48Z,23.31720461,37.38353621,0
2020-09-15T14:49:12Z,23.31620647,37.38345732,0
2020-09-15T14:49:24Z,23.31570851,37.38345328,0
2020-09-15T14:49:33Z,23.31534243,37.38342216,0
2020-09-15T14:49:54Z,23.31440598,37.38341625,0
2020-09-15T14:50:12Z,23.3135709,37.38345316,0
2020-09-15T14:50:30Z,23.31276824,37.38340258,0
2020-09-15T14:50:39Z,23.31236417,37.38342207,0
2020-09-15T14:50:54Z,23.31166839,37.38341536,0
2020-09-15T14:51:06Z,23.31114625,37.38337899,0
2020-09-15T14:51:21Z,23.31049942,37.3833069,0
2020-09-15T14:51:36Z,23.30991567,37.38315724,0
2020-09-15T14:52:27Z,23.30793595,37.38280456,0
2020-09-15T14:52:36Z,23.30756871,37.38276362,0
2020-09-15T14:52:51Z,23.30692054,37.3827293,0
2020-09-15T14:52:54Z,23.30680715,37.38271338,0
2020-09-15T14:53:00Z,23.30664607,37.38265122,0
2020-09-15T14:53:06Z,23.30634605,37.38265273,0
2020-09-15T14:53:15Z,23.30594062,37.38263085,0
2020-09-15T14:53:24Z,23.30555407,37.38264361,0
2020-09-15T14:53:30Z,23.30531581,37.38263241,0
2020-09-15T14:53:39Z,23.30494444,37.38257634,0
2020-09-15T14:53:42Z,23.304822,37.38258295,0
2020-09-15T14:53:45Z,23.30470634,37.38255497,0
2020-09-15T14:53:48Z,23.30460047,37.38255272,0
2020-09-15T14:53:51Z,23.30448345,37.38251438,0
2020-09-15T14:53:54Z,23.30441097,37.38246217,0
2020-09-15T14:54:00Z,23.30412029,37.38243262,0
2020-09-15T14:54:03Z,23.30404352,37.38240616,0
2020-09-15T14:54:09Z,23.30379342,37.38237683,0
2020-09-15T14:54:21Z,23.30329545,37.38236563,0
2020-09-15T14:54:33Z,23.30279192,37.38229021,0
2020-09-15T14:54:36Z,23.30265332,37.38228303,0
2020-09-15T14:54:42Z,23.30235022,37.38230719,0
2020-09-15T14:54:54Z,23.30180968,37.38238771,0
2020-09-15T14:55:03Z,23.30138624,37.3823821,0
2020-09-15T14:55:06Z,23.30126176,37.38235509,0
2020-09-15T14:55:21Z,23.3006178,37.38230689,0
2020-09-15T14:55:33Z,23.30004535,37.38234878,0
2020-09-15T14:56:00Z,23.29878658,37.38238785,0
2020-09-15T14:56:03Z,23.29865175,37.38243678,0
2020-09-15T14:56:06Z,23.2984621,37.38243097,0
2020-09-15T14:56:12Z,23.29818903,37.38247345,0
2020-09-15T14:56:15Z,23.29804539,37.38247575,0
2020-09-15T14:56:27Z,23.29755462,37.38239169,0
2020-09-15T14:56:42Z,23.29696769,37.38222216,0
2020-09-15T14:57:00Z,23.29631097,37.38201002,0
2020-09-15T14:57:12Z,23.29588359,37.38195646,0
2020-09-15T14:57:21Z,23.29554856,37.38188119,0
2020-09-15T14:57:30Z,23.29525693,37.38179367,0
2020-09-15T14:57:42Z,23.29480853,37.38172325,0
2020-09-15T14:57:57Z,23.29418054,37.38166706,0
2020-09-15T14:58:09Z,23.2936867,37.38168766,0
2020-09-15T14:58:18Z,23.29336589,37.38164322,0
2020-09-15T14:58:36Z,23.29272817,37.38152302,0
2020-09-15T14:58:51Z,23.2922787,37.38138915,0
2020-09-15T14:59:09Z,23.29173756,37.38125535,0
2020-09-15T14:59:48Z,23.2905057,37.3810402,0
2020-09-15T14:59:54Z,23.29029974,37.38098934,0
2020-09-15T14:59:57Z,23.29018173,37.38098331,0
2020-09-15T15:00:06Z,23.28982713,37.38102412,0
2020-09-15T15:00:12Z,23.2895792,37.38102981,0
2020-09-15T15:00:39Z,23.28854899,37.38090335,0
2020-09-15T15:00:48Z,23.28822437,37.38084986,0
2020-09-15T15:00:54Z,23.28799436,37.38082481,0
2020-09-15T15:00:57Z,23.28788348,37.38083148,0
2020-09-15T15:01:06Z,23.2875517,37.38080827,0
2020-09-15T15:01:18Z,23.28716327,37.38071112,0
2020-09-15T15:01:27Z,23.2868755,37.38066653,0
2020-09-15T15:01:33Z,23.28668141,37.38066296,0
2020-09-15T15:01:42Z,23.28639531,37.38059608,0
2020-09-15T15:01:51Z,23.2861561,37.38058189,0
2020-09-15T15:02:03Z,23.28576066,37.38050214,0
2020-09-15T15:02:06Z,23.28568542,37.38052344,0
2020-09-15T15:02:24Z,23.28509251,37.38038965,0
2020-09-15T15:02:27Z,23.28496296,37.38037512,0
2020-09-15T15:02:42Z,23.28435116,37.38039037,0
2020-09-15T15:02:51Z,23.28393624,37.3804503,0
2020-09-15T15:02:57Z,23.2836735,37.38046265,0
2020-09-15T15:03:00Z,23.28352901,37.38048105,0
2020-09-15T15:03:03Z,23.28341576,37.38052466,0
2020-09-15T15:03:06Z,23.283308,37.38052212,0
2020-09-15T15:03:12Z,23.28310117,37.38058179,0
2020-09-15T15:03:21Z,23.28262462,37.38067994,0
2020-09-15T15:03:30Z,23.28220983,37.38070047,0
2020-09-15T15:03:34Z,23.28200177,37.38064707,0
2020-09-15T15:03:37Z,23.28189985,37.38058288,0
2020-09-15T15:03:40Z,23.28173463,37.3806093,0
2020-09-15T15:03:43Z,23.28160405,37.38059791,0
2020-09-15T15:03:49Z,23.28135027,37.38051339,0
2020-09-15T15:03:58Z,23.28097754,37.38043113,0
2020-09-15T15:04:07Z,23.28062833,37.38033048,0
2020-09-15T15:04:28Z,23.27989246,37.38006945,0
2020-09-15T15:04:31Z,23.27983548,37.38003259,0
2020-09-15T15:04:34Z,23.2797144,37.37999206,0
2020-09-15T15:04:43Z,23.27941346,37.37991126,0
2020-09-15T15:04:58Z,23.27881016,37.37981181,0
2020-09-15T15:05:07Z,23.27842919,37.37978393,0
2020-09-15T15:05:10Z,23.27831179,37.37975483,0
2020-09-15T15:05:19Z,23.27791457,37.37974599,0
2020-09-15T15:05:25Z,23.27763495,37.37979712,0
2020-09-15T15:05:31Z,23.27735987,37.3798074,0
2020-09-15T15:05:43Z,23.27684073,37.37975078,0
2020-09-15T15:05:49Z,23.2765833,37.37975413,0
2020-09-15T15:05:55Z,23.27629438,37.37969663,0
2020-09-15T15:06:01Z,23.27605662,37.37960051,0
2020-09-15T15:06:04Z,23.27593394,37.3795726,0
2020-09-15T15:06:07Z,23.27577407,37.3795719,0
2020-09-15T15:06:10Z,23.27564642,37.37951601,0
2020-09-15T15:06:16Z,23.27541317,37.3794864,0
2020-09-15T15:06:19Z,23.27530206,37.37944357,0
2020-09-15T15:06:25Z,23.2750377,37.37941724,0
2020-09-15T15:06:40Z,23.27437967,37.37931356,0
2020-09-15T15:06:49Z,23.27412915,37.37918648,0
2020-09-15T15:06:55Z,23.27385929,37.37914934,0
2020-09-15T15:07:10Z,23.27332832,37.37897316,0
2020-09-15T15:07:22Z,23.27289516,37.37888413,0
2020-09-15T15:08:16Z,23.27094762,37.37825366,0
2020-09-15T15:08:34Z,23.27027677,37.37808475,0
2020-09-15T15:08:46Z,23.26993294,37.37795418,0
2020-09-15T15:08:49Z,23.26984457,37.37790751,0
2020-09-15T15:08:52Z,23.26981764,37.37786314,0
2020-09-15T15:08:55Z,23.26971256,37.37785371,0
2020-09-15T15:08:58Z,23.26962598,37.37781659,0
2020-09-15T15:09:04Z,23.26947835,37.37779414,0
2020-09-15T15:09:13Z,23.26913218,37.37765198,0
2020-09-15T15:09:22Z,23.26880124,37.3775811,0
2020-09-15T15:09:28Z,23.2685772,37.3776005,0
2020-09-15T15:09:34Z,23.26840171,37.37764055,0
2020-09-15T15:09:46Z,23.2677957,37.37767868,0
2020-09-15T15:10:19Z,23.2662083,37.37766314,0
2020-09-15T15:10:28Z,23.26583174,37.3777016,0
2020-09-15T15:10:31Z,23.26567464,37.37773384,0
2020-09-15T15:10:40Z,23.26525339,37.3777506,0
2020-09-15T15:10:55Z,23.26447153,37.37767367,0
2020-09-15T15:10:58Z,23.26433359,37.37769055,0
2020-09-15T15:11:01Z,23.26420556,37.37773768,0
2020-09-15T15:11:10Z,23.26372667,37.37773475,0
2020-09-15T15:11:16Z,23.26343518,37.37768993,0
2020-09-15T15:11:19Z,23.26329374,37.37764347,0
2020-09-15T15:11:31Z,23.26274889,37.37754399,0
2020-09-15T15:11:40Z,23.26237142,37.37741588,0
2020-09-15T15:11:46Z,23.26210875,37.37735808,0
2020-09-15T15:11:49Z,23.26197652,37.37734755,0
2020-09-15T15:11:52Z,23.26187095,37.37729199,0
2020-09-15T15:11:58Z,23.26160988,37.37723501,0
2020-09-15T15:12:01Z,23.26149699,37.37718221,0
2020-09-15T15:12:07Z,23.26126297,37.37711005,0
2020-09-15T15:12:19Z,23.26076261,37.37702146,0
2020-09-15T15:12:28Z,23.260372,37.37697071,0
2020-09-15T15:12:46Z,23.25957688,37.37695954,0
2020-09-15T15:13:04Z,23.25876327,37.37690047,0
2020-09-15T15:13:16Z,23.25822921,37.37684244,0
2020-09-15T15:13:31Z,23.25757441,37.37674641,0
2020-09-15T15:13:46Z,23.25696247,37.37654126,0
2020-09-15T15:14:10Z,23.25614053,37.37617078,0
2020-09-15T15:14:28Z,23.25551507,37.37599056,0
2020-09-15T15:14:40Z,23.25506051,37.37590286,0
2020-09-15T15:15:01Z,23.25419916,37.37580884,0
2020-09-15T15:15:28Z,23.25314831,37.37564937,0
2020-09-15T15:15:37Z,23.2527837,37.3756125,0
2020-09-15T15:15:46Z,23.25240742,37.37560777,0
2020-09-15T15:16:07Z,23.25144357,37.37566964,0
2020-09-15T15:16:10Z,23.25131166,37.37566623,0
2020-09-15T15:16:19Z,23.25095656,37.37563314,0
2020-09-15T15:16:46Z,23.24993782,37.37548144,0
2020-09-15T15:16:58Z,23.24943505,37.37544834,0
2020-09-15T15:17:04Z,23.2491955,37.37541022,0
2020-09-15T15:17:07Z,23.24905729,37.37543867,0
2020-09-15T15:17:10Z,23.2489205,37.37544491,0
2020-09-15T15:17:28Z,23.24820574,37.37542009,0
2020-09-15T15:17:37Z,23.24785005,37.37536452,0
2020-09-15T15:17:46Z,23.24750399,37.37537307,0
2020-09-15T15:17:49Z,23.24739393,37.37535522,0
2020-09-15T15:17:55Z,23.24717975,37.37538036,0
2020-09-15T15:18:01Z,23.24696132,37.37535272,0
2020-09-15T15:18:13Z,23.24655472,37.37534162,0
2020-09-15T15:18:19Z,23.24631703,37.37531803,0
2020-09-15T15:18:34Z,23.24572238,37.37530422,0
2020-09-15T15:19:04Z,23.24458836,37.37543362,0
2020-09-15T15:19:16Z,23.24413637,37.37542839,0
2020-09-15T15:19:37Z,23.24327219,37.37548037,0
2020-09-15T15:19:55Z,23.24248621,37.37567852,0
2020-09-15T15:20:04Z,23.24208662,37.37572105,0
2020-09-15T15:20:22Z,23.24136605,37.37575677,0
2020-09-15T15:20:28Z,23.24114592,37.37572296,0
2020-09-15T15:20:52Z,23.24043687,37.37567272,0
2020-09-15T15:21:01Z,23.24018389,37.3756264,0
2020-09-15T15:21:07Z,23.24003236,37.37562624,0
2020-09-15T15:21:13Z,23.23984642,37.37559086,0
2020-09-15T15:21:25Z,23.23948588,37.37560516,0
2020-09-15T15:21:28Z,23.23942743,37.37558068,0
2020-09-15T15:21:31Z,23.23929709,37.3755895,0
2020-09-15T15:21:34Z,23.2391445,37.37562611,0
2020-09-15T15:21:40Z,23.23892445,37.37563102,0
2020-09-15T15:22:16Z,23.23759105,37.37575975,0
2020-09-15T15:22:19Z,23.23745511,37.37579493,0
2020-09-15T15:22:22Z,23.23733226,37.37586168,0
2020-09-15T15:22:28Z,23.23709785,37.37594558,0
2020-09-15T15:22:34Z,23.23685791,37.37596609,0
2020-09-15T15:22:40Z,23.23660734,37.37601474,0
2020-09-15T15:22:49Z,23.23626209,37.37604085,0
2020-09-15T15:22:55Z,23.23604781,37.37610695,0
2020-09-15T15:23:28Z,23.23494124,37.37626434,0
2020-09-15T15:23:43Z,23.2344922,37.37636035,0
2020-09-15T15:23:52Z,23.23418556,37.37644905,0
2020-09-15T15:24:01Z,23.23386807,37.37656555,0
2020-09-15T15:24:07Z,23.23364599,37.3766165,0
2020-09-15T15:24:16Z,23.23332003,37.37673356,0
2020-09-15T15:24:31Z,23.23281804,37.37694208,0
2020-09-15T15:24:40Z,23.23254953,37.37712876,0
2020-09-15T15:24:43Z,23.23247682,37.37719653,0
2020-09-15T15:24:49Z,23.23238648,37.37733308,0
2020-09-15T15:24:55Z,23.23238085,37.37743608,0
2020-09-15T15:24:58Z,23.23243195,37.37747173,0
2020-09-15T15:25:04Z,23.23255064,37.37748538,0
2020-09-15T15:25:16Z,23.23278988,37.37747496,0
2020-09-15T15:25:22Z,23.23292267,37.37744096,0
2020-09-15T15:25:31Z,23.23313429,37.37734167,0
2020-09-15T15:25:37Z,23.2333001,37.37728407,0
2020-09-15T15:25:46Z,23.23353245,37.3771612,0
2020-09-15T15:25:49Z,23.23363958,37.37715527,0
2020-09-15T15:25:52Z,23.23374003,37.37712357,0
2020-09-15T15:25:55Z,23.23386613,37.37712151,0
2020-09-15T15:26:10Z,23.23447909,37.37697277,0
2020-09-15T15:26:16Z,23.23474393,37.37693328,0
2020-09-15T15:26:19Z,23.23486073,37.37694189,0
2020-09-15T15:26:22Z,23.23496713,37.3769034,0
2020-09-15T15:26:34Z,23.23541742,37.37681275,0
2020-09-15T15:26:37Z,23.23551718,37.37678836,0
2020-09-15T15:26:43Z,23.23570543,37.37670246,0
2020-09-15T15:26:55Z,23.23613222,37.37659016,0
2020-09-15T15:27:01Z,23.23635199,37.37650942,0
2020-09-15T15:27:19Z,23.23698363,37.37637477,0
2020-09-15T15:27:28Z,23.23728231,37.37629102,0
2020-09-15T15:27:52Z,23.23809118,37.37624031,0
2020-09-15T15:28:13Z,23.23871031,37.37615523,0
2020-09-15T15:28:22Z,23.23897099,37.37608679,0
2020-09-15T15:28:43Z,23.23962822,37.37596223,0
2020-09-15T15:29:10Z,23.24044437,37.37575046,0
2020-09-15T15:29:25Z,23.24093836,37.37565854,0
2020-09-15T15:29:40Z,23.24145075,37.37559879,0
2020-09-15T15:29:55Z,23.24201056,37.37561819,0
2020-09-15T15:30:19Z,23.24280853,37.37572184,0
2020-09-15T15:30:49Z,23.24367646,37.37579334,0
2020-09-15T15:31:16Z,23.24424682,37.37586495,0
2020-09-15T15:31:31Z,23.2445941,37.37585064,0
2020-09-15T15:31:34Z,23.24468214,37.37582967,0
2020-09-15T15:31:37Z,23.24476975,37.37584128,0
2020-09-15T15:31:43Z,23.24494505,37.37592284,0
2020-09-15T15:31:55Z,23.24528263,37.37600779,0
2020-09-15T15:32:13Z,23.24583467,37.37611023,0
2020-09-15T15:32:43Z,23.24666851,37.37621287,0
2020-09-15T15:33:01Z,23.24711817,37.37624614,0
2020-09-15T15:33:19Z,23.24751564,37.37632695,0
2020-09-15T15:33:43Z,23.24818068,37.37627299,0
2020-09-15T15:34:07Z,23.24886372,37.37631182,0
2020-09-15T15:34:13Z,23.24902597,37.37627651,0
2020-09-15T15:34:19Z,23.24921897,37.37627997,0
2020-09-15T15:34:25Z,23.24939511,37.37624049,0
2020-09-15T15:34:31Z,23.24959478,37.37623135,0
2020-09-15T15:34:43Z,23.25003876,37.37616599,0
2020-09-15T15:34:55Z,23.25043583,37.37614581,0
2020-09-15T15:35:01Z,23.2506565,37.37615452,0
2020-09-15T15:35:22Z,23.25134889,37.37628771,0
2020-09-15T15:35:49Z,23.25225003,37.37637195,0
2020-09-15T15:36:22Z,23.25329423,37.3765852,0
2020-09-15T15:36:37Z,23.25373461,37.37670975,0
2020-09-15T15:36:43Z,23.2539144,37.37672101,0
2020-09-15T15:36:55Z,23.25417794,37.37679595,0
2020-09-15T15:37:10Z,23.25452547,37.37682968,0
2020-09-15T15:37:22Z,23.2547736,37.37682574,0
2020-09-15T15:37:34Z,23.25509612,37.37691236,0
2020-09-15T15:37:52Z,23.25552438,37.37698643,0
2020-09-15T15:38:19Z,23.25628276,37.37717958,0
2020-09-15T15:38:40Z,23.25675014,37.37721407,0
2020-09-15T15:38:58Z,23.25727099,37.37729716,0
2020-09-15T15:40:04Z,23.25907928,37.37770448,0
2020-09-15T15:40:13Z,23.2593555,37.37780565,0
2020-09-15T15:40:16Z,23.25943313,37.3778577,0
2020-09-15T15:40:31Z,23.25990419,37.37801259,0
2020-09-15T15:40:40Z,23.26017171,37.37814651,0
2020-09-15T15:40:52Z,23.26049781,37.37824545,0
2020-09-15T15:41:01Z,23.26063952,37.37831411,0
2020-09-15T15:41:10Z,23.26084639,37.3783445,0
2020-09-15T15:41:25Z,23.26118043,37.3784242,0
2020-09-15T15:41:43Z,23.26166613,37.37849779,0
2020-09-15T15:42:43Z,23.26333022,37.37884177,0
2020-09-15T15:42:46Z,23.26340264,37.37888133,0
2020-09-15T15:42:55Z,23.26366386,37.37895858,0
2020-09-15T15:43:01Z,23.26387262,37.37904589,0
2020-09-15T15:43:13Z,23.26427349,37.37917824,0
2020-09-15T15:43:16Z,23.2643871,37.37919399,0
2020-09-15T15:43:40Z,23.26521559,37.37944527,0
2020-09-15T15:43:49Z,23.2654795,37.37954131,0
2020-09-15T15:44:04Z,23.26583297,37.37972302,0
2020-09-15T15:44:07Z,23.26589906,37.37970299,0
2020-09-15T15:44:10Z,23.26598575,37.37972475,0
2020-09-15T15:44:19Z,23.26626146,37.37981007,0
2020-09-15T15:44:28Z,23.2665148,37.37992288,0
2020-09-15T15:44:37Z,23.2667704,37.38000735,0
2020-09-15T15:44:46Z,23.2669785,37.38009471,0
2020-09-15T15:44:49Z,23.26702113,37.38013611,0
2020-09-15T15:45:07Z,23.26728691,37.38028164,0
2020-09-15T15:45:19Z,23.26755175,37.38033706,0
2020-09-15T15:45:25Z,23.26769221,37.3803979,0
2020-09-15T15:45:52Z,23.26812763,37.38065282,0
2020-09-15T15:45:58Z,23.26824833,37.38068063,0
2020-09-15T15:46:22Z,23.2686017,37.38084887,0
2020-09-15T15:46:31Z,23.26876678,37.3808969,0
2020-09-15T15:46:46Z,23.26892686,37.38096477,0
2020-09-15T15:46:55Z,23.2689218,37.38099201,0
2020-09-15T15:47:13Z,23.26876943,37.38099112,0
2020-09-15T15:47:28Z,23.26861245,37.3810878,0
2020-09-15T15:47:34Z,23.26857926,37.38112466,0
2020-09-15T15:47:46Z,23.2684753,37.381168,0
2020-09-15T15:47:55Z,23.26837676,37.38117052,0
2020-09-15T15:48:07Z,23.26827989,37.38127938,0
2020-09-15T15:48:31Z,23.26797571,37.38139338,0
2020-09-15T15:48:55Z,23.2677211,37.38144557,0
2020-09-15T15:49:01Z,23.26757454,37.38152851,0
2020-09-15T15:49:07Z,23.26746218,37.38166395,0
2020-09-15T15:49:13Z,23.26741099,37.38179631,0
2020-09-15T15:49:16Z,23.2673687,37.38185659,0
2020-09-15T15:49:25Z,23.26718409,37.38206281,0
2020-09-15T15:49:46Z,23.26675651,37.38247681,0
2020-09-15T15:49:55Z,23.26645496,37.38272436,0
2020-09-15T15:50:01Z,23.26630412,37.38287603,0
2020-09-15T15:50:07Z,23.26611491,37.38301328,0
2020-09-15T15:50:28Z,23.26535322,37.38349289,0
2020-09-15T15:50:34Z,23.26516309,37.38363684,0
2020-09-15T15:50:43Z,23.26482291,37.38381528,0
2020-09-15T15:50:52Z,23.26449401,37.384017,0
2020-09-15T15:50:55Z,23.26436419,37.3840768,0
2020-09-15T15:50:58Z,23.26426077,37.38415419,0
2020-09-15T15:51:07Z,23.26393633,37.38433804,0
2020-09-15T15:51:19Z,23.26342324,37.38456917,0
2020-09-15T15:51:46Z,23.26238074,37.38493145,0
2020-09-15T15:51:55Z,23.2620179,37.38509392,0
2020-09-15T15:52:25Z,23.26081314,37.38547111,0
2020-09-15T15:52:43Z,23.26007652,37.38565786,0
2020-09-15T15:52:49Z,23.25986996,37.38574335,0
2020-09-15T15:52:58Z,23.25961843,37.385883,0
2020-09-15T15:53:13Z,23.25930324,37.38613743,0
2020-09-15T15:53:34Z,23.25911206,37.38645487,0
2020-09-15T15:53:52Z,23.2591043,37.38661053,0
2020-09-15T15:54:01Z,23.25905787,37.38669417,0
2020-09-15T15:54:07Z,23.25904622,37.38677223,0
2020-09-15T15:54:22Z,23.25895319,37.38694264,0
2020-09-15T15:54:28Z,23.25894018,37.38701105,0
2020-09-15T15:54:34Z,23.25894059,37.38706258,0
2020-09-15T15:54:46Z,23.25898901,37.38714242,0
2020-09-15T15:54:58Z,23.25900742,37.38721285,0
2020-09-15T15:55:16Z,23.25899034,37.38730038,0
2020-09-15T15:55:28Z,23.25900451,37.38732514,0
2020-09-15T15:56:04Z,23.25908698,37.3873749,0
2020-09-15T15:56:46Z,23.25909596,37.38750289,0
2020-09-15T15:56:58Z,23.25911626,37.38750939,0
2020-09-15T15:57:10Z,23.25910392,37.3875446,0
2020-09-15T15:57:19Z,23.25910917,37.38763088,0
2020-09-15T15:57:22Z,23.25909071,37.38767272,0
2020-09-15T15:57:28Z,23.25902788,37.38774711,0
2020-09-15T15:57:31Z,23.25898025,37.38777233,0
2020-09-15T15:57:43Z,23.2587737,37.38773617,0
2020-09-15T15:58:01Z,23.25828835,37.38749308,0
2020-09-15T15:58:22Z,23.25761575,37.38725877,0
2020-09-15T15:58:34Z,23.25712939,37.38715617,0
2020-09-15T15:58:46Z,23.25674137,37.38697802,0
2020-09-15T15:58:58Z,23.25630837,37.38681303,0
2020-09-15T15:59:10Z,23.25592691,37.38660968,0
2020-09-15T15:59:22Z,23.25548632,37.38643037,0
2020-09-15T15:59:34Z,23.25510579,37.38621923,0
2020-09-15T15:59:43Z,23.25479534,37.38608943,0
2020-09-15T15:59:55Z,23.25444752,37.38591639,0
2020-09-15T15:59:58Z,23.25433521,37.38589564,0
2020-09-15T16:00:07Z,23.25412289,37.38578243,0
2020-09-15T16:00:16Z,23.25385012,37.38570555,0
2020-09-15T16:00:22Z,23.25368651,37.38563736,0
2020-09-15T16:00:34Z,23.25330695,37.3855539,0
2020-09-15T16:00:40Z,23.25312584,37.38553256,0
2020-09-15T16:00:55Z,23.25272436,37.38554624,0
2020-09-15T16:01:52Z,23.25210003,37.38554068,0
2020-09-15T16:02:22Z,23.25227404,37.38547107,0
2020-09-15T16:02:37Z,23.25232004,37.38541142,0
2020-09-15T16:02:43Z,23.25228334,37.38542891,0
2020-09-15T16:02:58Z,23.252205,37.38552799,0
2020-09-15T16:03:16Z,23.25218797,37.385687,0
2020-09-15T16:03:28Z,23.25220109,37.38575308,0
2020-09-15T16:03:40Z,23.25218461,37.38577445,0
2020-09-15T16:03:46Z,23.25216504,37.38577373,0
2020-09-15T16:04:07Z,23.25205037,37.38571615,0
2020-09-15T16:04:13Z,23.25198054,37.38570283,0
2020-09-15T16:04:34Z,23.25176317,37.3855693,0
2020-09-15T16:04:52Z,23.25159183,37.38544089,0
2020-09-15T16:05:01Z,23.25148516,37.38538255,0
2020-09-15T16:05:10Z,23.25141689,37.38531588,0
2020-09-15T16:05:25Z,23.25127319,37.38522821,0
2020-09-15T16:05:40Z,23.25122631,37.3851394,0
2020-09-15T16:05:46Z,23.25120826,37.38513224,0
2020-09-15T16:05:58Z,23.25119205,37.3851923,0
2020-09-15T16:06:07Z,23.2512208,37.38523548,0
2020-09-15T16:06:16Z,23.2512205,37.38531198,0
2020-09-15T16:06:22Z,23.25118057,37.38535128,0
2020-09-15T16:06:37Z,23.25102835,37.38542214,0
2020-09-15T16:06:43Z,23.25097437,37.38548603,0
2020-09-15T16:06:46Z,23.25097045,37.38552085,0
2020-09-15T16:06:49Z,23.2509849,37.38555251,0
2020-09-15T16:06:55Z,23.25105164,37.38560716,0
2020-09-15T16:07:01Z,23.25113572,37.38562876,0
2020-09-15T16:07:07Z,23.25119505,37.38559263,0
2020-09-15T16:07:13Z,23.25123764,37.38552734,0
2020-09-15T16:07:16Z,23.25124841,37.38548153,0
2020-09-15T16:07:25Z,23.25134316,37.3853609,0
2020-09-15T16:07:37Z,23.25150456,37.38527888,0
2020-09-15T16:07:46Z,23.25163761,37.38527791,0
2020-09-15T16:08:01Z,23.25180769,37.38532314,0
2020-09-15T16:08:10Z,23.25181428,37.38535556,0
2020-09-15T16:08:16Z,23.25179362,37.38535173,0
2020-09-15T16:08:37Z,23.25169362,37.38525339,0
2020-09-15T16:08:49Z,23.25163238,37.38515151,0
2020-09-15T16:08:55Z,23.25157938,37.3851016,0
2020-09-15T16:09:31Z,23.25151822,37.38495828,0
2020-09-15T16:09:49Z,23.25156442,37.38505659,0
2020-09-15T16:10:16Z,23.25144163,37.38499208,0
2020-09-15T16:10:37Z,23.25152719,37.38504666,0
2020-09-15T16:11:04Z,23.25147997,37.38503335,0
2020-09-15T16:11:19Z,23.25160112,37.38505082,0
2020-09-15T16:11:31Z,23.25170334,37.38508493,0
2020-09-15T16:11:43Z,23.25177215,37.38514501,0
2020-09-15T16:11:46Z,23.25179292,37.38514316,0
2020-09-15T16:11:58Z,23.25192363,37.38523107,0
2020-09-15T16:12:07Z,23.25202063,37.38533875,0
2020-09-15T16:12:19Z,23.25207056,37.38546244,0
2020-09-15T16:12:31Z,23.25209871,37.3854901,0
2020-09-15T16:12:46Z,23.2520799,37.38548032,0
2020-09-15T16:12:55Z,23.25207672,37.38539914,0
2020-09-15T16:13:10Z,23.25204069,37.38524322,0
2020-09-15T16:13:22Z,23.25204656,37.38518993,0
2020-09-15T16:13:28Z,23.25202993,37.38514705,0
2020-09-15T16:13:43Z,23.2519974,37.38512916,0
2020-09-15T16:14:10Z,23.25198195,37.38504941,0
2020-09-15T16:15:22Z,23.25199033,37.38512938,0
2020-09-15T16:15:58Z,23.2520014,37.38511568,0
2020-09-15T16:16:07Z,23.25203679,37.3851285,0
2020-09-15T16:18:07Z,23.25207204,37.38510851,0
2020-09-15T16:18:16Z,23.25207176,37.38509356,0
2020-09-15T16:19:01Z,23.2521048,37.38509699,0
2020-09-15T16:19:28Z,23.25212823,37.38512456,0
2020-09-15T16:19:55Z,23.25216698,37.38510994,0
2020-09-15T16:21:10Z,23.25215355,37.38511412,0
2020-09-15T16:21:37Z,23.25215947,37.38513007,0
2020-09-15T16:22:25Z,23.25224555,37.38513096,0
2020-09-15T16:22:52Z,23.25227579,37.38514497,0
2020-09-15T16:23:07Z,23.25224284,37.38514006,0
2020-09-15T16:23:13Z,23.25225506,37.38512864,0
2020-09-15T16:23:25Z,23.25225084,37.38515129,0
2020-09-15T16:24:14Z,23.25223409,37.38512341,0
2020-09-15T16:24:46Z,23.2522478,37.38512833,0

2020-09-16T09:02:15Z,23.25196295,37.38540054,0
2020-09-16T09:03:03Z,23.25191324,37.38541992,0
2020-09-16T09:03:27Z,23.25194272,37.38541955,0
2020-09-16T09:03:51Z,23.25191944,37.38543538,0
2020-09-16T09:04:12Z,23.25192172,37.38546785,0
2020-09-16T09:04:51Z,23.25195341,37.3854786,0
2020-09-16T09:05:18Z,23.25195145,37.38549467,0
2020-09-16T09:06:27Z,23.25200011,37.38550394,0
2020-09-16T09:06:51Z,23.25202439,37.38552469,0
2020-09-16T09:07:06Z,23.25200305,37.38552472,0
2020-09-16T09:07:21Z,23.25201735,37.38554091,0
2020-09-16T09:07:48Z,23.25203046,37.38551191,0
2020-09-16T09:08:21Z,23.25198938,37.38550611,0
2020-09-16T09:08:42Z,23.25199508,37.38547449,0
2020-09-16T09:09:21Z,23.2519622,37.38545815,0
2020-09-16T09:09:30Z,23.25195814,37.38548069,0
2020-09-16T09:09:57Z,23.25192247,37.38545412,0
2020-09-16T09:10:15Z,23.25192476,37.3854317,0
2020-09-16T09:10:30Z,23.25190183,37.38543634,0
2020-09-16T09:11:00Z,23.25196977,37.38542489,0
2020-09-16T09:11:09Z,23.25190791,37.38540463,0
2020-09-16T09:11:12Z,23.25192849,37.38542107,0
2020-09-16T09:11:21Z,23.25197215,37.3854059,0
2020-09-16T09:11:33Z,23.25188368,37.38545061,0
2020-09-16T09:12:00Z,23.25197224,37.3853899,0
2020-09-16T09:12:09Z,23.25199982,37.38540753,0
2020-09-16T09:12:12Z,23.25198392,37.38542999,0
2020-09-16T09:12:15Z,23.25194978,37.38543332,0
2020-09-16T09:12:21Z,23.25194062,37.38540513,0
2020-09-16T09:12:33Z,23.25195469,37.38540747,0
2020-09-16T09:12:36Z,23.25193287,37.38542049,0
2020-09-16T09:12:39Z,23.25194343,37.38541548,0
2020-09-16T09:12:48Z,23.25196581,37.38544292,0
2020-09-16T09:12:54Z,23.25189353,37.38541452,0
2020-09-16T09:13:03Z,23.25191746,37.38544231,0
2020-09-16T09:13:36Z,23.25197885,37.38544343,0
2020-09-16T09:15:03Z,23.25225221,37.38532244,0
2020-09-16T09:18:27Z,23.25213117,37.38537198,0
2020-09-16T09:18:39Z,23.2521008,37.38546991,0
2020-09-16T09:18:48Z,23.25209952,37.38554614,0
2020-09-16T09:19:24Z,23.25206402,37.38557302,0
2020-09-16T09:19:36Z,23.25212771,37.3857084,0
2020-09-16T09:19:42Z,23.25221407,37.38578087,0
2020-09-16T09:19:48Z,23.2523107,37.38583089,0
2020-09-16T09:20:00Z,23.25259922,37.38588391,0
2020-09-16T09:20:09Z,23.25288299,37.38590901,0
2020-09-16T09:20:36Z,23.25368154,37.38602698,0
2020-09-16T09:20:51Z,23.25410227,37.386135,0
2020-09-16T09:21:00Z,23.25435036,37.38617413,0
2020-09-16T09:21:27Z,23.25522258,37.38622898,0
2020-09-16T09:21:42Z,23.25565187,37.38623005,0
2020-09-16T09:21:57Z,23.25619991,37.38628344,0
2020-09-16T09:22:06Z,23.25650963,37.38625291,0
2020-09-16T09:22:09Z,23.25659628,37.38622177,0
2020-09-16T09:22:15Z,23.25680702,37.38622586,0
2020-09-16T09:22:24Z,23.2571069,37.38629352,0
2020-09-16T09:22:27Z,23.25718526,37.38633601,0
2020-09-16T09:22:30Z,23.25729397,37.38635801,0
2020-09-16T09:22:39Z,23.25758998,37.38638337,0
2020-09-16T09:22:45Z,23.25778795,37.38636061,0
2020-09-16T09:22:54Z,23.25806611,37.38628437,0
2020-09-16T09:23:03Z,23.25837087,37.38626019,0
2020-09-16T09:23:12Z,23.25866501,37.38626996,0
2020-09-16T09:23:18Z,23.25887751,37.38630316,0
2020-09-16T09:23:24Z,23.25905807,37.38630914,0
2020-09-16T09:23:39Z,23.25956156,37.386399,0
2020-09-16T09:23:57Z,23.26017374,37.38646159,0
2020-09-16T09:24:24Z,23.26110976,37.38660336,0
2020-09-16T09:24:30Z,23.2613051,37.38664659,0
2020-09-16T09:24:39Z,23.26161261,37.38667775,0
2020-09-16T09:24:45Z,23.26182283,37.3867163,0
2020-09-16T09:24:48Z,23.26192838,37.38672546,0
2020-09-16T09:24:54Z,23.26213276,37.38671318,0
2020-09-16T09:25:09Z,23.26265878,37.38676007,0
2020-09-16T09:25:21Z,23.26306958,37.38676237,0
2020-09-16T09:25:33Z,23.26350189,37.38681289,0
2020-09-16T09:26:00Z,23.2644297,37.38685627,0
2020-09-16T09:26:03Z,23.26453513,37.38687691,0
2020-09-16T09:26:12Z,23.26485763,37.38687714,0
2020-09-16T09:26:15Z,23.26495385,37.38690437,0
2020-09-16T09:26:18Z,23.2650593,37.38691178,0
2020-09-16T09:26:24Z,23.26526242,37.38686317,0
2020-09-16T09:26:33Z,23.26551717,37.38672044,0
2020-09-16T09:26:57Z,23.2660197,37.38622986,0
2020-09-16T09:27:06Z,23.2662222,37.3860743,0
2020-09-16T09:27:18Z,23.26644985,37.38579741,0
2020-09-16T09:27:39Z,23.266803,37.38532519,0
2020-09-16T09:27:48Z,23.26700637,37.38513791,0
2020-09-16T09:28:06Z,23.26747093,37.38488072,0
2020-09-16T09:28:18Z,23.26785208,37.3847183,0
2020-09-16T09:28:24Z,23.26805505,37.38466655,0
2020-09-16T09:28:30Z,23.26822455,37.3845925,0
2020-09-16T09:28:42Z,23.26854253,37.38439525,0
2020-09-16T09:28:48Z,23.26866888,37.38429368,0
2020-09-16T09:29:00Z,23.26889613,37.38403914,0
2020-09-16T09:29:09Z,23.26902379,37.38381891,0
2020-09-16T09:29:15Z,23.26908233,37.38368085,0
2020-09-16T09:29:21Z,23.26918403,37.38353421,0
2020-09-16T09:29:36Z,23.26948292,37.38323637,0
2020-09-16T09:29:48Z,23.26968409,37.38295625,0
2020-09-16T09:30:03Z,23.26986995,37.38258532,0
2020-09-16T09:30:15Z,23.26995786,37.38231201,0
2020-09-16T09:30:30Z,23.27002774,37.38195555,0
2020-09-16T09:30:39Z,23.27012471,37.38166417,0
2020-09-16T09:30:42Z,23.27012161,37.38160793,0
2020-09-16T09:30:45Z,23.27016261,37.38150856,0
2020-09-16T09:30:54Z,23.27018218,37.38128355,0
2020-09-16T09:31:21Z,23.27031033,37.38062527,0
2020-09-16T09:31:27Z,23.27030072,37.38044365,0
2020-09-16T09:31:33Z,23.27032979,37.38032128,0
2020-09-16T09:31:36Z,23.27034502,37.38013888,0
2020-09-16T09:31:39Z,23.27038328,37.38004134,0
2020-09-16T09:31:45Z,23.27038771,37.3798471,0
2020-09-16T09:31:54Z,23.27041876,37.379585,0
2020-09-16T09:32:00Z,23.27048288,37.37941395,0
2020-09-16T09:32:12Z,23.27059096,37.37903315,0
2020-09-16T09:32:24Z,23.27062911,37.37862991,0
2020-09-16T09:32:30Z,23.27067985,37.37844593,0
2020-09-16T09:32:33Z,23.2707444,37.37837703,0
2020-09-16T09:32:36Z,23.2707788,37.37828517,0
2020-09-16T09:32:42Z,23.27079786,37.37808519,0
2020-09-16T09:32:51Z,23.27088439,37.37780433,0
2020-09-16T09:32:54Z,23.27094209,37.37773676,0
2020-09-16T09:32:57Z,23.27093133,37.37765176,0
2020-09-16T09:33:00Z,23.27094797,37.37751013,0
2020-09-16T09:33:03Z,23.27098395,37.37740949,0
2020-09-16T09:33:06Z,23.27103407,37.37732969,0
2020-09-16T09:33:15Z,23.2710437,37.37703585,0
2020-09-16T09:33:33Z,23.27115845,37.37643502,0
2020-09-16T09:33:42Z,23.27124453,37.37615856,0
2020-09-16T09:33:48Z,23.27127936,37.37596716,0
2020-09-16T09:33:57Z,23.27136214,37.37572329,0
2020-09-16T09:34:00Z,23.27136483,37.37567167,0
2020-09-16T09:34:03Z,23.27139377,37.37559957,0
2020-09-16T09:34:06Z,23.27144456,37.37553968,0
2020-09-16T09:34:15Z,23.27159942,37.37542829,0
2020-09-16T09:34:21Z,23.27167879,37.37533878,0
2020-09-16T09:34:33Z,23.2718209,37.37505953,0
2020-09-16T09:34:45Z,23.27194457,37.37474095,0
2020-09-16T09:35:09Z,23.2721341,37.37416819,0
2020-09-16T09:35:30Z,23.27222617,37.37373421,0
2020-09-16T09:35:45Z,23.27240068,37.37331454,0
2020-09-16T09:35:57Z,23.27257473,37.37295716,0
2020-09-16T09:36:27Z,23.2730722,37.37213683,0
2020-09-16T09:36:45Z,23.27331482,37.37161935,0
2020-09-16T09:37:00Z,23.2734685,37.37117458,0
2020-09-16T09:37:21Z,23.27365524,37.37051524,0
2020-09-16T09:38:00Z,23.27396326,37.36931449,0
2020-09-16T09:38:21Z,23.27405789,37.36866542,0
2020-09-16T09:38:30Z,23.27411253,37.36839257,0
2020-09-16T09:38:54Z,23.27433436,37.36767151,0
2020-09-16T09:39:12Z,23.27453214,37.36717071,0
2020-09-16T09:39:24Z,23.2746841,37.36686024,0
2020-09-16T09:39:42Z,23.27493172,37.36640683,0
2020-09-16T09:40:09Z,23.27534934,37.36574514,0
2020-09-16T09:40:15Z,23.27536644,37.36560404,0
2020-09-16T09:40:21Z,23.27532498,37.36545414,0
2020-09-16T09:40:27Z,23.27524507,37.36531232,0
2020-09-16T09:40:39Z,23.27502107,37.36503716,0
2020-09-16T09:40:45Z,23.27495724,37.36488743,0
2020-09-16T09:40:48Z,23.27494118,37.36480489,0
2020-09-16T09:40:57Z,23.27495338,37.36455477,0
2020-09-16T09:41:03Z,23.27499797,37.3643637,0
2020-09-16T09:41:12Z,23.27507606,37.36414367,0
2020-09-16T09:41:30Z,23.27515437,37.36366873,0
2020-09-16T09:41:51Z,23.27527548,37.36311276,0
2020-09-16T09:42:18Z,23.27537918,37.36238986,0
2020-09-16T09:42:36Z,23.27542155,37.36196025,0
2020-09-16T09:43:12Z,23.27555805,37.36112302,0
2020-09-16T09:43:27Z,23.27566179,37.36078918,0
2020-09-16T09:43:58Z,23.27592048,37.36010685,0
2020-09-16T09:44:16Z,23.27600847,37.35971354,0
2020-09-16T09:44:31Z,23.27605845,37.35936345,0
2020-09-16T09:44:58Z,23.27620391,37.35873523,0
2020-09-16T09:45:16Z,23.27626518,37.35835734,0
2020-09-16T09:45:19Z,23.27629001,37.35829351,0
2020-09-16T09:45:25Z,23.27637465,37.35817259,0
2020-09-16T09:45:58Z,23.27694073,37.35756267,0
2020-09-16T09:46:07Z,23.27707089,37.35737856,0
2020-09-16T09:46:22Z,23.27716722,37.35704755,0
2020-09-16T09:46:40Z,23.27730738,37.35664928,0
2020-09-16T09:46:58Z,23.27751598,37.35623865,0
2020-09-16T09:47:04Z,23.27757199,37.35607476,0
2020-09-16T09:47:19Z,23.27773534,37.3558079,0
2020-09-16T09:47:28Z,23.27782784,37.35561324,0
2020-09-16T09:47:37Z,23.27786986,37.35542253,0
2020-09-16T09:47:46Z,23.2778751,37.35520966,0
2020-09-16T09:47:52Z,23.27790192,37.35507061,0
2020-09-16T09:48:28Z,23.27831953,37.35428457,0
2020-09-16T09:48:52Z,23.27855922,37.35367484,0
2020-09-16T09:49:07Z,23.27873006,37.35331106,0
2020-09-16T09:49:37Z,23.2790362,37.35256667,0
2020-09-16T09:49:55Z,23.27918766,37.35212907,0
2020-09-16T09:50:16Z,23.27939895,37.35160132,0
2020-09-16T09:50:43Z,23.27959882,37.35091213,0
2020-09-16T09:51:01Z,23.27979193,37.35046437,0
2020-09-16T09:51:16Z,23.27992478,37.35008103,0
2020-09-16T09:51:22Z,23.27993739,37.34992996,0
2020-09-16T09:51:28Z,23.27991192,37.34976904,0
2020-09-16T09:51:37Z,23.27983328,37.34953263,0
2020-09-16T09:51:40Z,23.27978619,37.34948379,0
2020-09-16T09:51:58Z,23.27965372,37.34901513,0
2020-09-16T09:52:25Z,23.27934301,37.34836519,0
2020-09-16T09:52:46Z,23.27906914,37.34785883,0
2020-09-16T09:52:58Z,23.27894761,37.34756676,0
2020-09-16T09:53:10Z,23.27889706,37.34726636,0
2020-09-16T09:53:37Z,23.27873853,37.34657444,0
2020-09-16T09:53:52Z,23.27866822,37.3461785,0
2020-09-16T09:54:07Z,23.27857586,37.34580542,0
2020-09-16T09:54:43Z,23.27838947,37.34486678,0
2020-09-16T09:54:52Z,23.27839239,37.34467005,0
2020-09-16T09:55:04Z,23.27824706,37.34435726,0
2020-09-16T09:56:10Z,23.2778613,37.3426552,0
2020-09-16T09:56:25Z,23.27779714,37.34223585,0
2020-09-16T09:56:55Z,23.27770773,37.34143986,0
2020-09-16T09:57:13Z,23.27770461,37.3409537,0
2020-09-16T09:57:25Z,23.27771945,37.34063416,0
2020-09-16T09:57:49Z,23.27780907,37.34000434,0
2020-09-16T09:58:10Z,23.27792762,37.33944822,0
2020-09-16T09:58:49Z,23.27818288,37.33841017,0
2020-09-16T09:59:22Z,23.27843266,37.33754818,0
2020-09-16T09:59:40Z,23.27860642,37.33707243,0
2020-09-16T10:00:26Z,23.27915641,37.33589867,0
2020-09-16T10:00:38Z,23.27925512,37.33557376,0
2020-09-16T10:00:56Z,23.27936447,37.33509503,0
2020-09-16T10:01:03Z,23.27935909,37.33492291,0
2020-09-16T10:01:18Z,23.27940777,37.33449281,0
2020-09-16T10:01:36Z,23.27941175,37.33400506,0
2020-09-16T10:01:57Z,23.27953692,37.33341668,0
2020-09-16T10:02:15Z,23.27970586,37.33294806,0
2020-09-16T10:02:39Z,23.27998583,37.33234054,0
2020-09-16T10:03:09Z,23.2803158,37.33154941,0
2020-09-16T10:03:45Z,23.28058218,37.33060371,0
2020-09-16T10:03:57Z,23.280621,37.33036756,0
2020-09-16T10:04:09Z,23.28074388,37.33002157,0
2020-09-16T10:04:30Z,23.28089455,37.32946366,0
2020-09-16T10:04:48Z,23.28105755,37.32897329,0
2020-09-16T10:05:00Z,23.28117523,37.32867712,0
2020-09-16T10:05:03Z,23.28118513,37.32860454,0
2020-09-16T10:05:12Z,23.28127883,37.32839543,0
2020-09-16T10:05:30Z,23.28159623,37.32796628,0
2020-09-16T10:05:42Z,23.28172972,37.32768432,0
2020-09-16T10:05:51Z,23.28185028,37.32749475,0
2020-09-16T10:05:57Z,23.28189719,37.32735368,0
2020-09-16T10:06:09Z,23.28211417,37.32707328,0
2020-09-16T10:06:30Z,23.28241322,37.32662792,0
2020-09-16T10:06:45Z,23.28268031,37.32632707,0
2020-09-16T10:06:51Z,23.28272663,37.32619203,0
2020-09-16T10:07:03Z,23.28299409,37.32595313,0
2020-09-16T10:07:30Z,23.28344694,37.32541589,0
2020-09-16T10:07:42Z,23.28369111,37.32519806,0
2020-09-16T10:08:06Z,23.28403611,37.32482683,0
2020-09-16T10:08:15Z,23.28408471,37.32473684,0
2020-09-16T10:08:24Z,23.28411529,37.32463662,0
2020-09-16T10:08:57Z,23.28417708,37.32426329,0
2020-09-16T10:09:00Z,23.2841888,37.32423947,0
2020-09-16T10:09:03Z,23.28420832,37.32424233,0
2020-09-16T10:09:06Z,23.28423234,37.32422089,0
2020-09-16T10:09:15Z,23.28430776,37.32404117,0
2020-09-16T10:09:24Z,23.28438857,37.323898,0
2020-09-16T10:09:42Z,23.28463164,37.3235657,0
2020-09-16T10:09:51Z,23.28481635,37.32341407,0
2020-09-16T10:10:03Z,23.285105,37.32321415,0
2020-09-16T10:10:09Z,23.28524562,37.32309205,0
2020-09-16T10:10:30Z,23.28574354,37.32275999,0
2020-09-16T10:10:51Z,23.28628594,37.32245588,0
2020-09-16T10:11:09Z,23.28673524,37.32222674,0
2020-09-16T10:11:12Z,23.28678371,37.32218195,0
2020-09-16T10:11:28Z,23.28717268,37.32203013,0
2020-09-16T10:12:10Z,23.2882917,37.32148758,0
2020-09-16T10:12:40Z,23.28908104,37.32113006,0
2020-09-16T10:12:58Z,23.2895584,37.32094892,0
2020-09-16T10:13:13Z,23.28992078,37.32073825,0
2020-09-16T10:13:28Z,23.2901892,37.3206096,0
2020-09-16T10:13:40Z,23.29031863,37.32050788,0
2020-09-16T10:14:10Z,23.29055706,37.32025181,0
2020-09-16T10:14:13Z,23.29058499,37.32021703,0
2020-09-16T10:14:22Z,23.29064818,37.32004443,0
2020-09-16T10:14:25Z,23.29069481,37.31998448,0
2020-09-16T10:14:37Z,23.29094239,37.31977807,0
2020-09-16T10:14:49Z,23.29115882,37.31964919,0
2020-09-16T10:15:10Z,23.29141175,37.31939804,0
2020-09-16T10:15:22Z,23.29148653,37.31919645,0
2020-09-16T10:15:37Z,23.29164945,37.31891957,0
2020-09-16T10:15:55Z,23.29190994,37.31853477,0
2020-09-16T10:16:16Z,23.29216255,37.31795696,0
2020-09-16T10:16:28Z,23.2923325,37.31764478,0
2020-09-16T10:16:49Z,23.29249905,37.3170929,0
2020-09-16T10:16:55Z,23.29258813,37.31691087,0
2020-09-16T10:17:10Z,23.2928224,37.31649965,0
2020-09-16T10:17:16Z,23.29292003,37.31635816,0
2020-09-16T10:17:37Z,23.29320581,37.31583972,0
2020-09-16T10:17:55Z,23.29352659,37.31540162,0
2020-09-16T10:18:10Z,23.29373721,37.31504765,0
2020-09-16T10:18:28Z,23.29404508,37.31459732,0
2020-09-16T10:18:46Z,23.29438014,37.31414409,0
2020-09-16T10:19:07Z,23.2946893,37.31358337,0
2020-09-16T10:19:16Z,23.29485488,37.313351,0
2020-09-16T10:19:25Z,23.29502836,37.31312025,0
2020-09-16T10:19:31Z,23.29516776,37.31296933,0
2020-09-16T10:19:46Z,23.29545556,37.31256777,0
2020-09-16T10:20:10Z,23.29594785,37.31198117,0
2020-09-16T10:20:31Z,23.29631763,37.3114578,0
2020-09-16T10:20:37Z,23.29645715,37.31132645,0
2020-09-16T10:20:43Z,23.29655412,37.31112298,0
2020-09-16T10:20:52Z,23.29671064,37.31087355,0
2020-09-16T10:21:01Z,23.29690802,37.31064723,0
2020-09-16T10:21:07Z,23.29701623,37.31048794,0
2020-09-16T10:21:22Z,23.29731146,37.31023391,0
2020-09-16T10:21:25Z,23.29736531,37.31016975,0
2020-09-16T10:21:52Z,23.29788973,37.3093173,0
2020-09-16T10:22:07Z,23.29817387,37.30890137,0
2020-09-16T10:22:28Z,23.29851736,37.30830094,0
2020-09-16T10:22:40Z,23.29874631,37.30797103,0
2020-09-16T10:23:07Z,23.29922437,37.30719426,0
2020-09-16T10:23:28Z,23.29964256,37.30662035,0
2020-09-16T10:24:22Z,23.30071575,37.30527364,0
2020-09-16T10:24:40Z,23.3010792,37.30487671,0
2020-09-16T10:25:04Z,23.30151811,37.30427934,0
2020-09-16T10:25:37Z,23.30222457,37.30346978,0
2020-09-16T10:25:49Z,23.30244004,37.30317462,0
2020-09-16T10:26:22Z,23.30309726,37.30240951,0
2020-09-16T10:26:58Z,23.30379978,37.30154898,0
2020-09-16T10:27:40Z,23.30458205,37.30048085,0
2020-09-16T10:28:19Z,23.30539805,37.29964839,0
2020-09-16T10:29:07Z,23.30631487,37.29854215,0
2020-09-16T10:29:25Z,23.30671427,37.29812527,0
2020-09-16T10:30:01Z,23.3075726,37.29730563,0
2020-09-16T10:30:22Z,23.30804174,37.29682993,0
2020-09-16T10:30:34Z,23.30835961,37.29657147,0
2020-09-16T10:31:07Z,23.30918513,37.29582218,0
2020-09-16T10:31:43Z,23.31001796,37.294996,0
2020-09-16T10:32:22Z,23.31100208,37.29415138,0
2020-09-16T10:32:52Z,23.31165939,37.29347225,0
2020-09-16T10:33:13Z,23.31200666,37.29301876,0
2020-09-16T10:33:46Z,23.31247833,37.29229123,0
2020-09-16T10:34:10Z,23.31276133,37.29194132,0
2020-09-16T10:34:22Z,23.31286905,37.29185736,0
2020-09-16T10:34:28Z,23.31286439,37.29182053,0
2020-09-16T10:34:34Z,23.31292975,37.29178471,0
2020-09-16T10:34:46Z,23.3130147,37.29167382,0
2020-09-16T10:34:58Z,23.31302495,37.29157394,0
2020-09-16T10:35:16Z,23.31301375,37.29150096,0
2020-09-16T10:35:34Z,23.31305369,37.29138245,0
2020-09-16T10:35:52Z,23.31305069,37.29104655,0
2020-09-16T10:35:55Z,23.31307255,37.29099743,0
2020-09-16T10:35:58Z,23.31312139,37.29094603,0
2020-09-16T10:36:01Z,23.31319934,37.29089074,0
2020-09-16T10:36:07Z,23.31339007,37.29081993,0
2020-09-16T10:36:37Z,23.31433246,37.29071799,0
2020-09-16T10:36:43Z,23.31450522,37.29073459,0
2020-09-16T10:36:46Z,23.31454966,37.29071739,0
2020-09-16T10:37:13Z,23.31508721,37.29077628,0
2020-09-16T10:37:49Z,23.3158397,37.29081695,0
2020-09-16T10:38:19Z,23.31675325,37.29076695,0
2020-09-16T10:38:37Z,23.31731755,37.29076185,0
2020-09-16T10:38:49Z,23.31771501,37.29078643,0
2020-09-16T10:39:13Z,23.3184324,37.29079043,0
2020-09-16T10:39:49Z,23.31924296,37.29090099,0
2020-09-16T10:40:01Z,23.31966888,37.29091377,0
2020-09-16T10:40:31Z,23.32079413,37.29084817,0
2020-09-16T10:41:01Z,23.32191587,37.29080303,0
2020-09-16T10:41:46Z,23.32354981,37.29076595,0
2020-09-16T10:41:55Z,23.32378521,37.29077487,0
2020-09-16T10:42:25Z,23.32438355,37.29085317,0
2020-09-16T10:42:43Z,23.32493394,37.29090432,0
2020-09-16T10:43:04Z,23.32568439,37.29100384,0
2020-09-16T10:43:19Z,23.32625686,37.29109862,0
2020-09-16T10:44:04Z,23.32797368,37.29126727,0
2020-09-16T10:44:22Z,23.32862161,37.29129925,0
2020-09-16T10:44:25Z,23.3287847,37.2913252,0
2020-09-16T10:44:38Z,23.32928404,37.29135268,0
2020-09-16T10:44:44Z,23.32953745,37.29134748,0
2020-09-16T10:44:56Z,23.32996495,37.29141165,0
2020-09-16T10:45:08Z,23.33041417,37.29150573,0
2020-09-16T10:45:14Z,23.330645,37.29152446,0
2020-09-16T10:45:20Z,23.33087483,37.29152302,0
2020-09-16T10:45:35Z,23.33143042,37.29159912,0
2020-09-16T10:45:41Z,23.33166098,37.29160454,0
2020-09-16T10:46:24Z,23.33334629,37.29182023,0
2020-09-16T10:46:33Z,23.33368655,37.2918501,0
2020-09-16T10:46:39Z,23.33390256,37.29184112,0
2020-09-16T10:46:57Z,23.33458585,37.29197219,0
2020-09-16T10:47:12Z,23.33515686,37.29204101,0
2020-09-16T10:47:24Z,23.33563063,37.29206699,0
2020-09-16T10:47:33Z,23.33594501,37.29213971,0
2020-09-16T10:47:42Z,23.33634182,37.29213834,0
2020-09-16T10:48:06Z,23.33725025,37.29221429,0
2020-09-16T10:48:15Z,23.33760707,37.29229471,0
2020-09-16T10:48:21Z,23.33781982,37.29228204,0
2020-09-16T10:48:30Z,23.33814371,37.29231089,0
2020-09-16T10:48:45Z,23.33870893,37.29239856,0
2020-09-16T10:49:03Z,23.33942596,37.29244806,0
2020-09-16T10:49:09Z,23.33963319,37.29250591,0
2020-09-16T10:49:15Z,23.33986161,37.29249967,0
2020-09-16T10:49:39Z,23.34078162,37.29262209,0
2020-09-16T10:50:00Z,23.34157648,37.29268721,0
2020-09-16T10:51:39Z,23.34539706,37.29316482,0
2020-09-16T10:51:51Z,23.34585898,37.29320068,0
2020-09-16T10:52:24Z,23.34714806,37.29335602,0
2020-09-16T10:52:54Z,23.34827156,37.29344661,0
2020-09-16T10:53:18Z,23.34922882,37.29356101,0
2020-09-16T10:53:33Z,23.34984592,37.29360217,0
2020-09-16T10:53:39Z,23.35007959,37.29364174,0
2020-09-16T10:53:42Z,23.35018864,37.29363893,0
2020-09-16T10:53:45Z,23.35029793,37.29366294,0
2020-09-16T10:54:24Z,23.35181731,37.29383842,0
2020-09-16T10:54:30Z,23.35204553,37.29383908,0
2020-09-16T10:54:39Z,23.35235937,37.29391193,0
2020-09-16T10:54:48Z,23.35274593,37.29390952,0
2020-09-16T10:54:54Z,23.35300216,37.29394045,0
2020-09-16T10:55:03Z,23.35334575,37.29400762,0
2020-09-16T10:55:30Z,23.35438618,37.29410591,0
2020-09-16T10:55:33Z,23.35443867,37.29408578,0
2020-09-16T10:55:42Z,23.35485664,37.29412191,0
2020-09-16T10:56:00Z,23.35555659,37.29413816,0
2020-09-16T10:56:18Z,23.35626445,37.29410312,0
2020-09-16T10:56:27Z,23.35660905,37.29406446,0
2020-09-16T10:56:45Z,23.35727893,37.29406537,0
2020-09-16T10:56:51Z,23.35752259,37.29408962,0
2020-09-16T10:56:54Z,23.35761058,37.29413655,0
2020-09-16T10:56:57Z,23.35775174,37.29413446,0
2020-09-16T10:57:18Z,23.35855251,37.29419828,0
2020-09-16T10:57:24Z,23.35877529,37.29419541,0
2020-09-16T10:57:27Z,23.3588945,37.29415276,0
2020-09-16T10:57:30Z,23.35899121,37.29414568,0
2020-09-16T10:57:39Z,23.35937592,37.29423447,0
2020-09-16T10:57:42Z,23.3594888,37.29424363,0
2020-09-16T10:57:48Z,23.35972764,37.29421555,0
2020-09-16T10:57:54Z,23.35994046,37.29423723,0
2020-09-16T10:58:09Z,23.36050094,37.29422015,0
2020-09-16T10:58:15Z,23.36072666,37.29424124,0
2020-09-16T10:58:21Z,23.36101485,37.29420007,0
2020-09-16T10:59:00Z,23.3625874,37.29417058,0
2020-09-16T10:59:24Z,23.3635291,37.2941898,0
2020-09-16T10:59:33Z,23.36387652,37.2941399,0
2020-09-16T10:59:42Z,23.36421589,37.29413102,0
2020-09-16T10:59:48Z,23.36442664,37.29416345,0
2020-09-16T10:59:54Z,23.3646874,37.29413284,0
2020-09-16T11:00:12Z,23.36537148,37.29414066,0
2020-09-16T11:00:27Z,23.36592843,37.29409649,0
2020-09-16T11:00:33Z,23.36615232,37.29406396,0
2020-09-16T11:00:39Z,23.36634217,37.2939824,0
2020-09-16T11:00:42Z,23.36645286,37.29396413,0
2020-09-16T11:00:48Z,23.36670971,37.29396666,0
2020-09-16T11:01:03Z,23.3672896,37.2939077,0
2020-09-16T11:01:30Z,23.36828066,37.29373979,0
2020-09-16T11:01:45Z,23.36881666,37.29368429,0
2020-09-16T11:02:03Z,23.36945821,37.29364146,0
2020-09-16T11:02:36Z,23.37061047,37.29364784,0
2020-09-16T11:02:42Z,23.37082752,37.29360467,0
2020-09-16T11:03:00Z,23.37148643,37.29363155,0
2020-09-16T11:03:06Z,23.37169822,37.29361132,0
2020-09-16T11:03:09Z,23.37180306,37.29362745,0
2020-09-16T11:03:15Z,23.37202183,37.29362424,0
2020-09-16T11:03:21Z,23.37224689,37.29364138,0
2020-09-16T11:03:48Z,23.37321725,37.29351807,0
2020-09-16T11:03:57Z,23.3735133,37.29342809,0
2020-09-16T11:04:00Z,23.37361998,37.2934166,0
2020-09-16T11:04:07Z,23.37387301,37.29332453,0
2020-09-16T11:04:16Z,23.37417593,37.2933023,0
2020-09-16T11:04:25Z,23.37448504,37.29337584,0
2020-09-16T11:04:34Z,23.37480124,37.29348139,0
2020-09-16T11:05:01Z,23.37569322,37.29381503,0
2020-09-16T11:05:25Z,23.37649457,37.29414423,0
2020-09-16T11:05:37Z,23.37689275,37.29426566,0
2020-09-16T11:05:49Z,23.37725479,37.29444251,0
2020-09-16T11:06:10Z,23.37777938,37.29476864,0
2020-09-16T11:06:16Z,23.37790604,37.29479255,0
2020-09-16T11:06:25Z,23.37807276,37.29477748,0
2020-09-16T11:06:31Z,23.37819866,37.29479914,0
2020-09-16T11:06:37Z,23.37831041,37.294868,0
2020-09-16T11:06:49Z,23.37853731,37.29507647,0
2020-09-16T11:06:58Z,23.37876055,37.29523402,0
2020-09-16T11:07:16Z,23.37931876,37.29550049,0
2020-09-16T11:07:46Z,23.38019364,37.29609333,0
2020-09-16T11:08:04Z,23.38065297,37.29648338,0
2020-09-16T11:08:25Z,23.38101929,37.29688402,0
2020-09-16T11:08:28Z,23.38108457,37.29691778,0
2020-09-16T11:08:34Z,23.38122895,37.29693934,0
2020-09-16T11:08:40Z,23.38136741,37.29698866,0
2020-09-16T11:08:43Z,23.38144885,37.29699267,0
2020-09-16T11:08:49Z,23.38163672,37.29694307,0
2020-09-16T11:09:04Z,23.38207366,37.29691221,0
2020-09-16T11:09:13Z,23.38232899,37.29693729,0
2020-09-16T11:09:16Z,23.38244466,37.29691873,0
2020-09-16T11:09:22Z,23.38265603,37.29692404,0
2020-09-16T11:09:31Z,23.38295456,37.29690715,0
2020-09-16T11:09:40Z,23.38327931,37.2968487,0
2020-09-16T11:09:52Z,23.38370623,37.29682721,0
2020-09-16T11:10:13Z,23.38446497,37.29686081,0
2020-09-16T11:10:28Z,23.38505931,37.29682358,0
2020-09-16T11:10:40Z,23.38549766,37.29685852,0
2020-09-16T11:10:49Z,23.38585618,37.29686576,0
2020-09-16T11:10:55Z,23.3861016,37.29679901,0
2020-09-16T11:11:13Z,23.38680654,37.2967383,0
2020-09-16T11:12:07Z,23.38859767,37.29665764,0
2020-09-16T11:12:22Z,23.3889866,37.29662396,0
2020-09-16T11:12:31Z,23.38917288,37.29663942,0
2020-09-16T11:12:43Z,23.38945523,37.29670516,0
2020-09-16T11:12:52Z,23.38968187,37.29680107,0
2020-09-16T11:13:07Z,23.39003764,37.29701428,0
2020-09-16T11:13:10Z,23.39013127,37.29704356,0
2020-09-16T11:13:13Z,23.39019905,37.29708588,0
2020-09-16T11:13:25Z,23.39044326,37.29732792,0
2020-09-16T11:13:43Z,23.39084121,37.29766955,0
2020-09-16T11:13:58Z,23.39112243,37.29796148,0
2020-09-16T11:14:16Z,23.39143301,37.29832662,0
2020-09-16T11:14:28Z,23.39152783,37.29857243,0
2020-09-16T11:14:43Z,23.39175084,37.29886475,0
2020-09-16T11:14:52Z,23.39193537,37.29901439,0
2020-09-16T11:15:01Z,23.39211997,37.29909114,0
2020-09-16T11:15:04Z,23.39220411,37.29909089,0
2020-09-16T11:15:16Z,23.39250977,37.2990222,0
2020-09-16T11:15:22Z,23.3925864,37.29895369,0
2020-09-16T11:15:28Z,23.39259447,37.29888426,0
2020-09-16T11:15:31Z,23.39263684,37.29884578,0
2020-09-16T11:15:37Z,23.39275382,37.29880349,0
2020-09-16T11:15:43Z,23.39289655,37.29878368,0
2020-09-16T11:16:07Z,23.39344293,37.29893746,0
2020-09-16T11:16:19Z,23.3936888,37.29907184,0
2020-09-16T11:16:22Z,23.39375704,37.29908126,0
2020-09-16T11:16:25Z,23.39382469,37.29906102,0
2020-09-16T11:16:31Z,23.39388996,37.29898627,0
2020-09-16T11:16:37Z,23.39391098,37.29891079,0
2020-09-16T11:16:43Z,23.39387159,37.29882075,0
2020-09-16T11:16:49Z,23.39378982,37.29877798,0
2020-09-16T11:16:58Z,23.39365095,37.29865183,0
2020-09-16T11:17:04Z,23.39359094,37.29854918,0
2020-09-16T11:17:13Z,23.39352635,37.29838015,0
2020-09-16T11:17:34Z,23.39350157,37.29788574,0
2020-09-16T11:18:04Z,23.3933958,37.2971159,0
2020-09-16T11:18:13Z,23.39332943,37.29688555,0
2020-09-16T11:18:16Z,23.39329523,37.29683046,0
2020-09-16T11:18:19Z,23.39325013,37.29679366,0
2020-09-16T11:18:22Z,23.39320437,37.29678079,0
2020-09-16T11:18:34Z,23.3929394,37.29677934,0
2020-09-16T11:18:46Z,23.39263166,37.29679584,0
2020-09-16T11:19:19Z,23.39161944,37.29690262,0
2020-09-16T11:19:28Z,23.39141265,37.29691574,0
2020-09-16T11:19:40Z,23.39093019,37.29691279,0
2020-09-16T11:19:52Z,23.39064279,37.2969461,0
2020-09-16T11:19:58Z,23.39040197,37.29695016,0
2020-09-16T11:20:04Z,23.39021419,37.29692293,0
2020-09-16T11:20:25Z,23.38955747,37.29690637,0
2020-09-16T11:21:01Z,23.38855184,37.29694914,0
2020-09-16T11:21:31Z,23.38798769,37.29704201,0
2020-09-16T11:22:01Z,23.38783743,37.29700687,0
2020-09-16T11:22:19Z,23.38790935,37.29690089,0
2020-09-16T11:22:25Z,23.38799468,37.29681302,0
2020-09-16T11:22:49Z,23.38862368,37.29648612,0
2020-09-16T11:23:13Z,23.38930867,37.29600053,0
2020-09-16T11:23:19Z,23.38946577,37.29585471,0
2020-09-16T11:23:31Z,23.38984787,37.29559016,0
2020-09-16T11:23:34Z,23.38993351,37.29552413,0
2020-09-16T11:23:43Z,23.39014887,37.29530337,0
2020-09-16T11:23:55Z,23.39048961,37.29505085,0
2020-09-16T11:24:37Z,23.39164933,37.29405939,0
2020-09-16T11:24:55Z,23.39217349,37.29368401,0
2020-09-16T11:25:01Z,23.39232108,37.2935374,0
2020-09-16T11:25:16Z,23.39279042,37.29324649,0
2020-09-16T11:25:22Z,23.39296846,37.29316529,0
2020-09-16T11:25:25Z,23.39300495,37.2931101,0
2020-09-16T11:25:29Z,23.39316085,37.2929543,0
2020-09-16T11:25:32Z,23.3932561,37.29289949,0
2020-09-16T11:25:38Z,23.39346704,37.29282613,0
2020-09-16T11:25:41Z,23.39355746,37.29277458,0
2020-09-16T11:25:53Z,23.39399269,37.29260089,0
2020-09-16T11:26:05Z,23.39443305,37.29245333,0
2020-09-16T11:26:20Z,23.39495791,37.29224633,0
2020-09-16T11:26:26Z,23.39516698,37.29217317,0
2020-09-16T11:26:35Z,23.39553096,37.29212323,0
2020-09-16T11:26:41Z,23.39577039,37.29212767,0
2020-09-16T11:26:56Z,23.39637854,37.29219132,0
2020-09-16T11:27:11Z,23.39697824,37.29215869,0
2020-09-16T11:27:33Z,23.39782294,37.29207617,0
2020-09-16T11:27:36Z,23.39794256,37.29207709,0
2020-09-16T11:27:39Z,23.39805857,37.29203486,0
2020-09-16T11:28:00Z,23.39886917,37.29206226,0
2020-09-16T11:28:12Z,23.39933165,37.29212202,0
2020-09-16T11:28:21Z,23.39967233,37.2921934,0
2020-09-16T11:28:24Z,23.39978497,37.29222223,0
2020-09-16T11:28:33Z,23.40005944,37.29234885,0
2020-09-16T11:28:36Z,23.40018086,37.29238156,0
2020-09-16T11:28:42Z,23.40043791,37.29242046,0
2020-09-16T11:28:48Z,23.40072632,37.29241948,0
2020-09-16T11:28:51Z,23.40086874,37.29243652,0
2020-09-16T11:28:57Z,23.40109473,37.29249527,0
2020-09-16T11:29:42Z,23.4027992,37.29280103,0
2020-09-16T11:29:48Z,23.40305013,37.2928263,0
2020-09-16T11:30:09Z,23.40385871,37.29281757,0
2020-09-16T11:30:21Z,23.40432778,37.29288144,0
2020-09-16T11:30:33Z,23.40483779,37.29290235,0
2020-09-16T11:30:48Z,23.4054001,37.29296889,0
2020-09-16T11:30:54Z,23.40559343,37.29297381,0
2020-09-16T11:31:00Z,23.40583957,37.29301711,0
2020-09-16T11:31:24Z,23.40674152,37.29324895,0
2020-09-16T11:31:42Z,23.40743076,37.2933968,0
2020-09-16T11:31:54Z,23.40792015,37.29346635,0
2020-09-16T11:31:57Z,23.40800273,37.29345849,0
2020-09-16T11:32:00Z,23.40813439,37.29351506,0
2020-09-16T11:32:21Z,23.40896978,37.29368813,0
2020-09-16T11:32:36Z,23.40956078,37.29377038,0
2020-09-16T11:32:39Z,23.40966583,37.29379381,0
2020-09-16T11:32:42Z,23.40980226,37.29384995,0
2020-09-16T11:32:45Z,23.40991558,37.29386285,0
2020-09-16T11:32:51Z,23.41012537,37.29391853,0
2020-09-16T11:32:57Z,23.41035088,37.29394161,0
2020-09-16T11:33:09Z,23.41079762,37.29403612,0
2020-09-16T11:33:30Z,23.41164248,37.2941582,0
2020-09-16T11:33:52Z,23.41250811,37.29432279,0
2020-09-16T11:34:07Z,23.41306912,37.29447098,0
2020-09-16T11:34:13Z,23.41328652,37.29449249,0
2020-09-16T11:34:31Z,23.41393869,37.29474414,0
2020-09-16T11:34:37Z,23.41420037,37.29481017,0
2020-09-16T11:34:56Z,23.41485842,37.29503566,0
2020-09-16T11:35:05Z,23.41520683,37.29511289,0
2020-09-16T11:35:11Z,23.41544232,37.2951914,0
2020-09-16T11:35:38Z,23.41646418,37.29544119,0
2020-09-16T11:36:23Z,23.418115,37.29579743,0
2020-09-16T11:37:14Z,23.41985286,37.29611388,0
2020-09-16T11:38:02Z,23.42080875,37.29625086,0
2020-09-16T11:38:14Z,23.42109573,37.29630685,0
2020-09-16T11:38:32Z,23.42155687,37.29633375,0
2020-09-16T11:38:59Z,23.42225177,37.29647255,0
2020-09-16T11:39:50Z,23.42384278,37.29684315,0
2020-09-16T11:40:26Z,23.42510045,37.29706073,0
2020-09-16T11:41:08Z,23.42653278,37.29737844,0
2020-09-16T11:41:11Z,23.42664257,37.29739577,0
2020-09-16T11:41:17Z,23.42686281,37.29739759,0
2020-09-16T11:41:29Z,23.42726324,37.29736071,0
2020-09-16T11:41:38Z,23.42754296,37.29731699,0
2020-09-16T11:41:53Z,23.42803091,37.29728442,0
2020-09-16T11:42:02Z,23.42833733,37.29723684,0
2020-09-16T11:42:17Z,23.4288306,37.2971285,0
2020-09-16T11:42:35Z,23.42942477,37.29696558,0
2020-09-16T11:42:53Z,23.43002267,37.296777,0
2020-09-16T11:42:59Z,23.43022578,37.29673577,0
2020-09-16T11:43:14Z,23.43077121,37.29667054,0
2020-09-16T11:43:29Z,23.43135278,37.29657784,0
2020-09-16T11:43:35Z,23.43156058,37.29652555,0
2020-09-16T11:43:38Z,23.43165733,37.2964828,0
2020-09-16T11:43:47Z,23.43189278,37.29631105,0
2020-09-16T11:44:08Z,23.43229574,37.29606284,0
2020-09-16T11:44:32Z,23.43267593,37.29574388,0
2020-09-16T11:44:59Z,23.43320049,37.29523108,0
2020-09-16T11:45:08Z,23.4334394,37.29506672,0
2020-09-16T11:45:23Z,23.43378028,37.29479927,0
2020-09-16T11:45:53Z,23.434317,37.29424816,0
2020-09-16T11:46:02Z,23.43451099,37.29407296,0
2020-09-16T11:46:26Z,23.43513585,37.29361393,0
2020-09-16T11:46:56Z,23.43601603,37.29306666,0
2020-09-16T11:47:17Z,23.43648525,37.29272745,0
2020-09-16T11:47:44Z,23.43700485,37.29217729,0
2020-09-16T11:48:35Z,23.43811886,37.29118275,0
2020-09-16T11:48:44Z,23.43831332,37.29096757,0
2020-09-16T11:48:59Z,23.43870586,37.29065165,0
2020-09-16T11:49:11Z,23.43902885,37.29043591,0
2020-09-16T11:49:26Z,23.43948192,37.29020187,0
2020-09-16T11:49:41Z,23.43989318,37.29009796,0
2020-09-16T11:49:50Z,23.44007108,37.29006747,0
2020-09-16T11:50:17Z,23.44021239,37.29006856,0
2020-09-16T11:50:35Z,23.44019238,37.29006442,0
2020-09-16T11:50:44Z,23.44017389,37.28996387,0
2020-09-16T11:50:50Z,23.440174,37.28984633,0
2020-09-16T11:50:53Z,23.4402028,37.28977512,0
2020-09-16T11:50:56Z,23.4402541,37.2897062,0
2020-09-16T11:51:02Z,23.44039866,37.2896027,0
2020-09-16T11:51:17Z,23.44070576,37.2894687,0
2020-09-16T11:51:26Z,23.44086576,37.28933433,0
2020-09-16T11:51:35Z,23.44106581,37.2892031,0
2020-09-16T11:51:59Z,23.44157629,37.28878248,0
2020-09-16T11:52:17Z,23.4419905,37.28849239,0
2020-09-16T11:52:26Z,23.44214969,37.28829362,0
2020-09-16T11:52:41Z,23.44254321,37.28789885,0
2020-09-16T11:53:08Z,23.44330352,37.28724739,0
2020-09-16T11:53:20Z,23.44368663,37.28697058,0
2020-09-16T11:53:44Z,23.44440673,37.28637904,0
2020-09-16T11:53:50Z,23.44459611,37.28624279,0
2020-09-16T11:54:05Z,23.44503518,37.28586889,0
2020-09-16T11:54:17Z,23.44539718,37.28554537,0
2020-09-16T11:54:44Z,23.44613439,37.28474142,0
2020-09-16T11:54:56Z,23.44650825,37.28439985,0
2020-09-16T11:55:08Z,23.4468381,37.28401601,0
2020-09-16T11:55:23Z,23.44728064,37.28359573,0
2020-09-16T11:55:32Z,23.44750905,37.28330476,0
2020-09-16T11:55:41Z,23.44771002,37.2829945,0
2020-09-16T11:56:08Z,23.44826745,37.28206952,0
2020-09-16T11:56:14Z,23.44842089,37.28188633,0
2020-09-16T11:56:17Z,23.4485214,37.28180821,0
2020-09-16T11:56:23Z,23.44871872,37.28166984,0
2020-09-16T11:56:32Z,23.44904276,37.28148252,0
2020-09-16T11:56:59Z,23.44984352,37.2809267,0
2020-09-16T11:57:08Z,23.45014244,37.28075241,0
2020-09-16T11:57:35Z,23.45097098,37.28021529,0
2020-09-16T11:57:56Z,23.45165097,37.27981637,0
2020-09-16T11:58:23Z,23.45253382,37.27933366,0
2020-09-16T11:58:44Z,23.45318453,37.27887704,0
2020-09-16T11:58:59Z,23.45368151,37.27856099,0
2020-09-16T11:59:29Z,23.45474413,37.27799154,0
2020-09-16T11:59:38Z,23.45503067,37.27780723,0
2020-09-16T11:59:50Z,23.4554444,37.27761235,0
2020-09-16T12:00:02Z,23.45581516,37.27738288,0
2020-09-16T12:00:30Z,23.45671912,37.27690542,0
2020-09-16T12:01:00Z,23.45767863,37.27633143,0
2020-09-16T12:01:18Z,23.45822267,37.27605194,0
2020-09-16T12:01:24Z,23.45839483,37.27594511,0
2020-09-16T12:01:30Z,23.45855287,37.27581543,0
2020-09-16T12:01:45Z,23.45903631,37.27554529,0
2020-09-16T12:02:00Z,23.45952278,37.27520873,0
2020-09-16T12:02:09Z,23.4598505,37.27504299,0
2020-09-16T12:02:24Z,23.46034383,37.27475094,0
2020-09-16T12:03:00Z,23.46158187,37.27396174,0
2020-09-16T12:03:24Z,23.46240663,37.27348241,0
2020-09-16T12:03:33Z,23.46272793,37.27331667,0
2020-09-16T12:03:45Z,23.4631028,37.27304663,0
2020-09-16T12:03:57Z,23.46348935,37.27273001,0
2020-09-16T12:04:03Z,23.46369436,37.27258251,0
2020-09-16T12:04:36Z,23.4648149,37.27192565,0
2020-09-16T12:04:51Z,23.46525864,37.27164063,0
2020-09-16T12:05:03Z,23.46567696,37.27143161,0
2020-09-16T12:05:15Z,23.46602269,37.27132181,0
2020-09-16T12:05:21Z,23.46615923,37.2712532,0
2020-09-16T12:05:39Z,23.46660916,37.2709571,0
2020-09-16T12:05:51Z,23.46698386,37.27066942,0
2020-09-16T12:06:12Z,23.46761438,37.27029493,0
2020-09-16T12:06:27Z,23.4680009,37.27000168,0
2020-09-16T12:06:39Z,23.46835042,37.26976987,0
2020-09-16T12:06:57Z,23.4688112,37.26939933,0
2020-09-16T12:07:03Z,23.46903068,37.26926654,0
2020-09-16T12:07:12Z,23.46937602,37.26911438,0
2020-09-16T12:07:21Z,23.46967443,37.26895593,0
2020-09-16T12:07:33Z,23.47001539,37.26870346,0
2020-09-16T12:08:12Z,23.47114383,37.26796439,0
2020-09-16T12:08:27Z,23.47153129,37.26766727,0
2020-09-16T12:08:43Z,23.47203346,37.26738709,0
2020-09-16T12:09:16Z,23.47295063,37.26670806,0
2020-09-16T12:09:28Z,23.47331093,37.26647878,0
2020-09-16T12:09:37Z,23.47357711,37.26628711,0
2020-09-16T12:09:49Z,23.47397111,37.26606758,0
2020-09-16T12:10:07Z,23.47453153,37.2657098,0
2020-09-16T12:10:10Z,23.4746231,37.26564609,0
2020-09-16T12:10:22Z,23.4749433,37.26533846,0
2020-09-16T12:10:46Z,23.47562561,37.26485334,0
2020-09-16T12:11:04Z,23.4761549,37.26451444,0
2020-09-16T12:11:22Z,23.47658312,37.26426681,0
2020-09-16T12:11:43Z,23.47706765,37.26392041,0
2020-09-16T12:11:58Z,23.47749728,37.263739,0
2020-09-16T12:12:04Z,23.47758185,37.26365911,0
2020-09-16T12:12:10Z,23.47773326,37.26357206,0
2020-09-16T12:12:16Z,23.47783305,37.26347665,0
2020-09-16T12:12:25Z,23.47808479,37.26329844,0
2020-09-16T12:12:31Z,23.4782636,37.2631992,0
2020-09-16T12:12:43Z,23.47857465,37.26295926,0
2020-09-16T12:12:49Z,23.47875941,37.26284492,0
2020-09-16T12:12:58Z,23.47898672,37.26264079,0
2020-09-16T12:13:07Z,23.47919134,37.26240755,0
2020-09-16T12:13:16Z,23.47941989,37.2621903,0
2020-09-16T12:13:25Z,23.47961269,37.2619462,0
2020-09-16T12:13:28Z,23.47969234,37.26186942,0
2020-09-16T12:13:55Z,23.48044714,37.26122131,0
2020-09-16T12:14:10Z,23.48083076,37.26085946,0
2020-09-16T12:14:28Z,23.48128856,37.26051412,0
2020-09-16T12:14:40Z,23.48159383,37.26031183,0
2020-09-16T12:14:58Z,23.4820361,37.25996424,0
2020-09-16T12:15:13Z,23.48243027,37.25968173,0
2020-09-16T12:15:49Z,23.48321997,37.25903117,0
2020-09-16T12:16:01Z,23.48349892,37.25883475,0
2020-09-16T12:16:19Z,23.4838051,37.25853522,0
2020-09-16T12:16:37Z,23.48414414,37.25827245,0
2020-09-16T12:16:49Z,23.48431385,37.25804495,0
2020-09-16T12:16:58Z,23.48445618,37.2578809,0
2020-09-16T12:17:04Z,23.48457477,37.25777535,0
2020-09-16T12:17:07Z,23.48462838,37.25774457,0
2020-09-16T12:17:10Z,23.4846937,37.25773257,0
2020-09-16T12:17:13Z,23.48475014,37.25773272,0
2020-09-16T12:17:19Z,23.48485371,37.25776846,0
2020-09-16T12:17:31Z,23.48491917,37.25787036,0
2020-09-16T12:17:43Z,23.48507604,37.25800483,0
2020-09-16T12:17:52Z,23.4851582,37.258186,0
2020-09-16T12:18:01Z,23.48531101,37.25836775,0
2020-09-16T12:18:04Z,23.48531196,37.25841603,0
2020-09-16T12:18:10Z,23.48536371,37.25853729,0
2020-09-16T12:18:19Z,23.48540269,37.25868406,0
2020-09-16T12:18:52Z,23.48567513,37.25930789,0
2020-09-16T12:19:01Z,23.48573193,37.2594878,0
2020-09-16T12:19:19Z,23.48589468,37.25980517,0
2020-09-16T12:19:28Z,23.48597637,37.25992096,0
2020-09-16T12:19:31Z,23.48599599,37.25997956,0
2020-09-16T12:19:34Z,23.4860378,37.26004193,0
2020-09-16T12:19:46Z,23.48619877,37.26020819,0
2020-09-16T12:20:04Z,23.48637773,37.26045799,0
2020-09-16T12:20:10Z,23.48642199,37.26058937,0
2020-09-16T12:20:19Z,23.48657201,37.26078692,0
2020-09-16T12:20:25Z,23.48668628,37.2608701,0
2020-09-16T12:21:04Z,23.48719527,37.26170458,0
2020-09-16T12:21:13Z,23.4873547,37.26187102,0
2020-09-16T12:21:19Z,23.48743401,37.26198663,0
2020-09-16T12:21:31Z,23.48764394,37.26219505,0
2020-09-16T12:21:43Z,23.4877751,37.26236906,0
2020-09-16T12:21:49Z,23.48785775,37.26242277,0
2020-09-16T12:21:55Z,23.48793203,37.26249895,0
2020-09-16T12:22:07Z,23.4880612,37.26269422,0
2020-09-16T12:22:25Z,23.48830633,37.2630061,0
2020-09-16T12:22:37Z,23.48843125,37.26321123,0
2020-09-16T12:23:07Z,23.48888377,37.26370237,0
2020-09-16T12:23:19Z,23.48902773,37.26393399,0
2020-09-16T12:23:43Z,23.48934615,37.26436538,0
2020-09-16T12:24:10Z,23.48974036,37.2648331,0
2020-09-16T12:24:55Z,23.4903049,37.26562539,0
2020-09-16T12:25:19Z,23.49068498,37.26600249,0
2020-09-16T12:25:37Z,23.49108026,37.26629328,0
2020-09-16T12:25:43Z,23.4911766,37.2664054,0
2020-09-16T12:25:58Z,23.49142018,37.26658794,0
2020-09-16T12:26:13Z,23.49158619,37.2669148,0
2020-09-16T12:26:16Z,23.49163526,37.26697008,0
2020-09-16T12:26:25Z,23.49171684,37.26712604,0
2020-09-16T12:26:28Z,23.49176945,37.2671942,0
2020-09-16T12:26:37Z,23.49188184,37.26728031,0
2020-09-16T12:26:55Z,23.49199958,37.26742115,0
2020-09-16T12:26:58Z,23.4920761,37.26748846,0
2020-09-16T12:27:19Z,23.49235892,37.2678629,0
2020-09-16T12:27:31Z,23.49261714,37.26808077,0
2020-09-16T12:27:40Z,23.49265149,37.26813586,0
2020-09-16T12:27:49Z,23.49280861,37.26829912,0
2020-09-16T12:28:04Z,23.49289309,37.26841906,0
2020-09-16T12:28:13Z,23.49307604,37.26861335,0
2020-09-16T12:28:28Z,23.49318197,37.26876409,0
2020-09-16T12:28:40Z,23.49330698,37.26889215,0
2020-09-16T12:29:01Z,23.49336995,37.26900377,0
2020-09-16T12:29:07Z,23.49353545,37.26919041,0
2020-09-16T12:29:22Z,23.49366676,37.26939126,0
2020-09-16T12:29:25Z,23.49374743,37.26948121,0
2020-09-16T12:29:40Z,23.49419368,37.269865,0
2020-09-16T12:29:52Z,23.49445901,37.2701429,0
2020-09-16T12:30:13Z,23.49466836,37.2704581,0
2020-09-16T12:30:28Z,23.49470399,37.27056157,0
2020-09-16T12:30:58Z,23.49512317,37.27103541,0
2020-09-16T12:31:10Z,23.49535492,37.27133646,0
2020-09-16T12:31:43Z,23.49583417,37.27204635,0
2020-09-16T12:32:04Z,23.49608441,37.27233488,0
2020-09-16T12:32:46Z,23.49639563,37.27279921,0
2020-09-16T12:32:55Z,23.496552,37.27299984,0
2020-09-16T12:33:04Z,23.49668817,37.27315158,0
2020-09-16T12:33:31Z,23.49706162,37.27348996,0
2020-09-16T12:33:43Z,23.49713632,37.27360777,0
2020-09-16T12:33:52Z,23.49719247,37.27374447,0
2020-09-16T12:34:01Z,23.49728251,37.27388347,0
2020-09-16T12:34:43Z,23.4977572,37.27439704,0
2020-09-16T12:35:10Z,23.49800023,37.27474309,0
2020-09-16T12:35:34Z,23.49843457,37.27526483,0
2020-09-16T12:36:10Z,23.49873983,37.27553075,0
2020-09-16T12:36:28Z,23.49883964,37.27583978,0
2020-09-16T12:36:46Z,23.49897956,37.27615134,0
2020-09-16T12:37:04Z,23.49920171,37.27643342,0
2020-09-16T12:37:19Z,23.4993665,37.27659154,0
2020-09-16T12:37:28Z,23.49945232,37.27670835,0
2020-09-16T12:38:01Z,23.49954271,37.27693033,0
2020-09-16T12:38:28Z,23.49978115,37.27728234,0
2020-09-16T12:38:49Z,23.49997322,37.27760411,0
2020-09-16T12:39:10Z,23.50020649,37.27805524,0
2020-09-16T12:39:55Z,23.50077342,37.27889802,0
2020-09-16T12:40:10Z,23.50086452,37.27909821,0
2020-09-16T12:40:22Z,23.50102631,37.27936165,0
2020-09-16T12:40:40Z,23.50125977,37.27966212,0
2020-09-16T12:40:49Z,23.50138249,37.27984721,0
2020-09-16T12:41:01Z,23.50146775,37.28001296,0
2020-09-16T12:41:13Z,23.50162825,37.28025496,0
2020-09-16T12:41:31Z,23.50180225,37.2805922,0
2020-09-16T12:41:46Z,23.50198658,37.28085024,0
2020-09-16T12:42:01Z,23.50215439,37.28113462,0
2020-09-16T12:42:22Z,23.50245173,37.28155268,0
2020-09-16T12:42:43Z,23.50256915,37.2817965,0
2020-09-16T12:43:01Z,23.50275058,37.28211631,0
2020-09-16T12:43:31Z,23.50313555,37.28262694,0
2020-09-16T12:43:52Z,23.50335652,37.28309426,0
2020-09-16T12:44:01Z,23.50346373,37.28327854,0
2020-09-16T12:44:25Z,23.50352861,37.28344571,0
2020-09-16T12:44:46Z,23.5035992,37.28356103,0
2020-09-16T12:45:31Z,23.50380916,37.28375299,0
2020-09-16T12:45:37Z,23.50395114,37.28383033,0
2020-09-16T12:45:43Z,23.50406147,37.28382092,0
2020-09-16T12:46:04Z,23.50413788,37.28403936,0
2020-09-16T12:46:29Z,23.50452427,37.28422425,0
2020-09-16T12:46:47Z,23.50460267,37.28444284,0
2020-09-16T12:47:06Z,23.50493792,37.28469454,0
2020-09-16T12:47:36Z,23.50506016,37.28507482,0
2020-09-16T12:47:48Z,23.50513479,37.2852194,0
2020-09-16T12:48:00Z,23.50523223,37.28536002,0
2020-09-16T12:48:03Z,23.5052375,37.2856105,0
2020-09-16T12:48:12Z,23.50530198,37.28579581,0
2020-09-16T12:48:34Z,23.50544651,37.28598595,0
2020-09-16T12:48:46Z,23.50552175,37.2860412,0
2020-09-16T12:51:30Z,23.50808635,37.28964466,0
2020-09-16T12:51:36Z,23.50811426,37.29011319,0
2020-09-16T12:51:39Z,23.50817022,37.29054042,0
2020-09-16T12:51:48Z,23.5082725,37.29083462,0
2020-09-16T12:52:03Z,23.50855341,37.29142369,0
2020-09-16T12:52:24Z,23.50869003,37.29164402,0
2020-09-16T12:53:00Z,23.50897055,37.2920352,0
2020-09-16T12:53:06Z,23.50899685,37.2921439,0
2020-09-16T12:53:33Z,23.50926079,37.29253676,0
2020-09-16T12:53:42Z,23.50926822,37.2926094,0
2020-09-16T12:53:57Z,23.50948199,37.29282203,0
2020-09-16T12:54:24Z,23.50958576,37.29295846,0
2020-09-16T12:54:42Z,23.50981556,37.2931508,0
2020-09-16T12:54:51Z,23.50984816,37.29321911,0
2020-09-16T12:55:00Z,23.5099767,37.29335314,0
2020-09-16T12:55:06Z,23.51002503,37.29342983,0
2020-09-16T12:55:51Z,23.51008105,37.29371426,0
2020-09-16T12:56:23Z,23.5101524,37.29385887,0
2020-09-16T13:01:43Z,23.51260828,37.2975679,0
2020-09-16T13:01:46Z,23.51260912,37.2976322,0
2020-09-16T13:01:49Z,23.51258726,37.29765919,0
2020-09-16T13:01:52Z,23.51260222,37.29768732,0
2020-09-16T13:01:55Z,23.51254324,37.29775018,0
2020-09-16T13:02:08Z,23.5127405,37.29836356,0
2020-09-16T13:02:11Z,23.51287833,37.29873904,0
2020-09-16T13:02:14Z,23.51291676,37.29905081,0
2020-09-16T13:02:17Z,23.51297992,37.29926198,0
2020-09-16T13:02:23Z,23.51302674,37.29969122,0
2020-09-16T13:02:29Z,23.51302962,37.30002642,0
2020-09-16T13:02:44Z,23.51306156,37.30056351,0
2020-09-16T13:02:47Z,23.51307708,37.30063356,0
2020-09-16T13:03:05Z,23.51318547,37.30100069,0
2020-09-16T13:03:35Z,23.51336797,37.30138645,0
2020-09-16T13:03:59Z,23.51348279,37.30169996,0
2020-09-16T13:04:29Z,23.51361219,37.30214408,0
2020-09-16T13:04:35Z,23.5136663,37.30222005,0
2020-09-16T13:05:08Z,23.51381415,37.30262212,0
2020-09-16T13:05:14Z,23.51382863,37.30272638,0
2020-09-16T13:05:26Z,23.51388554,37.30292148,0
2020-09-16T13:05:35Z,23.51395609,37.3030517,0
2020-09-16T13:05:44Z,23.5140417,37.30314946,0
2020-09-16T13:05:59Z,23.51416346,37.30324441,0
2020-09-16T13:06:23Z,23.51415992,37.30352954,0
2020-09-16T13:06:44Z,23.51429391,37.30373305,0
2020-09-16T13:06:59Z,23.51433107,37.30391524,0
2020-09-16T13:07:17Z,23.51442532,37.30407959,0
2020-09-16T13:07:41Z,23.51445989,37.30443042,0
2020-09-16T13:07:47Z,23.51450452,37.30449473,0
2020-09-16T13:08:02Z,23.51463818,37.30454743,0
2020-09-16T13:08:05Z,23.51469386,37.30458694,0
2020-09-16T13:08:14Z,23.51481842,37.30475189,0
2020-09-16T13:08:26Z,23.51509974,37.30496361,0
2020-09-16T13:08:38Z,23.51530589,37.30520566,0
2020-09-16T13:08:53Z,23.51562568,37.30551259,0
2020-09-16T13:09:14Z,23.51612798,37.30590863,0
2020-09-16T13:09:32Z,23.51659655,37.30624038,0
2020-09-16T13:09:38Z,23.51672389,37.30635733,0
2020-09-16T13:09:53Z,23.51708421,37.30662924,0
2020-09-16T13:10:23Z,23.51790843,37.3071621,0
2020-09-16T13:10:47Z,23.5185759,37.30755454,0
2020-09-16T13:11:47Z,23.52019363,37.30861495,0
2020-09-16T13:12:44Z,23.52171761,37.30970119,0
2020-09-16T13:13:11Z,23.52244501,37.31024265,0
2020-09-16T13:13:14Z,23.52258885,37.31024521,0
2020-09-16T13:13:17Z,23.52255269,37.31030892,0
2020-09-16T13:13:26Z,23.52276885,37.31047474,0
2020-09-16T13:13:29Z,23.52283594,37.3105099,0
2020-09-16T13:13:32Z,23.52287594,37.31057822,0
2020-09-16T13:13:41Z,23.52309799,37.3107386,0
2020-09-16T13:13:47Z,23.52322207,37.31085173,0
2020-09-16T13:14:08Z,23.52378841,37.31119972,0
2020-09-16T13:14:23Z,23.52416703,37.31148295,0
2020-09-16T13:14:35Z,23.52450085,37.31168247,0
2020-09-16T13:14:44Z,23.5247216,37.31184331,0
2020-09-16T13:14:56Z,23.52504247,37.31204039,0
2020-09-16T13:15:11Z,23.52544403,37.31231194,0
2020-09-16T13:15:17Z,23.52561433,37.31237977,0
2020-09-16T13:15:23Z,23.52575304,37.31249547,0
2020-09-16T13:15:35Z,23.52608112,37.31267336,0
2020-09-16T13:15:50Z,23.52640574,37.31295692,0
2020-09-16T13:15:59Z,23.5266481,37.31310062,0
2020-09-16T13:16:05Z,23.52681167,37.3131754,0
2020-09-16T13:16:11Z,23.52693842,37.31328642,0
2020-09-16T13:16:20Z,23.5271713,37.31342127,0
2020-09-16T13:16:29Z,23.5274551,37.31356144,0
2020-09-16T13:16:38Z,23.52767374,37.31371763,0
2020-09-16T13:16:41Z,23.52772991,37.31377792,0
2020-09-16T13:16:56Z,23.52815606,37.31404852,0
2020-09-16T13:17:08Z,23.52847188,37.31428112,0
2020-09-16T13:17:26Z,23.52895992,37.31450418,0
2020-09-16T13:17:32Z,23.529102,37.3146554,0
2020-09-16T13:17:38Z,23.52924955,37.31476844,0
2020-09-16T13:17:41Z,23.52934504,37.31480792,0
2020-09-16T13:17:44Z,23.52945408,37.31482048,0
2020-09-16T13:17:47Z,23.52954513,37.31485803,0
2020-09-16T13:17:53Z,23.52964456,37.31498841,0
2020-09-16T13:17:59Z,23.52978986,37.31509158,0
2020-09-16T13:18:02Z,23.52988026,37.31513609,0
2020-09-16T13:18:20Z,23.53029919,37.31546546,0
2020-09-16T13:18:26Z,23.53040425,37.3155756,0
2020-09-16T13:18:38Z,23.53071884,37.31580272,0
2020-09-16T13:18:50Z,23.53098863,37.3160326,0
2020-09-16T13:18:53Z,23.53109637,37.31607728,0
2020-09-16T13:18:56Z,23.53117604,37.31614491,0
2020-09-16T13:19:08Z,23.53148014,37.3163159,0
2020-09-16T13:19:14Z,23.53164164,37.31645916,0
2020-09-16T13:19:23Z,23.53188074,37.31660324,0
2020-09-16T13:19:35Z,23.53212278,37.31682616,0
2020-09-16T13:19:38Z,23.53216433,37.31691151,0
2020-09-16T13:19:41Z,23.53228364,37.31700326,0
2020-09-16T13:19:44Z,23.53235903,37.31703913,0
2020-09-16T13:19:47Z,23.53242884,37.31710182,0
2020-09-16T13:19:50Z,23.53251183,37.31713886,0
2020-09-16T13:19:56Z,23.53261271,37.31721655,0
2020-09-16T13:19:59Z,23.53271124,37.31726073,0
2020-09-16T13:20:05Z,23.53284961,37.31738126,0
2020-09-16T13:20:20Z,23.53326307,37.3176484,0
2020-09-16T13:20:26Z,23.53341431,37.31777778,0
2020-09-16T13:20:44Z,23.53389253,37.31809601,0
2020-09-16T13:20:50Z,23.53403949,37.31821515,0
2020-09-16T13:20:53Z,23.53413341,37.31825851,0
2020-09-16T13:21:23Z,23.5348612,37.31881774,0
2020-09-16T13:21:44Z,23.53541153,37.31919905,0
2020-09-16T13:21:50Z,23.53555251,37.31933002,0
2020-09-16T13:22:02Z,23.53587484,37.31954238,0
2020-09-16T13:22:17Z,23.53622497,37.31983249,0
2020-09-16T13:22:29Z,23.53653998,37.32002956,0
2020-09-16T13:22:44Z,23.5368909,37.32033607,0
2020-09-16T13:23:14Z,23.53760811,37.32091335,0
2020-09-16T13:23:20Z,23.53776448,37.32102243,0
2020-09-16T13:23:32Z,23.53803857,37.32125821,0
2020-09-16T13:23:47Z,23.53841985,37.32151502,0
2020-09-16T13:23:56Z,23.53861921,37.32171373,0
2020-09-16T13:24:02Z,23.53880188,37.32182396,0
2020-09-16T13:24:14Z,23.53912886,37.32209435,0
2020-09-16T13:24:32Z,23.53959922,37.32239844,0
2020-09-16T13:24:50Z,23.53998752,37.32272951,0
2020-09-16T13:25:08Z,23.54044697,37.32305964,0
2020-09-16T13:25:32Z,23.54097025,37.32352364,0
2020-09-16T13:25:47Z,23.54135706,37.32379702,0
2020-09-16T13:25:53Z,23.5414848,37.32391283,0
2020-09-16T13:25:59Z,23.54164142,37.32401412,0
2020-09-16T13:26:08Z,23.54184539,37.32418123,0
2020-09-16T13:26:20Z,23.5421735,37.32440608,0
2020-09-16T13:26:47Z,23.54278702,37.32493323,0
2020-09-16T13:26:53Z,23.54290498,37.32506514,0
2020-09-16T13:26:59Z,23.54308048,37.32517282,0
2020-09-16T13:27:02Z,23.5431514,37.32519001,0
2020-09-16T13:27:05Z,23.54323026,37.32527499,0
2020-09-16T13:27:17Z,23.54352997,37.3255208,0
2020-09-16T13:27:29Z,23.54384558,37.32575154,0
2020-09-16T13:27:32Z,23.54390459,37.32583598,0
2020-09-16T13:27:38Z,23.54405693,37.32594794,0
2020-09-16T13:27:50Z,23.54430404,37.32619329,0
2020-09-16T13:27:56Z,23.54444981,37.32631232,0
2020-09-16T13:28:05Z,23.54461874,37.32649702,0
2020-09-16T13:28:08Z,23.5446856,37.32655516,0
2020-09-16T13:28:17Z,23.54491807,37.32670182,0
2020-09-16T13:28:23Z,23.54505728,37.32682753,0
2020-09-16T13:28:32Z,23.54528422,37.32697984,0
2020-09-16T13:28:41Z,23.5454471,37.32717276,0
2020-09-16T13:28:50Z,23.54562807,37.32732763,0
2020-09-16T13:28:53Z,23.54567626,37.32739454,0
2020-09-16T13:29:08Z,23.54607057,37.32769749,0
2020-09-16T13:29:29Z,23.54655096,37.32811866,0
2020-09-16T13:29:38Z,23.54673646,37.3283049,0
2020-09-16T13:30:29Z,23.54792289,37.32928886,0
2020-09-16T13:30:41Z,23.54815994,37.32954482,0
2020-09-16T13:30:56Z,23.54849146,37.32979799,0
2020-09-16T13:31:14Z,23.54891157,37.33006474,0
2020-09-16T13:31:23Z,23.5491041,37.33022802,0
2020-09-16T13:31:35Z,23.54936514,37.33052892,0
2020-09-16T13:31:44Z,23.54955516,37.33071461,0
2020-09-16T13:32:08Z,23.55001837,37.33123662,0
2020-09-16T13:32:17Z,23.55021704,37.33142506,0
2020-09-16T13:32:26Z,23.55039536,37.33163502,0
2020-09-16T13:32:47Z,23.55084897,37.33204522,0
2020-09-16T13:33:14Z,23.55141159,37.33264127,0
2020-09-16T13:33:23Z,23.55159011,37.33280972,0
2020-09-16T13:33:44Z,23.55200651,37.33327966,0
2020-09-16T13:34:08Z,23.55246838,37.3337328,0
2020-09-16T13:34:26Z,23.55280465,37.3341363,0
2020-09-16T13:34:44Z,23.55321153,37.33451603,0
2020-09-16T13:35:08Z,23.55363417,37.33505977,0
2020-09-16T13:35:20Z,23.55386848,37.33524892,0
2020-09-16T13:35:32Z,23.55409048,37.33547806,0
2020-09-16T13:35:41Z,23.55426476,37.33568806,0
2020-09-16T13:35:47Z,23.55438629,37.33579543,0
2020-09-16T13:36:14Z,23.55490702,37.33636791,0
2020-09-16T13:36:26Z,23.55511518,37.33664041,0
2020-09-16T13:36:50Z,23.555599,37.33711299,0
2020-09-16T13:37:05Z,23.55587721,37.33741604,0
2020-09-16T13:37:14Z,23.55607495,37.33758643,0
2020-09-16T13:37:32Z,23.5564423,37.3379684,0
2020-09-16T13:37:38Z,23.5565597,37.33811389,0
2020-09-16T13:37:47Z,23.55678124,37.33827194,0
2020-09-16T13:38:05Z,23.55713208,37.33866295,0
2020-09-16T13:38:35Z,23.55773917,37.33921768,0
2020-09-16T13:38:53Z,23.55811211,37.33960689,0
2020-09-16T13:39:17Z,23.55863586,37.34012826,0
2020-09-16T13:39:32Z,23.55894697,37.34041088,0
2020-09-16T13:40:11Z,23.55975402,37.34123362,0
2020-09-16T13:40:20Z,23.55996071,37.34141784,0
2020-09-16T13:40:23Z,23.56002607,37.34145048,0
2020-09-16T13:40:38Z,23.56034781,37.34171312,0
2020-09-16T13:41:02Z,23.56087906,37.34223132,0
2020-09-16T13:41:11Z,23.56107612,37.3424028,0
2020-09-16T13:41:20Z,23.56131291,37.34258007,0
2020-09-16T13:41:23Z,23.56139297,37.34266985,0
2020-09-16T13:41:35Z,23.56167454,37.34290218,0
2020-09-16T13:41:47Z,23.56192288,37.34317454,0
2020-09-16T13:42:02Z,23.56226548,37.34345043,0
2020-09-16T13:42:26Z,23.5627585,37.34390346,0
2020-09-16T13:42:50Z,23.56325891,37.34432003,0
2020-09-16T13:42:59Z,23.56345126,37.34451207,0
2020-09-16T13:43:05Z,23.56350627,37.34462855,0
2020-09-16T13:43:08Z,23.56357472,37.34468548,0
2020-09-16T13:43:11Z,23.56368357,37.34473731,0
2020-09-16T13:43:14Z,23.56376076,37.34480423,0
2020-09-16T13:43:38Z,23.56425023,37.34529077,0
2020-09-16T13:43:41Z,23.56431753,37.34532468,0
2020-09-16T13:43:44Z,23.56439113,37.34538713,0
2020-09-16T13:43:59Z,23.5646832,37.34566333,0
2020-09-16T13:44:29Z,23.56531398,37.34628891,0
2020-09-16T13:44:38Z,23.56558515,37.3464755,0
2020-09-16T13:44:56Z,23.56594977,37.34681967,0
2020-09-16T13:44:59Z,23.56602392,37.34687393,0
2020-09-16T13:45:05Z,23.56620641,37.34696084,0
2020-09-16T13:45:14Z,23.56636711,37.34711067,0
2020-09-16T13:45:23Z,23.56666238,37.34732292,0
2020-09-16T13:45:32Z,23.56684605,37.34750021,0
2020-09-16T13:45:41Z,23.56711114,37.34768669,0
2020-09-16T13:45:47Z,23.56725914,37.34781278,0
2020-09-16T13:45:53Z,23.56742744,37.34787778,0
2020-09-16T13:45:59Z,23.56753029,37.34800517,0
2020-09-16T13:46:11Z,23.56786093,37.34827193,0
2020-09-16T13:46:23Z,23.56812703,37.34852478,0
2020-09-16T13:46:29Z,23.56828352,37.34864394,0
2020-09-16T13:46:35Z,23.56841222,37.3487822,0
2020-09-16T13:46:44Z,23.56859588,37.34893243,0
2020-09-16T13:47:02Z,23.56894684,37.34927993,0
2020-09-16T13:47:11Z,23.56914685,37.34942366,0
2020-09-16T13:47:17Z,23.5692592,37.34953662,0
2020-09-16T13:47:26Z,23.56948805,37.34971251,0
2020-09-16T13:47:38Z,23.5697553,37.34997826,0
2020-09-16T13:47:56Z,23.57020347,37.35031569,0
2020-09-16T13:48:02Z,23.57032824,37.35043636,0
2020-09-16T13:48:08Z,23.57041339,37.35054697,0
2020-09-16T13:48:11Z,23.57047369,37.35057472,0
2020-09-16T13:48:14Z,23.57052472,37.35062385,0
2020-09-16T13:48:23Z,23.57066761,37.35078725,0
2020-09-16T13:48:35Z,23.57090772,37.35099543,0
2020-09-16T13:48:47Z,23.57118941,37.35121092,0
2020-09-16T13:48:56Z,23.57139777,37.35141411,0
2020-09-16T13:49:05Z,23.57158938,37.35154528,0
2020-09-16T13:49:14Z,23.57176779,37.35175843,0
2020-09-16T13:49:20Z,23.5719078,37.35188133,0
2020-09-16T13:49:41Z,23.57235969,37.35220884,0
2020-09-16T13:49:50Z,23.57253135,37.35240382,0
2020-09-16T13:49:56Z,23.57266526,37.35250062,0
2020-09-16T13:50:06Z,23.57286561,37.35268857,0
2020-09-16T13:50:15Z,23.57306256,37.35282486,0
2020-09-16T13:50:27Z,23.57331934,37.35305522,0
2020-09-16T13:50:39Z,23.57360288,37.35327425,0
2020-09-16T13:50:42Z,23.57366989,37.35333357,0
2020-09-16T13:50:48Z,23.57378435,37.35348992,0
2020-09-16T13:50:54Z,23.57391053,37.35361124,0
2020-09-16T13:51:00Z,23.57405435,37.35370697,0
2020-09-16T13:51:27Z,23.57458811,37.35413898,0
2020-09-16T13:51:39Z,23.57485611,37.3543343,0
2020-09-16T13:51:42Z,23.57491881,37.35436162,0
2020-09-16T13:52:00Z,23.57529006,37.35469901,0
2020-09-16T13:52:15Z,23.57560931,37.35495246,0
2020-09-16T13:52:36Z,23.57601779,37.3553283,0
2020-09-16T13:52:42Z,23.57615971,37.35542384,0
2020-09-16T13:52:51Z,23.57631269,37.35563877,0
2020-09-16T13:52:57Z,23.57640886,37.35574253,0
2020-09-16T13:53:06Z,23.57661779,37.35589998,0
2020-09-16T13:53:12Z,23.57674346,37.3560392,0
2020-09-16T13:53:24Z,23.57698865,37.35622356,0
2020-09-16T13:53:33Z,23.57720538,37.3563364,0
2020-09-16T13:53:51Z,23.57761353,37.3567413,0
2020-09-16T13:53:54Z,23.57768826,37.35678137,0
2020-09-16T13:54:09Z,23.57800884,37.35704007,0
2020-09-16T13:54:15Z,23.57812902,37.35717336,0
2020-09-16T13:54:24Z,23.57832666,37.35735262,0
2020-09-16T13:54:27Z,23.57839008,37.35739034,0
2020-09-16T13:54:36Z,23.57855728,37.35755907,0
2020-09-16T13:54:42Z,23.57870489,37.35765356,0
2020-09-16T13:54:54Z,23.57893889,37.3578443,0
2020-09-16T13:55:09Z,23.57919274,37.35812502,0
2020-09-16T13:55:15Z,23.57923978,37.35820502,0
2020-09-16T13:55:30Z,23.5793619,37.35834827,0
2020-09-16T13:55:36Z,23.57957286,37.35875944,0
2020-09-16T13:55:48Z,23.5797471,37.35904277,0
2020-09-16T13:56:09Z,23.57996423,37.35955921,0
2020-09-16T13:56:24Z,23.58015621,37.35991408,0
2020-09-16T13:56:33Z,23.5802901,37.36012489,0
2020-09-16T13:57:27Z,23.58122147,37.36129405,0
2020-09-16T13:57:30Z,23.58123348,37.36137217,0
2020-09-16T13:57:33Z,23.58121868,37.36139979,0
2020-09-16T13:57:39Z,23.58138677,37.36157172,0
2020-09-16T13:57:42Z,23.58147011,37.36162645,0
2020-09-16T13:57:48Z,23.58159477,37.36174286,0
2020-09-16T13:57:51Z,23.58164144,37.36181921,0
2020-09-16T13:58:00Z,23.58181102,37.36200892,0
2020-09-16T13:58:03Z,23.58186387,37.36207487,0
2020-09-16T13:58:09Z,23.58192481,37.36219888,0
2020-09-16T13:58:18Z,23.5820587,37.36236148,0
2020-09-16T13:58:27Z,23.58217536,37.36255977,0
2020-09-16T13:58:30Z,23.58221542,37.36259642,0
2020-09-16T13:58:33Z,23.58225127,37.36268834,0
2020-09-16T13:58:36Z,23.58230921,37.36274312,0
2020-09-16T13:58:42Z,23.58238402,37.36286588,0
2020-09-16T13:58:48Z,23.5825772,37.36305161,0
2020-09-16T13:59:12Z,23.58291599,37.36350502,0
2020-09-16T13:59:18Z,23.58304546,37.36364983,0
2020-09-16T13:59:21Z,23.58309712,37.36377461,0
2020-09-16T13:59:24Z,23.5830647,37.36384625,0
2020-09-16T13:59:30Z,23.58293364,37.36395539,0
2020-09-16T13:59:36Z,23.58283986,37.36407322,0
2020-09-16T13:59:39Z,23.58280813,37.3641435,0
2020-09-16T13:59:42Z,23.58280035,37.36422036,0
2020-09-16T13:59:48Z,23.58284516,37.36436892,0
2020-09-16T13:59:57Z,23.58301593,37.36452612,0
2020-09-16T14:00:06Z,23.58320877,37.36464115,0
2020-09-16T14:00:12Z,23.58330458,37.36472164,0
2020-09-16T14:00:27Z,23.58349453,37.36497177,0
2020-09-16T14:00:33Z,23.58359364,37.36506235,0
2020-09-16T14:00:36Z,23.58363717,37.36512698,0
2020-09-16T14:00:57Z,23.58386586,37.36553406,0
2020-09-16T14:01:09Z,23.58392953,37.36566094,0
2020-09-16T14:01:21Z,23.58395403,37.36574856,0
2020-09-16T14:01:39Z,23.5839675,37.36587391,0
2020-09-16T14:01:45Z,23.58395471,37.36587009,0
2020-09-16T14:01:57Z,23.5839024,37.36592963,0
2020-09-16T14:02:03Z,23.58386152,37.36600868,0
2020-09-16T14:02:09Z,23.58388151,37.36610766,0
2020-09-16T14:02:12Z,23.58392237,37.36614333,0
2020-09-16T14:02:24Z,23.58415011,37.36620533,0
2020-09-16T14:02:30Z,23.58424464,37.36628279,0
2020-09-16T14:02:42Z,23.58442048,37.36649791,0
2020-09-16T14:02:51Z,23.58452351,37.36667126,0
2020-09-16T14:03:06Z,23.58476405,37.36693249,0
2020-09-16T14:03:15Z,23.58494107,37.36708502,0
2020-09-16T14:03:27Z,23.58516145,37.36731782,0
2020-09-16T14:03:51Z,23.58552489,37.36784746,0
2020-09-16T14:03:57Z,23.58559566,37.36798357,0
2020-09-16T14:04:18Z,23.58580234,37.36852543,0
2020-09-16T14:04:51Z,23.58590834,37.36937191,0
2020-09-16T14:04:57Z,23.58599661,37.36946902,0
2020-09-16T14:05:45Z,23.58671028,37.3698184,0
2020-09-16T14:05:51Z,23.58679205,37.36988289,0
2020-09-16T14:06:15Z,23.58705309,37.37031599,0
2020-09-16T14:06:33Z,23.5873451,37.37055268,0
2020-09-16T14:06:48Z,23.58756472,37.37075996,0
2020-09-16T14:06:57Z,23.58765838,37.3708937,0
2020-09-16T14:07:00Z,23.58767057,37.37095993,0
2020-09-16T14:07:03Z,23.58765083,37.37102854,0
2020-09-16T14:07:09Z,23.58754558,37.37117516,0
2020-09-16T14:07:21Z,23.58739341,37.37150839,0
2020-09-16T14:07:27Z,23.58728632,37.37167955,0
2020-09-16T14:07:51Z,23.58677495,37.37228336,0
2020-09-16T14:08:12Z,23.58636435,37.37282091,0
2020-09-16T14:08:27Z,23.58606101,37.37318621,0
2020-09-16T14:08:33Z,23.58595614,37.3733536,0
2020-09-16T14:08:42Z,23.58577755,37.37358697,0
2020-09-16T14:09:00Z,23.58540573,37.3740371,0
2020-09-16T14:09:15Z,23.58507113,37.37438338,0
2020-09-16T14:09:33Z,23.58471395,37.37481667,0
2020-09-16T14:09:45Z,23.58444207,37.37509139,0
2020-09-16T14:09:57Z,23.58420082,37.37536814,0
2020-09-16T14:10:03Z,23.58410723,37.37551671,0
2020-09-16T14:10:15Z,23.58385852,37.37578794,0
2020-09-16T14:10:24Z,23.58362836,37.37601061,0
2020-09-16T14:10:45Z,23.58322499,37.3764807,0
2020-09-16T14:11:00Z,23.58293112,37.3767569,0
2020-09-16T14:11:12Z,23.58269491,37.37707705,0
2020-09-16T14:11:24Z,23.58247719,37.37727366,0
2020-09-16T14:11:42Z,23.58217508,37.37764877,0
2020-09-16T14:12:00Z,23.58181234,37.37806047,0
2020-09-16T14:12:18Z,23.58149132,37.37839546,0
2020-09-16T14:12:24Z,23.58139411,37.37853513,0
2020-09-16T14:12:42Z,23.58108762,37.37890381,0
2020-09-16T14:12:51Z,23.58092381,37.37906516,0
2020-09-16T14:13:00Z,23.5807867,37.37923192,0
2020-09-16T14:13:21Z,23.58039551,37.37960213,0
2020-09-16T14:13:45Z,23.58004566,37.38004052,0
2020-09-16T14:13:54Z,23.57989261,37.38019041,0
2020-09-16T14:14:00Z,23.57981055,37.38029449,0
2020-09-16T14:14:09Z,23.57962368,37.38046311,0
2020-09-16T14:14:15Z,23.57951791,37.380588,0
2020-09-16T14:14:42Z,23.57905257,37.38104724,0
2020-09-16T14:14:48Z,23.57898503,37.38116381,0
2020-09-16T14:14:54Z,23.5788986,37.38126785,0
2020-09-16T14:15:21Z,23.57842765,37.38178999,0
2020-09-16T14:15:45Z,23.57807316,37.38221855,0
2020-09-16T14:15:54Z,23.57790436,37.38238951,0
2020-09-16T14:16:30Z,23.57734828,37.38306838,0
2020-09-16T14:16:39Z,23.57718416,37.38322285,0
2020-09-16T14:16:48Z,23.57704658,37.38341058,0
2020-09-16T14:17:12Z,23.57665638,37.38381475,0
2020-09-16T14:17:24Z,23.57648145,37.38402744,0
2020-09-16T14:17:54Z,23.57593933,37.38455555,0
2020-09-16T14:18:15Z,23.57562068,37.38497663,0
2020-09-16T14:18:54Z,23.57495255,37.3856724,0
2020-09-16T14:19:24Z,23.57454933,37.38617784,0
2020-09-16T14:19:39Z,23.57428455,37.38644446,0
2020-09-16T14:19:51Z,23.57410196,37.38670093,0
2020-09-16T14:19:57Z,23.57397321,37.38681394,0
2020-09-16T14:20:06Z,23.57382192,37.38697763,0
2020-09-16T14:20:15Z,23.57372332,37.38714178,0
2020-09-16T14:20:27Z,23.57348222,37.38737177,0
2020-09-16T14:20:42Z,23.57328388,37.38761194,0
2020-09-16T14:20:48Z,23.57316482,37.38772315,0
2020-09-16T14:21:03Z,23.57295372,37.3880109,0
2020-09-16T14:21:12Z,23.57278753,37.38816585,0
2020-09-16T14:21:18Z,23.57265984,37.38825889,0
2020-09-16T14:21:30Z,23.57245386,37.38845875,0
2020-09-16T14:22:00Z,23.57183372,37.38879099,0
2020-09-16T14:22:24Z,23.57147739,37.38919556,0
2020-09-16T14:22:54Z,23.57098593,37.38968278,0
2020-09-16T14:23:18Z,23.57064735,37.39007489,0
2020-09-16T14:23:36Z,23.57038569,37.39034559,0
2020-09-16T14:24:00Z,23.57006554,37.39078736,0
2020-09-16T14:24:03Z,23.57005459,37.39083545,0
2020-09-16T14:24:06Z,23.57000925,37.39088768,0
2020-09-16T14:24:09Z,23.57000407,37.39094135,0
2020-09-16T14:24:12Z,23.56996232,37.39100405,0
2020-09-16T14:24:15Z,23.56993843,37.39108266,0
2020-09-16T14:24:18Z,23.56988218,37.39113846,0
2020-09-16T14:24:33Z,23.56958861,37.39132218,0
2020-09-16T14:24:48Z,23.56934759,37.39152825,0
2020-09-16T14:24:54Z,23.56922918,37.39156782,0
2020-09-16T14:24:57Z,23.56918925,37.39161871,0
2020-09-16T14:25:06Z,23.56902925,37.39173851,0
2020-09-16T14:25:09Z,23.5689946,37.39178042,0
2020-09-16T14:25:15Z,23.56895741,37.39189514,0
2020-09-16T14:25:24Z,23.56887267,37.39204804,0
2020-09-16T14:25:33Z,23.56877695,37.39218801,0
2020-09-16T14:25:39Z,23.56869683,37.39225698,0
2020-09-16T14:25:45Z,23.56852547,37.3922659,0
2020-09-16T14:25:51Z,23.56844924,37.39234612,0
2020-09-16T14:26:00Z,23.56833148,37.3925609,0
2020-09-16T14:26:09Z,23.56820194,37.39271293,0
2020-09-16T14:26:18Z,23.56812102,37.39292524,0
2020-09-16T14:26:27Z,23.56800323,37.39308849,0
2020-09-16T14:26:33Z,23.56791161,37.3931765,0
2020-09-16T14:26:39Z,23.56781949,37.39323305,0
2020-09-16T14:26:45Z,23.56774005,37.39332193,0
2020-09-16T14:26:48Z,23.5676894,37.39334578,0
2020-09-16T14:27:00Z,23.5675931,37.39354407,0
2020-09-16T14:27:12Z,23.56735539,37.39376154,0
2020-09-16T14:27:18Z,23.56728301,37.39386393,0
2020-09-16T14:27:27Z,23.56709993,37.39401957,0
2020-09-16T14:27:36Z,23.56700967,37.39415799,0
2020-09-16T14:27:42Z,23.5669566,37.39431192,0
2020-09-16T14:27:51Z,23.56682227,37.39448489,0
2020-09-16T14:28:06Z,23.56659182,37.39469369,0
2020-09-16T14:28:18Z,23.56637573,37.39484052,0
2020-09-16T14:28:27Z,23.56623004,37.39498076,0
2020-09-16T14:28:36Z,23.56612065,37.39517297,0
2020-09-16T14:28:48Z,23.565924,37.39538944,0
2020-09-16T14:28:51Z,23.56589424,37.39545281,0
2020-09-16T14:28:54Z,23.56584232,37.39549539,0
2020-09-16T14:29:00Z,23.56578335,37.39560187,0
2020-09-16T14:29:06Z,23.56571339,37.39568786,0
2020-09-16T14:29:18Z,23.56554431,37.39586411,0
2020-09-16T14:29:21Z,23.56552883,37.395913,0
2020-09-16T14:29:24Z,23.56547522,37.39595636,0
2020-09-16T14:29:33Z,23.56534441,37.39618574,0
2020-09-16T14:29:51Z,23.56510209,37.39645663,0
2020-09-16T14:30:06Z,23.56491001,37.39675852,0
2020-09-16T14:30:15Z,23.56476447,37.3968893,0
2020-09-16T14:30:21Z,23.56467275,37.39700472,0
2020-09-16T14:30:30Z,23.56448907,37.397156,0
2020-09-16T14:30:36Z,23.56439768,37.39725302,0
2020-09-16T14:30:45Z,23.56432114,37.39744637,0
2020-09-16T14:31:03Z,23.56408859,37.39771263,0
2020-09-16T14:31:21Z,23.56389328,37.39800411,0
2020-09-16T14:31:27Z,23.56379256,37.39807751,0
2020-09-16T14:31:36Z,23.56368757,37.39819728,0
2020-09-16T14:31:39Z,23.56364202,37.3982311,0
2020-09-16T14:31:42Z,23.56359014,37.39824038,0
2020-09-16T14:31:48Z,23.56352702,37.39831135,0
2020-09-16T14:31:57Z,23.56345406,37.39836331,0
2020-09-16T14:32:09Z,23.56330201,37.3985576,0
2020-09-16T14:32:12Z,23.56328898,37.39861029,0
2020-09-16T14:32:18Z,23.56323131,37.39870436,0
2020-09-16T14:32:30Z,23.56308855,37.39886796,0
2020-09-16T14:32:39Z,23.56297183,37.39895245,0
2020-09-16T14:32:52Z,23.56282265,37.39911315,0
2020-09-16T14:33:01Z,23.56274374,37.39923594,0
2020-09-16T14:33:07Z,23.56266768,37.39929152,0
2020-09-16T14:33:22Z,23.56249168,37.39947102,0
2020-09-16T14:33:43Z,23.56234689,37.39969617,0
2020-09-16T14:34:01Z,23.56213166,37.39989808,0
2020-09-16T14:34:04Z,23.5620892,37.39992092,0
2020-09-16T14:34:22Z,23.56190963,37.40016119,0
2020-09-16T14:34:37Z,23.5617333,37.40028843,0
2020-09-16T14:34:49Z,23.56157917,37.40044927,0
2020-09-16T14:34:55Z,23.5614658,37.40053095,0
2020-09-16T14:35:07Z,23.56128798,37.40074929,0
2020-09-16T14:35:16Z,23.56104709,37.40100292,0
2020-09-16T14:35:19Z,23.56099485,37.40109773,0
2020-09-16T14:35:28Z,23.56082916,37.40131901,0
2020-09-16T14:35:37Z,23.56059409,37.4015473,0
2020-09-16T14:35:46Z,23.56042232,37.40178875,0
2020-09-16T14:36:01Z,23.5601565,37.40220458,0
2020-09-16T14:36:16Z,23.55990751,37.40265699,0
2020-09-16T14:36:22Z,23.55978682,37.40284138,0
2020-09-16T14:36:31Z,23.55959732,37.40306291,0
2020-09-16T14:36:46Z,23.55922748,37.40344303,0
2020-09-16T14:36:58Z,23.55896738,37.40376845,0
2020-09-16T14:37:13Z,23.55866476,37.40418258,0
2020-09-16T14:37:25Z,23.55845479,37.40453103,0
2020-09-16T14:37:34Z,23.55828561,37.4047727,0
2020-09-16T14:37:49Z,23.55793966,37.40519573,0
2020-09-16T14:38:10Z,23.55739589,37.40572967,0
2020-09-16T14:38:13Z,23.55731938,37.40582255,0
2020-09-16T14:38:25Z,23.55708074,37.40617987,0
2020-09-16T14:38:40Z,23.55675025,37.40654864,0
2020-09-16T14:38:46Z,23.55665373,37.4067299,0
2020-09-16T14:38:55Z,23.55645487,37.40698304,0
2020-09-16T14:38:58Z,23.55644269,37.40703887,0
2020-09-16T14:39:01Z,23.55638633,37.40714341,0
2020-09-16T14:39:10Z,23.55615849,37.40739968,0
2020-09-16T14:39:19Z,23.55595952,37.40766293,0
2020-09-16T14:39:34Z,23.55561732,37.40803894,0
2020-09-16T14:39:52Z,23.55515495,37.40848194,0
2020-09-16T14:40:13Z,23.55472752,37.40908301,0
2020-09-16T14:40:37Z,23.55429335,37.40977735,0
2020-09-16T14:40:43Z,23.55415266,37.40993517,0
2020-09-16T14:40:52Z,23.55389809,37.41014316,0
2020-09-16T14:40:55Z,23.55383344,37.41022155,0
2020-09-16T14:41:22Z,23.55327473,37.41096939,0
2020-09-16T14:41:55Z,23.5525318,37.41185715,0
2020-09-16T14:42:10Z,23.55219993,37.41228059,0
2020-09-16T14:42:40Z,23.55161187,37.41313403,0
2020-09-16T14:42:52Z,23.55134426,37.4134517,0
2020-09-16T14:43:22Z,23.5506191,37.41423911,0
2020-09-16T14:43:34Z,23.55037713,37.41457195,0
2020-09-16T14:43:58Z,23.549796,37.41521245,0
2020-09-16T14:44:19Z,23.54937081,37.41582282,0
2020-09-16T14:44:25Z,23.54925972,37.41602509,0
2020-09-16T14:44:49Z,23.54869221,37.41667838,0
2020-09-16T14:45:04Z,23.54838845,37.41712043,0
2020-09-16T14:45:25Z,23.54790658,37.41767772,0
2020-09-16T14:45:40Z,23.54760007,37.41810839,0
2020-09-16T14:45:58Z,23.54718405,37.41861205,0
2020-09-16T14:46:22Z,23.54670728,37.41932468,0
2020-09-16T14:46:37Z,23.54636304,37.41972802,0
2020-09-16T14:46:46Z,23.54617963,37.42002177,0
2020-09-16T14:47:07Z,23.54570555,37.42061985,0
2020-09-16T14:47:10Z,23.54566449,37.42070455,0
2020-09-16T14:47:16Z,23.5454986,37.42086414,0
2020-09-16T14:47:22Z,23.5453624,37.42103619,0
2020-09-16T14:47:34Z,23.54504402,37.42136069,0
2020-09-16T14:47:37Z,23.54497833,37.42144999,0
2020-09-16T14:47:40Z,23.54488711,37.42152739,0
2020-09-16T14:47:49Z,23.54469192,37.4217922,0
2020-09-16T14:47:52Z,23.54460725,37.42185987,0
2020-09-16T14:47:58Z,23.5445533,37.42206747,0
2020-09-16T14:48:01Z,23.54446078,37.42215386,0
2020-09-16T14:48:07Z,23.54433457,37.42233297,0
2020-09-16T14:48:16Z,23.54418745,37.42261984,0
2020-09-16T14:48:28Z,23.5438851,37.42294733,0
2020-09-16T14:48:37Z,23.5436665,37.4232124,0
2020-09-16T14:48:49Z,23.54343044,37.42357123,0
2020-09-16T14:49:04Z,23.54309078,37.42400409,0
2020-09-16T14:49:10Z,23.54298713,37.42418303,0
2020-09-16T14:49:13Z,23.54291362,37.42427278,0
2020-09-16T14:49:19Z,23.542721,37.42443273,0
2020-09-16T14:49:37Z,23.54228016,37.42491253,0
2020-09-16T14:49:58Z,23.54190527,37.42546505,0
2020-09-16T14:50:16Z,23.54150309,37.42595562,0
2020-09-16T14:50:49Z,23.54085029,37.42692842,0
2020-09-16T14:51:10Z,23.54036307,37.42752393,0
2020-09-16T14:51:40Z,23.53978006,37.42841408,0
2020-09-16T14:52:01Z,23.539312,37.42903599,0
2020-09-16T14:52:46Z,23.53840902,37.43037155,0
2020-09-16T14:53:01Z,23.53810648,37.43078961,0
2020-09-16T14:53:10Z,23.53789138,37.4310361,0
2020-09-16T14:53:19Z,23.53770048,37.43129005,0
2020-09-16T14:53:46Z,23.53722404,37.43209878,0
2020-09-16T14:54:01Z,23.53690687,37.43253447,0
2020-09-16T14:54:10Z,23.53673437,37.43280373,0
2020-09-16T14:54:16Z,23.53659415,37.4329608,0
2020-09-16T14:54:25Z,23.53644363,37.43325828,0
2020-09-16T14:54:31Z,23.53632857,37.4334446,0
2020-09-16T14:54:37Z,23.53627264,37.43364432,0
2020-09-16T14:54:59Z,23.53582138,37.43426941,0
2020-09-16T14:55:02Z,23.53576858,37.43437386,0
2020-09-16T14:55:05Z,23.53573854,37.43447923,0
2020-09-16T14:55:14Z,23.53556845,37.43475636,0
2020-09-16T14:55:20Z,23.53549232,37.43493961,0
2020-09-16T14:55:29Z,23.53531376,37.43521945,0
2020-09-16T14:55:41Z,23.53511632,37.43559794,0
2020-09-16T14:55:56Z,23.53490366,37.43606535,0
2020-09-16T14:56:20Z,23.53448559,37.43679493,0
2020-09-16T14:56:26Z,23.53439123,37.43699208,0
2020-09-16T14:56:47Z,23.53417994,37.43760074,0
2020-09-16T14:57:02Z,23.53407878,37.43806365,0
2020-09-16T14:57:14Z,23.53404813,37.43843303,0
2020-09-16T14:57:20Z,23.53400707,37.43861364,0
2020-09-16T14:57:35Z,23.53378686,37.43905138,0
2020-09-16T14:57:41Z,23.5337087,37.43924632,0
2020-09-16T14:57:44Z,23.53368319,37.43934481,0
2020-09-16T14:57:53Z,23.53365642,37.43963106,0
2020-09-16T14:57:56Z,23.53368477,37.43972906,0
2020-09-16T14:58:02Z,23.53369498,37.43990989,0
2020-09-16T14:58:11Z,23.53376874,37.44017321,0
2020-09-16T14:58:14Z,23.53376714,37.44028151,0
2020-09-16T14:58:29Z,23.53390409,37.44067777,0
2020-09-16T14:58:38Z,23.53396214,37.44093145,0
2020-09-16T14:58:41Z,23.53396267,37.44103127,0
2020-09-16T14:58:50Z,23.53403173,37.4412862,0
2020-09-16T14:58:56Z,23.53409635,37.44143834,0
2020-09-16T14:59:02Z,23.53419528,37.44160665,0
2020-09-16T14:59:17Z,23.53431051,37.44200028,0
2020-09-16T14:59:23Z,23.53437408,37.44216626,0
2020-09-16T14:59:26Z,23.53438799,37.44225191,0
2020-09-16T14:59:41Z,23.5345476,37.44265519,0
2020-09-16T14:59:44Z,23.53456065,37.44274512,0
2020-09-16T14:59:50Z,23.53465793,37.44290373,0
2020-09-16T15:00:02Z,23.53477268,37.44323554,0
2020-09-16T15:00:08Z,23.53476205,37.44341229,0
2020-09-16T15:00:17Z,23.53469801,37.44369838,0
2020-09-16T15:00:20Z,23.53464165,37.44379848,0
2020-09-16T15:00:23Z,23.53457431,37.44390104,0
2020-09-16T15:00:29Z,23.53439445,37.44405567,0
2020-09-16T15:00:35Z,23.53417695,37.44419345,0
2020-09-16T15:00:44Z,23.53391121,37.44443804,0
2020-09-16T15:00:53Z,23.53357184,37.4446641,0
2020-09-16T15:01:11Z,23.53307774,37.44503611,0
2020-09-16T15:01:17Z,23.53292602,37.44525035,0
2020-09-16T15:01:23Z,23.53272191,37.44547459,0
2020-09-16T15:01:29Z,23.53258893,37.44568635,0
2020-09-16T15:01:35Z,23.53241663,37.44584056,0
2020-09-16T15:01:44Z,23.53217698,37.44609793,0
2020-09-16T15:01:47Z,23.53213816,37.4462067,0
2020-09-16T15:01:56Z,23.53196537,37.44649701,0
2020-09-16T15:02:08Z,23.53170809,37.44680659,0
2020-09-16T15:02:20Z,23.53151261,37.44712602,0
2020-09-16T15:02:29Z,23.53134717,37.44730982,0
2020-09-16T15:02:50Z,23.53084611,37.44760999,0
2020-09-16T15:02:56Z,23.53072023,37.44766503,0
2020-09-16T15:03:05Z,23.53056279,37.44777645,0
2020-09-16T15:03:17Z,23.53035719,37.4479629,0
2020-09-16T15:03:23Z,23.5302522,37.44803043,0
2020-09-16T15:03:44Z,23.52992586,37.44830947,0
2020-09-16T15:04:50Z,23.52903102,37.44912781,0
2020-09-16T15:05:14Z,23.52862396,37.44943223,0
2020-09-16T15:05:59Z,23.52794159,37.45007616,0
2020-09-16T15:06:23Z,23.5276064,37.45044769,0
2020-09-16T15:06:44Z,23.52720602,37.45082128,0
2020-09-16T15:07:08Z,23.52677846,37.45127688,0
2020-09-16T15:07:35Z,23.52636167,37.45182288,0
2020-09-16T15:07:59Z,23.52600253,37.45239588,0
2020-09-16T15:08:20Z,23.52573876,37.45270632,0
2020-09-16T15:08:29Z,23.52554097,37.45296735,0
2020-09-16T15:08:53Z,23.52523671,37.45366854,0
2020-09-16T15:09:11Z,23.52495848,37.45417553,0
2020-09-16T15:09:17Z,23.5248499,37.4543435,0
2020-09-16T15:09:26Z,23.52464267,37.45459692,0
2020-09-16T15:09:51Z,23.52403197,37.455268,0
2020-09-16T15:10:00Z,23.52384561,37.45551905,0
2020-09-16T15:10:18Z,23.52356578,37.45606175,0
2020-09-16T15:10:27Z,23.52347177,37.4563359,0
2020-09-16T15:10:36Z,23.52327823,37.45659597,0
2020-09-16T15:10:39Z,23.52323345,37.45668887,0
2020-09-16T15:10:45Z,23.52309047,37.45684091,0
2020-09-16T15:10:51Z,23.52289308,37.45700172,0
2020-09-16T15:11:03Z,23.52268234,37.45736666,0
2020-09-16T15:11:15Z,23.52238879,37.45769843,0
2020-09-16T15:11:18Z,23.52229797,37.45777969,0
2020-09-16T15:11:39Z,23.52179527,37.4584134,0
2020-09-16T15:11:45Z,23.52160516,37.45855804,0
2020-09-16T15:11:51Z,23.52141234,37.45867724,0
2020-09-16T15:12:00Z,23.52113528,37.45892205,0
2020-09-16T15:12:15Z,23.52066675,37.4592727,0
2020-09-16T15:12:18Z,23.52058637,37.45935615,0
2020-09-16T15:12:21Z,23.52053788,37.45944311,0
2020-09-16T15:12:33Z,23.52020722,37.45973354,0
2020-09-16T15:12:45Z,23.51980715,37.45997624,0
2020-09-16T15:12:48Z,23.5197145,37.46004842,0
2020-09-16T15:12:51Z,23.51963646,37.46013458,0
2020-09-16T15:12:57Z,23.51944709,37.46025698,0
2020-09-16T15:13:03Z,23.51928436,37.46040658,0
2020-09-16T15:13:06Z,23.51919528,37.46047152,0
2020-09-16T15:13:09Z,23.51908604,37.46052357,0
2020-09-16T15:13:21Z,23.51875691,37.46078742,0
2020-09-16T15:13:33Z,23.51849066,37.46103842,0
2020-09-16T15:13:42Z,23.51825024,37.46116998,0
2020-09-16T15:13:48Z,23.51809458,37.461218,0
2020-09-16T15:14:00Z,23.51784245,37.46135379,0
2020-09-16T15:14:21Z,23.51746796,37.46157301,0
2020-09-16T15:14:57Z,23.51689629,37.4619599,0
2020-09-16T15:15:03Z,23.51676657,37.46200909,0
2020-09-16T15:15:24Z,23.5163365,37.46224031,0
2020-09-16T15:15:33Z,23.51613483,37.46231572,0
2020-09-16T15:15:48Z,23.51584187,37.46248892,0
2020-09-16T15:15:54Z,23.5157473,37.46259932,0
2020-09-16T15:16:03Z,23.51560089,37.46268724,0
2020-09-16T15:16:24Z,23.51531432,37.46293921,0
2020-09-16T15:16:30Z,23.51514462,37.46304239,0
2020-09-16T15:16:42Z,23.51493421,37.4632352,0
2020-09-16T15:16:57Z,23.51465214,37.46340971,0
2020-09-16T15:17:33Z,23.51400368,37.46376908,0
2020-09-16T15:17:57Z,23.51359075,37.46403781,0
2020-09-16T15:18:24Z,23.51308997,37.46447694,0
2020-09-16T15:18:39Z,23.51278426,37.46471662,0
2020-09-16T15:18:54Z,23.51252817,37.46499192,0
2020-09-16T15:19:21Z,23.51191727,37.46544664,0
2020-09-16T15:19:36Z,23.51158415,37.46574167,0
2020-09-16T15:19:45Z,23.51140702,37.46595502,0
2020-09-16T15:20:00Z,23.51117461,37.46636168,0
2020-09-16T15:20:06Z,23.511063,37.46652592,0
2020-09-16T15:20:33Z,23.51036821,37.46714749,0
2020-09-16T15:20:51Z,23.50989429,37.46761739,0
2020-09-16T15:21:00Z,23.5096184,37.46782619,0
2020-09-16T15:21:09Z,23.50936113,37.46805521,0
2020-09-16T15:21:24Z,23.50900752,37.46846583,0
2020-09-16T15:21:33Z,23.50873433,37.46865251,0
2020-09-16T15:21:39Z,23.50862047,37.46877071,0
2020-09-16T15:21:45Z,23.50844038,37.46889541,0
2020-09-16T15:21:48Z,23.50837719,37.46896615,0
2020-09-16T15:22:00Z,23.5080278,37.46919589,0
2020-09-16T15:22:09Z,23.50783597,37.46939493,0
2020-09-16T15:22:18Z,23.50756798,37.46952826,0
2020-09-16T15:22:24Z,23.5073991,37.46963522,0
2020-09-16T15:22:42Z,23.50702178,37.47008804,0
2020-09-16T15:22:48Z,23.50679671,37.47022337,0
2020-09-16T15:22:58Z,23.50659605,37.47050713,0
2020-09-16T15:23:07Z,23.50624432,37.4706828,0
2020-09-16T15:23:16Z,23.50597635,37.47088331,0
2020-09-16T15:23:19Z,23.50591386,37.47098468,0
2020-09-16T15:23:29Z,23.50561871,37.47125372,0
2020-09-16T15:23:35Z,23.50548572,37.47143602,0
2020-09-16T15:23:38Z,23.50539757,37.47150404,0
2020-09-16T15:23:44Z,23.50513046,37.47163028,0
2020-09-16T15:23:47Z,23.50502831,37.47170036,0
2020-09-16T15:24:02Z,23.50455772,37.47209279,0
2020-09-16T15:24:14Z,23.50420024,37.47242934,0
2020-09-16T15:24:24Z,23.50389251,37.4726233,0
2020-09-16T15:24:30Z,23.50369944,37.47279999,0
2020-09-16T15:24:33Z,23.50357478,37.47288448,0
2020-09-16T15:24:45Z,23.50328597,37.47323514,0
2020-09-16T15:24:48Z,23.50318862,37.47331068,0
2020-09-16T15:24:54Z,23.50296685,37.4734322,0
2020-09-16T15:25:00Z,23.50279082,37.47359764,0
2020-09-16T15:25:03Z,23.50271353,37.47369378,0
2020-09-16T15:25:09Z,23.50255448,37.47380717,0
2020-09-16T15:25:12Z,23.5023758,37.47390617,0
2020-09-16T15:25:15Z,23.50229631,37.4739801,0
2020-09-16T15:25:18Z,23.50216699,37.47404618,0
2020-09-16T15:25:24Z,23.50198762,37.47419867,0
2020-09-16T15:25:33Z,23.50166299,37.47441919,0
2020-09-16T15:25:45Z,23.50120798,37.47461359,0
2020-09-16T15:25:48Z,23.50111169,37.474692,0
2020-09-16T15:25:54Z,23.50095113,37.47478911,0
2020-09-16T15:26:03Z,23.50067002,37.47502041,0
2020-09-16T15:26:09Z,23.50044756,37.47509988,0
2020-09-16T15:26:18Z,23.50014535,37.47525531,0
2020-09-16T15:26:24Z,23.49994852,37.47537782,0
2020-09-16T15:26:30Z,23.49980485,37.47556237,0
2020-09-16T15:26:33Z,23.49971639,37.4756442,0
2020-09-16T15:26:36Z,23.49961091,37.47568299,0
2020-09-16T15:26:48Z,23.49920968,37.47595707,0
2020-09-16T15:26:51Z,23.499088,37.47599602,0
2020-09-16T15:26:54Z,23.49897701,37.47607118,0
2020-09-16T15:27:00Z,23.49880505,37.47621826,0
2020-09-16T15:27:06Z,23.49859603,37.47636876,0
2020-09-16T15:27:12Z,23.49844641,37.47654269,0
2020-09-16T15:27:18Z,23.49826171,37.47669745,0
2020-09-16T15:27:24Z,23.49803765,37.4768274,0
2020-09-16T15:27:27Z,23.49792413,37.47687579,0
2020-09-16T15:27:30Z,23.4978334,37.47694601,0
2020-09-16T15:27:39Z,23.49750554,37.47709976,0
2020-09-16T15:27:57Z,23.49704625,37.47751733,0
2020-09-16T15:28:12Z,23.49663203,37.47794132,0
2020-09-16T15:28:24Z,23.49627003,37.47821389,0
2020-09-16T15:28:33Z,23.49600404,37.47843701,0
2020-09-16T15:28:39Z,23.49586181,37.47860469,0
2020-09-16T15:28:48Z,23.49557546,37.47877684,0
2020-09-16T15:29:00Z,23.4952439,37.47907201,0
2020-09-16T15:29:15Z,23.49478542,37.47944662,0
2020-09-16T15:29:21Z,23.49461213,37.47961177,0
2020-09-16T15:29:27Z,23.49442714,37.47975331,0
2020-09-16T15:29:33Z,23.49426738,37.47993081,0
2020-09-16T15:29:39Z,23.49415586,37.48011062,0
2020-09-16T15:29:45Z,23.49401404,37.48027308,0
2020-09-16T15:30:06Z,23.49339386,37.48085891,0
2020-09-16T15:30:21Z,23.49290821,37.481163,0
2020-09-16T15:30:33Z,23.4925406,37.4814383,0
2020-09-16T15:30:42Z,23.49227091,37.4816037,0
2020-09-16T15:30:48Z,23.492105,37.48175095,0
2020-09-16T15:30:54Z,23.49189828,37.48187081,0
2020-09-16T15:31:09Z,23.4914877,37.48219591,0
2020-09-16T15:31:15Z,23.49126962,37.4823964,0
2020-09-16T15:31:18Z,23.49116266,37.48244802,0
2020-09-16T15:31:21Z,23.49107963,37.48252806,0
2020-09-16T15:31:30Z,23.49079612,37.48271751,0
2020-09-16T15:31:42Z,23.49045036,37.48299335,0
2020-09-16T15:31:48Z,23.49026979,37.48312463,0
2020-09-16T15:31:51Z,23.4901758,37.48316926,0
2020-09-16T15:32:03Z,23.489809,37.48347992,0
2020-09-16T15:32:15Z,23.48940226,37.48371359,0
2020-09-16T15:32:27Z,23.48899396,37.48392,0
2020-09-16T15:32:30Z,23.48890849,37.48398543,0
2020-09-16T15:32:33Z,23.48880092,37.48403101,0
2020-09-16T15:32:42Z,23.48852157,37.48419482,0
2020-09-16T15:32:48Z,23.48834119,37.48434889,0
2020-09-16T15:32:54Z,23.48815568,37.4844767,0
2020-09-16T15:33:00Z,23.48798213,37.48465321,0
2020-09-16T15:33:06Z,23.48778831,37.48477922,0
2020-09-16T15:33:27Z,23.48713142,37.48531649,0
2020-09-16T15:33:48Z,23.48647579,37.48577802,0
2020-09-16T15:34:12Z,23.48576881,37.48623453,0
2020-09-16T15:34:21Z,23.48552017,37.48641292,0
2020-09-16T15:34:42Z,23.4848999,37.48693256,0
2020-09-16T15:34:51Z,23.48471632,37.48722632,0
2020-09-16T15:35:03Z,23.48438449,37.48755435,0
2020-09-16T15:35:09Z,23.48418656,37.48769011,0
2020-09-16T15:35:15Z,23.48401296,37.48784327,0
2020-09-16T15:35:34Z,23.48352365,37.48837341,0
2020-09-16T15:35:37Z,23.48345336,37.48846622,0
2020-09-16T15:35:58Z,23.48308745,37.48910686,0
2020-09-16T15:36:07Z,23.48278422,37.48942139,0
2020-09-16T15:36:19Z,23.4825531,37.48981125,0
2020-09-16T15:36:22Z,23.48247569,37.48989979,0
2020-09-16T15:36:28Z,23.48224559,37.49001781,0
2020-09-16T15:36:31Z,23.48216386,37.49008558,0
2020-09-16T15:36:40Z,23.4820476,37.4904859,0
2020-09-16T15:36:43Z,23.481936,37.49056403,0
2020-09-16T15:36:52Z,23.48170796,37.4908155,0
2020-09-16T15:36:55Z,23.48160541,37.49089746,0
2020-09-16T15:37:16Z,23.48120459,37.49151238,0
2020-09-16T15:37:19Z,23.48117155,37.49162835,0
2020-09-16T15:37:28Z,23.48091968,37.49190952,0
2020-09-16T15:37:34Z,23.48078149,37.4920992,0
2020-09-16T15:37:40Z,23.48060205,37.49228432,0
2020-09-16T15:37:49Z,23.48042228,37.49258846,0
2020-09-16T15:38:01Z,23.48014613,37.49298635,0
2020-09-16T15:38:07Z,23.47996955,37.49316735,0
2020-09-16T15:38:13Z,23.4797794,37.49333249,0
2020-09-16T15:38:19Z,23.47961567,37.49351713,0
2020-09-16T15:38:25Z,23.47952402,37.49373145,0
2020-09-16T15:38:31Z,23.47939805,37.49393471,0
2020-09-16T15:38:40Z,23.47912719,37.49417309,0
2020-09-16T15:38:43Z,23.47906805,37.4942708,0
2020-09-16T15:38:46Z,23.47895915,37.49434429,0
2020-09-16T15:38:55Z,23.47870428,37.49459624,0
2020-09-16T15:38:58Z,23.47860687,37.4946363,0
2020-09-16T15:39:10Z,23.47829153,37.49500885,0
2020-09-16T15:39:16Z,23.47812582,37.49511365,0
2020-09-16T15:39:40Z,23.47760544,37.495611,0
2020-09-16T15:39:49Z,23.47746861,37.4958259,0
2020-09-16T15:39:55Z,23.47744889,37.49604601,0
2020-09-16T15:39:58Z,23.47742826,37.49612036,0
2020-09-16T15:40:04Z,23.47718011,37.49615625,0
2020-09-16T15:40:07Z,23.47703734,37.4962152,0
2020-09-16T15:40:13Z,23.47687494,37.49634878,0
2020-09-16T15:40:28Z,23.47659708,37.49668773,0
2020-09-16T15:40:37Z,23.47641276,37.49685847,0
2020-09-16T15:40:46Z,23.47621311,37.49700812,0
2020-09-16T15:41:04Z,23.47591439,37.4972972,0
2020-09-16T15:41:31Z,23.47562741,37.49771776,0
2020-09-16T15:41:52Z,23.47550163,37.4978583,0
2020-09-16T15:42:16Z,23.47524991,37.49831579,0
2020-09-16T15:42:40Z,23.47503328,37.49885108,0
2020-09-16T15:42:43Z,23.47503065,37.4989185,0
2020-09-16T15:43:01Z,23.47511464,37.49927763,0
2020-09-16T15:43:16Z,23.47524378,37.49958628,0
2020-09-16T15:43:40Z,23.47546268,37.49985515,0
2020-09-16T15:44:01Z,23.47566156,37.50002242,0
2020-09-16T15:44:10Z,23.47576059,37.50008059,0
2020-09-16T15:44:28Z,23.47596574,37.50018581,0
2020-09-16T15:44:55Z,23.47626085,37.50029504,0
2020-09-16T15:45:10Z,23.4764695,37.50034281,0
2020-09-16T15:45:25Z,23.47668541,37.50036362,0
2020-09-16T15:45:34Z,23.47679961,37.50041351,0
2020-09-16T15:45:52Z,23.47691403,37.50057892,0
2020-09-16T15:46:16Z,23.47703774,37.50083248,0
2020-09-16T15:46:34Z,23.47719921,37.50106131,0
2020-09-16T15:46:43Z,23.47729635,37.50116759,0
2020-09-16T15:46:58Z,23.47751382,37.50134669,0
2020-09-16T15:47:01Z,23.47753599,37.50140719,0
2020-09-16T15:47:04Z,23.47752824,37.50146965,0
2020-09-16T15:47:07Z,23.47749049,37.50152808,0
2020-09-16T15:47:10Z,23.47743817,37.50156905,0
2020-09-16T15:47:16Z,23.47729351,37.50160148,0
2020-09-16T15:47:28Z,23.47698046,37.50156871,0
2020-09-16T15:47:37Z,23.47670188,37.50158582,0
2020-09-16T15:47:52Z,23.47621905,37.50173181,0
2020-09-16T15:48:04Z,23.47581892,37.50179236,0
2020-09-16T15:48:28Z,23.47502068,37.50182657,0
2020-09-16T15:48:46Z,23.47438602,37.5019133,0
2020-09-16T15:49:04Z,23.47381968,37.50204785,0
2020-09-16T15:49:07Z,23.47370636,37.50205981,0
2020-09-16T15:49:13Z,23.47363465,37.50211592,0
2020-09-16T15:49:19Z,23.47333936,37.5022384,0
2020-09-16T15:49:31Z,23.47293375,37.50236726,0
2020-09-16T15:49:34Z,23.472838,37.5023842,0
2020-09-16T15:50:01Z,23.47188572,37.50243796,0
2020-09-16T15:50:16Z,23.47138897,37.50252124,0
2020-09-16T15:50:19Z,23.47129331,37.5025142,0
2020-09-16T15:50:22Z,23.47122429,37.5025608,0
2020-09-16T15:50:28Z,23.47098956,37.50260348,0
2020-09-16T15:50:37Z,23.47068737,37.5026849,0
2020-09-16T15:50:40Z,23.47061119,37.50274957,0
2020-09-16T15:50:49Z,23.47026284,37.50274805,0
2020-09-16T15:50:52Z,23.47017716,37.50278072,0
2020-09-16T15:51:07Z,23.46965306,37.5028394,0
2020-09-16T15:51:37Z,23.46860296,37.5028425,0
2020-09-16T15:51:43Z,23.46839103,37.50287507,0
2020-09-16T15:51:49Z,23.46819576,37.50294477,0
2020-09-16T15:51:55Z,23.46804363,37.5030446,0
2020-09-16T15:52:01Z,23.46792504,37.50316984,0
2020-09-16T15:52:10Z,23.46780509,37.50339724,0
2020-09-16T15:52:28Z,23.46767409,37.50385353,0
2020-09-16T15:52:49Z,23.46751854,37.50432075,0
2020-09-16T15:53:01Z,23.46747081,37.50457932,0
2020-09-16T15:53:52Z,23.46749725,37.50542695,0
2020-09-16T15:54:16Z,23.46752518,37.50575665,0
2020-09-16T15:54:43Z,23.46762672,37.50610475,0
2020-09-16T15:55:10Z,23.46775202,37.50625965,0
2020-09-16T15:55:25Z,23.46774474,37.50628854,0
2020-09-16T15:55:37Z,23.46786943,37.50632339,0
2020-09-16T15:55:43Z,23.46793262,37.5063865,0
2020-09-16T15:55:46Z,23.46795096,37.50642901,0
2020-09-16T15:55:49Z,23.46794799,37.50647921,0
2020-09-16T15:55:52Z,23.46792105,37.50652309,0
2020-09-16T15:55:55Z,23.46787607,37.50655594,0
2020-09-16T15:55:58Z,23.46781055,37.5065688,0
2020-09-16T15:56:16Z,23.46737847,37.5064386,0
2020-09-16T15:56:37Z,23.46673128,37.50640075,0
2020-09-16T15:56:40Z,23.46663986,37.50641086,0
2020-09-16T15:56:43Z,23.46657048,37.50643783,0
2020-09-16T15:56:46Z,23.46652914,37.50648643,0
2020-09-16T15:56:49Z,23.46652731,37.5065354,0
2020-09-16T15:56:52Z,23.46655006,37.50657978,0
2020-09-16T15:56:58Z,23.46663032,37.50663401,0
2020-09-16T15:57:16Z,23.46688515,37.50666024,0
2020-09-16T15:57:40Z,23.46719734,37.50674668,0
2020-09-16T15:58:01Z,23.46732325,37.50675073,0
2020-09-16T15:58:31Z,23.467437,37.50669645,0
2020-09-16T15:58:49Z,23.46742061,37.50666541,0
2020-09-16T15:59:01Z,23.46737441,37.50665944,0
2020-09-16T15:59:22Z,23.46716101,37.50668703,0
2020-09-16T15:59:43Z,23.46695075,37.50660686,0
2020-09-16T16:00:04Z,23.46679573,37.50659353,0
2020-09-16T16:00:25Z,23.46681547,37.50657655,0
2020-09-16T16:00:40Z,23.4668132,37.50655517,0
2020-09-16T16:00:55Z,23.46686556,37.50656024,0
2020-09-16T16:00:58Z,23.46688493,37.5065776,0
2020-09-16T16:01:07Z,23.46692215,37.50655126,0
2020-09-16T16:01:16Z,23.466938,37.5065608,0
2020-09-16T16:01:19Z,23.46692418,37.50655663,0
2020-09-16T16:01:55Z,23.46690543,37.50645088,0
2020-09-16T16:01:58Z,23.46690699,37.50647953,0
2020-09-16T16:02:04Z,23.46697496,37.5065031,0
2020-09-16T16:02:10Z,23.4669779,37.50647669,0
2020-09-16T16:02:22Z,23.46695836,37.50645571,0

2020-09-17T07:47:58Z,23.46889847,37.50449797,0
2020-09-17T07:48:07Z,23.46902015,37.50434937,0
2020-09-17T07:48:10Z,23.46905482,37.5042853,0
2020-09-17T07:48:19Z,23.46923419,37.50412552,0
2020-09-17T07:48:28Z,23.46940769,37.50392562,0
2020-09-17T07:48:37Z,23.46957547,37.50367322,0
2020-09-17T07:48:43Z,23.46975882,37.50355711,0
2020-09-17T07:48:46Z,23.46983531,37.50348719,0
2020-09-17T07:48:52Z,23.46987553,37.50338835,0
2020-09-17T07:49:01Z,23.4701144,37.50314736,0
2020-09-17T07:49:07Z,23.47024035,37.50304596,0
2020-09-17T07:49:20Z,23.47049709,37.50277342,0
2020-09-17T07:49:29Z,23.47067136,37.50263091,0
2020-09-17T07:49:38Z,23.47089493,37.50248236,0
2020-09-17T07:50:08Z,23.47153856,37.50194806,0
2020-09-17T07:50:17Z,23.47173884,37.50181344,0
2020-09-17T07:50:35Z,23.47209979,37.50148707,0
2020-09-17T07:50:44Z,23.47231109,37.50135893,0
2020-09-17T07:50:53Z,23.47251539,37.50127959,0
2020-09-17T07:51:11Z,23.47297377,37.50116098,0
2020-09-17T07:51:44Z,23.47342574,37.50111941,0
2020-09-17T07:51:50Z,23.47365226,37.50112528,0
2020-09-17T07:51:59Z,23.47389034,37.50110872,0
2020-09-17T07:52:05Z,23.47403446,37.50106761,0
2020-09-17T07:52:20Z,23.47419972,37.50104923,0
2020-09-17T07:52:32Z,23.4744893,37.50093867,0
2020-09-17T07:52:47Z,23.47475247,37.50090385,0
2020-09-17T07:53:08Z,23.47497989,37.50081713,0
2020-09-17T07:53:17Z,23.47508521,37.50081388,0
2020-09-17T07:54:11Z,23.47700672,37.50047497,0
2020-09-17T07:54:29Z,23.47816312,37.50019514,0
2020-09-17T07:54:35Z,23.47854925,37.50011756,0
2020-09-17T07:54:53Z,23.4794153,37.4998957,0
2020-09-17T07:55:11Z,23.4799637,37.49970746,0
2020-09-17T07:55:29Z,23.4805423,37.49954992,0
2020-09-17T07:55:35Z,23.48073933,37.49953455,0
2020-09-17T07:55:56Z,23.48144768,37.49942748,0
2020-09-17T07:56:50Z,23.483266,37.49904825,0
2020-09-17T07:56:56Z,23.48346441,37.49897495,0
2020-09-17T07:57:02Z,23.48367571,37.49895034,0
2020-09-17T07:57:20Z,23.48423533,37.49882488,0
2020-09-17T07:57:38Z,23.48485486,37.49873732,0
2020-09-17T07:58:11Z,23.48604904,37.49853007,0
2020-09-17T07:58:29Z,23.4868063,37.4984257,0
2020-09-17T07:58:47Z,23.48757885,37.49835258,0
2020-09-17T07:58:59Z,23.48805535,37.49834697,0
2020-09-17T07:59:08Z,23.48841363,37.49841103,0
2020-09-17T07:59:20Z,23.4889073,37.49841731,0
2020-09-17T07:59:32Z,23.4893989,37.49838659,0
2020-09-17T07:59:50Z,23.49012315,37.49837086,0
2020-09-17T08:00:08Z,23.49083655,37.49840316,0
2020-09-17T08:00:11Z,23.49094592,37.49838246,0
2020-09-17T08:00:20Z,23.49131341,37.49841782,0
2020-09-17T08:00:32Z,23.49178168,37.49843926,0
2020-09-17T08:00:47Z,23.49237424,37.49842531,0
2020-09-17T08:00:53Z,23.49261998,37.49845225,0
2020-09-17T08:01:05Z,23.49309016,37.49844489,0
2020-09-17T08:01:11Z,23.49330747,37.49841292,0
2020-09-17T08:01:20Z,23.49366478,37.4984144,0
2020-09-17T08:01:32Z,23.49413462,37.49843303,0
2020-09-17T08:01:38Z,23.49437511,37.49848074,0
2020-09-17T08:01:53Z,23.49497013,37.49855252,0
2020-09-17T08:01:56Z,23.49505886,37.49857646,0
2020-09-17T08:02:08Z,23.49555075,37.4985774,0
2020-09-17T08:02:14Z,23.49578334,37.49862735,0
2020-09-17T08:02:23Z,23.49613246,37.49865836,0
2020-09-17T08:02:29Z,23.49634984,37.49871392,0
2020-09-17T08:02:38Z,23.49664314,37.49887761,0
2020-09-17T08:02:47Z,23.49691346,37.4990577,0
2020-09-17T08:02:59Z,23.49729534,37.49926929,0
2020-09-17T08:03:05Z,23.49749654,37.4993723,0
2020-09-17T08:03:11Z,23.49770799,37.49945655,0
2020-09-17T08:03:20Z,23.49801232,37.49963301,0
2020-09-17T08:03:32Z,23.49842419,37.49984191,0
2020-09-17T08:03:44Z,23.49884462,37.49999859,0
2020-09-17T08:04:17Z,23.49998596,37.50051984,0
2020-09-17T08:04:47Z,23.50106303,37.50094078,0
2020-09-17T08:04:53Z,23.50128302,37.5010006,0
2020-09-17T08:05:05Z,23.50174327,37.5010908,0
2020-09-17T08:05:14Z,23.50208086,37.50119122,0
2020-09-17T08:06:02Z,23.50369725,37.50193474,0
2020-09-17T08:06:59Z,23.50551693,37.50296696,0
2020-09-17T08:07:23Z,23.50627517,37.50336784,0
2020-09-17T08:07:50Z,23.50706646,37.50389814,0
2020-09-17T08:08:11Z,23.50770483,37.50428077,0
2020-09-17T08:08:38Z,23.50846847,37.5048373,0
2020-09-17T08:08:47Z,23.50871151,37.50503904,0
2020-09-17T08:08:56Z,23.50900255,37.50520002,0
2020-09-17T08:09:02Z,23.50920494,37.50527421,0
2020-09-17T08:09:14Z,23.50964139,37.50532263,0
2020-09-17T08:09:20Z,23.50985702,37.50532928,0
2020-09-17T08:09:23Z,23.50996403,37.50535405,0
2020-09-17T08:09:29Z,23.5101775,37.50545798,0
2020-09-17T08:09:38Z,23.51045447,37.50554812,0
2020-09-17T08:09:44Z,23.51070977,37.50559734,0
2020-09-17T08:09:56Z,23.51110706,37.50577786,0
2020-09-17T08:10:11Z,23.51159855,37.50597283,0
2020-09-17T08:10:38Z,23.51240278,37.50647574,0
2020-09-17T08:10:56Z,23.51290833,37.50684314,0
2020-09-17T08:11:26Z,23.51372947,37.50748545,0
2020-09-17T08:11:35Z,23.51393207,37.50769084,0
2020-09-17T08:11:41Z,23.51411684,37.50782375,0
2020-09-17T08:11:50Z,23.51435334,37.50804015,0
2020-09-17T08:12:02Z,23.51468132,37.50829763,0
2020-09-17T08:12:14Z,23.51496309,37.50856599,0
2020-09-17T08:12:35Z,23.51563005,37.50895075,0
2020-09-17T08:12:56Z,23.51625299,37.50937718,0
2020-09-17T08:13:11Z,23.51673183,37.50964704,0
2020-09-17T08:13:14Z,23.51682174,37.5097138,0
2020-09-17T08:13:23Z,23.51704384,37.50993127,0
2020-09-17T08:13:38Z,23.51746929,37.51026345,0
2020-09-17T08:13:59Z,23.51801104,37.51078582,0
2020-09-17T08:14:08Z,23.51825248,37.51098897,0
2020-09-17T08:14:14Z,23.51838599,37.51115448,0
2020-09-17T08:14:17Z,23.51847055,37.51122926,0
2020-09-17T08:14:47Z,23.51918127,37.51202651,0
2020-09-17T08:14:59Z,23.51947684,37.51232333,0
2020-09-17T08:15:05Z,23.51961547,37.51249801,0
2020-09-17T08:15:20Z,23.52002057,37.51288347,0
2020-09-17T08:15:26Z,23.52012883,37.51307971,0
2020-09-17T08:15:38Z,23.52037822,37.51344314,0
2020-09-17T08:15:50Z,23.52058958,37.51383115,0
2020-09-17T08:15:56Z,23.52074761,37.51398451,0
2020-09-17T08:16:05Z,23.52104038,37.51415087,0
2020-09-17T08:16:11Z,23.52120858,37.5142724,0
2020-09-17T08:16:20Z,23.52145,37.51449382,0
2020-09-17T08:16:38Z,23.52187109,37.51496744,0
2020-09-17T08:16:56Z,23.52227623,37.51545664,0
2020-09-17T08:17:20Z,23.52274291,37.51613901,0
2020-09-17T08:18:08Z,23.52354778,37.51755267,0
2020-09-17T08:18:29Z,23.5238447,37.51816995,0
2020-09-17T08:18:38Z,23.52395903,37.51843603,0
2020-09-17T08:18:50Z,23.52408531,37.5188067,0
2020-09-17T08:19:02Z,23.52425299,37.51915626,0
2020-09-17T08:19:14Z,23.52439323,37.51950842,0
2020-09-17T08:19:20Z,23.524447,37.51968093,0
2020-09-17T08:19:38Z,23.524559,37.52022931,0
2020-09-17T08:19:56Z,23.52474309,37.52077302,0
2020-09-17T08:20:14Z,23.52483377,37.5212596,0
2020-09-17T08:20:20Z,23.52487688,37.52133961,0
2020-09-17T08:20:32Z,23.5249052,37.52166661,0
2020-09-17T08:20:47Z,23.52489373,37.52192495,0
2020-09-17T08:20:50Z,23.52487435,37.52196394,0
2020-09-17T08:21:05Z,23.52501549,37.52233507,0
2020-09-17T08:21:23Z,23.52507731,37.52289949,0
2020-09-17T08:21:35Z,23.52516651,37.52323436,0
2020-09-17T08:21:44Z,23.52520905,37.52350741,0
2020-09-17T08:21:47Z,23.52524521,37.52359625,0
2020-09-17T08:21:53Z,23.52527266,37.52377404,0
2020-09-17T08:22:05Z,23.52543502,37.52409632,0
2020-09-17T08:22:08Z,23.52548637,37.5241709,0
2020-09-17T08:22:14Z,23.52562095,37.52431089,0
2020-09-17T08:22:29Z,23.52603757,37.52466749,0
2020-09-17T08:22:47Z,23.52657335,37.52502307,0
2020-09-17T08:22:59Z,23.52685336,37.52529447,0
2020-09-17T08:23:05Z,23.52701483,37.5254103,0
2020-09-17T08:23:20Z,23.52734685,37.52578872,0
2020-09-17T08:23:29Z,23.52749649,37.52601378,0
2020-09-17T08:23:47Z,23.52776923,37.52648732,0
2020-09-17T08:23:59Z,23.52794979,37.52682863,0
2020-09-17T08:24:11Z,23.52809701,37.52715099,0
2020-09-17T08:24:20Z,23.52826973,37.52737947,0
2020-09-17T08:24:26Z,23.52839862,37.52751195,0
2020-09-17T08:24:44Z,23.52872828,37.52795937,0
2020-09-17T08:24:47Z,23.52876494,37.52804642,0
2020-09-17T08:24:50Z,23.52883786,37.52811546,0
2020-09-17T08:25:08Z,23.52918722,37.5285645,0
2020-09-17T08:25:20Z,23.5294047,37.52888189,0
2020-09-17T08:25:32Z,23.52963026,37.52917338,0
2020-09-17T08:25:35Z,23.52965228,37.52925616,0
2020-09-17T08:25:59Z,23.53004381,37.52987507,0
2020-09-17T08:26:35Z,23.53067272,37.53075272,0
2020-09-17T08:26:50Z,23.53090567,37.53115432,0
2020-09-17T08:26:56Z,23.53102623,37.53128821,0
2020-09-17T08:27:11Z,23.53119334,37.53170399,0
2020-09-17T08:27:20Z,23.53138279,37.53197402,0
2020-09-17T08:27:23Z,23.53137986,37.53204007,0
2020-09-17T08:27:26Z,23.53141519,37.53211588,0
2020-09-17T08:27:32Z,23.53150532,37.53225941,0
2020-09-17T08:27:47Z,23.53182677,37.53267963,0
2020-09-17T08:27:53Z,23.53191628,37.53284955,0
2020-09-17T08:27:56Z,23.53200482,37.53296108,0
2020-09-17T08:27:59Z,23.53204631,37.53303206,0
2020-09-17T08:28:02Z,23.53203751,37.53307546,0
2020-09-17T08:28:05Z,23.53207365,37.53314853,0
2020-09-17T08:28:08Z,23.53216553,37.53326228,0
2020-09-17T08:28:14Z,23.53224193,37.53338925,0
2020-09-17T08:28:17Z,23.53227555,37.53348423,0
2020-09-17T08:28:20Z,23.53227466,37.53357402,0
2020-09-17T08:28:38Z,23.53260268,37.53404608,0
2020-09-17T08:28:44Z,23.5326769,37.53418586,0
2020-09-17T08:28:47Z,23.53270172,37.53429449,0
2020-09-17T08:28:53Z,23.53282179,37.5344609,0
2020-09-17T08:29:11Z,23.53309891,37.53496411,0
2020-09-17T08:29:17Z,23.53320438,37.53512772,0
2020-09-17T08:30:35Z,23.5342514,37.53724051,0
2020-09-17T08:30:50Z,23.53443502,37.5376481,0
2020-09-17T08:31:11Z,23.53475709,37.53822065,0
2020-09-17T08:31:44Z,23.53520922,37.53914605,0
2020-09-17T08:32:05Z,23.53551524,37.53972116,0
2020-09-17T08:32:47Z,23.53608441,37.54085549,0
2020-09-17T08:32:59Z,23.53623141,37.54118193,0
2020-09-17T08:33:41Z,23.53684307,37.54233231,0
2020-09-17T08:33:44Z,23.53687916,37.54241248,0
2020-09-17T08:33:53Z,23.5369403,37.54266929,0
2020-09-17T08:33:56Z,23.53700289,37.54272044,0
2020-09-17T08:33:59Z,23.53708499,37.54272325,0
2020-09-17T08:34:02Z,23.53716216,37.54267789,0
2020-09-17T08:34:14Z,23.53749411,37.54239759,0
2020-09-17T08:34:17Z,23.53759357,37.54233814,0
2020-09-17T08:34:20Z,23.53769667,37.54232644,0
2020-09-17T08:34:23Z,23.53777387,37.54235975,0
2020-09-17T08:34:26Z,23.53781475,37.54241053,0
2020-09-17T08:35:29Z,23.53841466,37.54412152,0
2020-09-17T08:35:50Z,23.53853483,37.54471982,0
2020-09-17T08:36:11Z,23.53861155,37.54532562,0
2020-09-17T08:36:14Z,23.53861439,37.54541193,0
2020-09-17T08:36:23Z,23.53857698,37.54567322,0
2020-09-17T08:36:41Z,23.53844558,37.54617329,0
2020-09-17T08:36:53Z,23.53828656,37.54649456,0
2020-09-17T08:37:02Z,23.53810075,37.54672953,0
2020-09-17T08:37:05Z,23.53805683,37.54680768,0
2020-09-17T08:37:08Z,23.53805129,37.5468792,0
2020-09-17T08:37:11Z,23.53807745,37.54695972,0
2020-09-17T08:37:14Z,23.53812808,37.54703466,0
2020-09-17T08:37:17Z,23.5381991,37.54709737,0
2020-09-17T08:37:20Z,23.53829392,37.54715118,0
2020-09-17T08:37:26Z,23.53849825,37.54722997,0
2020-09-17T08:37:44Z,23.53921576,37.54740932,0
2020-09-17T08:37:56Z,23.53981193,37.54749656,0
2020-09-17T08:37:59Z,23.53986733,37.54755132,0
2020-09-17T08:38:02Z,23.5398441,37.5476224,0
2020-09-17T08:38:05Z,23.53977103,37.5476475,0
2020-09-17T08:38:08Z,23.53969693,37.54763688,0
2020-09-17T08:38:11Z,23.53964753,37.54759288,0
2020-09-17T08:38:14Z,23.53963301,37.54753147,0
2020-09-17T08:38:17Z,23.53966512,37.54746904,0
2020-09-17T08:38:20Z,23.53971352,37.54743376,0
2020-09-17T08:38:29Z,23.53991364,37.54739342,0
2020-09-17T08:38:35Z,23.53998857,37.54743082,0
2020-09-17T08:38:44Z,23.54003087,37.54749268,0
2020-09-17T08:38:53Z,23.53999452,37.54753476,0
2020-09-17T08:39:02Z,23.53993384,37.54755444,0
2020-09-17T08:39:26Z,23.53993661,37.5475285,0
2020-09-17T08:39:44Z,23.53997,37.54748942,0
2020-09-17T08:39:59Z,23.53997866,37.54743719,0
2020-09-17T08:40:08Z,23.53980662,37.54737024,0
2020-09-17T08:40:11Z,23.53973813,37.54731251,0
2020-09-17T08:40:14Z,23.53970767,37.54723053,0
2020-09-17T08:40:17Z,23.5397223,37.54714053,0
2020-09-17T08:40:20Z,23.53978515,37.5470638,0
2020-09-17T08:40:23Z,23.53988764,37.54701666,0
2020-09-17T08:40:26Z,23.54000163,37.5470119,0
2020-09-17T08:40:29Z,23.54011353,37.54704298,0
2020-09-17T08:40:32Z,23.54021384,37.54710287,0
2020-09-17T08:40:35Z,23.54030295,37.54718048,0
2020-09-17T08:40:50Z,23.54077095,37.54764813,0
2020-09-17T08:41:02Z,23.54121366,37.54798182,0
2020-09-17T08:41:08Z,23.54143883,37.54813159,0
2020-09-17T08:41:11Z,23.54148446,37.54820828,0
2020-09-17T08:41:14Z,23.54144644,37.54827029,0
2020-09-17T08:41:17Z,23.54139667,37.54828384,0
2020-09-17T08:41:23Z,23.54130417,37.54826437,0
2020-09-17T08:41:29Z,23.541272,37.54823001,0
2020-09-17T08:41:38Z,23.54126142,37.54819207,0
2020-09-17T08:42:02Z,23.54126955,37.54805585,0
2020-09-17T08:42:26Z,23.54133357,37.54795222,0
2020-09-17T08:42:38Z,23.5413766,37.54783217,0
2020-09-17T08:42:44Z,23.54145581,37.54777228,0
2020-09-17T08:42:50Z,23.54157737,37.54774057,0
2020-09-17T08:42:59Z,23.54182125,37.54775722,0
2020-09-17T08:43:02Z,23.54190743,37.54778213,0
2020-09-17T08:43:08Z,23.542079,37.54786762,0
2020-09-17T08:43:32Z,23.54294493,37.54840832,0
2020-09-17T08:43:35Z,23.54303872,37.54849665,0
2020-09-17T08:43:38Z,23.54303661,37.54857751,0
2020-09-17T08:43:41Z,23.54298926,37.54861805,0
2020-09-17T08:43:44Z,23.54294205,37.54862241,0
2020-09-17T08:43:47Z,23.54291065,37.54860578,0
2020-09-17T08:44:05Z,23.54285709,37.54851861,0
2020-09-17T08:44:20Z,23.5428578,37.54843331,0
2020-09-17T08:44:29Z,23.54289593,37.54830041,0
2020-09-17T08:44:32Z,23.54294689,37.54825257,0
2020-09-17T08:44:35Z,23.54301293,37.54822478,0
2020-09-17T08:44:38Z,23.54309074,37.54820783,0
2020-09-17T08:44:41Z,23.54316682,37.54821557,0
2020-09-17T08:44:59Z,23.54372147,37.54854764,0
2020-09-17T08:45:08Z,23.54407663,37.54871247,0
2020-09-17T08:45:17Z,23.54444093,37.54885407,0
2020-09-17T08:45:20Z,23.54451276,37.54892186,0
2020-09-17T08:45:23Z,23.54453202,37.5489881,0
2020-09-17T08:45:26Z,23.54449361,37.54902986,0
2020-09-17T08:45:29Z,23.54444169,37.54903792,0
2020-09-17T08:45:32Z,23.54438732,37.54902681,0
2020-09-17T08:45:35Z,23.54434258,37.54899177,0
2020-09-17T08:45:38Z,23.54431075,37.54893827,0
2020-09-17T08:45:41Z,23.54431412,37.54887271,0
2020-09-17T08:45:44Z,23.54435887,37.5488037,0
2020-09-17T08:45:47Z,23.54440405,37.54876516,0
2020-09-17T08:45:50Z,23.54445107,37.54875019,0
2020-09-17T08:46:02Z,23.54466196,37.54872858,0
2020-09-17T08:46:11Z,23.54478136,37.54865636,0
2020-09-17T08:46:20Z,23.54482895,37.54856671,0
2020-09-17T08:46:32Z,23.54484087,37.54843269,0
2020-09-17T08:46:44Z,23.54487084,37.54840037,0
2020-09-17T08:47:05Z,23.54489823,37.54830098,0
2020-09-17T08:47:44Z,23.54491995,37.54794883,0
2020-09-17T08:47:47Z,23.54495871,37.54789127,0
2020-09-17T08:47:50Z,23.54501242,37.54785132,0
2020-09-17T08:47:56Z,23.54515019,37.54781809,0
2020-09-17T08:47:59Z,23.54522904,37.5478377,0
2020-09-17T08:48:05Z,23.5453729,37.54792929,0
2020-09-17T08:48:26Z,23.54596691,37.54844936,0
2020-09-17T08:48:29Z,23.54599572,37.54853435,0
2020-09-17T08:48:32Z,23.54595735,37.54859325,0
2020-09-17T08:48:35Z,23.54588758,37.54860731,0
2020-09-17T08:48:38Z,23.54584401,37.54859694,0
2020-09-17T08:48:47Z,23.54578443,37.54852275,0
2020-09-17T08:49:14Z,23.54580083,37.54837074,0
2020-09-17T08:49:26Z,23.54589337,37.54832108,0
2020-09-17T08:49:32Z,23.54599147,37.54830472,0
2020-09-17T08:49:36Z,23.54607376,37.54832142,0
2020-09-17T08:49:39Z,23.54611986,37.54836432,0
2020-09-17T08:49:48Z,23.54624747,37.54862381,0
2020-09-17T08:49:57Z,23.54637384,37.54893852,0
2020-09-17T08:50:00Z,23.54636023,37.54902789,0
2020-09-17T08:50:03Z,23.54631972,37.54907422,0
2020-09-17T08:50:06Z,23.54622612,37.54906239,0
2020-09-17T08:50:09Z,23.54614251,37.54901534,0
2020-09-17T08:50:12Z,23.54612537,37.54895262,0
2020-09-17T08:50:15Z,23.54614933,37.54888741,0
2020-09-17T08:50:18Z,23.54620895,37.54885136,0
2020-09-17T08:50:21Z,23.54628041,37.54883651,0
2020-09-17T08:50:27Z,23.54640326,37.5488642,0
2020-09-17T08:50:33Z,23.54644052,37.54892737,0
2020-09-17T08:50:42Z,23.54642956,37.54899494,0
2020-09-17T08:51:18Z,23.54647465,37.54903118,0
2020-09-17T08:51:27Z,23.54651778,37.54913596,0
2020-09-17T08:51:30Z,23.54656304,37.54920122,0
2020-09-17T08:51:36Z,23.54667943,37.54930438,0
2020-09-17T08:51:57Z,23.5473304,37.54960642,0
2020-09-17T08:52:15Z,23.54793097,37.54992158,0
2020-09-17T08:52:51Z,23.54907469,37.55061754,0
2020-09-17T08:53:00Z,23.54939555,37.55075957,0
2020-09-17T08:53:09Z,23.54971041,37.55087509,0
2020-09-17T08:53:21Z,23.55022658,37.55102777,0
2020-09-17T08:53:27Z,23.5504834,37.55112476,0
2020-09-17T08:53:51Z,23.55143637,37.5515638,0
2020-09-17T08:53:54Z,23.55146861,37.55163201,0
2020-09-17T08:53:57Z,23.55143884,37.55168765,0
2020-09-17T08:54:00Z,23.55138829,37.5517195,0
2020-09-17T08:54:03Z,23.55132722,37.55172361,0
2020-09-17T08:54:06Z,23.55126304,37.55170342,0
2020-09-17T08:54:09Z,23.55120993,37.55165509,0
2020-09-17T08:54:12Z,23.5511849,37.55160151,0
2020-09-17T08:54:15Z,23.55119455,37.55154598,0
2020-09-17T08:54:18Z,23.55123012,37.5515104,0
2020-09-17T08:54:24Z,23.55132104,37.55148863,0
2020-09-17T08:54:30Z,23.55141232,37.55150785,0
2020-09-17T08:54:36Z,23.55149709,37.55150573,0
2020-09-17T08:54:48Z,23.55160658,37.55144937,0
2020-09-17T08:55:03Z,23.55167394,37.55136683,0
2020-09-17T08:55:24Z,23.55163837,37.55137317,0
2020-09-17T08:56:06Z,23.55156298,37.55129713,0
2020-09-17T08:56:30Z,23.55152679,37.55129508,0
2020-09-17T08:58:15Z,23.55132275,37.55099625,0
2020-09-17T08:58:24Z,23.55125659,37.55084495,0
2020-09-17T08:58:27Z,23.55127246,37.55078347,0
2020-09-17T08:58:30Z,23.55131567,37.55073294,0
2020-09-17T08:58:33Z,23.55137897,37.55070228,0
2020-09-17T08:58:36Z,23.55145481,37.55069667,0
2020-09-17T08:58:39Z,23.55153323,37.55071339,0
2020-09-17T08:58:45Z,23.55167973,37.55076484,0
2020-09-17T08:59:00Z,23.55209023,37.55096591,0
2020-09-17T09:00:03Z,23.55392309,37.55201171,0
2020-09-17T09:00:09Z,23.55410085,37.55216946,0
2020-09-17T09:00:15Z,23.55423506,37.55234116,0
2020-09-17T09:00:18Z,23.55431891,37.55241752,0
2020-09-17T09:00:36Z,23.55487153,37.55277129,0
2020-09-17T09:00:51Z,23.55534277,37.55311208,0
2020-09-17T09:01:06Z,23.55578184,37.55346878,0
2020-09-17T09:01:18Z,23.55616181,37.55373512,0
2020-09-17T09:01:39Z,23.55670412,37.55424548,0
2020-09-17T09:01:42Z,23.55676917,37.55432589,0
2020-09-17T09:01:51Z,23.55693132,37.55461069,0
2020-09-17T09:02:00Z,23.55706679,37.55489315,0
2020-09-17T09:02:09Z,23.55719253,37.55520876,0
2020-09-17T09:02:12Z,23.55720443,37.55530562,0
2020-09-17T09:02:15Z,23.55714064,37.55538049,0
2020-09-17T09:02:18Z,23.55704513,37.55539273,0
2020-09-17T09:02:21Z,23.5569684,37.55536658,0
2020-09-17T09:02:24Z,23.55693232,37.55532164,0
2020-09-17T09:02:27Z,23.55693003,37.55527587,0
2020-09-17T09:02:30Z,23.55694775,37.55523573,0
2020-09-17T09:02:33Z,23.55698716,37.55520332,0
2020-09-17T09:02:39Z,23.55708586,37.55520245,0
2020-09-17T09:02:42Z,23.55713051,37.55522855,0
2020-09-17T09:02:45Z,23.55716169,37.55526646,0
2020-09-17T09:02:48Z,23.55716694,37.55530886,0
2020-09-17T09:02:51Z,23.55715032,37.55535471,0
2020-09-17T09:02:54Z,23.55711392,37.55539563,0
2020-09-17T09:03:06Z,23.55694685,37.55549616,0
2020-09-17T09:03:42Z,23.55678907,37.55551085,0
2020-09-17T09:03:51Z,23.55672716,37.55561773,0
2020-09-17T09:03:57Z,23.55672745,37.55575825,0
2020-09-17T09:04:15Z,23.55681386,37.55633068,0
2020-09-17T09:04:36Z,23.55697359,37.55712541,0
2020-09-17T09:04:42Z,23.55704827,37.55735437,0
2020-09-17T09:04:57Z,23.55730288,37.55790499,0
2020-09-17T09:05:09Z,23.55746741,37.55834195,0
2020-09-17T09:05:12Z,23.55745765,37.55845141,0
2020-09-17T09:05:15Z,23.55738261,37.5585113,0
2020-09-17T09:05:18Z,23.55729203,37.55850832,0
2020-09-17T09:05:21Z,23.55723172,37.55846356,0
2020-09-17T09:05:24Z,23.5572162,37.55841345,0
2020-09-17T09:05:27Z,23.55722824,37.55837131,0
2020-09-17T09:05:30Z,23.55726642,37.55834043,0
2020-09-17T09:05:33Z,23.55732077,37.55832779,0
2020-09-17T09:05:36Z,23.55737937,37.55833751,0
2020-09-17T09:05:39Z,23.55742386,37.55836479,0
2020-09-17T09:05:42Z,23.55744405,37.55841064,0
2020-09-17T09:05:45Z,23.55743426,37.55846462,0
2020-09-17T09:05:48Z,23.55739391,37.55850561,0
2020-09-17T09:05:54Z,23.55727768,37.55855986,0
2020-09-17T09:06:09Z,23.55707279,37.55861929,0
2020-09-17T09:06:24Z,23.55681904,37.55866232,0
2020-09-17T09:06:30Z,23.55667339,37.55871434,0
2020-09-17T09:06:36Z,23.55651482,37.55881575,0
2020-09-17T09:06:40Z,23.55644032,37.55889585,0
2020-09-17T09:06:46Z,23.55635247,37.55904754,0
2020-09-17T09:06:58Z,23.55627755,37.55939451,0
2020-09-17T09:07:07Z,23.55628261,37.55964636,0
2020-09-17T09:07:37Z,23.55637342,37.56015354,0
2020-09-17T09:08:13Z,23.55648723,37.56043345,0
2020-09-17T09:08:25Z,23.55662586,37.56068878,0
2020-09-17T09:08:28Z,23.55665133,37.56077812,0
2020-09-17T09:08:37Z,23.55668691,37.56106855,0
2020-09-17T09:08:49Z,23.55666893,37.56150983,0
2020-09-17T09:08:55Z,23.55661031,37.5617425,0
2020-09-17T09:09:01Z,23.55651784,37.56196582,0
2020-09-17T09:09:10Z,23.55630706,37.56227301,0
2020-09-17T09:09:13Z,23.55619543,37.56232779,0
2020-09-17T09:09:16Z,23.55610556,37.56231343,0
2020-09-17T09:09:19Z,23.55605286,37.56227763,0
2020-09-17T09:09:22Z,23.55604266,37.56222615,0
2020-09-17T09:09:25Z,23.55605862,37.56217729,0
2020-09-17T09:09:28Z,23.55608475,37.56214205,0
2020-09-17T09:09:31Z,23.55612592,37.56212452,0
2020-09-17T09:09:37Z,23.55620635,37.56213148,0
2020-09-17T09:09:43Z,23.55626022,37.56218384,0
2020-09-17T09:09:49Z,23.55625274,37.56225536,0
2020-09-17T09:10:16Z,23.55618167,37.56249137,0
2020-09-17T09:10:28Z,23.55614689,37.56251704,0
2020-09-17T09:10:43Z,23.55613618,37.56255207,0
2020-09-17T09:11:31Z,23.55604599,37.56257069,0
2020-09-17T09:11:58Z,23.55599414,37.5625489,0
2020-09-17T09:12:19Z,23.55596655,37.56255307,0
2020-09-17T09:12:28Z,23.55594753,37.56262251,0
2020-09-17T09:12:31Z,23.55595638,37.56265945,0
2020-09-17T09:12:37Z,23.55603523,37.56272168,0
2020-09-17T09:12:40Z,23.55608756,37.56274487,0
2020-09-17T09:12:49Z,23.55628122,37.56277814,0
2020-09-17T09:12:55Z,23.55638292,37.56283536,0
2020-09-17T09:13:04Z,23.55647853,37.56300526,0
2020-09-17T09:13:13Z,23.55653679,37.56329962,0
2020-09-17T09:13:16Z,23.55651749,37.56339533,0
2020-09-17T09:13:19Z,23.55643134,37.56345197,0
2020-09-17T09:13:22Z,23.55634982,37.56344812,0
2020-09-17T09:13:25Z,23.55630043,37.56340918,0
2020-09-17T09:13:28Z,23.55628807,37.56336107,0
2020-09-17T09:13:31Z,23.55630537,37.56332268,0
2020-09-17T09:13:37Z,23.55636529,37.56327579,0
2020-09-17T09:13:43Z,23.55644518,37.56327165,0
2020-09-17T09:13:46Z,23.55647107,37.56328366,0
2020-09-17T09:13:55Z,23.55650073,37.56334396,0
2020-09-17T09:14:10Z,23.55647317,37.56345463,0
2020-09-17T09:14:34Z,23.55642696,37.56352843,0
2020-09-17T09:15:22Z,23.55631803,37.56355916,0
2020-09-17T09:15:34Z,23.5562451,37.56373757,0
2020-09-17T09:15:52Z,23.55603901,37.56436052,0
2020-09-17T09:16:04Z,23.55585164,37.56482661,0
2020-09-17T09:16:07Z,23.55579281,37.56493314,0
2020-09-17T09:16:10Z,23.55569697,37.56498046,0
2020-09-17T09:16:13Z,23.55561888,37.56497201,0
2020-09-17T09:16:16Z,23.55557972,37.56493121,0
2020-09-17T09:16:19Z,23.55557249,37.56488555,0
2020-09-17T09:16:22Z,23.55558833,37.56484904,0
2020-09-17T09:16:25Z,23.55562348,37.56482652,0
2020-09-17T09:16:28Z,23.55566206,37.56481944,0
2020-09-17T09:16:34Z,23.55572482,37.56483751,0
2020-09-17T09:16:40Z,23.5557532,37.56489064,0
2020-09-17T09:16:43Z,23.55574528,37.56492897,0
2020-09-17T09:16:46Z,23.55571839,37.56497523,0
2020-09-17T09:16:52Z,23.55564119,37.56503325,0
2020-09-17T09:17:01Z,23.55551809,37.56502139,0
2020-09-17T09:17:10Z,23.55543184,37.56495268,0
2020-09-17T09:17:34Z,23.55535276,37.56478089,0
2020-09-17T09:17:55Z,23.5553674,37.56467244,0
2020-09-17T09:18:01Z,23.55542324,37.56460876,0
2020-09-17T09:18:04Z,23.55547679,37.56457433,0
2020-09-17T09:18:07Z,23.55554384,37.56455417,0
2020-09-17T09:18:10Z,23.5556135,37.56455992,0
2020-09-17T09:18:13Z,23.555672,37.56459261,0
2020-09-17T09:18:16Z,23.5557076,37.56465064,0
2020-09-17T09:18:28Z,23.55573351,37.56496744,0
2020-09-17T09:18:46Z,23.55569232,37.56551684,0
2020-09-17T09:19:04Z,23.5556835,37.56608243,0
2020-09-17T09:19:28Z,23.55587616,37.56691793,0
2020-09-17T09:19:31Z,23.55591345,37.56702544,0
2020-09-17T09:19:43Z,23.55617176,37.56743178,0
2020-09-17T09:19:46Z,23.55621145,37.56753962,0
2020-09-17T09:19:49Z,23.55615385,37.56762475,0
2020-09-17T09:19:52Z,23.55605452,37.5676527,0
2020-09-17T09:19:55Z,23.55598508,37.56762905,0
2020-09-17T09:19:58Z,23.55594882,37.56758423,0
2020-09-17T09:20:01Z,23.55593724,37.56753179,0
2020-09-17T09:20:04Z,23.55595092,37.56749181,0
2020-09-17T09:20:07Z,23.5559905,37.56746592,0
2020-09-17T09:20:13Z,23.55608538,37.56746704,0
2020-09-17T09:20:19Z,23.55615194,37.56754214,0
2020-09-17T09:20:22Z,23.55615869,37.56759175,0
2020-09-17T09:20:25Z,23.55613805,37.56763374,0
2020-09-17T09:20:46Z,23.55594607,37.56780246,0
2020-09-17T09:21:13Z,23.55582287,37.56787029,0
2020-09-17T09:21:28Z,23.55571841,37.56790559,0
2020-09-17T09:21:34Z,23.55565492,37.56796541,0
2020-09-17T09:21:49Z,23.55557991,37.56820327,0
2020-09-17T09:22:07Z,23.55539563,37.56860753,0
2020-09-17T09:22:37Z,23.55472756,37.5696541,0
2020-09-17T09:22:40Z,23.55463078,37.56974658,0
2020-09-17T09:22:43Z,23.55451564,37.56976292,0
2020-09-17T09:22:46Z,23.55444931,37.56973557,0
2020-09-17T09:22:49Z,23.55441884,37.56968934,0
2020-09-17T09:22:52Z,23.55441844,37.56965219,0
2020-09-17T09:22:58Z,23.55446243,37.56958536,0
2020-09-17T09:23:13Z,23.55461988,37.56950573,0
2020-09-17T09:23:25Z,23.5547268,37.56949132,0
2020-09-17T09:23:40Z,23.55484639,37.56944968,0
2020-09-17T09:24:01Z,23.55511496,37.56947187,0
2020-09-17T09:24:07Z,23.55524198,37.56955012,0
2020-09-17T09:24:25Z,23.55565901,37.569931,0
2020-09-17T09:24:40Z,23.55620692,37.57029277,0
2020-09-17T09:24:43Z,23.5562687,37.57038059,0
2020-09-17T09:24:46Z,23.55622125,37.57046669,0
2020-09-17T09:24:49Z,23.55613077,37.57049871,0
2020-09-17T09:24:55Z,23.55600247,37.57046409,0
2020-09-17T09:25:25Z,23.55591462,37.57038025,0
2020-09-17T09:25:31Z,23.55594566,37.57037066,0
2020-09-17T09:25:37Z,23.55606251,37.570409,0
2020-09-17T09:25:43Z,23.5561727,37.57051253,0
2020-09-17T09:25:46Z,23.55621046,37.57058142,0
2020-09-17T09:25:49Z,23.55623197,37.57065576,0
2020-09-17T09:25:55Z,23.55623932,37.57081553,0
2020-09-17T09:26:01Z,23.55620836,37.5709888,0
2020-09-17T09:26:10Z,23.55611018,37.57125403,0
2020-09-17T09:26:13Z,23.55610084,37.57134735,0
2020-09-17T09:26:16Z,23.55611445,37.57143601,0
2020-09-17T09:26:25Z,23.55625566,37.57171795,0
2020-09-17T09:26:34Z,23.55645876,37.57202326,0
2020-09-17T09:26:40Z,23.55661207,37.57221701,0
2020-09-17T09:26:43Z,23.5566422,37.57231314,0
2020-09-17T09:26:46Z,23.55660476,37.57241022,0
2020-09-17T09:26:49Z,23.5564986,37.57243959,0
2020-09-17T09:26:52Z,23.55642156,37.57241025,0
2020-09-17T09:27:04Z,23.55632679,37.57233215,0
2020-09-17T09:27:31Z,23.55620972,37.5724598,0
2020-09-17T09:27:40Z,23.55615753,37.57241166,0
2020-09-17T09:27:46Z,23.55616005,37.57234521,0
2020-09-17T09:27:52Z,23.55622773,37.57228374,0
2020-09-17T09:27:55Z,23.5562903,37.57227229,0
2020-09-17T09:27:58Z,23.55634945,37.57228653,0
2020-09-17T09:28:01Z,23.55640187,37.57232581,0
2020-09-17T09:28:10Z,23.55652494,37.57252115,0
2020-09-17T09:28:28Z,23.55675933,37.57298605,0
2020-09-17T09:28:37Z,23.55691784,37.57320679,0
2020-09-17T09:28:46Z,23.5570974,37.57340337,0
2020-09-17T09:28:52Z,23.55726163,37.57354917,0
2020-09-17T09:29:04Z,23.55759196,37.57379509,0
2020-09-17T09:29:34Z,23.55843626,37.57437028,0
2020-09-17T09:29:46Z,23.55878503,37.57465792,0
2020-09-17T09:29:52Z,23.55892532,37.5748333,0
2020-09-17T09:29:55Z,23.5589435,37.57493162,0
2020-09-17T09:30:01Z,23.55890474,37.57513948,0
2020-09-17T09:30:07Z,23.55881272,37.57535947,0
2020-09-17T09:30:16Z,23.55863267,37.57570275,0
2020-09-17T09:30:19Z,23.55853235,37.57577473,0
2020-09-17T09:30:22Z,23.55843428,37.57576788,0
2020-09-17T09:30:25Z,23.5583719,37.57573066,0
2020-09-17T09:30:28Z,23.55833768,37.57567896,0
2020-09-17T09:30:31Z,23.55834371,37.57563741,0
2020-09-17T09:30:37Z,23.55839808,37.57558893,0
2020-09-17T09:30:43Z,23.55845373,37.57558001,0
2020-09-17T09:30:58Z,23.55852199,37.57562445,0
2020-09-17T09:31:37Z,23.55860755,37.57577205,0
2020-09-17T09:31:52Z,23.55879534,37.57595396,0
2020-09-17T09:32:13Z,23.55909941,37.57635752,0
2020-09-17T09:32:28Z,23.55932274,37.57673858,0
2020-09-17T09:32:34Z,23.55938307,37.57691401,0
2020-09-17T09:32:40Z,23.55941134,37.57708907,0
2020-09-17T09:32:46Z,23.55940143,37.57727163,0
2020-09-17T09:32:58Z,23.55934033,37.5776418,0
2020-09-17T09:33:07Z,23.5593371,37.57792556,0
2020-09-17T09:33:13Z,23.55936786,37.57811377,0
2020-09-17T09:33:25Z,23.55949345,37.57847341,0
2020-09-17T09:33:34Z,23.55964443,37.57872117,0
2020-09-17T09:33:49Z,23.55996304,37.57909998,0
2020-09-17T09:33:58Z,23.56013849,37.57934291,0
2020-09-17T09:34:43Z,23.56088171,37.58059617,0
2020-09-17T09:35:07Z,23.56133301,37.58129842,0
2020-09-17T09:35:22Z,23.5616623,37.5817227,0
2020-09-17T09:35:28Z,23.56176828,37.58191695,0
2020-09-17T09:35:37Z,23.56197012,37.58218146,0
2020-09-17T09:35:47Z,23.56213995,37.582491,0
2020-09-17T09:35:50Z,23.56220039,37.58257431,0
2020-09-17T09:36:05Z,23.56256556,37.58296992,0
2020-09-17T09:36:11Z,23.56267766,37.58316358,0
2020-09-17T09:36:29Z,23.56307535,37.58367267,0
2020-09-17T09:37:17Z,23.56418956,37.58504093,0
2020-09-17T09:38:38Z,23.56610181,37.58728473,0
2020-09-17T09:39:02Z,23.56670946,37.58792152,0
2020-09-17T09:39:05Z,23.56677308,37.58801969,0
2020-09-17T09:39:17Z,23.56705983,37.58836334,0
2020-09-17T09:39:23Z,23.56717976,37.58854678,0
2020-09-17T09:39:53Z,23.56793119,37.58933716,0
2020-09-17T09:40:32Z,23.568884,37.59042824,0
2020-09-17T09:41:14Z,23.56993688,37.59157854,0
2020-09-17T09:41:41Z,23.57058775,37.59232838,0
2020-09-17T09:42:02Z,23.57106164,37.59292235,0
2020-09-17T09:42:08Z,23.57121654,37.59309024,0
2020-09-17T09:42:38Z,23.57186144,37.59388207,0
2020-09-17T09:42:53Z,23.57222346,37.59425024,0
2020-09-17T09:42:59Z,23.57237704,37.59444182,0
2020-09-17T09:43:23Z,23.57293187,37.59503253,0
2020-09-17T09:43:26Z,23.57296452,37.59512672,0
2020-09-17T09:43:32Z,23.57306907,37.59530947,0
2020-09-17T09:43:50Z,23.57353169,37.59575525,0
2020-09-17T09:43:59Z,23.57376178,37.59600003,0
2020-09-17T09:44:14Z,23.57409119,37.59639897,0
2020-09-17T09:44:17Z,23.57412087,37.5964745,0
2020-09-17T09:44:20Z,23.5741122,37.59655402,0
2020-09-17T09:44:23Z,23.57407153,37.5966294,0
2020-09-17T09:44:38Z,23.57364467,37.59701505,0
2020-09-17T09:44:47Z,23.57349838,37.59728245,0
2020-09-17T09:44:56Z,23.57317522,37.5975246,0
2020-09-17T09:45:05Z,23.57292613,37.59777396,0
2020-09-17T09:45:11Z,23.57273469,37.59792724,0
2020-09-17T09:45:17Z,23.57256703,37.59809732,0
2020-09-17T09:45:32Z,23.57209111,37.59846984,0
2020-09-17T09:45:44Z,23.5716697,37.59873938,0
2020-09-17T09:46:05Z,23.57101813,37.59928812,0
2020-09-17T09:46:26Z,23.57048023,37.59990293,0
2020-09-17T09:47:11Z,23.56941346,37.60126607,0
2020-09-17T09:47:35Z,23.56889221,37.60199846,0
2020-09-17T09:48:05Z,23.56821096,37.60288786,0
2020-09-17T09:48:14Z,23.56803365,37.60316256,0
2020-09-17T09:49:11Z,23.56680038,37.60489064,0
2020-09-17T09:49:26Z,23.56649622,37.60536684,0
2020-09-17T09:49:41Z,23.56618371,37.6058066,0
2020-09-17T09:50:59Z,23.56461407,37.60822376,0
2020-09-17T09:51:14Z,23.5642896,37.60867712,0
2020-09-17T09:51:39Z,23.56377366,37.60945429,0
2020-09-17T09:52:09Z,23.56319328,37.6103956,0
2020-09-17T09:52:36Z,23.56269836,37.61113991,0
2020-09-17T09:55:09Z,23.56109551,37.61330571,0
2020-09-17T09:56:03Z,23.56053209,37.61399191,0
2020-09-17T09:56:51Z,23.55970723,37.61526952,0
2020-09-17T09:57:39Z,23.55885579,37.61669748,0
2020-09-17T09:58:06Z,23.55839241,37.61740685,0
2020-09-17T09:58:45Z,23.55770732,37.61856982,0
2020-09-17T09:59:12Z,23.55717864,37.61940621,0
2020-09-17T09:59:42Z,23.55662385,37.6203337,0
2020-09-17T10:00:00Z,23.55630576,37.62090457,0
2020-09-17T10:00:51Z,23.55535376,37.62248521,0
2020-09-17T10:01:15Z,23.5549385,37.62323852,0
2020-09-17T10:01:42Z,23.55442656,37.62408698,0
2020-09-17T10:02:03Z,23.55407736,37.62474654,0
2020-09-17T10:02:54Z,23.55317727,37.62634922,0
2020-09-17T10:04:12Z,23.55169737,37.62881285,0
2020-09-17T10:04:18Z,23.5516417,37.62897018,0
2020-09-17T10:04:21Z,23.55159543,37.62897834,0
2020-09-17T10:04:24Z,23.5514608,37.62916934,0
2020-09-17T10:04:27Z,23.55144756,37.62924875,0
2020-09-17T10:04:30Z,23.55138081,37.62936485,0
2020-09-17T10:04:33Z,23.55131932,37.62943755,0
2020-09-17T10:04:48Z,23.55109738,37.62996241,0
2020-09-17T10:04:51Z,23.55101031,37.63004551,0
2020-09-17T10:04:57Z,23.55086365,37.63013274,0
2020-09-17T10:05:06Z,23.55072266,37.63051566,0
2020-09-17T10:05:15Z,23.55050975,37.63074048,0
2020-09-17T10:05:19Z,23.55046299,37.63086838,0
2020-09-17T10:05:22Z,23.55043282,37.63101202,0
2020-09-17T10:05:28Z,23.55033328,37.63121942,0
2020-09-17T10:05:31Z,23.55025465,37.63130489,0
2020-09-17T10:05:37Z,23.55014008,37.63147676,0
2020-09-17T10:05:43Z,23.55006116,37.63166493,0
2020-09-17T10:05:58Z,23.54978109,37.63213273,0
2020-09-17T10:06:01Z,23.54977513,37.63221572,0
2020-09-17T10:06:04Z,23.5496803,37.63230478,0
2020-09-17T10:06:10Z,23.54961927,37.63243521,0
2020-09-17T10:06:22Z,23.54934359,37.63286013,0
2020-09-17T10:07:01Z,23.54862358,37.63412207,0
2020-09-17T10:07:04Z,23.5485871,37.63423038,0
2020-09-17T10:07:10Z,23.54846016,37.63441554,0
2020-09-17T10:07:13Z,23.54837162,37.63449116,0
2020-09-17T10:07:22Z,23.54823612,37.63479465,0
2020-09-17T10:07:37Z,23.54794689,37.63527027,0
2020-09-17T10:07:43Z,23.54783378,37.63550923,0
2020-09-17T10:08:01Z,23.54749177,37.63602341,0
2020-09-17T10:08:10Z,23.54735375,37.63635344,0
2020-09-17T10:08:16Z,23.54721577,37.63652156,0
2020-09-17T10:08:25Z,23.54707439,37.63682426,0
2020-09-17T10:08:34Z,23.54690519,37.63711528,0
2020-09-17T10:08:43Z,23.54677242,37.63740582,0
2020-09-17T10:08:58Z,23.54647021,37.63788137,0
2020-09-17T10:09:07Z,23.54633303,37.63815624,0
2020-09-17T10:09:34Z,23.54583206,37.63901355,0
2020-09-17T10:09:46Z,23.54563461,37.63940784,0
2020-09-17T10:09:58Z,23.54539825,37.63977728,0
2020-09-17T10:10:22Z,23.54496572,37.64054917,0
2020-09-17T10:10:40Z,23.54459016,37.64110938,0
2020-09-17T10:10:52Z,23.54438455,37.64149207,0
2020-09-17T10:10:58Z,23.54430651,37.64168091,0
2020-09-17T10:11:04Z,23.54419111,37.64186855,0
2020-09-17T10:11:28Z,23.54378514,37.64263002,0
2020-09-17T10:11:34Z,23.54365835,37.64281527,0
2020-09-17T10:11:43Z,23.54351078,37.64309223,0
2020-09-17T10:11:58Z,23.54320337,37.64354255,0
2020-09-17T10:12:01Z,23.54313979,37.64356687,0
2020-09-17T10:12:07Z,23.54304366,37.64379421,0
2020-09-17T10:12:16Z,23.54286899,37.64412137,0
2020-09-17T10:12:25Z,23.54272672,37.64436992,0
2020-09-17T10:12:40Z,23.54241267,37.64485456,0
2020-09-17T10:12:52Z,23.54221212,37.64524112,0
2020-09-17T10:13:04Z,23.54195046,37.64561322,0
2020-09-17T10:13:10Z,23.54186361,37.64582322,0
2020-09-17T10:13:13Z,23.54179681,37.64591327,0
2020-09-17T10:13:28Z,23.5415319,37.64639627,0
2020-09-17T10:13:31Z,23.54146653,37.64648683,0
2020-09-17T10:13:34Z,23.54138443,37.64654679,0
2020-09-17T10:13:37Z,23.54132673,37.64662836,0
2020-09-17T10:13:43Z,23.54126494,37.64687521,0
2020-09-17T10:13:46Z,23.54121439,37.64697364,0
2020-09-17T10:13:58Z,23.54098361,37.6473439,0
2020-09-17T10:14:25Z,23.54051844,37.64820529,0
2020-09-17T10:14:40Z,23.54021388,37.6486854,0
2020-09-17T10:14:55Z,23.53996589,37.64916946,0
2020-09-17T10:15:13Z,23.53962705,37.64973048,0
2020-09-17T10:15:25Z,23.53944844,37.65012116,0
2020-09-17T10:15:43Z,23.53912538,37.65069067,0
2020-09-17T10:15:52Z,23.53898016,37.65097759,0
2020-09-17T10:16:19Z,23.53848307,37.65181341,0
2020-09-17T10:16:28Z,23.53833637,37.65209446,0
2020-09-17T10:16:43Z,23.53803072,37.65256121,0
2020-09-17T10:17:16Z,23.53748891,37.65358786,0
2020-09-17T10:17:31Z,23.53721541,37.65405485,0
2020-09-17T10:17:34Z,23.53713317,37.65412726,0
2020-09-17T10:17:40Z,23.53700743,37.65428372,0
2020-09-17T10:17:43Z,23.53697697,37.6544102,0
2020-09-17T10:17:46Z,23.53693004,37.65451232,0
2020-09-17T10:18:07Z,23.53655976,37.65518779,0
2020-09-17T10:19:07Z,23.53545872,37.65705979,0
2020-09-17T10:19:40Z,23.5348689,37.65811909,0
2020-09-17T10:21:01Z,23.53339547,37.66066326,0
2020-09-17T10:21:13Z,23.53319121,37.66104392,0
2020-09-17T10:21:55Z,23.53242551,37.6623556,0
2020-09-17T10:22:04Z,23.53224668,37.66263584,0
2020-09-17T10:23:16Z,23.5309923,37.66485417,0
2020-09-17T10:23:31Z,23.53070093,37.66530215,0
2020-09-17T10:23:40Z,23.53051282,37.6655568,0
2020-09-17T10:24:07Z,23.53000876,37.66634876,0
2020-09-17T10:24:13Z,23.5299388,37.6665139,0
2020-09-17T10:24:16Z,23.52988033,37.66660419,0
2020-09-17T10:24:28Z,23.52959571,37.66695246,0
2020-09-17T10:24:46Z,23.52930036,37.66748352,0
2020-09-17T10:25:04Z,23.52897547,37.6680201,0
2020-09-17T10:25:37Z,23.52837258,37.66897801,0
2020-09-17T10:26:01Z,23.52795806,37.6696889,0
2020-09-17T10:26:16Z,23.52767786,37.67012105,0
2020-09-17T10:26:47Z,23.5271279,37.67104953,0
2020-09-17T10:27:14Z,23.52662559,37.671851,0
2020-09-17T10:27:20Z,23.52654343,37.67201959,0
2020-09-17T10:27:29Z,23.52638346,37.67227438,0
2020-09-17T10:27:32Z,23.5263501,37.6723742,0
2020-09-17T10:27:35Z,23.52628579,37.67247457,0
2020-09-17T10:27:44Z,23.52607958,37.67272618,0
2020-09-17T10:28:02Z,23.52576976,37.67326486,0
2020-09-17T10:28:05Z,23.525749,37.67335707,0
2020-09-17T10:28:23Z,23.52537307,37.6738734,0
2020-09-17T10:28:26Z,23.52533974,37.67397784,0
2020-09-17T10:28:50Z,23.52486617,37.6746631,0
2020-09-17T10:28:56Z,23.52471232,37.67483139,0
2020-09-17T10:29:20Z,23.52403397,37.67545506,0
2020-09-17T10:29:29Z,23.52381218,37.67569943,0
2020-09-17T10:29:44Z,23.52348956,37.67611049,0
2020-09-17T10:30:14Z,23.52277511,37.67694148,0
2020-09-17T10:30:47Z,23.52204448,37.67787952,0
2020-09-17T10:31:14Z,23.52140151,37.67861085,0
2020-09-17T10:31:26Z,23.52114922,37.67896089,0
2020-09-17T10:31:32Z,23.52100623,37.6791191,0
2020-09-17T10:31:50Z,23.52061149,37.67964187,0
2020-09-17T10:32:02Z,23.52031811,37.67999132,0
2020-09-17T10:32:17Z,23.51993779,37.68040146,0
2020-09-17T10:32:56Z,23.5189117,37.68139164,0
2020-09-17T10:34:35Z,23.51647295,37.68398675,0
2020-09-17T10:34:56Z,23.51593174,37.68451524,0
2020-09-17T10:35:14Z,23.5155829,37.68496664,0
2020-09-17T10:35:17Z,23.51554164,37.68504693,0
2020-09-17T10:35:32Z,23.51520545,37.68541042,0
2020-09-17T10:35:50Z,23.51491458,37.68582383,0
2020-09-17T10:36:23Z,23.5142656,37.68657027,0
2020-09-17T10:36:50Z,23.51377568,37.68718701,0
2020-09-17T10:37:18Z,23.51315884,37.68767049,0
2020-09-17T10:37:21Z,23.5130786,37.68770094,0
2020-09-17T10:37:27Z,23.51289618,37.68770262,0
2020-09-17T10:37:33Z,23.51278667,37.6876494,0
2020-09-17T10:37:42Z,23.51273543,37.6875603,0
2020-09-17T10:38:01Z,23.51264141,37.68760173,0
2020-09-17T10:38:07Z,23.51260772,37.68763749,0
2020-09-17T10:38:16Z,23.51252015,37.6876599,0
2020-09-17T10:38:22Z,23.51245901,37.68769435,0
2020-09-17T10:38:34Z,23.51236915,37.68778411,0
2020-09-17T10:38:55Z,23.51218262,37.68783806,0
2020-09-17T10:39:01Z,23.51212405,37.68788063,0
2020-09-17T10:39:16Z,23.51207973,37.68798025,0
2020-09-17T10:39:22Z,23.51206497,37.68798246,0
2020-09-17T10:39:46Z,23.5121519,37.68773179,0
2020-09-17T10:40:10Z,23.51220331,37.68763801,0
2020-09-17T10:40:37Z,23.51222099,37.68765645,0
2020-09-17T10:40:43Z,23.51221085,37.68757322,0
2020-09-17T10:40:49Z,23.5122216,37.68746681,0
2020-09-17T10:41:04Z,23.51226932,37.68735745,0
2020-09-17T10:41:34Z,23.51224298,37.68749166,0
2020-09-17T10:41:49Z,23.51218016,37.687603,0
2020-09-17T10:42:07Z,23.51213549,37.68775056,0
2020-09-17T10:42:43Z,23.51205344,37.68793091,0
2020-09-17T10:42:55Z,23.51202652,37.68793354,0
2020-09-17T10:43:04Z,23.51205675,37.68796624,0
2020-09-17T10:43:13Z,23.51206886,37.68796192,0
2020-09-17T10:43:40Z,23.51204498,37.68797936,0
2020-09-17T10:44:16Z,23.51206677,37.68801005,0
2020-09-17T10:44:37Z,23.51208459,37.68799675,0
2020-09-17T10:45:22Z,23.51206876,37.68797036,0
2020-09-17T10:45:46Z,23.51208557,37.6879903,0
2020-09-17T10:45:55Z,23.51207147,37.68798571,0
2020-09-17T10:46:01Z,23.51207732,37.68799559,0
2020-09-17T10:46:07Z,23.5120514,37.68799996,0
2020-09-17T10:46:37Z,23.51203955,37.68801951,0
2020-09-17T10:47:46Z,23.51207538,37.68797654,0
2020-09-17T10:48:13Z,23.5120924,37.68800283,0
2020-09-17T10:49:52Z,23.51205619,37.68797722,0
2020-09-17T10:49:55Z,23.51209001,37.6879894,0
2020-09-17T10:52:01Z,23.5120657,37.68799463,0
2020-09-17T10:53:52Z,23.51205767,37.68802286,0
2020-09-17T10:54:55Z,23.51204114,37.68801713,0
2020-09-17T10:58:25Z,23.51208479,37.68800925,0
2020-09-17T10:58:49Z,23.51209206,37.6879819,0
2020-09-17T10:59:01Z,23.51210368,37.68801998,0
2020-09-17T10:59:19Z,23.51206442,37.68801305,0
2020-09-17T11:01:22Z,23.51208521,37.68799252,0
2020-09-17T11:03:13Z,23.51205038,37.68799325,0
2020-09-17T11:03:31Z,23.51207756,37.68799989,0
2020-09-17T11:04:34Z,23.5120722,37.68798549,0
2020-09-17T11:05:01Z,23.51202608,37.68799167,0
2020-09-17T11:05:07Z,23.51203577,37.68799482,0
2020-09-17T11:05:19Z,23.51199412,37.68798104,0
2020-09-17T11:07:10Z,23.51207283,37.68801269,0
2020-09-17T11:08:04Z,23.51206754,37.6879953,0
2020-09-17T11:11:07Z,23.51203259,37.68800138,0
2020-09-17T11:12:52Z,23.51208012,37.68801224,0
2020-09-17T11:13:37Z,23.51206276,37.68802578,0
2020-09-17T11:14:07Z,23.51205204,37.68801219,0
2020-09-17T11:15:22Z,23.51209673,37.68801238,0
2020-09-17T11:15:46Z,23.51208397,37.68799114,0
2020-09-17T11:16:28Z,23.51204192,37.68798204,0
2020-09-17T11:16:55Z,23.5120195,37.68800671,0
2020-09-17T11:17:28Z,23.5119982,37.68799143,0
2020-09-17T11:21:49Z,23.51203403,37.68801344,0
2020-09-17T11:23:10Z,23.51202994,37.68799775,0
2020-09-17T11:24:25Z,23.51200507,37.68799451,0
2020-09-17T11:25:52Z,23.51205749,37.68800622,0
2020-09-17T11:27:55Z,23.51201563,37.68798239,0
2020-09-17T11:29:34Z,23.51205187,37.68797469,0
2020-09-17T11:33:10Z,23.51200388,37.68798398,0
2020-09-17T11:35:13Z,23.51198345,37.68797056,0
2020-09-17T11:36:46Z,23.51201589,37.68797774,0
2020-09-17T11:37:40Z,23.51202031,37.68799428,0
2020-09-17T11:38:34Z,23.51203272,37.68798795,0
2020-09-17T11:40:34Z,23.51197888,37.68797314,0
2020-09-17T11:45:07Z,23.51203361,37.68798123,0
2020-09-17T11:47:04Z,23.51204053,37.68799331,0
2020-09-17T11:48:49Z,23.51204555,37.68798084,0
2020-09-17T11:52:52Z,23.51208181,37.68798596,0
2020-09-17T11:54:28Z,23.51205615,37.68799311,0
2020-09-17T11:54:49Z,23.51203589,37.68797398,0
2020-09-17T11:55:34Z,23.51201605,37.68798595,0
2020-09-17T11:56:49Z,23.51204634,37.68798532,0
2020-09-17T11:58:31Z,23.5120148,37.687973,0
2020-09-17T11:59:07Z,23.5120165,37.68799066,0
2020-09-17T12:01:10Z,23.51204726,37.68798015,0
2020-09-17T12:02:16Z,23.5120483,37.68796904,0
2020-09-17T12:03:25Z,23.51202749,37.6879702,0
2020-09-17T12:03:58Z,23.51201706,37.6879764,0
2020-09-17T12:05:25Z,23.51204785,37.68797692,0
2020-09-17T12:06:04Z,23.51203421,37.68798306,0
2020-09-17T12:06:40Z,23.51205252,37.68799028,0
2020-09-17T12:07:40Z,23.51206909,37.6879772,0
2020-09-17T12:09:46Z,23.51206179,37.68797811,0
2020-09-17T12:10:52Z,23.51205573,37.6879975,0
2020-09-17T12:12:04Z,23.51204271,37.68797892,0
2020-09-17T12:13:37Z,23.51200261,37.68797061,0
2020-09-17T12:15:40Z,23.51202862,37.6879665,0
2020-09-17T12:16:37Z,23.51200876,37.6879673,0
2020-09-17T12:16:46Z,23.51202695,37.6879596,0
2020-09-17T12:17:22Z,23.51201499,37.68794325,0
2020-09-17T12:17:40Z,23.51204455,37.68789253,0
2020-09-17T12:17:46Z,23.51202885,37.68792886,0
2020-09-17T12:17:55Z,23.51204479,37.68793647,0
2020-09-17T12:19:01Z,23.51203703,37.68792375,0
2020-09-17T12:20:19Z,23.51198755,37.6879425,0
2020-09-17T12:20:37Z,23.51202345,37.68796708,0
2020-09-17T12:21:19Z,23.51199937,37.6879722,0
2020-09-17T12:24:10Z,23.51203007,37.68797109,0
2020-09-17T12:24:43Z,23.51201526,37.6879504,0
2020-09-17T12:24:55Z,23.51200423,37.68796068,0
2020-09-17T12:25:01Z,23.51201117,37.68797652,0
2020-09-17T12:25:04Z,23.51202341,37.68796873,0
2020-09-17T12:25:07Z,23.51200326,37.68797869,0
2020-09-17T12:25:13Z,23.5120138,37.68799321,0
2020-09-17T12:25:16Z,23.51200319,37.68798576,0
2020-09-17T12:25:22Z,23.51203639,37.6879648,0
2020-09-17T12:25:28Z,23.51198643,37.68795093,0
2020-09-17T12:25:34Z,23.51199533,37.68796972,0
2020-09-17T12:25:43Z,23.5120081,37.68795518,0
2020-09-17T12:26:04Z,23.51204874,37.68796653,0
2020-09-17T12:28:17Z,23.51202697,37.68795252,0
2020-09-17T12:28:29Z,23.51203737,37.68794352,0
2020-09-17T12:29:56Z,23.51202002,37.68795746,0
2020-09-17T12:30:53Z,23.51204156,37.68796996,0
2020-09-17T12:31:41Z,23.51204102,37.68799401,0
2020-09-17T12:32:02Z,23.51202122,37.68800241,0
2020-09-17T12:33:02Z,23.5120337,37.68797479,0
2020-09-17T12:33:05Z,23.5120162,37.68799021,0
2020-09-17T12:33:11Z,23.51198651,37.68796595,0
2020-09-17T12:33:46Z,23.51192492,37.6880244,0
2020-09-17T12:34:37Z,23.51200933,37.68794496,0
2020-09-17T12:34:55Z,23.51201488,37.68795522,0
2020-09-17T12:35:10Z,23.51200307,37.68794134,0
2020-09-17T12:35:25Z,23.51201583,37.68793561,0
2020-09-17T12:36:04Z,23.51203242,37.68795665,0
2020-09-17T12:36:07Z,23.51203535,37.68794182,0
2020-09-17T12:36:13Z,23.51201056,37.68793895,0
2020-09-17T12:36:19Z,23.51198377,37.68789654,0
2020-09-17T12:36:25Z,23.51199085,37.68793293,0
2020-09-17T12:36:28Z,23.51197868,37.68792722,0
2020-09-17T12:36:46Z,23.51202242,37.68795538,0
2020-09-17T12:37:04Z,23.51206059,37.68795393,0
2020-09-17T12:37:16Z,23.51205751,37.68797275,0
2020-09-17T12:37:25Z,23.51204698,37.68795767,0
2020-09-17T12:37:46Z,23.51205969,37.68795381,0
2020-09-17T12:38:07Z,23.51210167,37.68797014,0
2020-09-17T12:38:46Z,23.51203848,37.68796394,0
2020-09-17T12:39:04Z,23.51205754,37.68795529,0
2020-09-17T12:39:28Z,23.5120358,37.68794849,0
2020-09-17T12:39:43Z,23.51205832,37.68792651,0
2020-09-17T12:40:19Z,23.51204091,37.6879405,0
2020-09-17T12:40:43Z,23.51205898,37.68794167,0
2020-09-17T12:40:55Z,23.51205846,37.68796109,0
2020-09-17T12:41:13Z,23.5120668,37.68795031,0
2020-09-17T12:41:40Z,23.51205115,37.68795053,0
2020-09-17T12:42:19Z,23.5120709,37.68795025,0
2020-09-17T12:43:07Z,23.51204833,37.68795959,0
2020-09-17T12:43:52Z,23.51201092,37.68794922,0
2020-09-17T12:44:01Z,23.51202495,37.68796955,0
2020-09-17T12:44:13Z,23.51204345,37.6879679,0
2020-09-17T12:45:16Z,23.51196989,37.68795248,0
2020-09-17T12:46:28Z,23.51197294,37.68791846,0
2020-09-17T12:47:49Z,23.51195514,37.68794608,0
2020-09-17T12:48:19Z,23.5119698,37.68794576,0
2020-09-17T12:50:07Z,23.51198608,37.68790796,0
2020-09-17T12:51:31Z,23.51192717,37.68793033,0
2020-09-17T12:51:55Z,23.51196782,37.68790527,0
2020-09-17T12:52:55Z,23.51194804,37.68792381,0
2020-09-17T12:53:01Z,23.51197058,37.6879392,0
2020-09-17T12:53:04Z,23.51198805,37.6879349,0
2020-09-17T12:53:34Z,23.51196985,37.68793527,0
2020-09-17T12:53:37Z,23.51195775,37.68791613,0
2020-09-17T12:53:46Z,23.51196742,37.68790728,0
2020-09-17T12:54:28Z,23.5119197,37.68791998,0
2020-09-17T12:55:01Z,23.51196901,37.68790368,0
2020-09-17T12:56:25Z,23.51195267,37.68793056,0
2020-09-17T12:56:43Z,23.51197855,37.68794382,0
2020-09-17T12:57:07Z,23.51196171,37.68790932,0
2020-09-17T12:57:25Z,23.5120616,37.68778943,0
2020-09-17T12:58:07Z,23.51225838,37.68764926,0
2020-09-17T12:58:25Z,23.51227116,37.68759529,0
2020-09-17T12:58:43Z,23.5122567,37.68754797,0
2020-09-17T12:59:19Z,23.51213792,37.6874321,0
2020-09-17T12:59:22Z,23.51211446,37.68738161,0
2020-09-17T12:59:28Z,23.51211224,37.68725909,0
2020-09-17T12:59:40Z,23.51221707,37.68701838,0
2020-09-17T13:00:01Z,23.51249321,37.68653343,0
2020-09-17T13:00:07Z,23.51254907,37.68637059,0
2020-09-17T13:00:16Z,23.51268133,37.68614002,0
2020-09-17T13:00:46Z,23.51302384,37.68539379,0
2020-09-17T13:01:10Z,23.51345224,37.6848583,0
2020-09-17T13:01:28Z,23.51373327,37.6844198,0
2020-09-17T13:01:40Z,23.5139713,37.68415603,0
2020-09-17T13:01:49Z,23.51411081,37.68393787,0
2020-09-17T13:01:52Z,23.51417615,37.68386317,0
2020-09-17T13:02:10Z,23.51465991,37.68341668,0
2020-09-17T13:02:19Z,23.51489644,37.68323239,0
2020-09-17T13:02:22Z,23.51498464,37.68317877,0
2020-09-17T13:02:31Z,23.51528681,37.68306985,0
2020-09-17T13:02:40Z,23.51560161,37.68301646,0
2020-09-17T13:03:07Z,23.51661791,37.68302631,0
2020-09-17T13:03:19Z,23.51704471,37.68304393,0
2020-09-17T13:03:25Z,23.51726039,37.68307314,0
2020-09-17T13:03:28Z,23.51737531,37.68309056,0
2020-09-17T13:03:43Z,23.51789123,37.68322785,0
2020-09-17T13:03:55Z,23.51828169,37.68335097,0
2020-09-17T13:04:07Z,23.51865314,37.68344267,0
2020-09-17T13:04:16Z,23.51894215,37.68354207,0
2020-09-17T13:04:28Z,23.51931038,37.68363262,0
2020-09-17T13:04:40Z,23.51970182,37.68368656,0
2020-09-17T13:04:55Z,23.52016098,37.68365714,0
2020-09-17T13:06:07Z,23.5224617,37.68329723,0
2020-09-17T13:06:22Z,23.52298057,37.68322992,0
2020-09-17T13:06:31Z,23.52328991,37.68320827,0
2020-09-17T13:06:37Z,23.52347822,37.68317484,0
2020-09-17T13:06:55Z,23.5240263,37.68316366,0
2020-09-17T13:07:07Z,23.52435784,37.6831264,0
2020-09-17T13:07:25Z,23.52495456,37.68310741,0
2020-09-17T13:08:19Z,23.52682523,37.6829677,0
2020-09-17T13:08:31Z,23.52725412,37.68295654,0
2020-09-17T13:09:19Z,23.52908014,37.68285409,0
2020-09-17T13:10:10Z,23.53100199,37.68282886,0
2020-09-17T13:10:37Z,23.53203212,37.68279313,0
2020-09-17T13:10:55Z,23.53270981,37.68280853,0
2020-09-17T13:11:19Z,23.53360873,37.68278902,0
2020-09-17T13:11:34Z,23.53419901,37.68281958,0
2020-09-17T13:11:43Z,23.53451553,37.68281222,0
2020-09-17T13:11:52Z,23.53486008,37.68283109,0
2020-09-17T13:11:58Z,23.53508772,37.68281593,0
2020-09-17T13:12:16Z,23.53574494,37.68282391,0
2020-09-17T13:12:43Z,23.53678275,37.68286907,0
2020-09-17T13:12:52Z,23.53712907,37.68285257,0
2020-09-17T13:13:04Z,23.53755232,37.68286421,0
2020-09-17T13:13:19Z,23.53810121,37.68285217,0
2020-09-17T13:13:34Z,23.53867313,37.68288496,0
2020-09-17T13:14:16Z,23.54030987,37.68289848,0
2020-09-17T13:14:34Z,23.54097858,37.68293028,0
2020-09-17T13:14:40Z,23.54120862,37.68291867,0
2020-09-17T13:15:13Z,23.54243944,37.68294772,0
2020-09-17T13:15:52Z,23.54394083,37.68294167,0
2020-09-17T13:17:22Z,23.54747034,37.68304367,0
2020-09-17T13:18:13Z,23.54943611,37.6831557,0
2020-09-17T13:18:37Z,23.55037673,37.68325549,0
2020-09-17T13:18:58Z,23.55121101,37.68331734,0
2020-09-17T13:19:19Z,23.5519949,37.68342277,0
2020-09-17T13:19:55Z,23.55342888,37.68352632,0
2020-09-17T13:20:10Z,23.55401825,37.68359123,0
2020-09-17T13:20:22Z,23.55449075,37.68360769,0
2020-09-17T13:20:37Z,23.55507473,37.68368494,0
2020-09-17T13:20:55Z,23.55581337,37.68375328,0
2020-09-17T13:21:13Z,23.55650829,37.68379784,0
2020-09-17T13:22:34Z,23.55972,37.68411883,0
2020-09-17T13:22:58Z,23.56061632,37.68419118,0
2020-09-17T13:23:40Z,23.5622556,37.68439196,0
2020-09-17T13:24:22Z,23.56389689,37.68455204,0
2020-09-17T13:24:37Z,23.56446195,37.68463129,0
2020-09-17T13:25:25Z,23.56628261,37.68479944,0
2020-09-17T13:25:49Z,23.56717717,37.68490729,0
2020-09-17T13:26:22Z,23.56846051,37.68502143,0
2020-09-17T13:26:55Z,23.5697127,37.68516723,0
2020-09-17T13:27:16Z,23.5704867,37.68523015,0
2020-09-17T13:27:28Z,23.57093819,37.68530443,0
2020-09-17T13:27:55Z,23.57195094,37.68543589,0
2020-09-17T13:28:16Z,23.57273764,37.68549211,0
2020-09-17T13:29:04Z,23.57440746,37.68568323,0
2020-09-17T13:29:31Z,23.57532465,37.68575704,0
2020-09-17T13:30:01Z,23.57629057,37.68590082,0
2020-09-17T13:30:10Z,23.57658071,37.68595924,0
2020-09-17T13:30:25Z,23.57705689,37.68600516,0
2020-09-17T13:30:55Z,23.57799337,37.68612853,0
2020-09-17T13:31:10Z,23.57849974,37.68617428,0
2020-09-17T13:31:20Z,23.57881462,37.68622684,0
2020-09-17T13:31:35Z,23.57928985,37.68627924,0
2020-09-17T13:31:44Z,23.57957686,37.68633985,0
2020-09-17T13:32:14Z,23.58056172,37.68642047,0
2020-09-17T13:32:35Z,23.58118753,37.68652807,0
2020-09-17T13:33:08Z,23.58219681,37.68662999,0
2020-09-17T13:33:17Z,23.58231447,37.6866322,0
2020-09-17T13:33:41Z,23.58251459,37.68636662,0
2020-09-17T13:34:14Z,23.5827694,37.68621235,0
2020-09-17T13:34:23Z,23.58286971,37.68622289,0
2020-09-17T13:34:56Z,23.58331004,37.68647918,0
2020-09-17T13:35:02Z,23.58341403,37.68651888,0
2020-09-17T13:35:14Z,23.58362947,37.68654199,0
2020-09-17T13:35:26Z,23.58385704,37.68649414,0
2020-09-17T13:35:38Z,23.5840231,37.68642598,0
2020-09-17T13:36:02Z,23.58435298,37.68623428,0
2020-09-17T13:36:23Z,23.58470707,37.68614212,0
2020-09-17T13:36:29Z,23.58483944,37.68613227,0
2020-09-17T13:36:41Z,23.58515293,37.68613818,0
2020-09-17T13:36:56Z,23.58555142,37.68611249,0
2020-09-17T13:37:38Z,23.58677481,37.686221,0
2020-09-17T13:38:05Z,23.58776977,37.68632832,0
2020-09-17T13:38:41Z,23.58915525,37.68656868,0
2020-09-17T13:38:47Z,23.58936134,37.68655901,0
2020-09-17T13:38:53Z,23.58954218,37.68650783,0
2020-09-17T13:39:05Z,23.58981595,37.68640269,0
2020-09-17T13:39:23Z,23.59026873,37.68631645,0
2020-09-17T13:39:26Z,23.59035286,37.68632161,0
2020-09-17T13:39:41Z,23.590869,37.68642456,0
2020-09-17T13:39:53Z,23.59129801,37.68653174,0
2020-09-17T13:40:26Z,23.59254845,37.68696683,0
2020-09-17T13:40:38Z,23.59298184,37.68705466,0
2020-09-17T13:40:59Z,23.593705,37.68715635,0
2020-09-17T13:41:08Z,23.59399879,37.68721575,0
2020-09-17T13:41:20Z,23.59441305,37.68732447,0
2020-09-17T13:41:38Z,23.59502662,37.68743872,0
2020-09-17T13:42:11Z,23.59606605,37.68758261,0
2020-09-17T13:42:29Z,23.59660993,37.68767478,0
2020-09-17T13:42:47Z,23.59718268,37.68783708,0
2020-09-17T13:42:56Z,23.59747571,37.68789124,0
2020-09-17T13:43:02Z,23.5976327,37.6878802,0
2020-09-17T13:43:05Z,23.59771188,37.6878962,0
2020-09-17T13:43:14Z,23.5981048,37.68802932,0
2020-09-17T13:43:35Z,23.59886653,37.68812851,0
2020-09-17T13:43:50Z,23.59936171,37.68824243,0
2020-09-17T13:44:08Z,23.60000776,37.68834572,0
2020-09-17T13:44:11Z,23.60009416,37.68838524,0
2020-09-17T13:44:17Z,23.60016378,37.68839139,0
2020-09-17T13:44:20Z,23.60036977,37.68848941,0
2020-09-17T13:44:49Z,23.60126046,37.68867705,0
2020-09-17T13:44:52Z,23.60140471,37.68868444,0
2020-09-17T13:44:58Z,23.60164448,37.68872915,0
2020-09-17T13:45:04Z,23.60185103,37.68881677,0
2020-09-17T13:45:10Z,23.60200259,37.68879846,0
2020-09-17T13:45:37Z,23.60293203,37.68897171,0
2020-09-17T13:45:46Z,23.60321511,37.68904269,0
2020-09-17T13:46:01Z,23.60372048,37.68919762,0
2020-09-17T13:46:10Z,23.60399077,37.68935658,0
2020-09-17T13:46:16Z,23.60421022,37.68943544,0
2020-09-17T13:46:28Z,23.60465982,37.6895416,0
2020-09-17T13:46:31Z,23.60474391,37.68960573,0
2020-09-17T13:46:34Z,23.60478222,37.68966395,0
2020-09-17T13:46:40Z,23.60505691,37.68972934,0
2020-09-17T13:46:46Z,23.60530908,37.68985269,0
2020-09-17T13:46:52Z,23.60554082,37.68992701,0
2020-09-17T13:47:01Z,23.60592091,37.69008416,0
2020-09-17T13:47:13Z,23.60636946,37.69031281,0
2020-09-17T13:47:25Z,23.6068128,37.69066326,0
2020-09-17T13:47:28Z,23.60693352,37.69078514,0
2020-09-17T13:47:31Z,23.60701516,37.69077153,0
2020-09-17T13:47:34Z,23.60710019,37.69079638,0
2020-09-17T13:47:37Z,23.60734564,37.69068856,0
2020-09-17T13:47:40Z,23.60727845,37.69076029,0
2020-09-17T13:47:43Z,23.60737546,37.69080801,0
2020-09-17T13:47:46Z,23.60746029,37.69081917,0
2020-09-17T13:47:52Z,23.60773511,37.69095574,0
2020-09-17T13:47:55Z,23.60785926,37.69095353,0
2020-09-17T13:47:58Z,23.60800346,37.6909921,0
2020-09-17T13:48:04Z,23.60822818,37.69112684,0
2020-09-17T13:48:19Z,23.60869208,37.69130991,0
2020-09-17T13:48:28Z,23.60898418,37.69148634,0
2020-09-17T13:48:34Z,23.60918515,37.69158753,0
2020-09-17T13:48:37Z,23.60928223,37.69173033,0
2020-09-17T13:48:49Z,23.6096711,37.69197171,0
2020-09-17T13:48:58Z,23.60991375,37.69217573,0
2020-09-17T13:49:01Z,23.60999386,37.69221739,0
2020-09-17T13:49:04Z,23.61006958,37.69229567,0
2020-09-17T13:49:10Z,23.61027753,37.69238862,0
2020-09-17T13:49:22Z,23.61073197,37.69252586,0
2020-09-17T13:49:31Z,23.61101477,37.69264485,0
2020-09-17T13:49:34Z,23.61112383,37.69271934,0
2020-09-17T13:49:40Z,23.61131685,37.69280708,0
2020-09-17T13:49:43Z,23.61142392,37.69281323,0
2020-09-17T13:49:52Z,23.61175906,37.69295685,0
2020-09-17T13:49:58Z,23.61200085,37.69303829,0
2020-09-17T13:50:02Z,23.61212418,37.69309036,0
2020-09-17T13:50:05Z,23.61218428,37.6931575,0
2020-09-17T13:50:08Z,23.61226686,37.6931921,0
2020-09-17T13:50:14Z,23.61249907,37.69324682,0
2020-09-17T13:50:20Z,23.61274659,37.69332875,0
2020-09-17T13:50:26Z,23.61295361,37.69336568,0
2020-09-17T13:50:35Z,23.61327603,37.69350831,0
2020-09-17T13:50:47Z,23.61372132,37.69361218,0
2020-09-17T13:50:56Z,23.61401792,37.69377196,0
2020-09-17T13:51:05Z,23.61428736,37.69388371,0
2020-09-17T13:51:08Z,23.61437384,37.69394302,0
2020-09-17T13:51:17Z,23.61475499,37.69408424,0
2020-09-17T13:51:20Z,23.61488362,37.694117,0
2020-09-17T13:51:26Z,23.61508517,37.6941249,0
2020-09-17T13:51:32Z,23.61527485,37.69417256,0
2020-09-17T13:51:41Z,23.61556193,37.69426566,0
2020-09-17T13:51:44Z,23.61566687,37.69432711,0
2020-09-17T13:51:50Z,23.61584431,37.69438645,0
2020-09-17T13:51:59Z,23.61613711,37.69442854,0
2020-09-17T13:52:02Z,23.61621834,37.69441344,0
2020-09-17T13:52:05Z,23.61630768,37.69450694,0
2020-09-17T13:52:08Z,23.61640824,37.69456045,0
2020-09-17T13:52:17Z,23.61673572,37.694607,0
2020-09-17T13:52:23Z,23.6169632,37.69472106,0
2020-09-17T13:52:32Z,23.61730075,37.69480354,0
2020-09-17T13:52:35Z,23.61739517,37.69485652,0
2020-09-17T13:52:41Z,23.6175393,37.69488176,0
2020-09-17T13:52:50Z,23.61787855,37.69501852,0
2020-09-17T13:53:02Z,23.6183485,37.6951498,0
2020-09-17T13:53:05Z,23.61847454,37.69520288,0
2020-09-17T13:53:14Z,23.61879045,37.69527884,0
2020-09-17T13:53:23Z,23.61907149,37.69537573,0
2020-09-17T13:53:29Z,23.6192373,37.69540349,0
2020-09-17T13:53:35Z,23.6194584,37.69554743,0
2020-09-17T13:53:41Z,23.61965641,37.69561831,0
2020-09-17T13:53:53Z,23.62003895,37.69571512,0
2020-09-17T13:53:59Z,23.62027802,37.69574687,0
2020-09-17T13:54:17Z,23.62093104,37.69591162,0
2020-09-17T13:54:29Z,23.62137007,37.69600013,0
2020-09-17T13:54:32Z,23.62148441,37.69606245,0
2020-09-17T13:54:41Z,23.62174558,37.69614802,0
2020-09-17T13:54:47Z,23.62193877,37.69618802,0
2020-09-17T13:54:56Z,23.62224008,37.69633504,0
2020-09-17T13:54:59Z,23.62234984,37.69636454,0
2020-09-17T13:55:17Z,23.62294911,37.69662373,0
2020-09-17T13:55:23Z,23.62316543,37.69669629,0
2020-09-17T13:55:47Z,23.62402712,37.69695292,0
2020-09-17T13:56:05Z,23.62475483,37.69708945,0
2020-09-17T13:56:23Z,23.62543389,37.69730348,0
2020-09-17T13:56:41Z,23.62603052,37.6975414,0
2020-09-17T13:56:56Z,23.62650007,37.69778347,0
2020-09-17T13:57:02Z,23.62670676,37.69787338,0
2020-09-17T13:57:17Z,23.6272264,37.69807026,0
2020-09-17T13:57:29Z,23.62766739,37.6982242,0
2020-09-17T13:57:44Z,23.6282203,37.69838328,0
2020-09-17T13:58:02Z,23.62888711,37.69860182,0
2020-09-17T13:58:50Z,23.63061676,37.69921692,0
2020-09-17T13:59:14Z,23.63152661,37.69947988,0
2020-09-17T13:59:32Z,23.63215329,37.69974173,0
2020-09-17T13:59:56Z,23.63306052,37.70002047,0
2020-09-17T14:00:23Z,23.63403175,37.70037222,0
2020-09-17T14:01:08Z,23.63565217,37.70106749,0
2020-09-17T14:01:38Z,23.63675221,37.70143822,0
2020-09-17T14:02:08Z,23.63789086,37.70186509,0
2020-09-17T14:02:26Z,23.63849497,37.70218416,0
2020-09-17T14:02:38Z,23.63893889,37.70239278,0
2020-09-17T14:03:20Z,23.6405181,37.70302112,0
2020-09-17T14:03:26Z,23.64075807,37.70313381,0
2020-09-17T14:03:41Z,23.64130253,37.70334133,0
2020-09-17T14:04:05Z,23.64218733,37.7037363,0
2020-09-17T14:04:23Z,23.64286593,37.70400416,0
2020-09-17T14:05:08Z,23.64460113,37.7046499,0
2020-09-17T14:05:26Z,23.64526333,37.70495237,0
2020-09-17T14:05:47Z,23.64604643,37.70535272,0
2020-09-17T14:05:56Z,23.64637799,37.7054934,0
2020-09-17T14:06:08Z,23.64682067,37.70572719,0
2020-09-17T14:06:17Z,23.64718793,37.70589018,0
2020-09-17T14:06:38Z,23.64800387,37.70620359,0
2020-09-17T14:06:47Z,23.64834931,37.70635461,0
2020-09-17T14:07:05Z,23.64907177,37.70655059,0
2020-09-17T14:07:14Z,23.64941698,37.70668068,0
2020-09-17T14:07:23Z,23.64977152,37.70683402,0
2020-09-17T14:07:32Z,23.65011415,37.70700414,0
2020-09-17T14:07:38Z,23.65034788,37.70709329,0
2020-09-17T14:07:56Z,23.65102632,37.70741416,0
2020-09-17T14:08:14Z,23.65174201,37.707692,0
2020-09-17T14:08:32Z,23.65243369,37.70799632,0
2020-09-17T14:08:41Z,23.65276911,37.70817602,0
2020-09-17T14:08:50Z,23.65309119,37.70837582,0
2020-09-17T14:09:29Z,23.65440933,37.7093085,0
2020-09-17T14:09:44Z,23.65492283,37.70966255,0
2020-09-17T14:09:50Z,23.65514347,37.709796,0
2020-09-17T14:09:59Z,23.65549216,37.7099561,0
2020-09-17T14:10:17Z,23.65618083,37.71022305,0
2020-09-17T14:10:32Z,23.6567343,37.71050343,0
2020-09-17T14:10:56Z,23.6576279,37.71090151,0
2020-09-17T14:11:20Z,23.65851733,37.71138647,0
2020-09-17T14:11:32Z,23.65896121,37.71161117,0
2020-09-17T14:11:56Z,23.65982048,37.71211608,0
2020-09-17T14:12:17Z,23.66058916,37.71251969,0
2020-09-17T14:12:32Z,23.66116307,37.71278698,0
2020-09-17T14:12:50Z,23.66179942,37.71314,0
2020-09-17T14:13:05Z,23.6623356,37.71346203,0
2020-09-17T14:13:20Z,23.66287903,37.71374602,0
2020-09-17T14:13:38Z,23.66352339,37.71410882,0
2020-09-17T14:13:53Z,23.66407563,37.7143658,0
2020-09-17T14:14:14Z,23.66483266,37.71478065,0
2020-09-17T14:14:32Z,23.66549104,37.71509751,0
2020-09-17T14:14:44Z,23.66590545,37.71536136,0
2020-09-17T14:15:14Z,23.6669499,37.71596465,0
2020-09-17T14:15:26Z,23.66740143,37.71613675,0
2020-09-17T14:15:50Z,23.66827598,37.71655474,0
2020-09-17T14:16:08Z,23.66896393,37.71685588,0
2020-09-17T14:16:14Z,23.66919837,37.71694361,0
2020-09-17T14:16:29Z,23.66974852,37.71724008,0
2020-09-17T14:16:35Z,23.6699783,37.7173273,0
2020-09-17T14:16:53Z,23.67070303,37.71753472,0
2020-09-17T14:16:59Z,23.67092366,37.71762752,0
2020-09-17T14:17:08Z,23.67124753,37.71779939,0
2020-09-17T14:17:35Z,23.67217018,37.71836609,0
2020-09-17T14:17:44Z,23.67249993,37.7185527,0
2020-09-17T14:17:53Z,23.67284618,37.71871693,0
2020-09-17T14:18:02Z,23.67319503,37.71883852,0
2020-09-17T14:18:11Z,23.67352409,37.71897497,0
2020-09-17T14:18:38Z,23.67447843,37.71952991,0
2020-09-17T14:18:47Z,23.67484201,37.71969068,0
2020-09-17T14:18:59Z,23.67529865,37.71986469,0
2020-09-17T14:19:32Z,23.6765252,37.72045362,0
2020-09-17T14:20:11Z,23.6779996,37.72107333,0
2020-09-17T14:20:32Z,23.67879229,37.72146409,0
2020-09-17T14:20:41Z,23.67913656,37.72160108,0
2020-09-17T14:20:59Z,23.67977506,37.72194649,0
2020-09-17T14:21:29Z,23.68089385,37.72245977,0
2020-09-17T14:21:41Z,23.68133954,37.72268043,0
2020-09-17T14:21:50Z,23.6816625,37.72286831,0
2020-09-17T14:21:56Z,23.68188949,37.72297894,0
2020-09-17T14:22:08Z,23.68236626,37.72314569,0
2020-09-17T14:22:41Z,23.68364473,37.72364871,0
2020-09-17T14:23:05Z,23.68449266,37.72411097,0
2020-09-17T14:23:14Z,23.68482035,37.72430732,0
2020-09-17T14:23:26Z,23.68528729,37.72453332,0
2020-09-17T14:23:32Z,23.68553264,37.72462338,0
2020-09-17T14:23:38Z,23.68578995,37.72468882,0
2020-09-17T14:23:47Z,23.68615614,37.72481476,0
2020-09-17T14:23:50Z,23.68628699,37.72483478,0
2020-09-17T14:23:56Z,23.68647989,37.72489744,0
2020-09-17T14:24:02Z,23.68653867,37.72496374,0
2020-09-17T14:24:26Z,23.68771367,37.72543928,0
2020-09-17T14:24:32Z,23.68797177,37.72550676,0
2020-09-17T14:24:41Z,23.68836507,37.72558159,0
2020-09-17T14:24:53Z,23.68880964,37.72574921,0
2020-09-17T14:24:59Z,23.68915787,37.72591328,0
2020-09-17T14:25:02Z,23.68921614,37.72585369,0
2020-09-17T14:25:05Z,23.68936499,37.72593348,0
2020-09-17T14:25:08Z,23.68938754,37.7259687,0
2020-09-17T14:25:11Z,23.68949924,37.72604566,0
2020-09-17T14:25:14Z,23.68964436,37.72607477,0
2020-09-17T14:25:26Z,23.69017458,37.72628691,0
2020-09-17T14:25:38Z,23.69066944,37.7264261,0
2020-09-17T14:26:05Z,23.69178165,37.72687181,0
2020-09-17T14:26:11Z,23.69204361,37.72692838,0
2020-09-17T14:26:14Z,23.69214045,37.72690679,0
2020-09-17T14:26:17Z,23.69233108,37.72699351,0
2020-09-17T14:26:26Z,23.69269062,37.72711605,0
2020-09-17T14:26:32Z,23.69286394,37.72710687,0
2020-09-17T14:26:35Z,23.69297771,37.7271364,0
2020-09-17T14:26:38Z,23.69312308,37.72722392,0
2020-09-17T14:26:44Z,23.69332074,37.72728036,0
2020-09-17T14:26:47Z,23.69349894,37.72736193,0
2020-09-17T14:27:02Z,23.69413411,37.7275983,0
2020-09-17T14:27:05Z,23.6942688,37.72764145,0
2020-09-17T14:27:11Z,23.69453332,37.72769137,0
2020-09-17T14:27:26Z,23.69514522,37.72787503,0
2020-09-17T14:27:29Z,23.69526157,37.72793269,0
2020-09-17T14:27:38Z,23.6956561,37.72820085,0
2020-09-17T14:27:41Z,23.69575896,37.72822235,0
2020-09-17T14:27:53Z,23.69620854,37.72842018,0
2020-09-17T14:28:02Z,23.69656334,37.72864717,0
2020-09-17T14:28:08Z,23.69679837,37.72874901,0
2020-09-17T14:28:14Z,23.69705528,37.72883916,0
2020-09-17T14:28:17Z,23.69718595,37.72885083,0
2020-09-17T14:28:26Z,23.69748002,37.72895742,0
2020-09-17T14:28:47Z,23.69837037,37.72938364,0
2020-09-17T14:28:56Z,23.69864888,37.72948146,0
2020-09-17T14:29:05Z,23.6991145,37.72971216,0
2020-09-17T14:29:26Z,23.69998846,37.73006779,0
2020-09-17T14:29:41Z,23.70057804,37.7302187,0
2020-09-17T14:29:44Z,23.70069508,37.73023427,0
2020-09-17T14:29:59Z,23.70138563,37.73045275,0
2020-09-17T14:30:05Z,23.70154374,37.73053632,0
2020-09-17T14:30:11Z,23.70188049,37.73067923,0
2020-09-17T14:30:20Z,23.7021957,37.73084271,0
2020-09-17T14:30:29Z,23.70255844,37.73107014,0
2020-09-17T14:30:32Z,23.70266858,37.73115551,0
2020-09-17T14:30:35Z,23.70278214,37.73121461,0
2020-09-17T14:30:47Z,23.70327417,37.73142419,0
2020-09-17T14:30:56Z,23.70363204,37.73162619,0
2020-09-17T14:31:02Z,23.70387097,37.73174077,0
2020-09-17T14:31:08Z,23.70412397,37.73183433,0
2020-09-17T14:31:32Z,23.70516013,37.7321624,0
2020-09-17T14:31:35Z,23.70527379,37.73222127,0
2020-09-17T14:31:41Z,23.70553253,37.73230736,0
2020-09-17T14:31:47Z,23.70577955,37.73242984,0
2020-09-17T14:32:14Z,23.70691885,37.73288511,0
2020-09-17T14:32:29Z,23.70749644,37.73320506,0
2020-09-17T14:32:35Z,23.70774102,37.73332361,0
2020-09-17T14:32:41Z,23.70800524,37.73340334,0
2020-09-17T14:32:53Z,23.70853669,37.73350913,0
2020-09-17T14:33:23Z,23.70983749,37.73397431,0
2020-09-17T14:33:32Z,23.71022909,37.73408762,0
2020-09-17T14:33:41Z,23.71060961,37.73424663,0
2020-09-17T14:33:59Z,23.71139948,37.7344593,0
2020-09-17T14:34:20Z,23.71230184,37.73482986,0
2020-09-17T14:34:38Z,23.71308423,37.73511324,0
2020-09-17T14:34:59Z,23.7139674,37.73552522,0
2020-09-17T14:35:14Z,23.71455573,37.73586106,0
2020-09-17T14:35:26Z,23.71497792,37.73614762,0
2020-09-17T14:35:32Z,23.71517175,37.73629822,0
2020-09-17T14:35:50Z,23.71571175,37.73677167,0
2020-09-17T14:35:59Z,23.71600231,37.73699722,0
2020-09-17T14:36:11Z,23.71645552,37.73726741,0
2020-09-17T14:36:23Z,23.71693347,37.73751781,0
2020-09-17T14:36:32Z,23.71731355,37.73766763,0
2020-09-17T14:36:41Z,23.71771233,37.73779407,0
2020-09-17T14:37:20Z,23.71944377,37.73827392,0
2020-09-17T14:37:50Z,23.72073045,37.73876123,0
2020-09-17T14:38:05Z,23.7213549,37.73905626,0
2020-09-17T14:38:38Z,23.72270203,37.73973952,0
2020-09-17T14:38:59Z,23.7235322,37.74018551,0
2020-09-17T14:39:23Z,23.72444698,37.74071858,0
2020-09-17T14:39:35Z,23.72491995,37.7409553,0
2020-09-17T14:39:50Z,23.72553252,37.7413178,0
2020-09-17T14:39:53Z,23.7256384,37.74135293,0
2020-09-17T14:39:59Z,23.72587235,37.74147417,0
2020-09-17T14:40:05Z,23.72610035,37.74156988,0
2020-09-17T14:40:08Z,23.72620455,37.74159887,0
2020-09-17T14:40:11Z,23.72628689,37.74165359,0
2020-09-17T14:40:14Z,23.72635264,37.74174141,0
2020-09-17T14:40:32Z,23.72723057,37.74203776,0
2020-09-17T14:40:35Z,23.72737083,37.74210112,0
2020-09-17T14:40:38Z,23.72748584,37.74217807,0
2020-09-17T14:40:50Z,23.72799211,37.74239868,0
2020-09-17T14:40:53Z,23.72811821,37.74241823,0
2020-09-17T14:41:05Z,23.72861263,37.7426754,0
2020-09-17T14:41:17Z,23.72909509,37.74283975,0
2020-09-17T14:41:20Z,23.72920682,37.74291116,0
2020-09-17T14:41:29Z,23.72957851,37.74307145,0
2020-09-17T14:41:32Z,23.72968164,37.74305389,0
2020-09-17T14:41:47Z,23.7303402,37.74337598,0
2020-09-17T14:41:50Z,23.7304525,37.74345003,0
2020-09-17T14:41:59Z,23.73083307,37.7435954,0
2020-09-17T14:42:05Z,23.73105438,37.74371979,0
2020-09-17T14:42:11Z,23.73130751,37.74382155,0
2020-09-17T14:42:20Z,23.73165613,37.74400969,0
2020-09-17T14:42:29Z,23.73203758,37.74415706,0
2020-09-17T14:42:35Z,23.7322509,37.74427662,0
2020-09-17T14:42:44Z,23.73265855,37.74438904,0
2020-09-17T14:42:47Z,23.73274701,37.74450108,0
2020-09-17T14:42:50Z,23.73283678,37.74453991,0
2020-09-17T14:42:53Z,23.73308693,37.74454934,0
2020-09-17T14:43:05Z,23.73357521,37.74470788,0
2020-09-17T14:43:11Z,23.73384193,37.74477588,0
2020-09-17T14:43:20Z,23.73421803,37.74492355,0
2020-09-17T14:43:23Z,23.73433918,37.74495148,0
2020-09-17T14:43:29Z,23.73456858,37.74508859,0
2020-09-17T14:43:32Z,23.73466626,37.74517114,0
2020-09-17T14:43:35Z,23.73478949,37.74521171,0
2020-09-17T14:43:41Z,23.73503868,37.74534639,0
2020-09-17T14:43:50Z,23.73540739,37.74550757,0
2020-09-17T14:43:56Z,23.73562729,37.74562163,0
2020-09-17T14:43:59Z,23.735735,37.74569707,0
2020-09-17T14:44:05Z,23.73601174,37.74579008,0
2020-09-17T14:44:17Z,23.73652764,37.74599466,0
2020-09-17T14:44:23Z,23.73680363,37.74605472,0
2020-09-17T14:44:26Z,23.7369224,37.74610458,0
2020-09-17T14:44:32Z,23.73714446,37.74627029,0
2020-09-17T14:44:38Z,23.73739235,37.74640332,0
2020-09-17T14:44:47Z,23.73774495,37.74656048,0
2020-09-17T14:44:56Z,23.73811998,37.74664102,0
2020-09-17T14:45:05Z,23.73851877,37.74669296,0
2020-09-17T14:45:08Z,23.73864835,37.74668773,0
2020-09-17T14:45:11Z,23.73871215,37.74671953,0
2020-09-17T14:45:20Z,23.73917948,37.74678048,0
2020-09-17T14:45:26Z,23.73933738,37.74678688,0
2020-09-17T14:45:32Z,23.73972795,37.74687228,0
2020-09-17T14:45:35Z,23.73986009,37.74688166,0
2020-09-17T14:45:41Z,23.74011541,37.74684632,0
2020-09-17T14:45:44Z,23.74024582,37.74686392,0
2020-09-17T14:45:47Z,23.74036229,37.74690101,0
2020-09-17T14:45:53Z,23.74062558,37.74688237,0
2020-09-17T14:46:05Z,23.74114714,37.7469547,0
2020-09-17T14:46:14Z,23.74150093,37.74698672,0
2020-09-17T14:46:23Z,23.74188976,37.74698668,0
2020-09-17T14:46:26Z,23.74199538,37.7470379,0
2020-09-17T14:46:29Z,23.74201704,37.74707204,0
2020-09-17T14:46:38Z,23.74252696,37.74705817,0
2020-09-17T14:47:05Z,23.74365562,37.74714121,0
2020-09-17T14:47:11Z,23.74390961,37.74713375,0
2020-09-17T14:47:14Z,23.74402539,37.7471543,0
2020-09-17T14:47:17Z,23.74413274,37.74720147,0
2020-09-17T14:47:20Z,23.7442612,37.74721605,0
2020-09-17T14:47:26Z,23.74452478,37.74722447,0
2020-09-17T14:47:32Z,23.74475943,37.74721131,0
2020-09-17T14:47:38Z,23.74500954,37.74723734,0
2020-09-17T14:47:50Z,23.74549141,37.74722496,0
2020-09-17T14:47:56Z,23.74575041,37.74724721,0
2020-09-17T14:48:05Z,23.74610669,37.74723928,0
2020-09-17T14:48:11Z,23.74634208,37.74721424,0
2020-09-17T14:48:17Z,23.74658871,37.74722974,0
2020-09-17T14:48:23Z,23.74679377,37.74727217,0
2020-09-17T14:48:32Z,23.74720679,37.74730712,0
2020-09-17T14:48:38Z,23.74748195,37.74730989,0
2020-09-17T14:48:50Z,23.7480232,37.74726404,0
2020-09-17T14:49:05Z,23.74864444,37.74730766,0
2020-09-17T14:49:11Z,23.74886508,37.74734861,0
2020-09-17T14:49:14Z,23.74900423,37.74731808,0
2020-09-17T14:49:23Z,23.74944803,37.74727744,0
2020-09-17T14:49:26Z,23.74953921,37.74729604,0
2020-09-17T14:49:32Z,23.74976331,37.74728806,0
2020-09-17T14:49:35Z,23.74988396,37.74726504,0
2020-09-17T14:49:41Z,23.75015261,37.74727924,0
2020-09-17T14:49:50Z,23.75053926,37.74722873,0
2020-09-17T14:50:02Z,23.75107017,37.74719426,0
2020-09-17T14:50:08Z,23.75126308,37.74714524,0
2020-09-17T14:50:14Z,23.75152573,37.74717253,0
2020-09-17T14:50:29Z,23.75216266,37.74712693,0
2020-09-17T14:50:44Z,23.75280232,37.74712804,0
2020-09-17T14:50:56Z,23.75330982,37.74707815,0
2020-09-17T14:51:05Z,23.75368434,37.74707451,0
2020-09-17T14:51:14Z,23.75408268,37.74704867,0
2020-09-17T14:51:17Z,23.75421407,37.74705596,0
2020-09-17T14:51:23Z,23.7544781,37.7470224,0
2020-09-17T14:51:32Z,23.75486923,37.7470174,0
2020-09-17T14:51:41Z,23.75524254,37.74704364,0
2020-09-17T14:51:56Z,23.75588434,37.74696239,0
2020-09-17T14:52:32Z,23.75737894,37.74682538,0
2020-09-17T14:52:38Z,23.75764804,37.74680883,0
2020-09-17T14:52:41Z,23.75779554,37.74682148,0
2020-09-17T14:52:50Z,23.75815525,37.74679129,0
2020-09-17T14:52:56Z,23.75839529,37.74674662,0
2020-09-17T14:53:02Z,23.75863643,37.74673104,0
2020-09-17T14:53:17Z,23.7593255,37.74674442,0
2020-09-17T14:53:29Z,23.75984911,37.74667148,0
2020-09-17T14:53:50Z,23.76074299,37.74659622,0
2020-09-17T14:54:04Z,23.76128976,37.74657095,0
2020-09-17T14:54:16Z,23.76186675,37.74649031,0
2020-09-17T14:54:25Z,23.76229778,37.74646397,0
2020-09-17T14:55:07Z,23.76415293,37.74641234,0
2020-09-17T14:55:16Z,23.76455799,37.7464225,0
2020-09-17T14:55:52Z,23.76613692,37.74634796,0
2020-09-17T14:55:58Z,23.76639939,37.74632255,0
2020-09-17T14:56:13Z,23.76706837,37.74632256,0
2020-09-17T14:56:25Z,23.7675859,37.74629229,0
2020-09-17T14:56:55Z,23.76891742,37.74630502,0
2020-09-17T14:57:22Z,23.77010938,37.74628783,0
2020-09-17T14:57:25Z,23.77022956,37.7462494,0
2020-09-17T14:57:31Z,23.77047061,37.74622195,0
2020-09-17T14:57:40Z,23.77085257,37.74622894,0
2020-09-17T14:57:55Z,23.77149311,37.74619839,0
2020-09-17T14:58:01Z,23.77175585,37.74622426,0
2020-09-17T14:58:49Z,23.77382015,37.74613608,0
2020-09-17T14:58:58Z,23.77420901,37.74616354,0
2020-09-17T14:59:16Z,23.77498258,37.7461541,0
2020-09-17T14:59:31Z,23.77563231,37.74611345,0
2020-09-17T14:59:52Z,23.77653253,37.74609775,0
2020-09-17T15:00:22Z,23.77786387,37.74615222,0
2020-09-17T15:00:37Z,23.77851579,37.74614468,0
2020-09-17T15:00:55Z,23.77930722,37.74621412,0
2020-09-17T15:01:04Z,23.77970056,37.74627916,0
2020-09-17T15:01:22Z,23.78048472,37.74636674,0
2020-09-17T15:01:40Z,23.78126797,37.74642107,0
2020-09-17T15:01:55Z,23.7819191,37.74650826,0
2020-09-17T15:02:10Z,23.78254926,37.74661204,0
2020-09-17T15:02:25Z,23.78317396,37.74668598,0
2020-09-17T15:02:49Z,23.78419757,37.74683994,0
2020-09-17T15:03:04Z,23.78482782,37.74694925,0
2020-09-17T15:03:07Z,23.78494694,37.7469411,0
2020-09-17T15:03:10Z,23.78505848,37.74695787,0
2020-09-17T15:03:16Z,23.78528718,37.74703686,0
2020-09-17T15:03:22Z,23.78555073,37.747097,0
2020-09-17T15:03:34Z,23.78606607,37.74718104,0
2020-09-17T15:03:43Z,23.78642604,37.747261,0
2020-09-17T15:03:58Z,23.78703529,37.74733302,0
2020-09-17T15:04:01Z,23.78717394,37.74736387,0
2020-09-17T15:04:10Z,23.78756319,37.74739869,0
2020-09-17T15:04:28Z,23.78826641,37.74750953,0
2020-09-17T15:04:34Z,23.78847443,37.74752471,0
2020-09-17T15:04:40Z,23.78874402,37.7475761,0
2020-09-17T15:04:46Z,23.78896653,37.74764338,0
2020-09-17T15:04:52Z,23.78922592,37.74764013,0
2020-09-17T15:04:58Z,23.78948849,37.74767896,0
2020-09-17T15:05:10Z,23.79000167,37.7477251,0
2020-09-17T15:05:16Z,23.79021843,37.74777735,0
2020-09-17T15:05:22Z,23.79039879,37.74780109,0
2020-09-17T15:05:28Z,23.79061431,37.74788246,0
2020-09-17T15:05:40Z,23.79111448,37.74793208,0
2020-09-17T15:05:52Z,23.79160987,37.7480115,0
2020-09-17T15:06:04Z,23.79207192,37.74812903,0
2020-09-17T15:06:07Z,23.79216924,37.74811783,0
2020-09-17T15:06:16Z,23.7925159,37.74813799,0
2020-09-17T15:06:37Z,23.79335472,37.74825698,0
2020-09-17T15:07:07Z,23.79453454,37.74838942,0
2020-09-17T15:07:28Z,23.79536416,37.74851261,0
2020-09-17T15:07:43Z,23.79594083,37.74856436,0
2020-09-17T15:07:52Z,23.7962935,37.74854773,0
2020-09-17T15:08:04Z,23.79677721,37.74865497,0
2020-09-17T15:08:16Z,23.79723675,37.74868945,0
2020-09-17T15:08:28Z,23.79769717,37.7487592,0
2020-09-17T15:08:52Z,23.79862573,37.74882988,0
2020-09-17T15:09:13Z,23.79944785,37.74883975,0
2020-09-17T15:09:25Z,23.79992187,37.74888076,0
2020-09-17T15:09:37Z,23.80039538,37.74888376,0
2020-09-17T15:10:25Z,23.80230728,37.74901072,0
2020-09-17T15:11:11Z,23.80413327,37.74907175,0
2020-09-17T15:11:38Z,23.80518808,37.74917802,0
2020-09-17T15:12:08Z,23.80637177,37.74924071,0
2020-09-17T15:12:35Z,23.80737834,37.74926237,0
2020-09-17T15:12:38Z,23.80747107,37.74928235,0
2020-09-17T15:12:56Z,23.80815051,37.74925107,0
2020-09-17T15:13:35Z,23.80934614,37.74925117,0
2020-09-17T15:13:38Z,23.80955587,37.74923883,0
2020-09-17T15:13:44Z,23.80978389,37.7492537,0
2020-09-17T15:13:57Z,23.81011193,37.74922832,0
2020-09-17T15:14:00Z,23.81035371,37.74925867,0
2020-09-17T15:14:06Z,23.81054665,37.74923562,0
2020-09-17T15:14:21Z,23.81109334,37.74925025,0
2020-09-17T15:14:24Z,23.81119228,37.74920649,0
2020-09-17T15:14:33Z,23.81153144,37.7492191,0
2020-09-17T15:14:54Z,23.81215164,37.74918625,0
2020-09-17T15:15:03Z,23.8124112,37.74912979,0
2020-09-17T15:15:06Z,23.81250722,37.7491243,0
2020-09-17T15:15:15Z,23.81283138,37.74914987,0
2020-09-17T15:15:24Z,23.81311957,37.74911319,0
2020-09-17T15:15:43Z,23.81373585,37.7490784,0
2020-09-17T15:15:52Z,23.81401804,37.74902842,0
2020-09-17T15:16:04Z,23.81434055,37.74906147,0
2020-09-17T15:16:07Z,23.81444206,37.74905837,0
2020-09-17T15:16:13Z,23.81464899,37.74900114,0
2020-09-17T15:16:19Z,23.81485023,37.74898152,0
2020-09-17T15:16:40Z,23.81551177,37.74900616,0
2020-09-17T15:16:49Z,23.81575924,37.74896108,0
2020-09-17T15:17:04Z,23.81621104,37.74897081,0
2020-09-17T15:17:22Z,23.81678627,37.7489393,0
2020-09-17T15:18:22Z,23.81850891,37.74889382,0
2020-09-17T15:18:58Z,23.81960783,37.74881467,0
2020-09-17T15:19:28Z,23.8204931,37.74877712,0
2020-09-17T15:19:49Z,23.82117382,37.74870554,0
2020-09-17T15:20:07Z,23.82166353,37.74870219,0
2020-09-17T15:20:31Z,23.82237267,37.74864931,0
2020-09-17T15:20:46Z,23.82278613,37.7486575,0
2020-09-17T15:21:10Z,23.82351401,37.74860598,0
2020-09-17T15:21:19Z,23.82377398,37.74861014,0
2020-09-17T15:21:32Z,23.82416005,37.74859038,0
2020-09-17T15:21:38Z,23.824321,37.74855805,0
2020-09-17T15:22:02Z,23.82497832,37.74850633,0
2020-09-17T15:23:05Z,23.8266969,37.74853066,0
2020-09-17T15:23:29Z,23.82731372,37.74852259,0
2020-09-17T15:23:38Z,23.8274898,37.74848126,0
2020-09-17T15:23:44Z,23.82762314,37.74847641,0
2020-09-17T15:23:53Z,23.82783082,37.74847905,0
2020-09-17T15:24:11Z,23.82832432,37.74852189,0
2020-09-17T15:24:29Z,23.82880796,37.74851537,0
2020-09-17T15:24:38Z,23.82897207,37.74849868,0
2020-09-17T15:25:02Z,23.82955873,37.7485517,0
2020-09-17T15:25:35Z,23.83041107,37.74849433,0
2020-09-17T15:25:56Z,23.83092133,37.74852841,0
2020-09-17T15:26:23Z,23.83166862,37.7484979,0
2020-09-17T15:26:29Z,23.83181198,37.74846762,0
2020-09-17T15:26:41Z,23.83208653,37.7484558,0
2020-09-17T15:27:05Z,23.83270036,37.74846595,0
2020-09-17T15:27:14Z,23.83283386,37.74848624,0
2020-09-17T15:27:32Z,23.83317093,37.74845067,0
2020-09-17T15:27:38Z,23.83320669,37.74848064,0
2020-09-17T15:28:05Z,23.83341463,37.74847154,0
2020-09-17T15:28:17Z,23.83358289,37.74848372,0
2020-09-17T15:28:47Z,23.83391464,37.74853301,0
2020-09-17T15:28:56Z,23.83415485,37.74850536,0
2020-09-17T15:29:05Z,23.83468769,37.74850298,0
2020-09-17T15:29:17Z,23.83515431,37.74846476,0
2020-09-17T15:29:44Z,23.83624878,37.74844341,0
2020-09-17T15:29:53Z,23.83643049,37.74841868,0
2020-09-17T15:30:05Z,23.83676736,37.74840338,0
2020-09-17T15:30:23Z,23.83711046,37.74833557,0
2020-09-17T15:30:50Z,23.83781918,37.74836791,0
2020-09-17T15:31:41Z,23.83917205,37.74826417,0
2020-09-17T15:31:47Z,23.83930523,37.74823542,0
2020-09-17T15:32:11Z,23.83991022,37.74819699,0
2020-09-17T15:32:23Z,23.84019281,37.74814396,0
2020-09-17T15:32:32Z,23.84038594,37.74815615,0
2020-09-17T15:32:53Z,23.84079325,37.74813622,0
2020-09-17T15:33:02Z,23.84086433,37.7481695,0
2020-09-17T15:33:11Z,23.84116287,37.74815218,0
2020-09-17T15:33:14Z,23.84128022,37.74813129,0
2020-09-17T15:33:29Z,23.84171263,37.74812348,0
2020-09-17T15:33:59Z,23.84229822,37.74806076,0
2020-09-17T15:34:26Z,23.84286634,37.74809016,0
2020-09-17T15:34:47Z,23.84328633,37.74800917,0
2020-09-17T15:34:53Z,23.84342844,37.74802982,0
2020-09-17T15:35:14Z,23.84388195,37.74800556,0
2020-09-17T15:35:23Z,23.843967,37.74798736,0
2020-09-17T15:35:53Z,23.84474839,37.74802026,0
2020-09-17T15:36:02Z,23.84495783,37.7480013,0
2020-09-17T15:36:23Z,23.84562067,37.74800704,0
2020-09-17T15:36:44Z,23.84622608,37.74796144,0
2020-09-17T15:37:20Z,23.84727782,37.74795772,0
2020-09-17T15:38:32Z,23.84934311,37.74784459,0
2020-09-17T15:39:29Z,23.85102267,37.74773063,0
2020-09-17T15:39:44Z,23.85147358,37.74771523,0
2020-09-17T15:40:08Z,23.85219086,37.74765452,0
2020-09-17T15:40:50Z,23.85341706,37.74761343,0
2020-09-17T15:41:08Z,23.85397759,37.74756208,0
2020-09-17T15:41:14Z,23.85409108,37.74753401,0
2020-09-17T15:41:35Z,23.85443925,37.74754978,0
2020-09-17T15:41:44Z,23.85469744,37.74754106,0
2020-09-17T15:41:56Z,23.85506033,37.74758427,0
2020-09-17T15:41:59Z,23.85514355,37.74756674,0
2020-09-17T15:42:14Z,23.85566429,37.74756359,0
2020-09-17T15:42:20Z,23.85588059,37.74754441,0
2020-09-17T15:42:47Z,23.85638867,37.74756526,0
2020-09-17T15:42:56Z,23.85657434,37.74754387,0
2020-09-17T15:43:08Z,23.85698063,37.74757615,0
2020-09-17T15:43:23Z,23.85759866,37.74758354,0
2020-09-17T15:43:32Z,23.85780573,37.74755317,0
2020-09-17T15:43:38Z,23.85806151,37.74754809,0
2020-09-17T15:43:41Z,23.85815731,37.74756333,0
2020-09-17T15:43:44Z,23.85813699,37.74756209,0
2020-09-17T15:43:47Z,23.85818126,37.7475489,0
2020-09-17T15:44:14Z,23.85896157,37.74761257,0
2020-09-17T15:44:20Z,23.85915523,37.74758903,0
2020-09-17T15:44:41Z,23.85967357,37.74758507,0
2020-09-17T15:44:50Z,23.8598552,37.74761527,0
2020-09-17T15:45:05Z,23.86023213,37.74760695,0
2020-09-17T15:45:17Z,23.86058828,37.74762792,0
2020-09-17T15:45:26Z,23.86083336,37.74760176,0
2020-09-17T15:45:38Z,23.86122459,37.74763291,0
2020-09-17T15:45:50Z,23.86158316,37.74761802,0
2020-09-17T15:45:53Z,23.8616772,37.74759737,0
2020-09-17T15:46:05Z,23.86203376,37.74764132,0
2020-09-17T15:46:26Z,23.86260209,37.74757431,0
2020-09-17T15:46:32Z,23.86279689,37.74758257,0
2020-09-17T15:46:41Z,23.8630481,37.74756115,0
2020-09-17T15:46:47Z,23.86324415,37.74756426,0
2020-09-17T15:46:59Z,23.86356995,37.74753008,0
2020-09-17T15:47:11Z,23.86391859,37.74752009,0
2020-09-17T15:47:17Z,23.864114,37.74748891,0
2020-09-17T15:47:35Z,23.86467156,37.74746382,0
2020-09-17T15:48:11Z,23.86573397,37.74746387,0
2020-09-17T15:48:32Z,23.86637364,37.74741266,0
2020-09-17T15:49:08Z,23.86728387,37.74739452,0
2020-09-17T15:49:20Z,23.8676773,37.74740729,0
2020-09-17T15:49:26Z,23.86791797,37.74744312,0
2020-09-17T15:49:30Z,23.86808166,37.74744097,0
2020-09-17T15:49:45Z,23.86862366,37.74737127,0
2020-09-17T15:49:51Z,23.86882429,37.74732975,0
2020-09-17T15:50:18Z,23.86965283,37.74726061,0
2020-09-17T15:50:39Z,23.87022587,37.74726605,0
2020-09-17T15:50:48Z,23.87054164,37.74730459,0
2020-09-17T15:51:00Z,23.87095369,37.74724271,0
2020-09-17T15:51:24Z,23.87160055,37.74725929,0
2020-09-17T15:51:45Z,23.872101,37.74729569,0
2020-09-17T15:51:57Z,23.8724806,37.74735294,0
2020-09-17T15:52:12Z,23.87278387,37.74736849,0
2020-09-17T15:52:18Z,23.87300623,37.74740207,0
2020-09-17T15:52:33Z,23.87354996,37.7474283,0
2020-09-17T15:52:45Z,23.87394681,37.74740942,0
2020-09-17T15:52:57Z,23.87418934,37.74743348,0
2020-09-17T15:53:06Z,23.87443704,37.74743168,0
2020-09-17T15:53:24Z,23.87474891,37.74740747,0
2020-09-17T15:53:30Z,23.87497759,37.74742881,0
2020-09-17T15:53:36Z,23.87521523,37.74742176,0
2020-09-17T15:53:42Z,23.87535786,37.74744994,0
2020-09-17T15:54:06Z,23.87620556,37.74747106,0
2020-09-17T15:54:09Z,23.87630844,37.74746078,0
2020-09-17T15:54:18Z,23.87659543,37.74749249,0
2020-09-17T15:54:51Z,23.87744173,37.74749356,0
2020-09-17T15:54:57Z,23.87771357,37.7475269,0
2020-09-17T15:55:00Z,23.8778373,37.74751995,0
2020-09-17T15:55:09Z,23.87804866,37.74747161,0
2020-09-17T15:55:12Z,23.87814723,37.74750194,0
2020-09-17T15:55:27Z,23.87866625,37.74746967,0
2020-09-17T15:55:39Z,23.87903832,37.74748698,0
2020-09-17T15:55:54Z,23.87949801,37.74744967,0
2020-09-17T15:56:06Z,23.87986173,37.74743987,0
2020-09-17T15:56:09Z,23.87993035,37.74741996,0
2020-09-17T15:56:12Z,23.87996046,37.74738058,0
2020-09-17T15:56:15Z,23.87994989,37.7473324,0
2020-09-17T15:56:18Z,23.87990327,37.74730468,0
2020-09-17T15:56:21Z,23.87984065,37.74730327,0
2020-09-17T15:56:27Z,23.87972506,37.74735362,0
2020-09-17T15:56:33Z,23.87968415,37.7473567,0
2020-09-17T15:56:39Z,23.87957108,37.74732514,0
2020-09-17T15:56:54Z,23.87938954,37.74718865,0
2020-09-17T15:57:00Z,23.8793458,37.74712084,0
2020-09-17T15:57:18Z,23.87919587,37.74696183,0
2020-09-17T15:57:30Z,23.87912395,37.7468229,0
2020-09-17T15:57:48Z,23.87895318,37.74657488,0
2020-09-17T15:58:03Z,23.87890623,37.74636349,0
2020-09-17T15:58:18Z,23.87878428,37.74619887,0
2020-09-17T15:58:27Z,23.8787226,37.74615814,0
2020-09-17T15:59:00Z,23.87823749,37.7453788,0
2020-09-17T15:59:06Z,23.87816453,37.74528448,0
2020-09-17T15:59:09Z,23.87810165,37.74516432,0
2020-09-17T15:59:15Z,23.87805202,37.74496159,0
2020-09-17T15:59:21Z,23.87797643,37.74478046,0
2020-09-17T15:59:27Z,23.87788697,37.74463908,0
2020-09-17T15:59:33Z,23.87781411,37.74447068,0
2020-09-17T15:59:45Z,23.87771027,37.74419557,0
2020-09-17T15:59:48Z,23.87769808,37.7441354,0
2020-09-17T15:59:51Z,23.87770724,37.7440747,0
2020-09-17T15:59:54Z,23.87768203,37.74400674,0
2020-09-17T16:00:00Z,23.87762322,37.7439472,0
2020-09-17T16:00:18Z,23.87744983,37.74358655,0
2020-09-17T16:00:36Z,23.8772092,37.74327483,0
2020-09-17T16:00:42Z,23.87711195,37.74312378,0
2020-09-17T16:00:48Z,23.87704107,37.74298984,0
2020-09-17T16:00:54Z,23.87699418,37.74283244,0
2020-09-17T16:01:06Z,23.87690113,37.74261,0
2020-09-17T16:01:24Z,23.87670015,37.74218901,0
2020-09-17T16:01:45Z,23.8764024,37.74171791,0
2020-09-17T16:02:06Z,23.87625776,37.74142961,0
2020-09-17T16:02:09Z,23.87621261,37.74132046,0
2020-09-17T16:02:18Z,23.87617978,37.74107315,0
2020-09-17T16:02:27Z,23.87613109,37.74088915,0
2020-09-17T16:02:42Z,23.87599452,37.74059349,0
2020-09-17T16:02:51Z,23.87596425,37.74043302,0
2020-09-17T16:02:57Z,23.87597049,37.74032248,0
2020-09-17T16:03:09Z,23.87601032,37.74014457,0
2020-09-17T16:03:36Z,23.87621933,37.73961764,0
2020-09-17T16:03:48Z,23.87622806,37.73955594,0
2020-09-17T16:04:06Z,23.87650973,37.73926555,0
2020-09-17T16:04:18Z,23.87668801,37.73892091,0
2020-09-17T16:04:27Z,23.87682463,37.73871921,0
2020-09-17T16:04:42Z,23.87695036,37.73822718,0
2020-09-17T16:04:54Z,23.8769815,37.73788772,0
2020-09-17T16:04:57Z,23.87702473,37.73781483,0
2020-09-17T16:05:00Z,23.87708676,37.73774434,0
2020-09-17T16:05:09Z,23.87725446,37.73761499,0
2020-09-17T16:05:24Z,23.87762623,37.73745348,0
2020-09-17T16:05:27Z,23.87768886,37.73740775,0
2020-09-17T16:05:39Z,23.87777984,37.73718737,0
2020-09-17T16:05:45Z,23.87787582,37.73702449,0
2020-09-17T16:05:51Z,23.87788907,37.73686282,0
2020-09-17T16:05:54Z,23.87791518,37.73683389,0
2020-09-17T16:06:03Z,23.87796319,37.73651077,0
2020-09-17T16:06:06Z,23.87800683,37.73643782,0
2020-09-17T16:06:12Z,23.8780241,37.73625798,0
2020-09-17T16:06:18Z,23.87806399,37.73606807,0
2020-09-17T16:06:39Z,23.8782623,37.7354588,0
2020-09-17T16:06:48Z,23.87833179,37.73519252,0
2020-09-17T16:06:57Z,23.87844232,37.73492461,0
2020-09-17T16:07:00Z,23.87845167,37.73482724,0
2020-09-17T16:07:03Z,23.87848517,37.73472268,0
2020-09-17T16:07:15Z,23.87864969,37.73439698,0
2020-09-17T16:07:24Z,23.87873747,37.73415524,0
2020-09-17T16:07:27Z,23.87873768,37.73404793,0
2020-09-17T16:07:33Z,23.87881339,37.73389498,0
2020-09-17T16:07:39Z,23.87885337,37.73372115,0
2020-09-17T16:07:42Z,23.87885754,37.7336332,0
2020-09-17T16:07:45Z,23.8789029,37.73356902,0
2020-09-17T16:07:48Z,23.87893652,37.73347267,0
2020-09-17T16:07:57Z,23.87900575,37.73318016,0
2020-09-17T16:08:06Z,23.87910596,37.73291955,0
2020-09-17T16:08:12Z,23.87913146,37.73273678,0
2020-09-17T16:08:30Z,23.87928226,37.73217678,0
2020-09-17T16:08:33Z,23.87932102,37.73210029,0
2020-09-17T16:08:36Z,23.8792936,37.73202001,0
2020-09-17T16:08:39Z,23.87930241,37.73192543,0
2020-09-17T16:08:54Z,23.87945698,37.73149476,0
2020-09-17T16:09:03Z,23.87950329,37.73122501,0
2020-09-17T16:09:39Z,23.87976644,37.73012457,0
2020-09-17T16:10:00Z,23.87988594,37.72950279,0
2020-09-17T16:10:18Z,23.88004279,37.72897588,0
2020-09-17T16:10:24Z,23.8800741,37.72879724,0
2020-09-17T16:10:42Z,23.88022818,37.72823207,0
2020-09-17T16:10:57Z,23.88032152,37.72777665,0
2020-09-17T16:11:09Z,23.88042171,37.72740069,0
2020-09-17T16:11:12Z,23.88042883,37.72731925,0
2020-09-17T16:11:18Z,23.88055715,37.72713042,0
2020-09-17T16:11:24Z,23.88052875,37.72694644,0
2020-09-17T16:11:39Z,23.88067846,37.72654198,0
2020-09-17T16:11:42Z,23.88066684,37.72641759,0
2020-09-17T16:11:51Z,23.88070242,37.72616615,0
2020-09-17T16:11:54Z,23.88069927,37.7260747,0
2020-09-17T16:12:06Z,23.88080531,37.72567638,0
2020-09-17T16:12:21Z,23.88088003,37.72521208,0
2020-09-17T16:12:27Z,23.88094216,37.72502617,0
2020-09-17T16:12:54Z,23.88113094,37.72419196,0
2020-09-17T16:13:06Z,23.88125876,37.72381163,0
2020-09-17T16:13:33Z,23.88141232,37.72296702,0
2020-09-17T16:14:06Z,23.88168548,37.721931,0
2020-09-17T16:14:18Z,23.88175774,37.72155305,0
2020-09-17T16:14:30Z,23.8818585,37.72116627,0
2020-09-17T16:14:42Z,23.88192087,37.72078935,0
2020-09-17T16:15:00Z,23.88207478,37.72024936,0
2020-09-17T16:15:27Z,23.88221681,37.71940055,0
2020-09-17T16:15:51Z,23.88237408,37.71869057,0
2020-09-17T16:16:06Z,23.88242972,37.71822315,0
2020-09-17T16:16:15Z,23.88249172,37.71793622,0
2020-09-17T16:16:45Z,23.88262876,37.71702069,0
2020-09-17T16:16:54Z,23.8826956,37.71674251,0
2020-09-17T16:17:00Z,23.88272352,37.71654545,0
2020-09-17T16:17:06Z,23.88280074,37.7163566,0
2020-09-17T16:17:12Z,23.88285039,37.71617072,0
2020-09-17T16:17:33Z,23.88298298,37.71552401,0
2020-09-17T16:17:45Z,23.88312575,37.71517268,0
2020-09-17T16:17:57Z,23.88335338,37.71483592,0
2020-09-17T16:18:18Z,23.88379001,37.71426272,0
2020-09-17T16:18:36Z,23.88419055,37.71380131,0
2020-09-17T16:18:45Z,23.88437457,37.71355773,0
2020-09-17T16:19:21Z,23.88517798,37.7126516,0
2020-09-17T16:19:42Z,23.88561743,37.71207521,0
2020-09-17T16:19:57Z,23.88594725,37.71168058,0
2020-09-17T16:20:21Z,23.8864384,37.71103255,0
2020-09-17T16:20:54Z,23.88722229,37.71020065,0
2020-09-17T16:21:09Z,23.88758024,37.70979314,0
2020-09-17T16:21:24Z,23.88790669,37.70938229,0
2020-09-17T16:21:33Z,23.88811859,37.7091632,0
2020-09-17T16:21:48Z,23.88845505,37.70877654,0
2020-09-17T16:22:39Z,23.88956471,37.70740528,0
2020-09-17T16:22:57Z,23.88996592,37.70694722,0
2020-09-17T16:23:00Z,23.89001808,37.70686464,0
2020-09-17T16:23:03Z,23.89003711,37.70678579,0
2020-09-17T16:23:06Z,23.89006734,37.70676061,0
2020-09-17T16:23:18Z,23.89027424,37.70641857,0
2020-09-17T16:23:24Z,23.89039946,37.70625591,0
2020-09-17T16:23:30Z,23.89054329,37.70609243,0
2020-09-17T16:23:33Z,23.89064045,37.70600798,0
2020-09-17T16:23:36Z,23.89074813,37.70594089,0
2020-09-17T16:23:42Z,23.89092858,37.70577175,0
2020-09-17T16:23:54Z,23.89135654,37.70551191,0
2020-09-17T16:24:00Z,23.89158831,37.70542531,0
2020-09-17T16:24:09Z,23.89192972,37.70533552,0
2020-09-17T16:24:12Z,23.89201742,37.70527171,0
2020-09-17T16:24:15Z,23.89211615,37.70526341,0
2020-09-17T16:24:18Z,23.89223377,37.70522152,0
2020-09-17T16:24:24Z,23.89245374,37.70511233,0
2020-09-17T16:24:27Z,23.89257205,37.70507886,0
2020-09-17T16:24:30Z,23.89265358,37.70500906,0
2020-09-17T16:24:36Z,23.89284047,37.70489934,0
2020-09-17T16:24:45Z,23.89320288,37.70477598,0
2020-09-17T16:24:54Z,23.8935683,37.70470136,0
2020-09-17T16:25:12Z,23.89429271,37.70451578,0
2020-09-17T16:25:57Z,23.89600295,37.70404771,0
2020-09-17T16:26:03Z,23.89622535,37.70401088,0
2020-09-17T16:26:39Z,23.8976578,37.70366936,0
2020-09-17T16:26:54Z,23.89826131,37.70354144,0
2020-09-17T16:27:00Z,23.89851456,37.70352315,0
2020-09-17T16:27:09Z,23.89886885,37.70355956,0
2020-09-17T16:27:15Z,23.8991168,37.70360666,0
2020-09-17T16:27:36Z,23.89996927,37.70371871,0
2020-09-17T16:27:57Z,23.90082869,37.70389395,0
2020-09-17T16:28:18Z,23.9017041,37.70402084,0
2020-09-17T16:28:42Z,23.90266425,37.70427652,0
2020-09-17T16:29:15Z,23.9039428,37.70469809,0
2020-09-17T16:29:27Z,23.90440123,37.70486415,0
2020-09-17T16:30:03Z,23.90579676,37.70519495,0
2020-09-17T16:30:12Z,23.90613411,37.70529733,0
2020-09-17T16:30:51Z,23.90762923,37.70567076,0
2020-09-17T16:31:27Z,23.90901316,37.70599484,0
2020-09-17T16:31:36Z,23.90926753,37.70616961,0
2020-09-17T16:31:39Z,23.90939114,37.70620643,0
2020-09-17T16:31:45Z,23.90961515,37.70625917,0
2020-09-17T16:31:51Z,23.90989933,37.70626782,0
2020-09-17T16:32:21Z,23.91104306,37.70650092,0
2020-09-17T16:32:33Z,23.91146786,37.70661437,0
2020-09-17T16:33:00Z,23.91256217,37.70685997,0
2020-09-17T16:33:12Z,23.91301826,37.70698882,0
2020-09-17T16:33:36Z,23.91393039,37.70718381,0
2020-09-17T16:33:57Z,23.9147246,37.70738811,0
2020-09-17T16:34:00Z,23.91482989,37.70742346,0
2020-09-17T16:34:03Z,23.91491625,37.70749263,0
2020-09-17T16:34:15Z,23.91542889,37.70757372,0
2020-09-17T16:34:24Z,23.91575385,37.70764419,0
2020-09-17T16:34:33Z,23.91609534,37.7076179,0
2020-09-17T16:34:36Z,23.91622886,37.70762496,0
2020-09-17T16:34:39Z,23.91636488,37.70767351,0
2020-09-17T16:34:42Z,23.91645326,37.70775866,0
2020-09-17T16:34:45Z,23.91654583,37.7078045,0
2020-09-17T16:35:00Z,23.91711376,37.70804661,0
2020-09-17T16:35:24Z,23.91805784,37.70824933,0
2020-09-17T16:35:54Z,23.91914374,37.70859799,0
2020-09-17T16:36:15Z,23.91996445,37.70880665,0
2020-09-17T16:36:27Z,23.92043563,37.7088956,0
2020-09-17T16:37:09Z,23.92199694,37.70940123,0
2020-09-17T16:37:45Z,23.923353,37.70977802,0
2020-09-17T16:38:12Z,23.92437012,37.71009835,0
2020-09-17T16:38:36Z,23.92528234,37.7103438,0
2020-09-17T16:38:42Z,23.92549409,37.71043843,0
2020-09-17T16:38:48Z,23.92566285,37.71057975,0
2020-09-17T16:38:54Z,23.92589543,37.7106653,0
2020-09-17T16:39:06Z,23.92633756,37.71087311,0
2020-09-17T16:39:30Z,23.9272436,37.71115154,0
2020-09-17T16:39:33Z,23.92734857,37.71119458,0
2020-09-17T16:39:39Z,23.92755067,37.71132415,0
2020-09-17T16:39:51Z,23.92800204,37.71151079,0
2020-09-17T16:40:00Z,23.92833038,37.71159914,0
2020-09-17T16:40:21Z,23.92912257,37.71191006,0
2020-09-17T16:40:33Z,23.92957118,37.71202747,0
2020-09-17T16:40:45Z,23.92994757,37.71222096,0
2020-09-17T16:41:00Z,23.93055673,37.7124269,0
2020-09-17T16:41:15Z,23.93110311,37.71265125,0
2020-09-17T16:41:18Z,23.9312148,37.71267371,0
2020-09-17T16:41:24Z,23.93143723,37.71267446,0
2020-09-17T16:41:30Z,23.93165657,37.71282345,0
2020-09-17T16:41:33Z,23.93173419,37.71290642,0
2020-09-17T16:41:36Z,23.93184792,37.71295062,0
2020-09-17T16:41:42Z,23.93206754,37.7129535,0
2020-09-17T16:41:51Z,23.93243685,37.7131681,0
2020-09-17T16:41:57Z,23.93265283,37.71327481,0
2020-09-17T16:42:06Z,23.93299833,37.71340395,0
2020-09-17T16:42:12Z,23.93319854,37.71351471,0
2020-09-17T16:42:30Z,23.93388209,37.71376329,0
2020-09-17T16:42:54Z,23.93483053,37.71402953,0
2020-09-17T16:43:06Z,23.93530803,37.71418949,0
2020-09-17T16:43:12Z,23.93552341,37.71427973,0
2020-09-17T16:43:27Z,23.93607764,37.71444624,0
2020-09-17T16:43:45Z,23.93672765,37.71469541,0
2020-09-17T16:43:54Z,23.93714677,37.71477631,0
2020-09-17T16:44:03Z,23.9374593,37.71492029,0
2020-09-17T16:44:12Z,23.93780477,37.7150379,0
2020-09-17T16:44:15Z,23.93796665,37.71511542,0
2020-09-17T16:44:18Z,23.93811371,37.71510855,0
2020-09-17T16:44:21Z,23.93821266,37.71517727,0
2020-09-17T16:44:33Z,23.93861237,37.71524946,0
2020-09-17T16:44:36Z,23.93873163,37.71529417,0
2020-09-17T16:44:39Z,23.93881394,37.71536542,0
2020-09-17T16:44:42Z,23.93891442,37.71541928,0
2020-09-17T16:44:51Z,23.93923423,37.71551626,0
2020-09-17T16:44:57Z,23.93940938,37.71560153,0
2020-09-17T16:45:03Z,23.93958093,37.71564678,0
2020-09-17T16:45:15Z,23.93988807,37.71576848,0
2020-09-17T16:45:42Z,23.94062101,37.71596327,0
2020-09-17T16:45:51Z,23.9408375,37.71605396,0
2020-09-17T16:45:54Z,23.94092008,37.71607192,0
2020-09-17T16:46:00Z,23.94106887,37.71606905,0
2020-09-17T16:46:21Z,23.94149042,37.71599214,0
2020-09-17T16:46:27Z,23.9416,37.71598404,0
2020-09-17T16:46:33Z,23.94171213,37.71600054,0
2020-09-17T16:46:39Z,23.9418222,37.71604424,0
2020-09-17T16:46:45Z,23.9419144,37.71610816,0
2020-09-17T16:46:48Z,23.94194686,37.71614447,0
2020-09-17T16:46:54Z,23.94198321,37.71624265,0
2020-09-17T16:47:00Z,23.94196193,37.71632799,0
2020-09-17T16:47:03Z,23.94192144,37.71636077,0
2020-09-17T16:47:06Z,23.94183674,37.7163824,0
2020-09-17T16:47:09Z,23.94173169,37.71638087,0
2020-09-17T16:47:12Z,23.94166922,37.71635945,0
2020-09-17T16:47:15Z,23.94162403,37.71632303,0
2020-09-17T16:47:21Z,23.9415926,37.71624165,0
2020-09-17T16:47:24Z,23.94160317,37.71620856,0
2020-09-17T16:47:30Z,23.94164976,37.71615383,0
2020-09-17T16:48:00Z,23.94187686,37.7159904,0
2020-09-17T16:48:06Z,23.94186637,37.7159856,0
2020-09-17T16:48:15Z,23.94186989,37.71600355,0
2020-09-17T16:48:33Z,23.94177509,37.71607917,0
2020-09-17T16:49:27Z,23.94133637,37.71635721,0
2020-09-17T16:49:45Z,23.94132563,37.7163862,0
2020-09-17T16:50:12Z,23.94135291,37.71635835,0
2020-09-17T16:50:18Z,23.94136214,37.7163882,0
2020-09-17T16:50:21Z,23.94135448,37.71637004,0
2020-09-17T16:50:33Z,23.94139605,37.7163704,0
2020-09-17T16:50:50Z,23.94141558,37.71634271,0
2020-09-17T16:51:08Z,23.94146348,37.71633897,0
2020-09-17T16:51:26Z,23.94144676,37.71634302,0
2020-09-17T16:51:48Z,23.94149277,37.71635084,0
2020-09-17T16:51:57Z,23.94148907,37.71636023,0

2020-09-18T07:03:59Z,23.94136447,37.71687791,0
2020-09-18T07:04:08Z,23.94140587,37.71684115,0
2020-09-18T07:04:17Z,23.94137124,37.71686361,0
2020-09-18T07:04:25Z,23.94154031,37.71679814,0
2020-09-18T07:04:28Z,23.94147573,37.71684832,0
2020-09-18T07:04:34Z,23.94137013,37.71689285,0
2020-09-18T07:04:37Z,23.94136672,37.71691035,0
2020-09-18T07:05:07Z,23.94134501,37.71691834,0
2020-09-18T07:05:19Z,23.94135528,37.71691135,0
2020-09-18T07:05:49Z,23.94133133,37.71689481,0
2020-09-18T07:06:52Z,23.94129092,37.7168947,0
2020-09-18T07:07:52Z,23.94136845,37.71692,0
2020-09-18T07:08:43Z,23.94157512,37.71690051,0
2020-09-18T07:08:52Z,23.94159272,37.71685893,0
2020-09-18T07:09:28Z,23.94155039,37.71667764,0
2020-09-18T07:10:01Z,23.94151253,37.71666317,0
2020-09-18T07:10:28Z,23.94159094,37.71670373,0
2020-09-18T07:10:37Z,23.94162564,37.71670228,0
2020-09-18T07:10:55Z,23.94144569,37.71674991,0
2020-09-18T07:11:01Z,23.94133074,37.71672923,0
2020-09-18T07:11:18Z,23.94104614,37.7165232,0
2020-09-18T07:11:36Z,23.94060785,37.71633669,0
2020-09-18T07:11:54Z,23.94015462,37.71608987,0
2020-09-18T07:12:18Z,23.93953776,37.7158361,0
2020-09-18T07:13:01Z,23.93868839,37.71543405,0
2020-09-18T07:13:04Z,23.93865993,37.71540965,0
2020-09-18T07:13:10Z,23.93864362,37.71535005,0
2020-09-18T07:13:22Z,23.93872964,37.71524254,0
2020-09-18T07:13:25Z,23.93874071,37.71520758,0
2020-09-18T07:13:31Z,23.93873304,37.715145,0
2020-09-18T07:13:34Z,23.93870162,37.71510859,0
2020-09-18T07:13:52Z,23.93833844,37.71495363,0
2020-09-18T07:14:25Z,23.93762956,37.71455063,0
2020-09-18T07:14:52Z,23.93722262,37.71425181,0
2020-09-18T07:15:01Z,23.93710871,37.71418839,0
2020-09-18T07:15:16Z,23.93698066,37.71405318,0
2020-09-18T07:15:31Z,23.9368215,37.71393327,0
2020-09-18T07:15:49Z,23.93649678,37.71379587,0
2020-09-18T07:16:01Z,23.93622742,37.71372455,0
2020-09-18T07:16:16Z,23.93588866,37.71366126,0
2020-09-18T07:16:31Z,23.93561151,37.71358109,0
2020-09-18T07:16:43Z,23.93533934,37.71341286,0
2020-09-18T07:17:04Z,23.93487545,37.71315877,0
2020-09-18T07:17:19Z,23.93464136,37.71296823,0
2020-09-18T07:17:25Z,23.93454353,37.71290718,0
2020-09-18T07:17:40Z,23.9342527,37.71277895,0
2020-09-18T07:17:52Z,23.93399427,37.71263526,0
2020-09-18T07:18:04Z,23.93376553,37.71247981,0
2020-09-18T07:18:37Z,23.93318965,37.71222806,0
2020-09-18T07:18:46Z,23.9329793,37.71217384,0
2020-09-18T07:19:01Z,23.9326028,37.71203896,0
2020-09-18T07:19:19Z,23.93216665,37.71183641,0
2020-09-18T07:19:25Z,23.9320377,37.7117428,0
2020-09-18T07:19:34Z,23.93190492,37.71161508,0
2020-09-18T07:19:40Z,23.93176674,37.71155914,0
2020-09-18T07:19:46Z,23.93163888,37.71148289,0
2020-09-18T07:19:55Z,23.93149301,37.71135367,0
2020-09-18T07:20:10Z,23.93118322,37.71113055,0
2020-09-18T07:20:34Z,23.93080305,37.71079349,0
2020-09-18T07:20:55Z,23.93034956,37.71053369,0
2020-09-18T07:21:04Z,23.93015312,37.71038791,0
2020-09-18T07:21:25Z,23.92972034,37.7101395,0
2020-09-18T07:21:40Z,23.92944055,37.70994511,0
2020-09-18T07:21:58Z,23.9290701,37.70971841,0
2020-09-18T07:22:52Z,23.9280056,37.70891535,0
2020-09-18T07:23:04Z,23.9277508,37.70875845,0
2020-09-18T07:23:16Z,23.92743824,37.70861284,0
2020-09-18T07:23:43Z,23.92674156,37.70820991,0
2020-09-18T07:23:49Z,23.92660402,37.70811677,0
2020-09-18T07:24:01Z,23.92642034,37.70795217,0
2020-09-18T07:24:07Z,23.92631707,37.70789158,0
2020-09-18T07:24:13Z,23.92619465,37.70783745,0
2020-09-18T07:24:25Z,23.92587861,37.70775487,0
2020-09-18T07:24:37Z,23.92555237,37.70762431,0
2020-09-18T07:24:46Z,23.92529042,37.70749576,0
2020-09-18T07:24:49Z,23.92530679,37.70750084,0
2020-09-18T07:25:13Z,23.9247347,37.70703077,0
2020-09-18T07:25:34Z,23.9244538,37.70667955,0
2020-09-18T07:25:46Z,23.92438542,37.70662654,0
2020-09-18T07:26:13Z,23.92344921,37.70607987,0
2020-09-18T07:26:31Z,23.9229643,37.70574498,0
2020-09-18T07:26:40Z,23.92274599,37.70558163,0
2020-09-18T07:26:58Z,23.92237034,37.70522202,0
2020-09-18T07:27:10Z,23.92215425,37.70499164,0
2020-09-18T07:27:31Z,23.92163069,37.70465118,0
2020-09-18T07:27:43Z,23.92133694,37.70450336,0
2020-09-18T07:28:06Z,23.92064462,37.70422114,0
2020-09-18T07:28:39Z,23.91960581,37.70371537,0
2020-09-18T07:29:06Z,23.91871244,37.70345531,0
2020-09-18T07:29:36Z,23.91765417,37.70303567,0
2020-09-18T07:29:51Z,23.91715127,37.70290206,0
2020-09-18T07:30:00Z,23.91687111,37.7028456,0
2020-09-18T07:30:18Z,23.91636735,37.70269325,0
2020-09-18T07:30:49Z,23.91555708,37.7025126,0
2020-09-18T07:30:58Z,23.9153329,37.70240773,0
2020-09-18T07:31:01Z,23.91517446,37.70237072,0
2020-09-18T07:31:07Z,23.91500186,37.7022948,0
2020-09-18T07:31:22Z,23.91454358,37.70202877,0
2020-09-18T07:31:28Z,23.9143799,37.70188558,0
2020-09-18T07:31:43Z,23.91402275,37.7015211,0
2020-09-18T07:31:49Z,23.91385839,37.70141323,0
2020-09-18T07:31:58Z,23.9136186,37.70120134,0
2020-09-18T07:32:19Z,23.91302729,37.70082835,0
2020-09-18T07:32:40Z,23.91250691,37.70041591,0
2020-09-18T07:32:49Z,23.91224847,37.70023873,0
2020-09-18T07:32:55Z,23.91205936,37.70014412,0
2020-09-18T07:33:10Z,23.91158652,37.69995295,0
2020-09-18T07:33:40Z,23.9107305,37.69952556,0
2020-09-18T07:33:46Z,23.91054642,37.69946103,0
2020-09-18T07:33:52Z,23.91037031,37.69935675,0
2020-09-18T07:34:01Z,23.91016705,37.69919458,0
2020-09-18T07:34:13Z,23.90978965,37.69901501,0
2020-09-18T07:34:22Z,23.90949653,37.69884266,0
2020-09-18T07:34:31Z,23.9091941,37.69869341,0
2020-09-18T07:34:37Z,23.90900092,37.69856829,0
2020-09-18T07:34:46Z,23.90875013,37.69835196,0
2020-09-18T07:34:58Z,23.90841008,37.69810127,0
2020-09-18T07:35:10Z,23.90808325,37.69782864,0
2020-09-18T07:35:19Z,23.90782144,37.69765558,0
2020-09-18T07:35:31Z,23.90742374,37.69744115,0
2020-09-18T07:35:40Z,23.90715152,37.6972434,0
2020-09-18T07:36:01Z,23.90649236,37.69682544,0
2020-09-18T07:36:12Z,23.90616905,37.69658783,0
2020-09-18T07:36:18Z,23.90597022,37.69647037,0
2020-09-18T07:36:36Z,23.9053279,37.69620865,0
2020-09-18T07:36:58Z,23.90463891,37.69586909,0
2020-09-18T07:37:28Z,23.90375081,37.69531697,0
2020-09-18T07:37:51Z,23.90303974,37.69492654,0
2020-09-18T07:38:21Z,23.90188434,37.69447117,0
2020-09-18T07:38:36Z,23.90130278,37.69431268,0
2020-09-18T07:38:45Z,23.90096023,37.69419642,0
2020-09-18T07:39:06Z,23.90022791,37.69387747,0
2020-09-18T07:39:18Z,23.89987508,37.69366199,0
2020-09-18T07:39:27Z,23.89958297,37.69352776,0
2020-09-18T07:39:33Z,23.89935956,37.6934387,0
2020-09-18T07:39:39Z,23.89912675,37.69338123,0
2020-09-18T07:39:51Z,23.89870709,37.69322508,0
2020-09-18T07:40:00Z,23.89841213,37.69307243,0
2020-09-18T07:40:18Z,23.89778914,37.69287397,0
2020-09-18T07:40:24Z,23.89759375,37.69278591,0
2020-09-18T07:40:30Z,23.8973722,37.69272853,0
2020-09-18T07:40:45Z,23.89695199,37.69253553,0
2020-09-18T07:40:53Z,23.89657545,37.69243404,0
2020-09-18T07:41:05Z,23.89617428,37.6922537,0
2020-09-18T07:41:08Z,23.8960394,37.69221639,0
2020-09-18T07:41:14Z,23.89583589,37.69211634,0
2020-09-18T07:41:26Z,23.8954372,37.69197375,0
2020-09-18T07:41:59Z,23.89417098,37.69155959,0
2020-09-18T07:42:20Z,23.89341416,37.69128244,0
2020-09-18T07:42:35Z,23.8928407,37.6911467,0
2020-09-18T07:42:50Z,23.89226846,37.691158,0
2020-09-18T07:42:56Z,23.89206597,37.69114341,0
2020-09-18T07:42:59Z,23.89196476,37.69111264,0
2020-09-18T07:43:05Z,23.89177136,37.69100924,0
2020-09-18T07:43:13Z,23.89149175,37.69089338,0
2020-09-18T07:43:52Z,23.89029596,37.69020476,0
2020-09-18T07:43:58Z,23.89012689,37.69008998,0
2020-09-18T07:44:25Z,23.88954901,37.689618,0
2020-09-18T07:44:40Z,23.88910788,37.68934807,0
2020-09-18T07:44:46Z,23.8889709,37.68924086,0
2020-09-18T07:45:01Z,23.88856307,37.6890029,0
2020-09-18T07:45:13Z,23.88826269,37.68880564,0
2020-09-18T07:45:19Z,23.8881301,37.68875072,0
2020-09-18T07:45:28Z,23.88783925,37.68857942,0
2020-09-18T07:45:40Z,23.88754192,37.68837057,0
2020-09-18T07:45:52Z,23.88720152,37.68816523,0
2020-09-18T07:46:13Z,23.88660279,37.68783227,0
2020-09-18T07:46:22Z,23.88639255,37.68766219,0
2020-09-18T07:46:43Z,23.8856424,37.68727072,0
2020-09-18T07:46:49Z,23.88541664,37.68718064,0
2020-09-18T07:47:13Z,23.88459851,37.68677551,0
2020-09-18T07:47:19Z,23.88442549,37.68664684,0
2020-09-18T07:47:34Z,23.88414179,37.68631817,0
2020-09-18T07:47:37Z,23.88408281,37.68627152,0
2020-09-18T07:47:49Z,23.88378683,37.68613373,0
2020-09-18T07:47:52Z,23.8837143,37.68608641,0
2020-09-18T07:47:58Z,23.88359149,37.68596508,0
2020-09-18T07:48:01Z,23.88348001,37.68594186,0
2020-09-18T07:48:10Z,23.88317819,37.68577617,0
2020-09-18T07:48:19Z,23.88295301,37.68559452,0
2020-09-18T07:48:37Z,23.88245741,37.68524698,0
2020-09-18T07:48:43Z,23.88231031,37.68512345,0
2020-09-18T07:48:46Z,23.88222599,37.68510217,0
2020-09-18T07:48:49Z,23.882156,37.68506139,0
2020-09-18T07:49:19Z,23.88142681,37.68458081,0
2020-09-18T07:49:25Z,23.88128293,37.68450656,0
2020-09-18T07:49:52Z,23.8805666,37.68406408,0
2020-09-18T07:50:07Z,23.88019589,37.68375642,0
2020-09-18T07:50:22Z,23.87984589,37.68350117,0
2020-09-18T07:50:31Z,23.87964471,37.68341681,0
2020-09-18T07:50:34Z,23.87956867,37.68335846,0
2020-09-18T07:50:40Z,23.87943853,37.68329139,0
2020-09-18T07:50:52Z,23.87910667,37.68316829,0
2020-09-18T07:51:01Z,23.87884735,37.68305151,0
2020-09-18T07:51:16Z,23.87840782,37.68277723,0
2020-09-18T07:51:19Z,23.87831843,37.68273616,0
2020-09-18T07:51:25Z,23.87813588,37.68265671,0
2020-09-18T07:51:34Z,23.87783618,37.68256515,0
2020-09-18T07:52:01Z,23.87700922,37.6822208,0
2020-09-18T07:52:31Z,23.87603676,37.68173021,0
2020-09-18T07:52:49Z,23.87551981,37.68149085,0
2020-09-18T07:52:58Z,23.87526676,37.68135736,0
2020-09-18T07:53:04Z,23.87509906,37.68122484,0
2020-09-18T07:53:10Z,23.87492938,37.68113662,0
2020-09-18T07:53:19Z,23.87464903,37.68104396,0
2020-09-18T07:53:37Z,23.87403267,37.68091007,0
2020-09-18T07:53:46Z,23.87367984,37.68079479,0
2020-09-18T07:53:58Z,23.87323107,37.68073172,0
2020-09-18T07:54:07Z,23.87292802,37.68063666,0
2020-09-18T07:54:13Z,23.87273158,37.68055624,0
2020-09-18T07:54:19Z,23.87254223,37.68044697,0
2020-09-18T07:54:34Z,23.87209132,37.68026431,0
2020-09-18T07:54:49Z,23.87155679,37.68007944,0
2020-09-18T07:54:55Z,23.87132935,37.68001881,0
2020-09-18T07:55:01Z,23.87115295,37.67991421,0
2020-09-18T07:55:10Z,23.87082993,37.6798204,0
2020-09-18T07:55:13Z,23.87076161,37.67975717,0
2020-09-18T07:55:19Z,23.87051303,37.67963505,0
2020-09-18T07:55:25Z,23.87026825,37.67958243,0
2020-09-18T07:55:46Z,23.86947942,37.67933624,0
2020-09-18T07:56:01Z,23.86902685,37.67908649,0
2020-09-18T07:56:07Z,23.86884113,37.67900057,0
2020-09-18T07:56:22Z,23.86823258,37.67884145,0
2020-09-18T07:56:28Z,23.86797607,37.67873715,0
2020-09-18T07:56:37Z,23.86761577,37.6786637,0
2020-09-18T07:56:49Z,23.86710839,37.67860984,0
2020-09-18T07:56:58Z,23.8667474,37.67851208,0
2020-09-18T07:57:07Z,23.86634273,37.67844176,0
2020-09-18T07:57:13Z,23.86607878,37.67832964,0
2020-09-18T07:57:22Z,23.8657176,37.67824477,0
2020-09-18T07:57:31Z,23.86535878,37.6780896,0
2020-09-18T07:57:37Z,23.86511468,37.67804788,0
2020-09-18T07:57:43Z,23.86489695,37.67798591,0
2020-09-18T07:57:55Z,23.86449735,37.67778481,0
2020-09-18T07:58:19Z,23.863754,37.67747703,0
2020-09-18T07:58:28Z,23.86353159,37.67733752,0
2020-09-18T07:58:40Z,23.8631723,37.67716496,0
2020-09-18T07:59:01Z,23.86253629,37.67690496,0
2020-09-18T07:59:07Z,23.86236311,37.67677059,0
2020-09-18T07:59:13Z,23.86218222,37.67667582,0
2020-09-18T07:59:34Z,23.86146713,37.67637077,0
2020-09-18T07:59:46Z,23.86097101,37.67625964,0
2020-09-18T07:59:52Z,23.86071551,37.67616893,0
2020-09-18T08:00:01Z,23.86034246,37.67606664,0
2020-09-18T08:00:10Z,23.86000226,37.67593862,0
2020-09-18T08:00:25Z,23.85936025,37.67584789,0
2020-09-18T08:00:31Z,23.85911469,37.67577431,0
2020-09-18T08:00:40Z,23.85879221,37.67564133,0
2020-09-18T08:00:58Z,23.85814272,37.67544869,0
2020-09-18T08:01:16Z,23.85748193,37.67520096,0
2020-09-18T08:01:22Z,23.85723773,37.67512874,0
2020-09-18T08:01:28Z,23.85697774,37.67508826,0
2020-09-18T08:01:40Z,23.85643505,37.67505763,0
2020-09-18T08:01:52Z,23.85590515,37.67511504,0
2020-09-18T08:02:01Z,23.8555362,37.67509448,0
2020-09-18T08:02:04Z,23.85541416,37.67506795,0
2020-09-18T08:02:13Z,23.85510367,37.67495441,0
2020-09-18T08:02:16Z,23.85500483,37.67494939,0
2020-09-18T08:02:19Z,23.85487642,37.67491516,0
2020-09-18T08:02:22Z,23.85468364,37.67490991,0
2020-09-18T08:02:25Z,23.85453969,37.67488103,0
2020-09-18T08:02:34Z,23.85414918,37.67492446,0
2020-09-18T08:02:46Z,23.85363562,37.67490761,0
2020-09-18T08:02:52Z,23.85342911,37.67485052,0
2020-09-18T08:02:55Z,23.8533319,37.67480668,0
2020-09-18T08:03:01Z,23.85316056,37.67469671,0
2020-09-18T08:03:16Z,23.85267228,37.67452366,0
2020-09-18T08:03:40Z,23.85174738,37.67434127,0
2020-09-18T08:03:52Z,23.85125133,37.67431375,0
2020-09-18T08:04:01Z,23.85090711,37.67426512,0
2020-09-18T08:04:10Z,23.85055751,37.67427032,0
2020-09-18T08:04:25Z,23.85002151,37.67433994,0
2020-09-18T08:04:31Z,23.84982762,37.67432602,0
2020-09-18T08:04:40Z,23.84952321,37.67424947,0
2020-09-18T08:04:49Z,23.84921263,37.67412502,0
2020-09-18T08:04:58Z,23.84890399,37.67402288,0
2020-09-18T08:05:04Z,23.84869115,37.67394046,0
2020-09-18T08:05:16Z,23.84829968,37.67374573,0
2020-09-18T08:05:25Z,23.84797465,37.67366846,0
2020-09-18T08:05:34Z,23.84760457,37.67360958,0
2020-09-18T08:05:52Z,23.84681915,37.67344369,0
2020-09-18T08:06:04Z,23.84632752,37.67336438,0
2020-09-18T08:06:19Z,23.84582845,37.67318095,0
2020-09-18T08:06:28Z,23.84556009,37.67309874,0
2020-09-18T08:06:37Z,23.84533077,37.67298004,0
2020-09-18T08:06:43Z,23.84514409,37.67292754,0
2020-09-18T08:06:55Z,23.84471499,37.67284765,0
2020-09-18T08:07:10Z,23.84409177,37.67279959,0
2020-09-18T08:07:13Z,23.84395889,37.67277501,0
2020-09-18T08:07:25Z,23.84344787,37.67262774,0
2020-09-18T08:07:28Z,23.84331155,37.67260428,0
2020-09-18T08:07:37Z,23.8429248,37.67261518,0
2020-09-18T08:07:40Z,23.84280338,37.67259933,0
2020-09-18T08:07:52Z,23.84230302,37.67248337,0
2020-09-18T08:08:01Z,23.84191633,37.67244622,0
2020-09-18T08:08:07Z,23.84167195,37.67240594,0
2020-09-18T08:08:13Z,23.84143094,37.67233747,0
2020-09-18T08:08:28Z,23.84082474,37.67222208,0
2020-09-18T08:08:52Z,23.83983622,37.67209239,0
2020-09-18T08:08:58Z,23.83958032,37.67203628,0
2020-09-18T08:09:07Z,23.83919818,37.67199719,0
2020-09-18T08:09:10Z,23.83907203,37.67196584,0
2020-09-18T08:09:13Z,23.83896408,37.67191941,0
2020-09-18T08:09:22Z,23.83860787,37.67184653,0
2020-09-18T08:09:31Z,23.83824522,37.6717022,0
2020-09-18T08:09:37Z,23.83799453,37.67164149,0
2020-09-18T08:09:46Z,23.83773955,37.67150556,0
2020-09-18T08:09:52Z,23.83766927,37.67149386,0
2020-09-18T08:09:55Z,23.83748861,37.67141786,0
2020-09-18T08:09:58Z,23.83738995,37.67141673,0
2020-09-18T08:10:08Z,23.83701428,37.6712923,0
2020-09-18T08:10:20Z,23.83662552,37.67119362,0
2020-09-18T08:10:23Z,23.83652377,37.67115132,0
2020-09-18T08:10:29Z,23.8363028,37.67111057,0
2020-09-18T08:10:35Z,23.83607261,37.67102921,0
2020-09-18T08:10:50Z,23.83550472,37.67095619,0
2020-09-18T08:11:02Z,23.83501977,37.6708497,0
2020-09-18T08:11:08Z,23.83475612,37.67082681,0
2020-09-18T08:11:20Z,23.83425411,37.67069051,0
2020-09-18T08:11:32Z,23.83371295,37.67063226,0
2020-09-18T08:11:35Z,23.83359132,37.67060505,0
2020-09-18T08:11:41Z,23.83335936,37.67050934,0
2020-09-18T08:11:47Z,23.83312327,37.67044438,0
2020-09-18T08:11:56Z,23.83274193,37.67037918,0
2020-09-18T08:12:14Z,23.83201491,37.67022104,0
2020-09-18T08:12:23Z,23.83163384,37.67018232,0
2020-09-18T08:12:32Z,23.8312897,37.67010892,0
2020-09-18T08:12:41Z,23.83092044,37.67006408,0
2020-09-18T08:12:50Z,23.83059858,37.66997687,0
2020-09-18T08:12:59Z,23.83025546,37.66992264,0
2020-09-18T08:13:02Z,23.83015417,37.66988175,0
2020-09-18T08:13:14Z,23.82971925,37.66984129,0
2020-09-18T08:13:23Z,23.82938117,37.66977625,0
2020-09-18T08:13:35Z,23.8289012,37.66972533,0
2020-09-18T08:13:41Z,23.82865048,37.66966694,0
2020-09-18T08:13:50Z,23.82829747,37.66954453,0
2020-09-18T08:13:59Z,23.82790858,37.6695104,0
2020-09-18T08:14:02Z,23.82777774,37.66948546,0
2020-09-18T08:14:11Z,23.82749155,37.66936922,0
2020-09-18T08:14:17Z,23.82726757,37.66931083,0
2020-09-18T08:14:26Z,23.82686717,37.66927294,0
2020-09-18T08:14:44Z,23.82613443,37.66908457,0
2020-09-18T08:15:08Z,23.8251738,37.66888352,0
2020-09-18T08:15:17Z,23.82480379,37.6688373,0
2020-09-18T08:15:44Z,23.82370798,37.66865167,0
2020-09-18T08:15:47Z,23.82364178,37.66860911,0
2020-09-18T08:15:50Z,23.82362329,37.66856287,0
2020-09-18T08:15:53Z,23.8236346,37.66852292,0
2020-09-18T08:16:08Z,23.82387844,37.66839302,0
2020-09-18T08:16:20Z,23.8241131,37.66829703,0
2020-09-18T08:16:32Z,23.82429583,37.66817878,0
2020-09-18T08:16:38Z,23.82441095,37.66813246,0
2020-09-18T08:16:47Z,23.8247249,37.6680612,0
2020-09-18T08:17:08Z,23.82558341,37.66797329,0
2020-09-18T08:17:14Z,23.82580534,37.66790141,0
2020-09-18T08:17:26Z,23.82608397,37.66768183,0
2020-09-18T08:17:36Z,23.82646683,37.66757763,0
2020-09-18T08:17:51Z,23.82703964,37.66731806,0
2020-09-18T08:18:03Z,23.82744511,37.66709636,0
2020-09-18T08:18:09Z,23.82769424,37.66701144,0
2020-09-18T08:18:24Z,23.82824772,37.66673116,0
2020-09-18T08:18:27Z,23.82838213,37.66667832,0
2020-09-18T08:18:39Z,23.82890369,37.66654607,0
2020-09-18T08:18:45Z,23.82916218,37.66644369,0
2020-09-18T08:18:57Z,23.8295965,37.66618396,0
2020-09-18T08:19:03Z,23.82982945,37.66606243,0
2020-09-18T08:19:18Z,23.83044047,37.66582882,0
2020-09-18T08:19:27Z,23.83078581,37.66565859,0
2020-09-18T08:19:36Z,23.83113705,37.66551152,0
2020-09-18T08:19:45Z,23.8314607,37.66533976,0
2020-09-18T08:19:54Z,23.83173849,37.66515502,0
2020-09-18T08:20:06Z,23.83214178,37.66495274,0
2020-09-18T08:20:15Z,23.83241207,37.66475269,0
2020-09-18T08:20:30Z,23.83292424,37.66454123,0
2020-09-18T08:20:39Z,23.83319697,37.66439838,0
2020-09-18T08:20:45Z,23.83331393,37.6642937,0
2020-09-18T08:21:00Z,23.83340823,37.66415452,0
2020-09-18T08:21:12Z,23.83365551,37.66411528,0
2020-09-18T08:21:27Z,23.8338122,37.66402272,0
2020-09-18T08:21:48Z,23.83421522,37.66389831,0
2020-09-18T08:21:54Z,23.83435306,37.66382449,0
2020-09-18T08:22:00Z,23.83445233,37.66374666,0
2020-09-18T08:22:09Z,23.83470377,37.66367039,0
2020-09-18T08:22:18Z,23.83495401,37.66353737,0
2020-09-18T08:22:39Z,23.83565204,37.66330148,0
2020-09-18T08:22:51Z,23.83608877,37.66311235,0
2020-09-18T08:23:06Z,23.83672915,37.66293729,0
2020-09-18T08:23:12Z,23.83696666,37.66285544,0
2020-09-18T08:23:33Z,23.83773416,37.66251164,0
2020-09-18T08:23:39Z,23.83792243,37.662406,0
2020-09-18T08:23:45Z,23.83813293,37.66234262,0
2020-09-18T08:23:57Z,23.83854802,37.66217966,0
2020-09-18T08:24:03Z,23.83875891,37.66207324,0
2020-09-18T08:24:12Z,23.83904298,37.66189572,0
2020-09-18T08:24:18Z,23.83923298,37.66180541,0
2020-09-18T08:24:36Z,23.83991589,37.6616358,0
2020-09-18T08:24:57Z,23.8406171,37.66135334,0
2020-09-18T08:25:03Z,23.84076776,37.6612269,0
2020-09-18T08:25:06Z,23.84084226,37.66119045,0
2020-09-18T08:25:52Z,23.84242486,37.66063678,0
2020-09-18T08:26:07Z,23.84292855,37.66037355,0
2020-09-18T08:26:34Z,23.84384906,37.65994136,0
2020-09-18T08:26:43Z,23.8441329,37.65977611,0
2020-09-18T08:26:46Z,23.84422882,37.65973695,0
2020-09-18T08:27:01Z,23.84476887,37.65957824,0
2020-09-18T08:27:13Z,23.84525989,37.65945443,0
2020-09-18T08:27:19Z,23.84548318,37.65937684,0
2020-09-18T08:27:22Z,23.84559583,37.65932752,0
2020-09-18T08:27:34Z,23.84599794,37.65909528,0
2020-09-18T08:27:43Z,23.84627559,37.65896938,0
2020-09-18T08:27:49Z,23.84648309,37.65892194,0
2020-09-18T08:27:58Z,23.8468303,37.65887795,0
2020-09-18T08:28:07Z,23.8471535,37.65879016,0
2020-09-18T08:28:13Z,23.84735164,37.65870865,0
2020-09-18T08:28:25Z,23.84771832,37.65851116,0
2020-09-18T08:28:43Z,23.84835837,37.65828816,0
2020-09-18T08:28:52Z,23.84866441,37.65812119,0
2020-09-18T08:29:01Z,23.84892287,37.65795419,0
2020-09-18T08:29:46Z,23.85033226,37.65737385,0
2020-09-18T08:30:04Z,23.85093773,37.65709149,0
2020-09-18T08:30:31Z,23.85183618,37.65671766,0
2020-09-18T08:30:52Z,23.85249653,37.65641424,0
2020-09-18T08:31:01Z,23.85280202,37.65629678,0
2020-09-18T08:31:16Z,23.85329957,37.65605024,0
2020-09-18T08:31:31Z,23.85382907,37.65583417,0
2020-09-18T08:31:40Z,23.85415702,37.65567827,0
2020-09-18T08:31:52Z,23.85457842,37.65551447,0
2020-09-18T08:32:04Z,23.85500318,37.65537189,0
2020-09-18T08:32:16Z,23.85537767,37.65522547,0
2020-09-18T08:32:25Z,23.85567996,37.65513769,0
2020-09-18T08:32:37Z,23.85607908,37.65497324,0
2020-09-18T08:32:58Z,23.85676333,37.65472606,0
2020-09-18T08:33:07Z,23.85705269,37.6546593,0
2020-09-18T08:33:22Z,23.85760006,37.6545629,0
2020-09-18T08:33:49Z,23.85846075,37.65428697,0
2020-09-18T08:34:13Z,23.85921864,37.65395777,0
2020-09-18T08:34:31Z,23.85981571,37.6537947,0
2020-09-18T08:35:01Z,23.86085586,37.65346076,0
2020-09-18T08:35:16Z,23.86130137,37.65322986,0
2020-09-18T08:35:34Z,23.86188769,37.65301648,0
2020-09-18T08:35:52Z,23.86244709,37.65288509,0
2020-09-18T08:36:10Z,23.86291957,37.65269088,0
2020-09-18T08:36:25Z,23.86342085,37.6525928,0
2020-09-18T08:36:37Z,23.86389434,37.65246968,0
2020-09-18T08:36:46Z,23.86420737,37.6523573,0
2020-09-18T08:37:04Z,23.86489273,37.65216057,0
2020-09-18T08:37:10Z,23.86508762,37.65207468,0
2020-09-18T08:37:25Z,23.86565044,37.65191833,0
2020-09-18T08:37:43Z,23.86626943,37.65164641,0
2020-09-18T08:38:13Z,23.86736585,37.65126344,0
2020-09-18T08:38:28Z,23.86795277,37.65109325,0
2020-09-18T08:38:49Z,23.86878567,37.65091293,0
2020-09-18T08:38:58Z,23.86909908,37.65079092,0
2020-09-18T08:39:10Z,23.869563,37.65071088,0
2020-09-18T08:39:25Z,23.87008835,37.65052379,0
2020-09-18T08:39:34Z,23.87041418,37.65042514,0
2020-09-18T08:39:49Z,23.87097633,37.65021713,0
2020-09-18T08:40:04Z,23.87156399,37.65006004,0
2020-09-18T08:40:10Z,23.87179102,37.64997619,0
2020-09-18T08:40:25Z,23.87235495,37.64981909,0
2020-09-18T08:40:34Z,23.8726773,37.64970787,0
2020-09-18T08:40:49Z,23.87328855,37.64956584,0
2020-09-18T08:40:55Z,23.87353579,37.64948709,0
2020-09-18T08:41:01Z,23.87373543,37.64939589,0
2020-09-18T08:41:07Z,23.87393758,37.64932695,0
2020-09-18T08:41:16Z,23.87427283,37.64923668,0
2020-09-18T08:41:31Z,23.87481281,37.64905296,0
2020-09-18T08:41:46Z,23.87534217,37.64891444,0
2020-09-18T08:42:01Z,23.87580063,37.64872255,0
2020-09-18T08:42:13Z,23.87624433,37.64861605,0
2020-09-18T08:42:37Z,23.87718001,37.64833394,0
2020-09-18T08:43:22Z,23.87901647,37.6479504,0
2020-09-18T08:43:28Z,23.87925407,37.64788653,0
2020-09-18T08:43:43Z,23.87987194,37.64777704,0
2020-09-18T08:44:07Z,23.88087032,37.64751407,0
2020-09-18T08:44:16Z,23.8812489,37.64743134,0
2020-09-18T08:44:49Z,23.88256653,37.64719894,0
2020-09-18T08:45:07Z,23.88329694,37.64708626,0
2020-09-18T08:45:31Z,23.8843474,37.64687432,0
2020-09-18T08:45:46Z,23.88497526,37.64679024,0
2020-09-18T08:45:52Z,23.88521103,37.64674433,0
2020-09-18T08:46:10Z,23.88588869,37.64648957,0
2020-09-18T08:46:16Z,23.8861498,37.64643607,0
2020-09-18T08:46:31Z,23.88675312,37.64625722,0
2020-09-18T08:46:37Z,23.88700638,37.64619962,0
2020-09-18T08:46:52Z,23.88761387,37.64610086,0
2020-09-18T08:47:19Z,23.88867416,37.64572925,0
2020-09-18T08:47:37Z,23.88942529,37.6455383,0
2020-09-18T08:47:49Z,23.88988914,37.64532939,0
2020-09-18T08:47:52Z,23.89000304,37.64529223,0
2020-09-18T08:48:07Z,23.89068429,37.64514856,0
2020-09-18T08:48:22Z,23.89127907,37.6449813,0
2020-09-18T08:48:34Z,23.89178729,37.64486614,0
2020-09-18T08:48:40Z,23.8920355,37.6447799,0
2020-09-18T08:48:46Z,23.89227233,37.64465105,0
2020-09-18T08:48:49Z,23.89248354,37.64469165,0
2020-09-18T08:48:52Z,23.8926021,37.64463014,0
2020-09-18T08:49:07Z,23.89325926,37.64443037,0
2020-09-18T08:49:19Z,23.89380529,37.64436879,0
2020-09-18T08:49:25Z,23.89404127,37.64431892,0
2020-09-18T08:49:43Z,23.89478062,37.64423752,0
2020-09-18T08:49:52Z,23.89516005,37.64415735,0
2020-09-18T08:49:55Z,23.8952796,37.64412118,0
2020-09-18T08:50:04Z,23.8956242,37.64397392,0
2020-09-18T08:50:19Z,23.89629801,37.64378453,0
2020-09-18T08:50:25Z,23.89656813,37.64374254,0
2020-09-18T08:50:34Z,23.89695114,37.64362222,0
2020-09-18T08:50:37Z,23.89708555,37.64360521,0
2020-09-18T08:50:43Z,23.89730634,37.64350843,0
2020-09-18T08:50:52Z,23.89769219,37.64344038,0
2020-09-18T08:50:55Z,23.89784437,37.64343235,0
2020-09-18T08:50:58Z,23.89797178,37.64344439,0
2020-09-18T08:51:01Z,23.89810514,37.64341239,0
2020-09-18T08:51:10Z,23.89850391,37.64324402,0
2020-09-18T08:51:13Z,23.89863208,37.6432084,0
2020-09-18T08:51:19Z,23.89889062,37.64316692,0
2020-09-18T08:51:28Z,23.89930116,37.64306263,0
2020-09-18T08:51:37Z,23.89968935,37.64298934,0
2020-09-18T08:51:43Z,23.8999317,37.64291046,0
2020-09-18T08:51:46Z,23.90007101,37.6428867,0
2020-09-18T08:51:55Z,23.90045971,37.64277728,0
2020-09-18T08:52:04Z,23.90087166,37.6427055,0
2020-09-18T08:52:07Z,23.90101559,37.64264872,0
2020-09-18T08:52:10Z,23.90115375,37.64252113,0
2020-09-18T08:52:22Z,23.90168986,37.64241237,0
2020-09-18T08:52:25Z,23.90180606,37.64237208,0
2020-09-18T08:52:31Z,23.90207788,37.64233276,0
2020-09-18T08:52:40Z,23.90249554,37.64231459,0
2020-09-18T08:52:46Z,23.90276113,37.64228502,0
2020-09-18T08:52:58Z,23.90324139,37.64210326,0
2020-09-18T08:53:01Z,23.90336464,37.64207768,0
2020-09-18T08:53:10Z,23.90376326,37.64204279,0
2020-09-18T08:53:34Z,23.90478939,37.64176825,0
2020-09-18T08:53:49Z,23.90547291,37.64164712,0
2020-09-18T08:54:04Z,23.9061013,37.64145754,0
2020-09-18T08:54:13Z,23.90650125,37.64135599,0
2020-09-18T08:54:28Z,23.90713768,37.64115314,0
2020-09-18T08:54:58Z,23.90843068,37.64082451,0
2020-09-18T08:55:10Z,23.90893291,37.64062953,0
2020-09-18T08:55:19Z,23.90933132,37.64051033,0
2020-09-18T08:55:25Z,23.90962609,37.64046504,0
2020-09-18T08:55:34Z,23.91008814,37.64034777,0
2020-09-18T08:55:49Z,23.91079177,37.64024232,0
2020-09-18T08:55:55Z,23.9110705,37.64016104,0
2020-09-18T08:56:05Z,23.91156044,37.64013869,0
2020-09-18T08:56:08Z,23.91168977,37.64016238,0
2020-09-18T08:56:17Z,23.91211883,37.64019137,0
2020-09-18T08:56:29Z,23.91265424,37.64004306,0
2020-09-18T08:56:38Z,23.91308009,37.63989571,0
2020-09-18T08:56:47Z,23.91349392,37.63981213,0
2020-09-18T08:56:56Z,23.91394137,37.63976247,0
2020-09-18T08:57:02Z,23.91420666,37.63969144,0
2020-09-18T08:57:08Z,23.91434399,37.63958973,0
2020-09-18T08:57:11Z,23.91446202,37.63956754,0
2020-09-18T08:57:14Z,23.91475222,37.6396118,0
2020-09-18T08:57:17Z,23.91486278,37.63959649,0
2020-09-18T08:57:20Z,23.91498722,37.6395361,0
2020-09-18T08:57:26Z,23.91526571,37.63948292,0
2020-09-18T08:57:35Z,23.91571564,37.63943767,0
2020-09-18T08:57:44Z,23.91610145,37.63932125,0
2020-09-18T08:57:53Z,23.9165005,37.63923243,0
2020-09-18T08:58:02Z,23.91701662,37.63921253,0
2020-09-18T08:58:05Z,23.91716066,37.63918793,0
2020-09-18T08:58:11Z,23.91744916,37.63910906,0
2020-09-18T08:58:23Z,23.91790427,37.63888816,0
2020-09-18T08:58:32Z,23.91837085,37.63884291,0
2020-09-18T08:58:35Z,23.91850007,37.63886441,0
2020-09-18T08:58:47Z,23.91903308,37.6387914,0
2020-09-18T08:58:53Z,23.91932485,37.63870805,0
2020-09-18T08:59:02Z,23.9197574,37.63864984,0
2020-09-18T08:59:17Z,23.92046771,37.63845946,0
2020-09-18T08:59:23Z,23.92071059,37.63834574,0
2020-09-18T08:59:29Z,23.92098141,37.63824483,0
2020-09-18T08:59:35Z,23.92127018,37.63818286,0
2020-09-18T08:59:41Z,23.92155765,37.63815579,0
2020-09-18T08:59:53Z,23.92207957,37.63805662,0
2020-09-18T09:00:17Z,23.92317023,37.63772914,0
2020-09-18T09:00:26Z,23.92357691,37.63756655,0
2020-09-18T09:00:32Z,23.92387397,37.63750157,0
2020-09-18T09:00:35Z,23.92403258,37.63748516,0
2020-09-18T09:00:47Z,23.92457803,37.63733959,0
2020-09-18T09:00:53Z,23.92487211,37.63730426,0
2020-09-18T09:00:56Z,23.92502735,37.63730367,0
2020-09-18T09:01:05Z,23.92545711,37.63720058,0
2020-09-18T09:01:23Z,23.92631192,37.63695333,0
2020-09-18T09:01:32Z,23.92672238,37.63680702,0
2020-09-18T09:01:38Z,23.92700552,37.63673277,0
2020-09-18T09:01:56Z,23.92777426,37.63645182,0
2020-09-18T09:02:08Z,23.92832886,37.63631598,0
2020-09-18T09:02:26Z,23.92917029,37.63604411,0
2020-09-18T09:02:44Z,23.93005893,37.63589467,0
2020-09-18T09:03:17Z,23.93163634,37.63575322,0
2020-09-18T09:03:26Z,23.93194301,37.63562204,0
2020-09-18T09:03:32Z,23.93221577,37.63556066,0
2020-09-18T09:03:38Z,23.93251587,37.63552334,0
2020-09-18T09:03:50Z,23.93311625,37.63547003,0
2020-09-18T09:03:56Z,23.93341822,37.63551371,0
2020-09-18T09:04:11Z,23.93412219,37.63545207,0
2020-09-18T09:04:23Z,23.93465416,37.63546444,0
2020-09-18T09:04:32Z,23.93507957,37.63543307,0
2020-09-18T09:04:41Z,23.93546963,37.6353259,0
2020-09-18T09:04:44Z,23.93558705,37.63531374,0
2020-09-18T09:04:50Z,23.9358278,37.63524935,0
2020-09-18T09:05:14Z,23.93672948,37.634874,0
2020-09-18T09:05:23Z,23.93707293,37.63474481,0
2020-09-18T09:05:29Z,23.93729984,37.63468206,0
2020-09-18T09:05:41Z,23.93776494,37.63457325,0
2020-09-18T09:05:47Z,23.93801955,37.63453471,0
2020-09-18T09:05:53Z,23.9382715,37.63452169,0
2020-09-18T09:06:05Z,23.93877266,37.63445579,0
2020-09-18T09:06:11Z,23.93900595,37.63447949,0
2020-09-18T09:06:20Z,23.93935627,37.63445014,0
2020-09-18T09:06:26Z,23.93959203,37.63440179,0
2020-09-18T09:06:29Z,23.93971929,37.63435692,0
2020-09-18T09:06:35Z,23.93997804,37.63419838,0
2020-09-18T09:06:59Z,23.94100251,37.63410359,0
2020-09-18T09:07:11Z,23.94141111,37.63412089,0
2020-09-18T09:07:17Z,23.94164115,37.63410076,0
2020-09-18T09:07:20Z,23.94177241,37.63411044,0
2020-09-18T09:07:38Z,23.94240754,37.63400893,0
2020-09-18T09:07:41Z,23.9424365,37.63401811,0
2020-09-18T09:07:44Z,23.94255619,37.63400256,0
2020-09-18T09:07:47Z,23.94275506,37.63395803,0
2020-09-18T09:07:56Z,23.94310014,37.63396687,0
2020-09-18T09:08:11Z,23.94372347,37.63380207,0
2020-09-18T09:08:23Z,23.94419508,37.6337176,0
2020-09-18T09:08:26Z,23.94433801,37.63367631,0
2020-09-18T09:08:47Z,23.94514098,37.63355539,0
2020-09-18T09:08:50Z,23.94527702,37.63354875,0
2020-09-18T09:08:53Z,23.94536986,37.633513,0
2020-09-18T09:09:02Z,23.94574762,37.63352841,0
2020-09-18T09:09:20Z,23.94633168,37.63336917,0
2020-09-18T09:09:29Z,23.94662439,37.63334737,0
2020-09-18T09:09:38Z,23.94689053,37.63336004,0
2020-09-18T09:09:41Z,23.94698996,37.63332983,0
2020-09-18T09:09:47Z,23.94718779,37.63336309,0
2020-09-18T09:09:53Z,23.94739766,37.63335432,0
2020-09-18T09:10:02Z,23.94773518,37.63328711,0
2020-09-18T09:10:05Z,23.94785609,37.63324745,0
2020-09-18T09:10:08Z,23.94796359,37.63318367,0
2020-09-18T09:10:14Z,23.94820143,37.63310649,0
2020-09-18T09:10:21Z,23.9484764,37.63306743,0
2020-09-18T09:10:42Z,23.94921887,37.63312895,0
2020-09-18T09:10:54Z,23.94966254,37.63307781,0
2020-09-18T09:11:03Z,23.94998966,37.63311013,0
2020-09-18T09:11:21Z,23.95053598,37.63307957,0
2020-09-18T09:11:24Z,23.95067705,37.63310652,0
2020-09-18T09:11:27Z,23.95081116,37.63308666,0
2020-09-18T09:11:30Z,23.95094073,37.63314149,0
2020-09-18T09:11:33Z,23.95105911,37.63309177,0
2020-09-18T09:11:36Z,23.95115732,37.63308947,0
2020-09-18T09:11:39Z,23.95124898,37.63306478,0
2020-09-18T09:12:03Z,23.95202239,37.63323274,0
2020-09-18T09:12:12Z,23.95230512,37.63331959,0
2020-09-18T09:12:18Z,23.95244004,37.63332588,0
2020-09-18T09:12:21Z,23.95249899,37.6333481,0
2020-09-18T09:12:30Z,23.95273634,37.63336885,0
2020-09-18T09:12:33Z,23.95295772,37.63340898,0
2020-09-18T09:12:42Z,23.95330816,37.63343044,0
2020-09-18T09:12:48Z,23.95354239,37.63347024,0
2020-09-18T09:12:57Z,23.95387682,37.63348068,0
2020-09-18T09:13:06Z,23.95423433,37.63351664,0
2020-09-18T09:13:45Z,23.95587,37.63342762,0
2020-09-18T09:13:54Z,23.95622038,37.63344919,0
2020-09-18T09:14:12Z,23.95689533,37.63355824,0
2020-09-18T09:14:21Z,23.95723194,37.63355935,0
2020-09-18T09:14:36Z,23.95776937,37.63353313,0
2020-09-18T09:14:54Z,23.95842268,37.63358972,0
2020-09-18T09:15:15Z,23.95926074,37.63357779,0
2020-09-18T09:15:45Z,23.96043668,37.63348605,0
2020-09-18T09:16:00Z,23.96098986,37.6334763,0
2020-09-18T09:16:15Z,23.96158231,37.63341984,0
2020-09-18T09:16:27Z,23.96206383,37.63345074,0
2020-09-18T09:16:36Z,23.96241542,37.63344077,0
2020-09-18T09:16:48Z,23.96291981,37.63338298,0
2020-09-18T09:17:12Z,23.96390633,37.63338307,0
2020-09-18T09:17:27Z,23.96446411,37.63334311,0
2020-09-18T09:17:42Z,23.96503249,37.63332327,0
2020-09-18T09:17:48Z,23.96525185,37.63329544,0
2020-09-18T09:17:57Z,23.96560995,37.63328239,0
2020-09-18T09:18:06Z,23.96595027,37.6332129,0
2020-09-18T09:18:18Z,23.96642121,37.63305375,0
2020-09-18T09:18:42Z,23.96737389,37.63292352,0
2020-09-18T09:18:57Z,23.96792796,37.63287161,0
2020-09-18T09:19:12Z,23.96842247,37.6327492,0
2020-09-18T09:19:21Z,23.9687465,37.63263233,0
2020-09-18T09:19:42Z,23.9695512,37.63240783,0
2020-09-18T09:19:51Z,23.96990574,37.6323561,0
2020-09-18T09:20:03Z,23.97035879,37.63224742,0
2020-09-18T09:20:36Z,23.97163445,37.63207787,0
2020-09-18T09:20:45Z,23.97195059,37.63198571,0
2020-09-18T09:20:48Z,23.97206676,37.63197078,0
2020-09-18T09:21:00Z,23.9725129,37.63197472,0
2020-09-18T09:21:06Z,23.97272769,37.63195495,0
2020-09-18T09:21:15Z,23.9730237,37.63185077,0
2020-09-18T09:21:21Z,23.97322509,37.63179771,0
2020-09-18T09:21:39Z,23.97390694,37.63169594,0
2020-09-18T09:21:45Z,23.9741371,37.63171893,0
2020-09-18T09:21:54Z,23.97450739,37.63169789,0
2020-09-18T09:22:00Z,23.97474722,37.63166367,0
2020-09-18T09:22:21Z,23.97557135,37.63167989,0
2020-09-18T09:22:48Z,23.97647704,37.63174715,0
2020-09-18T09:22:57Z,23.97677263,37.63174223,0
2020-09-18T09:23:21Z,23.97759116,37.63179278,0
2020-09-18T09:23:39Z,23.97821535,37.63188443,0
2020-09-18T09:23:54Z,23.97870293,37.63199868,0
2020-09-18T09:24:03Z,23.97897479,37.63204462,0
2020-09-18T09:24:15Z,23.97934696,37.63207548,0
2020-09-18T09:24:36Z,23.97998839,37.63209701,0
2020-09-18T09:24:45Z,23.98028222,37.63214394,0
2020-09-18T09:25:00Z,23.98083888,37.63215599,0
2020-09-18T09:25:30Z,23.9818729,37.6323002,0
2020-09-18T09:25:45Z,23.98237847,37.63233658,0
2020-09-18T09:26:12Z,23.98330006,37.63245936,0
2020-09-18T09:26:33Z,23.98406335,37.63246408,0
2020-09-18T09:26:45Z,23.98448304,37.6325121,0
2020-09-18T09:26:57Z,23.98491485,37.63254025,0
2020-09-18T09:27:12Z,23.98540892,37.63254109,0
2020-09-18T09:27:24Z,23.98580721,37.63257936,0
2020-09-18T09:27:36Z,23.98622052,37.63258401,0
2020-09-18T09:27:48Z,23.98664747,37.63261555,0
2020-09-18T09:28:00Z,23.98704129,37.63266376,0
2020-09-18T09:28:09Z,23.98733418,37.63272162,0
2020-09-18T09:28:21Z,23.98771802,37.63276452,0
2020-09-18T09:28:30Z,23.98801128,37.63282391,0
2020-09-18T09:29:06Z,23.98924352,37.63297436,0
2020-09-18T09:29:21Z,23.98973642,37.63301201,0
2020-09-18T09:29:39Z,23.99035523,37.63308521,0
2020-09-18T09:29:48Z,23.99069297,37.63310463,0
2020-09-18T09:30:31Z,23.99222787,37.63332386,0
2020-09-18T09:30:49Z,23.99285741,37.63339111,0
2020-09-18T09:31:25Z,23.99411678,37.63356696,0
2020-09-18T09:32:10Z,23.99575768,37.63372285,0
2020-09-18T09:32:31Z,23.99652035,37.63381091,0
2020-09-18T09:32:43Z,23.99696628,37.63389116,0
2020-09-18T09:33:16Z,23.99825769,37.63399992,0
2020-09-18T09:33:46Z,23.99940225,37.63414427,0
2020-09-18T09:34:01Z,23.99997247,37.63419618,0
2020-09-18T09:34:25Z,24.00088332,37.63431679,0
2020-09-18T09:34:49Z,24.00176795,37.6344688,0
2020-09-18T09:35:14Z,24.00265587,37.63456867,0
2020-09-18T09:35:32Z,24.00328083,37.63468629,0
2020-09-18T09:35:53Z,24.00404453,37.63475426,0
2020-09-18T09:36:11Z,24.00468285,37.63486174,0
2020-09-18T09:36:41Z,24.00590391,37.63489534,0
2020-09-18T09:36:59Z,24.00662013,37.63483423,0
2020-09-18T09:37:17Z,24.00734091,37.63480419,0
2020-09-18T09:37:29Z,24.00778182,37.63480541,0
2020-09-18T09:37:53Z,24.00867393,37.6348666,0
2020-09-18T09:38:20Z,24.00970375,37.63502415,0
2020-09-18T09:38:56Z,24.01097059,37.6351224,0
2020-09-18T09:39:05Z,24.01131462,37.63517193,0
2020-09-18T09:39:53Z,24.01302954,37.63551911,0
2020-09-18T09:40:11Z,24.0136857,37.63555509,0
2020-09-18T09:40:20Z,24.01399886,37.63561013,0
2020-09-18T09:40:44Z,24.01485106,37.63583408,0
2020-09-18T09:41:11Z,24.01575912,37.6361513,0
2020-09-18T09:41:23Z,24.01612605,37.63631811,0
2020-09-18T09:41:35Z,24.01650063,37.6364385,0
2020-09-18T09:41:53Z,24.01708726,37.63655869,0
2020-09-18T09:42:17Z,24.01789474,37.63668862,0
2020-09-18T09:42:32Z,24.0184774,37.63672077,0
2020-09-18T09:42:41Z,24.01882268,37.63675677,0
2020-09-18T09:43:05Z,24.01972211,37.6369646,0
2020-09-18T09:43:14Z,24.02006658,37.63700615,0
2020-09-18T09:43:32Z,24.0207614,37.63703304,0
2020-09-18T09:43:41Z,24.02112859,37.63700259,0
2020-09-18T09:43:47Z,24.02137971,37.63700557,0
2020-09-18T09:44:23Z,24.02281978,37.63721172,0
2020-09-18T09:44:32Z,24.02318687,37.63724004,0
2020-09-18T09:44:44Z,24.02366458,37.63723562,0
2020-09-18T09:45:02Z,24.02443301,37.63718645,0
2020-09-18T09:45:08Z,24.02468024,37.63718965,0
2020-09-18T09:45:35Z,24.02584245,37.63734066,0
2020-09-18T09:45:44Z,24.02618354,37.63741143,0
2020-09-18T09:45:56Z,24.02663141,37.63753906,0
2020-09-18T09:46:26Z,24.02762837,37.63795021,0
2020-09-18T09:46:32Z,24.02785091,37.63799191,0
2020-09-18T09:46:38Z,24.02807386,37.63801185,0
2020-09-18T09:46:41Z,24.02819912,37.63800469,0
2020-09-18T09:46:53Z,24.02867082,37.63802746,0
2020-09-18T09:46:59Z,24.02890538,37.63806431,0
2020-09-18T09:47:05Z,24.02912285,37.63812797,0
2020-09-18T09:47:14Z,24.02942094,37.63826375,0
2020-09-18T09:47:35Z,24.02998741,37.63864544,0
2020-09-18T09:47:41Z,24.03018078,37.63873209,0
2020-09-18T09:48:02Z,24.03094137,37.63892413,0
2020-09-18T09:48:11Z,24.03123467,37.63907127,0
2020-09-18T09:48:23Z,24.03157299,37.63930258,0
2020-09-18T09:48:32Z,24.03182965,37.63945704,0
2020-09-18T09:48:47Z,24.03232448,37.63964984,0
2020-09-18T09:48:56Z,24.03263102,37.63971035,0
2020-09-18T09:49:02Z,24.0328495,37.63973075,0
2020-09-18T09:49:29Z,24.0338967,37.6396772,0
2020-09-18T09:49:35Z,24.03415638,37.63968214,0
2020-09-18T09:49:53Z,24.03494797,37.63975138,0
2020-09-18T09:50:02Z,24.03527191,37.63987365,0
2020-09-18T09:50:17Z,24.03572275,37.6401361,0
2020-09-18T09:50:35Z,24.03619603,37.64034255,0
2020-09-18T09:50:38Z,24.03640921,37.64039532,0
2020-09-18T09:50:53Z,24.03697853,37.64047029,0
2020-09-18T09:50:56Z,24.03710711,37.64049949,0
2020-09-18T09:51:02Z,24.03734001,37.64058233,0
2020-09-18T09:51:17Z,24.03782504,37.64081654,0
2020-09-18T09:51:32Z,24.0382184,37.64106168,0
2020-09-18T09:51:41Z,24.03848024,37.64119536,0
2020-09-18T09:51:53Z,24.03889558,37.64136202,0
2020-09-18T09:52:05Z,24.03932887,37.64149581,0
2020-09-18T09:52:26Z,24.04019388,37.64158215,0
2020-09-18T09:52:47Z,24.04105111,37.64153974,0
2020-09-18T09:53:11Z,24.04206446,37.64145057,0
2020-09-18T09:53:38Z,24.04327511,37.64141324,0
2020-09-18T09:53:50Z,24.04377276,37.64149492,0
2020-09-18T09:54:02Z,24.04419559,37.64165109,0
2020-09-18T09:54:17Z,24.04468358,37.64186327,0
2020-09-18T09:54:21Z,24.04481259,37.64193388,0
2020-09-18T09:54:48Z,24.04553679,37.64247389,0
2020-09-18T09:55:00Z,24.04580479,37.6427361,0
2020-09-18T09:55:06Z,24.04591563,37.64288256,0
2020-09-18T09:55:15Z,24.04605028,37.64310047,0
2020-09-18T09:55:24Z,24.04620478,37.6432974,0
2020-09-18T09:55:33Z,24.04641988,37.64347317,0
2020-09-18T09:55:39Z,24.04655419,37.64354978,0
2020-09-18T09:55:45Z,24.04672309,37.64361583,0
2020-09-18T09:56:06Z,24.04745731,37.64380851,0
2020-09-18T09:56:15Z,24.04775774,37.64395375,0
2020-09-18T09:56:27Z,24.04809124,37.64417222,0
2020-09-18T09:56:51Z,24.0486691,37.64462116,0
2020-09-18T09:56:57Z,24.04884684,37.6447415,0
2020-09-18T09:57:21Z,24.04958408,37.64517742,0
2020-09-18T09:57:36Z,24.05002015,37.64547585,0
2020-09-18T09:58:30Z,24.05159807,37.64641832,0
2020-09-18T09:58:45Z,24.05196425,37.64669553,0
2020-09-18T09:59:03Z,24.05236067,37.64708064,0
2020-09-18T09:59:09Z,24.05246594,37.64720548,0
2020-09-18T09:59:18Z,24.05258859,37.64742073,0
2020-09-18T09:59:30Z,24.05281891,37.64767465,0
2020-09-18T09:59:36Z,24.05298414,37.64772821,0
2020-09-18T09:59:42Z,24.05311618,37.64771864,0
2020-09-18T10:00:06Z,24.05345797,37.64790776,0
2020-09-18T10:00:09Z,24.05399123,37.64816287,0
2020-09-18T10:00:12Z,24.05405251,37.6481725,0
2020-09-18T10:00:24Z,24.05447117,37.64832333,0
2020-09-18T10:00:30Z,24.05465984,37.64842756,0
2020-09-18T10:00:36Z,24.05476363,37.64852656,0
2020-09-18T10:00:39Z,24.05485635,37.64850721,0
2020-09-18T10:00:42Z,24.05495635,37.64854886,0
2020-09-18T10:00:45Z,24.05507013,37.64856276,0
2020-09-18T10:00:51Z,24.05528173,37.6487004,0
2020-09-18T10:00:57Z,24.05539506,37.64880711,0
2020-09-18T10:01:15Z,24.05597295,37.64909367,0
2020-09-18T10:01:21Z,24.0561857,37.64912955,0
2020-09-18T10:01:24Z,24.05629147,37.64916968,0
2020-09-18T10:01:27Z,24.05629312,37.6492058,0
2020-09-18T10:01:33Z,24.05640104,37.64937736,0
2020-09-18T10:01:36Z,24.0564472,37.64939684,0
2020-09-18T10:01:39Z,24.05665629,37.64959241,0
2020-09-18T10:01:42Z,24.05675039,37.64961851,0
2020-09-18T10:01:48Z,24.05692031,37.64973366,0
2020-09-18T10:02:00Z,24.05741662,37.6498216,0
2020-09-18T10:02:09Z,24.0577369,37.64997205,0
2020-09-18T10:02:18Z,24.05799787,37.65001274,0
2020-09-18T10:02:24Z,24.05821269,37.65007414,0
2020-09-18T10:02:30Z,24.05843332,37.6502187,0
2020-09-18T10:02:42Z,24.05885939,37.65034502,0
2020-09-18T10:02:48Z,24.059055,37.65045397,0
2020-09-18T10:03:00Z,24.05948591,37.65058834,0
2020-09-18T10:03:12Z,24.059846,37.65076532,0
2020-09-18T10:03:15Z,24.05991562,37.6508246,0
2020-09-18T10:03:21Z,24.06012027,37.65092926,0
2020-09-18T10:03:30Z,24.06044315,37.65100785,0
2020-09-18T10:03:36Z,24.06068867,37.65103754,0
2020-09-18T10:03:42Z,24.06090851,37.65109692,0
2020-09-18T10:04:12Z,24.06193875,37.65146193,0
2020-09-18T10:04:37Z,24.06273076,37.65186102,0
2020-09-18T10:04:40Z,24.0628292,37.65188399,0
2020-09-18T10:04:52Z,24.06326166,37.65208677,0
2020-09-18T10:04:58Z,24.06351983,37.65216417,0
2020-09-18T10:05:07Z,24.06381343,37.65228594,0
2020-09-18T10:05:16Z,24.0640421,37.65244689,0
2020-09-18T10:05:25Z,24.06431301,37.65257911,0
2020-09-18T10:05:37Z,24.06462857,37.65277499,0
2020-09-18T10:05:52Z,24.0651321,37.6529711,0
2020-09-18T10:05:58Z,24.06533177,37.65301813,0
2020-09-18T10:06:04Z,24.06554266,37.65309395,0
2020-09-18T10:06:13Z,24.06585985,37.6532498,0
2020-09-18T10:06:19Z,24.06603124,37.65335948,0
2020-09-18T10:06:25Z,24.06618671,37.65347806,0
2020-09-18T10:06:34Z,24.06635543,37.65368919,0
2020-09-18T10:06:43Z,24.06649884,37.65395081,0
2020-09-18T10:07:01Z,24.06680697,37.65436612,0
2020-09-18T10:07:10Z,24.06688791,37.65457891,0
2020-09-18T10:07:16Z,24.06700662,37.6547173,0
2020-09-18T10:07:46Z,24.06743126,37.65542478,0
2020-09-18T10:07:55Z,24.06758155,37.65564506,0
2020-09-18T10:08:04Z,24.06775903,37.65585402,0
2020-09-18T10:08:10Z,24.06784295,37.65600066,0
2020-09-18T10:08:19Z,24.06803073,37.6561711,0
2020-09-18T10:08:34Z,24.06836093,37.65650851,0
2020-09-18T10:08:37Z,24.06839765,37.65656447,0
2020-09-18T10:09:04Z,24.06898725,37.65715139,0
2020-09-18T10:09:16Z,24.06922995,37.65745085,0
2020-09-18T10:09:25Z,24.06935699,37.65764663,0
2020-09-18T10:09:34Z,24.06952006,37.65785521,0
2020-09-18T10:09:40Z,24.06954726,37.65798696,0
2020-09-18T10:09:43Z,24.06963383,37.65806254,0
2020-09-18T10:09:55Z,24.06975224,37.65829171,0
2020-09-18T10:10:10Z,24.07009434,37.65871262,0
2020-09-18T10:10:16Z,24.07017697,37.65887112,0
2020-09-18T10:10:22Z,24.07030501,37.65898032,0
2020-09-18T10:10:25Z,24.07036799,37.65906001,0
2020-09-18T10:10:37Z,24.07057517,37.65937518,0
2020-09-18T10:10:46Z,24.07074648,37.65959882,0
2020-09-18T10:10:58Z,24.07092244,37.65992422,0
2020-09-18T10:11:13Z,24.07123189,37.66029461,0
2020-09-18T10:11:19Z,24.07134162,37.66046845,0
2020-09-18T10:11:31Z,24.07155946,37.66073772,0
2020-09-18T10:11:43Z,24.0717766,37.66109514,0
2020-09-18T10:11:58Z,24.07207051,37.66151303,0
2020-09-18T10:12:19Z,24.07246676,37.66198847,0
2020-09-18T10:12:55Z,24.07299767,37.66290561,0
2020-09-18T10:13:19Z,24.07324146,37.66356525,0
2020-09-18T10:13:25Z,24.07330811,37.66371188,0
2020-09-18T10:13:28Z,24.07337676,37.66378325,0
2020-09-18T10:13:34Z,24.07344208,37.66396374,0
2020-09-18T10:13:43Z,24.0735787,37.66420465,0
2020-09-18T10:13:49Z,24.07365392,37.66438161,0
2020-09-18T10:14:01Z,24.073879,37.66469666,0
2020-09-18T10:14:19Z,24.07418365,37.66521148,0
2020-09-18T10:14:28Z,24.07429527,37.66546025,0
2020-09-18T10:14:49Z,24.07451601,37.66605356,0
2020-09-18T10:15:01Z,24.07471287,37.6663615,0
2020-09-18T10:15:07Z,24.07479613,37.66652741,0
2020-09-18T10:15:34Z,24.07505863,37.66724745,0
2020-09-18T10:15:52Z,24.07524674,37.66771303,0
2020-09-18T10:15:58Z,24.07533458,37.66785703,0
2020-09-18T10:16:04Z,24.07546335,37.66800302,0
2020-09-18T10:16:10Z,24.0756241,37.66813197,0
2020-09-18T10:16:16Z,24.07581302,37.66825162,0
2020-09-18T10:16:25Z,24.07602992,37.66845593,0
2020-09-18T10:16:34Z,24.07617519,37.66868067,0
2020-09-18T10:16:43Z,24.07638622,37.6689017,0
2020-09-18T10:16:52Z,24.07656873,37.66917103,0
2020-09-18T10:16:58Z,24.07671904,37.66931671,0
2020-09-18T10:17:10Z,24.07694701,37.66963142,0
2020-09-18T10:17:19Z,24.0770636,37.66990137,0
2020-09-18T10:17:37Z,24.0773625,37.6703496,0
2020-09-18T10:17:49Z,24.07749502,37.67067333,0
2020-09-18T10:18:13Z,24.07786959,37.6713684,0
2020-09-18T10:18:19Z,24.07798575,37.67156197,0
2020-09-18T10:18:31Z,24.07825047,37.67190833,0
2020-09-18T10:18:40Z,24.07842299,37.67220011,0
2020-09-18T10:18:43Z,24.07846712,37.6722848,0
2020-09-18T10:18:49Z,24.07853107,37.67248336,0
2020-09-18T10:18:52Z,24.0785865,37.67256298,0
2020-09-18T10:18:59Z,24.07866517,37.67278749,0
2020-09-18T10:19:05Z,24.07869927,37.6729651,0
2020-09-18T10:19:08Z,24.07869838,37.67304858,0
2020-09-18T10:19:11Z,24.07875187,37.67308735,0
2020-09-18T10:19:14Z,24.07882984,37.67321388,0
2020-09-18T10:19:20Z,24.07890144,37.673387,0
2020-09-18T10:19:23Z,24.07896177,37.6734708,0
2020-09-18T10:19:29Z,24.07901846,37.67364249,0
2020-09-18T10:19:32Z,24.07906642,37.67372421,0
2020-09-18T10:19:44Z,24.07929938,37.67405573,0
2020-09-18T10:19:47Z,24.079334,37.67414293,0
2020-09-18T10:20:05Z,24.07947965,37.67472492,0
2020-09-18T10:20:23Z,24.07966653,37.6752727,0
2020-09-18T10:20:35Z,24.07973265,37.67561999,0
2020-09-18T10:20:47Z,24.07983054,37.67594534,0
2020-09-18T10:21:17Z,24.08000963,37.67673616,0
2020-09-18T10:21:41Z,24.08039058,37.67742968,0
2020-09-18T10:21:50Z,24.08055538,37.6776726,0
2020-09-18T10:22:05Z,24.08076862,37.67809283,0
2020-09-18T10:22:29Z,24.08102578,37.67878946,0
2020-09-18T10:23:08Z,24.08148168,37.67986892,0
2020-09-18T10:23:14Z,24.08152494,37.68004694,0
2020-09-18T10:23:23Z,24.08166567,37.6802878,0
2020-09-18T10:23:32Z,24.08175974,37.68051649,0
2020-09-18T10:23:38Z,24.08176659,37.68068221,0
2020-09-18T10:23:47Z,24.08174917,37.68091853,0
2020-09-18T10:23:56Z,24.08178718,37.68117507,0
2020-09-18T10:24:11Z,24.08188804,37.68158265,0
2020-09-18T10:24:14Z,24.08194788,37.68168431,0
2020-09-18T10:24:26Z,24.08204303,37.68200385,0
2020-09-18T10:24:32Z,24.08211061,37.6821526,0
2020-09-18T10:24:50Z,24.08225425,37.68263123,0
2020-09-18T10:24:56Z,24.08225151,37.6828074,0
2020-09-18T10:25:02Z,24.08228749,37.68299346,0
2020-09-18T10:25:11Z,24.08231171,37.68324389,0
2020-09-18T10:25:23Z,24.08238737,37.68355434,0
2020-09-18T10:25:32Z,24.08239997,37.68378724,0
2020-09-18T10:25:38Z,24.08243744,37.6839832,0
2020-09-18T10:25:41Z,24.08243394,37.68406425,0
2020-09-18T10:25:44Z,24.0823952,37.68412263,0
2020-09-18T10:25:47Z,24.08239529,37.68418434,0
2020-09-18T10:25:53Z,24.08244026,37.68431632,0
2020-09-18T10:25:59Z,24.08246229,37.68444459,0
2020-09-18T10:26:02Z,24.08249654,37.68448645,0
2020-09-18T10:26:05Z,24.08252068,37.6845617,0
2020-09-18T10:26:08Z,24.08251757,37.68466677,0
2020-09-18T10:26:11Z,24.0825374,37.68476266,0
2020-09-18T10:26:17Z,24.08261977,37.68497618,0
2020-09-18T10:26:26Z,24.08268976,37.68523111,0
2020-09-18T10:26:29Z,24.0826954,37.68532557,0
2020-09-18T10:26:53Z,24.08264676,37.68584154,0
2020-09-18T10:27:08Z,24.08266827,37.68616977,0
2020-09-18T10:27:26Z,24.08265002,37.68656766,0
2020-09-18T10:27:35Z,24.08267003,37.68679395,0
2020-09-18T10:27:41Z,24.08263916,37.68693775,0
2020-09-18T10:27:44Z,24.08267788,37.68702757,0
2020-09-18T10:27:56Z,24.08270103,37.68731051,0
2020-09-18T10:28:05Z,24.08273789,37.68753737,0
2020-09-18T10:28:17Z,24.08281125,37.68782615,0
2020-09-18T10:28:29Z,24.0828465,37.68813607,0
2020-09-18T10:28:41Z,24.08291384,37.6884748,0
2020-09-18T10:28:57Z,24.0830332,37.68890694,0
2020-09-18T10:29:03Z,24.08306191,37.6890832,0
2020-09-18T10:29:45Z,24.08330652,37.6901104,0
2020-09-18T10:30:06Z,24.08338254,37.69058211,0
2020-09-18T10:30:15Z,24.08339623,37.69077361,0
2020-09-18T10:30:21Z,24.08342989,37.69086562,0
2020-09-18T10:30:27Z,24.08343687,37.69104252,0
2020-09-18T10:30:39Z,24.0834763,37.6913223,0
2020-09-18T10:30:51Z,24.08353752,37.69155478,0
2020-09-18T10:31:06Z,24.08356308,37.69189946,0
2020-09-18T10:31:21Z,24.08362199,37.69235287,0
2020-09-18T10:31:24Z,24.08365217,37.69243999,0
2020-09-18T10:31:36Z,24.0836697,37.69281519,0
2020-09-18T10:31:45Z,24.08375187,37.69305146,0
2020-09-18T10:32:00Z,24.08379886,37.69343967,0
2020-09-18T10:32:18Z,24.08390472,37.6938897,0
2020-09-18T10:32:21Z,24.083912,37.6939689,0
2020-09-18T10:32:24Z,24.08389253,37.69401029,0
2020-09-18T10:32:27Z,24.08389728,37.69408393,0
2020-09-18T10:32:33Z,24.08394142,37.69424381,0
2020-09-18T10:33:03Z,24.08400131,37.69492951,0
2020-09-18T10:33:27Z,24.08412055,37.69549055,0
2020-09-18T10:33:54Z,24.08416867,37.69612899,0
2020-09-18T10:34:39Z,24.08428556,37.69714444,0
2020-09-18T10:34:42Z,24.08427894,37.69721236,0
2020-09-18T10:34:45Z,24.08425131,37.69727202,0
2020-09-18T10:34:51Z,24.08414742,37.69736626,0
2020-09-18T10:34:57Z,24.08398363,37.69743609,0
2020-09-18T10:35:09Z,24.08360944,37.69755756,0
2020-09-18T10:35:27Z,24.08305238,37.69784861,0
2020-09-18T10:35:36Z,24.08283542,37.69803305,0
2020-09-18T10:35:51Z,24.08254341,37.69837789,0
2020-09-18T10:35:57Z,24.08241175,37.69850889,0
2020-09-18T10:36:24Z,24.08173462,37.69904187,0
2020-09-18T10:36:36Z,24.08140676,37.69926804,0
2020-09-18T10:37:15Z,24.08024221,37.69989861,0
2020-09-18T10:37:48Z,24.07936804,37.70046988,0
2020-09-18T10:37:57Z,24.0791146,37.70060014,0
2020-09-18T10:38:09Z,24.07877329,37.70074816,0
2020-09-18T10:38:42Z,24.07782949,37.70125994,0
2020-09-18T10:38:57Z,24.07736826,37.7014841,0
2020-09-18T10:39:06Z,24.07712993,37.70163435,0
2020-09-18T10:39:12Z,24.07698358,37.70175188,0
2020-09-18T10:39:18Z,24.07687135,37.7018748,0
2020-09-18T10:39:27Z,24.07675061,37.70207464,0
2020-09-18T10:39:48Z,24.07658223,37.70255842,0
2020-09-18T10:40:09Z,24.07630591,37.70300535,0
2020-09-18T10:40:27Z,24.07616001,37.70339575,0
2020-09-18T10:40:39Z,24.07603874,37.70363838,0
2020-09-18T10:40:51Z,24.07589001,37.70389676,0
2020-09-18T10:41:24Z,24.07541676,37.70461607,0
2020-09-18T10:42:09Z,24.07484569,37.70565254,0
2020-09-18T10:42:42Z,24.07449488,37.70642058,0
2020-09-18T10:43:27Z,24.07403653,37.70750612,0
2020-09-18T10:43:39Z,24.07388727,37.70781259,0
2020-09-18T10:44:21Z,24.07343464,37.70890178,0
2020-09-18T10:44:36Z,24.07324082,37.70929148,0
2020-09-18T10:44:42Z,24.07321181,37.70945084,0
2020-09-18T10:45:00Z,24.07329481,37.70990894,0
2020-09-18T10:45:33Z,24.07322385,37.71075785,0
2020-09-18T10:45:48Z,24.07321155,37.71114332,0
2020-09-18T10:46:00Z,24.07322692,37.71144199,0
2020-09-18T10:46:12Z,24.0732965,37.71174163,0
2020-09-18T10:46:18Z,24.0733569,37.71188217,0
2020-09-18T10:46:24Z,24.07344206,37.7120168,0
2020-09-18T10:46:33Z,24.07361926,37.71220337,0
2020-09-18T10:46:39Z,24.07375271,37.7122923,0
2020-09-18T10:46:51Z,24.074047,37.71243413,0
2020-09-18T10:47:03Z,24.07429121,37.71260165,0
2020-09-18T10:47:09Z,24.07436824,37.71272924,0
2020-09-18T10:47:12Z,24.07438666,37.71279121,0
2020-09-18T10:47:18Z,24.07439284,37.71292192,0
2020-09-18T10:47:24Z,24.07433926,37.71304581,0
2020-09-18T10:47:30Z,24.07423894,37.7131639,0
2020-09-18T10:47:36Z,24.07411677,37.71324333,0
2020-09-18T10:47:51Z,24.07379917,37.71339467,0
2020-09-18T10:48:00Z,24.07362448,37.71352198,0
2020-09-18T10:48:06Z,24.07352967,37.71363047,0
2020-09-18T10:48:15Z,24.07345078,37.71383703,0
2020-09-18T10:48:18Z,24.07344479,37.71391077,0
2020-09-18T10:48:24Z,24.07346302,37.71405757,0
2020-09-18T10:48:39Z,24.07357128,37.71441896,0
2020-09-18T10:48:45Z,24.07358483,37.71457349,0
2020-09-18T10:48:51Z,24.07356599,37.7147172,0
2020-09-18T10:48:54Z,24.07353869,37.71477895,0
2020-09-18T10:49:00Z,24.07343379,37.7148922,0
2020-09-18T10:49:09Z,24.07324164,37.71503711,0
2020-09-18T10:49:21Z,24.07298273,37.71518934,0
2020-09-18T10:49:30Z,24.07278783,37.71533638,0
2020-09-18T10:49:39Z,24.07262281,37.71550569,0
2020-09-18T10:49:45Z,24.07253868,37.71563701,0
2020-09-18T10:49:51Z,24.07247997,37.71577057,0
2020-09-18T10:50:00Z,24.07243635,37.71598463,0
2020-09-18T10:50:06Z,24.0724679,37.71612384,0
2020-09-18T10:50:15Z,24.0725682,37.71632272,0
2020-09-18T10:50:21Z,24.07261374,37.71646144,0
2020-09-18T10:50:27Z,24.072619,37.71661077,0
2020-09-18T10:50:33Z,24.07257666,37.71675264,0
2020-09-18T10:50:42Z,24.07244721,37.71695079,0
2020-09-18T10:51:09Z,24.07197682,37.71750189,0
2020-09-18T10:51:18Z,24.0718402,37.71769699,0
2020-09-18T10:51:33Z,24.0716356,37.71803772,0
2020-09-18T10:52:00Z,24.07129229,37.71866018,0
2020-09-18T10:52:18Z,24.07107511,37.71909036,0
2020-09-18T10:52:33Z,24.07092086,37.71945243,0
2020-09-18T10:52:42Z,24.07085844,37.71967281,0
2020-09-18T10:52:57Z,24.07080417,37.72004736,0
2020-09-18T10:53:15Z,24.07082001,37.72048325,0
2020-09-18T10:53:27Z,24.07086551,37.72073522,0
2020-09-18T10:53:48Z,24.07101279,37.72113757,0
2020-09-18T10:53:57Z,24.07113955,37.72130205,0
2020-09-18T10:54:06Z,24.07131673,37.7214083,0
2020-09-18T10:54:12Z,24.07148821,37.7214172,0
2020-09-18T10:54:21Z,24.07168774,37.72135654,0
2020-09-18T10:54:27Z,24.07174666,37.72129731,0
2020-09-18T10:54:30Z,24.07175812,37.72125612,0
2020-09-18T10:54:33Z,24.07174989,37.7212021,0
2020-09-18T10:54:36Z,24.07172096,37.7211611,0
2020-09-18T10:54:42Z,24.07160281,37.72109396,0
2020-09-18T10:54:51Z,24.07137935,37.72100628,0
2020-09-18T10:54:57Z,24.07126714,37.72091441,0
2020-09-18T10:55:06Z,24.07115966,37.72076767,0
2020-09-18T10:55:18Z,24.07109723,37.72061477,0
2020-09-18T10:55:24Z,24.07109581,37.72055274,0
2020-09-18T10:55:33Z,24.07113635,37.72048745,0
2020-09-18T10:55:45Z,24.07122817,37.72040795,0
2020-09-18T10:55:51Z,24.07123436,37.72034276,0
2020-09-18T10:55:54Z,24.07121834,37.72030095,0
2020-09-18T10:56:15Z,24.07101992,37.72004994,0
2020-09-18T10:56:24Z,24.07096823,37.71991116,0
2020-09-18T10:56:30Z,24.07096201,37.71982118,0
2020-09-18T10:56:45Z,24.07099753,37.71959115,0
2020-09-18T10:57:00Z,24.0710922,37.71936444,0
2020-09-18T10:57:30Z,24.07121004,37.71890598,0
2020-09-18T10:58:09Z,24.07125498,37.71829495,0
2020-09-18T10:58:33Z,24.07135173,37.71790256,0
2020-09-18T10:58:45Z,24.0713587,37.7176857,0
2020-09-18T10:59:06Z,24.07140575,37.71733785,0
2020-09-18T10:59:21Z,24.07140118,37.7170883,0
2020-09-18T10:59:51Z,24.07143658,37.71662415,0
2020-09-18T11:00:42Z,24.07163693,37.71584004,0
2020-09-18T11:01:00Z,24.07166428,37.71555107,0
2020-09-18T11:01:18Z,24.07167104,37.71525877,0
2020-09-18T11:01:45Z,24.07160515,37.71484848,0
2020-09-18T11:02:36Z,24.07169531,37.71399577,0
2020-09-18T11:03:03Z,24.07169254,37.71359384,0
2020-09-18T11:03:21Z,24.07165922,37.71329829,0
2020-09-18T11:03:39Z,24.07166823,37.71300777,0
2020-09-18T11:04:07Z,24.07158987,37.71253987,0
2020-09-18T11:04:31Z,24.07149118,37.71219132,0
2020-09-18T11:04:58Z,24.07141927,37.71176481,0
2020-09-18T11:05:13Z,24.07145552,37.71152626,0
2020-09-18T11:05:37Z,24.07156771,37.7111214,0
2020-09-18T11:05:55Z,24.07154356,37.71081836,0
2020-09-18T11:06:13Z,24.07148207,37.71052737,0
2020-09-18T11:06:37Z,24.07131934,37.71014102,0
2020-09-18T11:07:01Z,24.07104878,37.70964092,0
2020-09-18T11:07:22Z,24.07070247,37.7090987,0
2020-09-18T11:07:25Z,24.07063737,37.70905161,0
2020-09-18T11:07:28Z,24.07058159,37.70897892,0
2020-09-18T11:07:49Z,24.07024194,37.70847131,0
2020-09-18T11:08:07Z,24.06987324,37.70803754,0
2020-09-18T11:08:19Z,24.06967213,37.70775004,0
2020-09-18T11:08:31Z,24.06951739,37.70743782,0
2020-09-18T11:08:46Z,24.06940614,37.70703024,0
2020-09-18T11:08:52Z,24.06930255,37.70689477,0
2020-09-18T11:08:55Z,24.06921783,37.70684253,0
2020-09-18T11:09:07Z,24.06879246,37.70672611,0
2020-09-18T11:09:25Z,24.06831032,37.70654697,0
2020-09-18T11:09:34Z,24.06806417,37.70652556,0
2020-09-18T11:09:37Z,24.06797849,37.70653373,0
2020-09-18T11:09:43Z,24.06780415,37.70658081,0
2020-09-18T11:09:46Z,24.06771854,37.70662404,0
2020-09-18T11:09:55Z,24.06747877,37.70679987,0
2020-09-18T11:10:10Z,24.06706586,37.70717639,0
2020-09-18T11:10:25Z,24.06665154,37.70758377,0
2020-09-18T11:10:46Z,24.0659731,37.70809298,0
2020-09-18T11:11:07Z,24.06523137,37.70854348,0
2020-09-18T11:11:31Z,24.06437347,37.70898334,0
2020-09-18T11:11:40Z,24.06405138,37.70916434,0
2020-09-18T11:12:01Z,24.06333698,37.70962292,0
2020-09-18T11:12:10Z,24.06302055,37.7097996,0
2020-09-18T11:12:22Z,24.06260741,37.71005769,0
2020-09-18T11:12:28Z,24.06243714,37.71019693,0
2020-09-18T11:13:19Z,24.06116642,37.71137862,0
2020-09-18T11:13:25Z,24.0610193,37.71148281,0
2020-09-18T11:13:28Z,24.0609393,37.71152512,0
2020-09-18T11:13:34Z,24.06076561,37.71157576,0
2020-09-18T11:13:37Z,24.06067477,37.71157781,0
2020-09-18T11:13:55Z,24.06046788,37.71151593,0
2020-09-18T11:14:13Z,24.06045223,37.71154809,0
2020-09-18T11:14:19Z,24.06036794,37.71154238,0
2020-09-18T11:14:25Z,24.06029512,37.71150826,0
2020-09-18T11:14:37Z,24.06020862,37.71143841,0
2020-09-18T11:14:43Z,24.06018464,37.7113863,0
2020-09-18T11:14:55Z,24.06020137,37.71134324,0
2020-09-18T11:15:10Z,24.0602589,37.71138961,0
2020-09-18T11:15:19Z,24.06043921,37.71143893,0
2020-09-18T11:15:25Z,24.06049105,37.71150618,0
2020-09-18T11:15:31Z,24.06050007,37.71154224,0
2020-09-18T11:15:34Z,24.06046197,37.71155989,0
2020-09-18T11:15:37Z,24.06040025,37.71156165,0
2020-09-18T11:15:43Z,24.06031695,37.71151102,0
2020-09-18T11:15:49Z,24.0602733,37.71144526,0
2020-09-18T11:15:52Z,24.0602719,37.71140608,0
2020-09-18T11:15:55Z,24.06028539,37.71136704,0
2020-09-18T11:16:13Z,24.06042846,37.71121149,0
2020-09-18T11:16:31Z,24.06056296,37.71126967,0
2020-09-18T11:16:37Z,24.06064547,37.71132186,0
2020-09-18T11:16:40Z,24.06067308,37.71135779,0
2020-09-18T11:16:49Z,24.06067154,37.71140598,0
2020-09-18T11:17:10Z,24.0605359,37.71126548,0
2020-09-18T11:17:19Z,24.06046588,37.71132201,0
2020-09-18T11:17:25Z,24.06043323,37.71139762,0
2020-09-18T11:17:37Z,24.06042613,37.71161322,0
2020-09-18T11:17:49Z,24.06047499,37.71184151,0
2020-09-18T11:18:04Z,24.06043611,37.71212309,0
2020-09-18T11:18:10Z,24.06043394,37.71224338,0
2020-09-18T11:18:22Z,24.06045708,37.71231876,0
2020-09-18T11:18:43Z,24.06041879,37.71229407,0
2020-09-18T11:19:04Z,24.06042222,37.71231131,0
2020-09-18T11:19:28Z,24.06042476,37.71229398,0
2020-09-18T11:20:31Z,24.06037923,37.71227033,0
2020-09-18T11:21:37Z,24.06039575,37.71226202,0
2020-09-18T11:22:31Z,24.0603971,37.71227753,0
2020-09-18T11:22:40Z,24.06040742,37.7122714,0
2020-09-18T11:23:07Z,24.0603972,37.71225916,0
2020-09-18T11:23:49Z,24.06042879,37.71225845,0
2020-09-18T11:24:31Z,24.06040786,37.71227415,0
2020-09-18T11:24:37Z,24.06041765,37.71228055,0
2020-09-18T11:24:55Z,24.06040713,37.7122743,0
2020-09-18T11:25:34Z,24.06042403,37.71228938,0
2020-09-18T11:25:49Z,24.06040194,37.71227539,0
2020-09-18T11:26:31Z,24.06042048,37.71227684,0
2020-09-18T11:26:49Z,24.06040649,37.71229654,0
2020-09-18T11:27:10Z,24.06043104,37.71228591,0
2020-09-18T11:30:19Z,24.06040844,37.71227397,0
2020-09-18T11:30:31Z,24.06039528,37.71228462,0
2020-09-18T11:33:22Z,24.06045285,37.71229339,0
2020-09-18T11:34:37Z,24.06042087,37.71229179,0
2020-09-18T11:35:04Z,24.06043825,37.71228607,0
2020-09-18T11:35:22Z,24.06042999,37.71227618,0
2020-09-18T11:35:46Z,24.06042195,37.71229322,0
2020-09-18T11:36:42Z,24.06043691,37.71228782,0