2022-09-04T09:58:38Z,13.8419067,44.84019175,0
2022-09-04T09:59:56Z,13.84192499,44.84018865,0
2022-09-04T10:00:23Z,13.8419047,44.84018058,0
2022-09-04T10:12:11Z,13.84192279,44.84016562,0
2022-09-04T10:12:44Z,13.84186835,44.83999521,0
2022-09-04T10:12:56Z,13.84189778,44.83999922,0
2022-09-04T10:13:14Z,13.84181895,44.839989,0
2022-09-04T10:13:38Z,13.84151662,44.84003132,0
2022-09-04T10:13:47Z,13.84136986,44.84003237,0
2022-09-04T10:13:56Z,13.84120758,44.84001476,0
2022-09-04T10:14:02Z,13.841113,44.83997354,0
2022-09-04T10:14:05Z,13.8410817,44.83994162,0
2022-09-04T10:14:14Z,13.84101503,44.83982484,0
2022-09-04T10:14:29Z,13.84096241,44.83959244,0
2022-09-04T10:14:41Z,13.8409561,44.83938455,0
2022-09-04T10:14:53Z,13.84098841,44.83916583,0
2022-09-04T10:15:05Z,13.84106414,44.83896482,0
2022-09-04T10:15:08Z,13.84109646,44.83891592,0
2022-09-04T10:15:29Z,13.84140237,44.83860492,0
2022-09-04T10:15:38Z,13.84156997,44.8384906,0
2022-09-04T10:16:14Z,13.84224303,44.83810517,0
2022-09-04T10:16:38Z,13.8426557,44.83781962,0
2022-09-04T10:17:02Z,13.84293973,44.83748496,0
2022-09-04T10:17:23Z,13.84304285,44.83716619,0
2022-09-04T10:17:50Z,13.84308438,44.83675934,0
2022-09-04T10:18:20Z,13.84302173,44.83632169,0
2022-09-04T10:18:47Z,13.84287965,44.83592104,0
2022-09-04T10:19:32Z,13.84245086,44.83531071,0
2022-09-04T10:19:56Z,13.84212739,44.83500734,0
2022-09-04T10:20:23Z,13.84167538,44.83471394,0
2022-09-04T10:21:05Z,13.8408123,44.83425619,0
2022-09-04T10:21:29Z,13.84031117,44.83395094,0
2022-09-04T10:21:50Z,13.8400146,44.83360339,0
2022-09-04T10:22:14Z,13.83963244,44.83322883,0
2022-09-04T10:22:38Z,13.83922922,44.83286879,0
2022-09-04T10:23:35Z,13.83845242,44.83223516,0
2022-09-04T10:23:53Z,13.83823257,44.83200762,0
2022-09-04T10:24:44Z,13.83768005,44.8313334,0
2022-09-04T10:25:11Z,13.83748984,44.83094344,0
2022-09-04T10:25:23Z,13.83743144,44.83077029,0
2022-09-04T10:25:38Z,13.83740432,44.83054582,0
2022-09-04T10:26:02Z,13.83738919,44.83018108,0
2022-09-04T10:26:53Z,13.83728541,44.82935395,0
2022-09-04T10:27:14Z,13.83719671,44.82899698,0
2022-09-04T10:27:29Z,13.83720259,44.82874887,0
2022-09-04T10:27:47Z,13.83717131,44.82844766,0
2022-09-04T10:28:20Z,13.83723537,44.82791277,0
2022-09-04T10:28:50Z,13.837345,44.82743782,0
2022-09-04T10:29:02Z,13.83740693,44.82725108,0
2022-09-04T10:29:47Z,13.83773908,44.82660198,0
2022-09-04T10:30:29Z,13.83786365,44.82609743,0
2022-09-04T10:31:17Z,13.83805636,44.82550358,0
2022-09-04T10:31:41Z,13.83820346,44.8252082,0
2022-09-04T10:32:02Z,13.83838665,44.82492669,0
2022-09-04T10:32:35Z,13.83857598,44.82467729,0
2022-09-04T10:33:02Z,13.83859697,44.82460065,0
2022-09-04T10:33:14Z,13.83857145,44.82457838,0
2022-09-04T10:33:32Z,13.8385146,44.82456918,0
2022-09-04T10:33:53Z,13.83842919,44.82458588,0
2022-09-04T10:34:38Z,13.83828228,44.82467549,0
2022-09-04T10:35:20Z,13.83805502,44.82474848,0
2022-09-04T10:36:32Z,13.83744162,44.82485713,0
2022-09-04T10:37:41Z,13.83648763,44.82482032,0
2022-09-04T10:38:08Z,13.83610595,44.82482492,0
2022-09-04T10:39:11Z,13.83517293,44.82489802,0
2022-09-04T10:39:29Z,13.83491734,44.82493798,0
2022-09-04T10:40:44Z,13.83389285,44.82519646,0
2022-09-04T10:41:23Z,13.83332248,44.82529699,0
2022-09-04T10:42:02Z,13.83268852,44.82546008,0
2022-09-04T10:43:08Z,13.83166298,44.82562273,0
2022-09-04T10:43:47Z,13.83116334,44.82578433,0
2022-09-04T10:44:05Z,13.83094875,44.82587999,0
2022-09-04T10:46:08Z,13.82944876,44.82671385,0
2022-09-04T10:46:53Z,13.82889989,44.82704,0
2022-09-04T10:47:23Z,13.82859477,44.82727744,0
2022-09-04T10:47:50Z,13.82828615,44.82746353,0
2022-09-04T10:49:41Z,13.82698879,44.82806072,0
2022-09-04T10:50:05Z,13.82674864,44.82821292,0
2022-09-04T10:51:20Z,13.82592567,44.82860254,0
2022-09-04T10:52:05Z,13.82540187,44.82882609,0
2022-09-04T10:52:32Z,13.82506749,44.82893147,0
2022-09-04T10:53:32Z,13.8243799,44.82922625,0
2022-09-04T10:54:05Z,13.82402204,44.82942687,0
2022-09-04T10:54:59Z,13.82343945,44.82969799,0
2022-09-04T10:56:02Z,13.82272787,44.82991287,0
2022-09-04T10:57:02Z,13.82207135,44.83015202,0
2022-09-04T10:57:35Z,13.82169951,44.83025263,0
2022-09-04T10:58:02Z,13.82139913,44.83035645,0
2022-09-04T10:58:56Z,13.82082653,44.83060351,0
2022-09-04T10:59:32Z,13.82040086,44.83074961,0
2022-09-04T10:59:50Z,13.8202015,44.8308407,0
2022-09-04T11:00:14Z,13.81991153,44.83092836,0
2022-09-04T11:00:53Z,13.81943421,44.83110259,0
2022-09-04T11:01:05Z,13.81929687,44.83117118,0
2022-09-04T11:01:41Z,13.81896098,44.8314094,0
2022-09-04T11:01:56Z,13.81879736,44.83149776,0
2022-09-04T11:02:26Z,13.81844488,44.83159716,0
2022-09-04T11:02:50Z,13.81817173,44.83169298,0
2022-09-04T12:00:21Z,13.77377426,44.84867542,0
2022-09-04T12:00:42Z,13.77355286,44.84870672,0
2022-09-04T12:49:34Z,13.77100131,44.84372939,0
2022-09-04T12:50:10Z,13.77189947,44.84348169,0
2022-09-04T12:50:48Z,13.77281326,44.84325251,0
2022-09-04T12:51:12Z,13.7733764,44.84307972,0
2022-09-04T12:51:33Z,13.7738192,44.84288465,0
2022-09-04T12:53:30Z,13.77590829,44.84166269,0
2022-09-04T12:54:03Z,13.7765384,44.84133195,0
2022-09-04T12:54:42Z,13.77726256,44.84090859,0
2022-09-04T12:56:04Z,13.77879514,44.84006996,0
2022-09-04T12:57:10Z,13.77999798,44.83938637,0
2022-09-04T12:57:40Z,13.78050278,44.83906346,0
2022-09-04T12:58:13Z,13.78100748,44.83869893,0
2022-09-04T12:58:40Z,13.78144031,44.83842367,0
2022-09-04T12:59:04Z,13.78179723,44.83816933,0
2022-09-04T12:59:55Z,13.7826729,44.83762291,0
2022-09-04T13:01:37Z,13.78441118,44.83649736,0
2022-09-04T13:02:01Z,13.78478943,44.83622173,0
2022-09-04T13:02:19Z,13.78508136,44.8360243,0
2022-09-04T13:02:40Z,13.78544717,44.83580752,0
2022-09-04T13:03:34Z,13.78629156,44.83524066,0
2022-09-04T13:03:52Z,13.78656118,44.83504118,0
2022-09-04T13:04:31Z,13.78719528,44.83465931,0
2022-09-04T13:04:55Z,13.78758183,44.83439142,0
2022-09-04T13:06:37Z,13.78935233,44.83323697,0
2022-09-04T13:07:07Z,13.78988446,44.83286881,0
2022-09-04T13:08:13Z,13.79097571,44.83216043,0
2022-09-04T13:08:28Z,13.79128693,44.83204036,0
2022-09-04T13:09:46Z,13.79315074,44.83154042,0
2022-09-04T13:10:07Z,13.79363257,44.83138598,0
2022-09-04T13:10:28Z,13.79406519,44.83120136,0
2022-09-04T13:10:40Z,13.79426581,44.83106109,0
2022-09-04T13:11:07Z,13.79478911,44.83075191,0
2022-09-04T13:12:52Z,13.7967317,44.82954717,0
2022-09-04T13:13:31Z,13.79742766,44.82909222,0
2022-09-04T13:16:22Z,13.80047945,44.82721638,0
2022-09-04T13:17:40Z,13.80180885,44.82642276,0
2022-09-04T13:17:55Z,13.80213772,44.826315,0
2022-09-04T13:18:19Z,13.8027129,44.82618471,0
2022-09-04T13:18:34Z,13.80309672,44.82611264,0
2022-09-04T13:19:10Z,13.80402,44.82598056,0
2022-09-04T13:19:52Z,13.8050553,44.82578174,0
2022-09-04T13:20:34Z,13.8060632,44.82552767,0
2022-09-04T13:20:49Z,13.80642501,44.82545508,0
2022-09-04T13:21:10Z,13.80692227,44.82529555,0
2022-09-04T13:21:46Z,13.8076441,44.82491786,0
2022-09-04T13:21:55Z,13.80780139,44.82481573,0
2022-09-04T13:22:04Z,13.80793397,44.82470406,0
2022-09-04T13:22:19Z,13.80813229,44.82450124,0
2022-09-04T13:23:43Z,13.80916217,44.82340051,0
2022-09-04T13:24:07Z,13.80947942,44.82309622,0
2022-09-04T13:24:37Z,13.80984389,44.82269304,0
2022-09-04T13:24:55Z,13.81007671,44.82247463,0
2022-09-04T13:26:04Z,13.81118586,44.82127114,0
2022-09-04T13:26:34Z,13.81168348,44.82070712,0
2022-09-04T13:27:04Z,13.81220767,44.82017362,0
2022-09-04T13:28:10Z,13.8133565,44.81893266,0
2022-09-04T13:28:58Z,13.81417385,44.81802869,0
2022-09-04T13:29:10Z,13.81439958,44.81779858,0
2022-09-04T13:31:50Z,13.8171704,44.81472607,0
2022-09-04T13:32:20Z,13.81771329,44.81415109,0
2022-09-04T13:32:49Z,13.81820397,44.81358844,0
2022-09-04T13:33:25Z,13.81884543,44.8129024,0
2022-09-04T13:34:07Z,13.81955677,44.81208289,0
2022-09-04T13:35:27Z,13.82094385,44.81054461,0
2022-09-04T13:36:33Z,13.82209742,44.80929422,0
2022-09-04T13:37:03Z,13.82266015,44.80872748,0
2022-09-04T13:38:00Z,13.82364405,44.80762054,0
2022-09-04T13:38:12Z,13.82385849,44.80740763,0
2022-09-04T13:39:33Z,13.82524098,44.80591957,0
2022-09-04T13:40:12Z,13.82589443,44.80518744,0
2022-09-04T13:40:54Z,13.82662213,44.80442191,0
2022-09-04T13:41:15Z,13.82697892,44.80401867,0
2022-09-04T13:41:33Z,13.82731266,44.80368777,0
2022-09-04T13:42:30Z,13.82829034,44.80264617,0
2022-09-04T13:44:09Z,13.82997953,44.80076692,0
2022-09-04T13:45:03.435Z,13.83093992,44.79978969,0
2022-09-04T13:46:33Z,13.83247483,44.79814928,0
2022-09-04T13:47:06Z,13.8330724,44.79754504,0
2022-09-04T13:47:42Z,13.83367706,44.79686414,0
2022-09-04T13:48:03Z,13.83405472,44.79648252,0
2022-09-04T13:48:15Z,13.83423876,44.79625985,0
2022-09-04T13:48:27Z,13.8344674,44.79604265,0
2022-09-04T13:48:45Z,13.8347715,44.79570167,0
2022-09-04T13:49:21Z,13.83542618,44.79506665,0
2022-09-04T13:50:31Z,13.83664822,44.79381164,0
2022-09-04T13:51:19Z,13.83748397,44.79292275,0
2022-09-04T13:52:25Z,13.83866021,44.79172895,0
2022-09-04T13:52:43Z,13.83895823,44.79139737,0
2022-09-04T13:54:37Z,13.8409184,44.78935727,0
2022-09-04T13:55:19Z,13.8416445,44.78857821,0
2022-09-04T13:57:12Z,13.84364932,44.78652113,0
2022-09-04T13:59:15Z,13.84576912,44.78427168,0
2022-09-04T13:59:42Z,13.8462526,44.78380233,0
2022-09-04T14:00:06Z,13.84664946,44.78337012,0
2022-09-04T14:01:09Z,13.84780409,44.78221837,0
2022-09-04T14:02:15Z,13.84899139,44.78098766,0
2022-09-04T14:02:45.435Z,13.84947325,44.78041942,0
2022-09-04T14:03:43Z,13.85039517,44.77941235,0
2022-09-04T14:04:01Z,13.85071723,44.77915124,0
2022-09-04T14:04:07Z,13.85084289,44.77907272,0
2022-09-04T14:04:10Z,13.85089041,44.77902376,0
2022-09-04T14:04:20.435Z,13.85096705,44.77883471,0
2022-09-04T14:04:26Z,13.85104432,44.77874763,0
2022-09-04T14:04:59Z,13.85157192,44.77827626,0
2022-09-04T14:05:14Z,13.85174925,44.77804082,0
2022-09-04T14:05:32Z,13.85197723,44.77778227,0
2022-09-04T14:05:41Z,13.85205523,44.77764455,0
2022-09-04T14:06:02Z,13.85218062,44.77733651,0
2022-09-04T14:06:20Z,13.85225804,44.7770672,0
2022-09-04T14:06:32Z,13.85227978,44.77688786,0
2022-09-04T14:06:53Z,13.85235806,44.77655188,0
2022-09-04T14:07:08Z,13.85241649,44.77631548,0
2022-09-04T14:07:32Z,13.85254326,44.77594767,0
2022-09-04T14:08:05Z,13.85264563,44.77545677,0
2022-09-04T14:08:11Z,13.85268098,44.77537353,0
2022-09-04T14:08:26Z,13.85281641,44.77517007,0
2022-09-04T14:08:44Z,13.85302405,44.77492905,0
2022-09-04T14:08:53Z,13.85307635,44.77479917,0
2022-09-04T14:09:35Z,13.85304306,44.77418831,0
2022-09-04T14:09:56Z,13.85300777,44.77386945,0
2022-09-04T14:10:14Z,13.85295063,44.77358782,0
2022-09-04T14:10:20Z,13.85298288,44.77349572,0
2022-09-04T14:10:26Z,13.85305129,44.77341318,0
2022-09-04T14:10:47Z,13.85342654,44.77319586,0
2022-09-04T14:11:06.435Z,13.85375451,44.77297292,0
2022-09-04T14:11:34Z,13.85420058,44.77258916,0
2022-09-04T14:11:46Z,13.85444552,44.77240504,0
2022-09-04T14:12:13Z,13.85497917,44.77194157,0
2022-09-04T14:12:40Z,13.85555097,44.77152707,0
2022-09-04T14:16:04Z,13.86047263,44.76846365,0
2022-09-04T14:18:34Z,13.86425224,44.7660481,0
2022-09-04T14:19:37Z,13.86590492,44.76501879,0
2022-09-04T14:21:13Z,13.86836749,44.76345278,0
2022-09-04T14:22:17Z,13.86987119,44.76245191,0
2022-09-04T14:22:35Z,13.87027968,44.7621624,0
2022-09-04T14:23:02Z,13.87092562,44.76177252,0
2022-09-04T14:24:07Z,13.87243042,44.76080164,0
2022-09-04T14:24:28Z,13.87293794,44.76050712,0
2022-09-04T14:25:04Z,13.87385536,44.7600243,0
2022-09-04T14:27:20.435Z,13.87715469,44.75822505,0
2022-09-04T14:27:47Z,13.87785474,44.75788911,0
2022-09-04T14:28:05Z,13.87832661,44.75763461,0
2022-09-04T14:28:59Z,13.87975272,44.75691073,0
2022-09-04T14:30:11Z,13.88163379,44.75598573,0
2022-09-04T14:32:23Z,13.8851193,44.75421352,0
2022-09-04T14:33:07Z,13.88628957,44.75363917,0
2022-09-04T14:33:10Z,13.88637996,44.75361283,0
2022-09-04T14:33:22Z,13.88676425,44.75359998,0
2022-09-04T14:33:35Z,13.88718093,44.75365031,0
2022-09-04T14:33:44Z,13.88747572,44.75363916,0
2022-09-04T14:34:05Z,13.88815886,44.75367906,0
2022-09-04T14:37:05Z,13.89407559,44.75419048,0
2022-09-04T14:38:56Z,13.89772596,44.75454366,0
2022-09-04T14:40:44Z,13.90132335,44.75492961,0
2022-09-04T14:44:11Z,13.90825038,44.75576135,0
2022-09-04T14:45:11Z,13.91026882,44.75603409,0
2022-09-04T14:45:45Z,13.91142076,44.75616437,0
2022-09-04T14:46:24Z,13.91271181,44.756425,0
2022-09-04T14:47:33Z,13.91497313,44.7569304,0
2022-09-04T14:47:48Z,13.91544322,44.75708895,0
2022-09-04T14:50:02.435Z,13.91961464,44.75864101,0
2022-09-04T14:52:26Z,13.92408794,44.76023796,0
2022-09-04T14:52:32Z,13.92428341,44.76029532,0
2022-09-04T14:52:47Z,13.92472552,44.76048831,0
2022-09-04T14:53:08Z,13.92531643,44.7607946,0
2022-09-04T14:53:49Z,13.92630652,44.76152974,0
2022-09-04T14:54:19Z,13.92711107,44.76201535,0
2022-09-04T14:54:25Z,13.92725263,44.76211834,0
2022-09-04T14:54:31Z,13.92738397,44.76222943,0
2022-09-04T14:54:43Z,13.92761792,44.7624759,0
2022-09-04T14:55:28Z,13.92844465,44.76341353,0
2022-09-04T14:55:52Z,13.92885824,44.76392618,0
2022-09-04T14:56:19Z,13.92930004,44.76451092,0
2022-09-04T14:56:28Z,13.92946825,44.76469137,0
2022-09-04T14:56:43Z,13.92972907,44.76501049,0
2022-09-04T14:57:01Z,13.93000647,44.76541309,0
2022-09-04T14:57:04.435Z,13.93004343,44.76549532,0
2022-09-04T14:57:23Z,13.93033606,44.76588581,0
2022-09-04T14:57:38Z,13.93051692,44.76623205,0
2022-09-04T14:58:17Z,13.93102656,44.76712218,0
2022-09-04T14:58:23Z,13.93109568,44.76726187,0
2022-09-04T14:58:35Z,13.93120197,44.76755091,0
2022-09-04T14:59:11Z,13.93156978,44.76834977,0
2022-09-04T14:59:32Z,13.93174212,44.76883857,0
2022-09-04T15:00:08Z,13.93215395,44.76966752,0
2022-09-04T15:00:32Z,13.932448,44.77021397,0
2022-09-04T15:00:41Z,13.93252969,44.7704274,0
2022-09-04T15:01:23Z,13.93276768,44.77144012,0
2022-09-04T15:01:35Z,13.9327737,44.77172849,0
2022-09-04T15:01:56Z,13.93274132,44.77223872,0
2022-09-04T15:02:30Z,13.93248382,44.77301721,0
2022-09-04T15:02:57Z,13.93221996,44.77361587,0
2022-09-04T15:03:48Z,13.93183267,44.77472004,0
2022-09-04T15:04:06Z,13.93164706,44.77508776,0
2022-09-04T15:04:33Z,13.93142333,44.77567185,0
2022-09-04T15:04:48Z,13.93127409,44.77598802,0
2022-09-04T15:05:03Z,13.9311503,44.77630765,0
2022-09-04T15:05:33Z,13.93085492,44.77697137,0
2022-09-04T15:05:56Z,13.93060576,44.777456,0
2022-09-04T15:06:14Z,13.93038358,44.77782566,0
2022-09-04T15:06:57Z,13.92989173,44.77873949,0
2022-09-04T15:07:06Z,13.92976789,44.77892483,0
2022-09-04T15:08:06.435Z,13.929071,44.78018908,0
2022-09-04T15:08:15Z,13.92896507,44.78035098,0
2022-09-04T15:08:34Z,13.92879353,44.78068811,0
2022-09-04T15:08:58Z,13.92855083,44.78106776,0
2022-09-04T15:09:22Z,13.92827984,44.78143033,0
2022-09-04T15:09:48Z,13.92797536,44.78180282,0
2022-09-04T15:10:03Z,13.92785764,44.78204293,0
2022-09-04T15:10:21Z,13.92767429,44.78230888,0
2022-09-04T15:10:27Z,13.92763765,44.78240532,0
2022-09-04T15:10:36Z,13.92762988,44.78256229,0
2022-09-04T15:10:45Z,13.92758712,44.78270496,0
2022-09-04T15:11:00Z,13.92758418,44.78295613,0
2022-09-04T15:11:06Z,13.92759849,44.7830605,0
2022-09-04T15:11:15Z,13.92757301,44.78321313,0
2022-09-04T15:11:28Z,13.92759923,44.78343269,0
2022-09-04T15:11:31Z,13.92762096,44.78348246,0
2022-09-04T15:11:58Z,13.92797369,44.78386724,0
2022-09-04T15:12:19Z,13.92819183,44.78420252,0
2022-09-04T15:12:49Z,13.92843171,44.78470566,0
2022-09-04T15:13:31Z,13.92865935,44.78546285,0
2022-09-04T15:13:52Z,13.92873339,44.785936,0
2022-09-04T15:14:06Z,13.92872964,44.78625502,0
2022-09-04T15:14:27Z,13.92875899,44.78673164,0
2022-09-04T15:14:44.435Z,13.92883508,44.78713019,0
2022-09-04T15:14:54Z,13.92890543,44.78733557,0
2022-09-04T15:15:09Z,13.92909518,44.78766567,0
2022-09-04T15:15:26Z,13.92919926,44.78805764,0
2022-09-04T15:15:39Z,13.92925093,44.78836935,0
2022-09-04T15:15:45Z,13.92923864,44.78850742,0
2022-09-04T15:15:48Z,13.92919708,44.78856654,0
2022-09-04T15:16:03Z,13.92915191,44.78889294,0
2022-09-04T15:16:09Z,13.92910644,44.7890219,0
2022-09-04T15:16:18Z,13.92908563,44.78922418,0
2022-09-04T15:16:24Z,13.92909184,44.78935875,0
2022-09-04T15:16:43.435Z,13.92918799,44.78978279,0
2022-09-04T15:16:55Z,13.92922626,44.79004769,0
2022-09-04T15:17:07Z,13.92929578,44.7903145,0
2022-09-04T15:17:25Z,13.92943835,44.79070468,0
2022-09-04T15:17:46Z,13.92967573,44.79114896,0
2022-09-04T15:18:25Z,13.92993285,44.79201169,0
2022-09-04T15:18:44Z,13.92996916,44.79242692,0
2022-09-04T15:19:11Z,13.92992757,44.79301616,0
2022-09-04T15:19:44Z,13.92991527,44.79374417,0
2022-09-04T15:19:59Z,13.92992933,44.79408154,0
2022-09-04T15:20:02Z,13.92991674,44.79414937,0
2022-09-04T15:20:08Z,13.92985058,44.79427907,0
2022-09-04T15:20:14Z,13.92974599,44.79438596,0
2022-09-04T15:20:20Z,13.92961419,44.79447098,0
2022-09-04T15:20:26Z,13.92957751,44.79459605,0
2022-09-04T15:20:38Z,13.92956804,44.79486048,0
2022-09-04T15:21:14Z,13.92960221,44.79565608,0
2022-09-04T15:21:23Z,13.929559,44.79585083,0
2022-09-04T15:21:35Z,13.92953514,44.79611357,0
2022-09-04T15:22:08Z,13.92960071,44.79684856,0
2022-09-04T15:22:26Z,13.92960607,44.79725433,0
2022-09-04T15:22:38Z,13.92964852,44.79752869,0
2022-09-04T15:23:20.435Z,13.92957932,44.79847023,0
2022-09-04T15:23:42Z,13.92948275,44.79894389,0
2022-09-04T15:24:59Z,13.92905487,44.80062923,0
2022-09-04T15:25:23Z,13.9288787,44.80114722,0
2022-09-04T15:25:41Z,13.9287261,44.80152463,0
2022-09-04T15:26:11Z,13.9285217,44.80215736,0
2022-09-04T15:26:35Z,13.92827976,44.80259131,0
2022-09-04T15:26:47Z,13.92818938,44.80281062,0
2022-09-04T15:27:05Z,13.92800584,44.80313039,0
2022-09-04T15:27:26Z,13.92777213,44.8034848,0
2022-09-04T15:28:17Z,13.92724868,44.80435251,0
2022-09-04T15:28:29Z,13.92709962,44.80455577,0
2022-09-04T15:28:41Z,13.92698624,44.80476054,0
2022-09-04T15:28:56Z,13.92681012,44.80502188,0
2022-09-04T15:29:57Z,13.92632485,44.80611436,0
2022-09-04T15:30:09Z,13.92620871,44.80632916,0
2022-09-04T15:30:32.435Z,13.92597522,44.80673471,0
2022-09-04T15:31:14Z,13.92551177,44.80743707,0
2022-09-04T15:31:28Z,13.92538332,44.80767817,0
2022-09-04T15:32:13Z,13.92489996,44.80844483,0
2022-09-04T15:32:37Z,13.92466932,44.8088546,0
2022-09-04T15:33:10Z,13.92438988,44.80942618,0
2022-09-04T15:33:41Z,13.92409689,44.80994647,0
2022-09-04T15:33:47.435Z,13.9240627,44.81005544,0
2022-09-04T15:34:00Z,13.92404446,44.81022964,0
2022-09-04T15:34:21Z,13.92408147,44.81052054,0
2022-09-04T15:34:44Z,13.92410102,44.81089125,0
2022-09-04T15:35:05Z,13.92407664,44.81132388,0
2022-09-04T15:35:11Z,13.92405584,44.81145223,0
2022-09-04T15:35:26Z,13.92396668,44.81177518,0
2022-09-04T15:35:35Z,13.92388062,44.81196272,0
2022-09-04T15:35:50Z,13.92371338,44.81226114,0
2022-09-04T15:36:04.435Z,13.92357847,44.81257142,0
2022-09-04T15:36:16Z,13.9234225,44.81278855,0
2022-09-04T15:36:34Z,13.92312665,44.81313248,0
2022-09-04T15:36:52Z,13.92279703,44.81344213,0
2022-09-04T15:37:25.435Z,13.92222237,44.81405579,0
2022-09-04T15:37:47Z,13.92180989,44.81444241,0
2022-09-04T15:37:57Z,13.92164198,44.81462133,0
2022-09-04T15:38:06Z,13.92158596,44.81480188,0
2022-09-04T15:38:24Z,13.92156121,44.81515465,0
2022-09-04T15:38:36Z,13.92149942,44.81540637,0
2022-09-04T15:38:54Z,13.92138799,44.81576705,0
2022-09-04T15:39:03Z,13.92129326,44.81590559,0
2022-09-04T15:39:21Z,13.92095009,44.81616903,0
2022-09-04T15:39:39Z,13.92052573,44.81645778,0
2022-09-04T15:40:03Z,13.91994897,44.81677696,0
2022-09-04T15:40:20.435Z,13.91956627,44.81704089,0
2022-09-04T15:40:33Z,13.91928496,44.8172007,0
2022-09-04T15:40:48Z,13.9189962,44.81743006,0
2022-09-04T15:40:57.435Z,13.91886844,44.81758678,0
2022-09-04T15:41:03Z,13.91881987,44.81768381,0
2022-09-04T15:41:06Z,13.91880892,44.81774011,0
2022-09-04T15:41:15Z,13.91882024,44.81791295,0
2022-09-04T15:41:36Z,13.91892666,44.81830535,0
2022-09-04T15:42:21Z,13.91920501,44.81913408,0
2022-09-04T15:42:27Z,13.91921243,44.81923094,0
2022-09-04T15:42:33Z,13.91919617,44.81931813,0
2022-09-04T15:42:42Z,13.91913721,44.81944601,0
2022-09-04T15:43:03Z,13.91891856,44.81971573,0
2022-09-04T15:43:21Z,13.91870745,44.81989401,0
2022-09-04T15:43:27Z,13.91863055,44.81993267,0
2022-09-04T15:43:33Z,13.91854589,44.81995244,0
2022-09-04T15:43:39Z,13.91846565,44.81994074,0
2022-09-04T15:43:45Z,13.91842644,44.81989967,0
2022-09-04T15:44:03Z,13.91837407,44.8197583,0
2022-09-04T15:44:15Z,13.91837866,44.8196648,0
2022-09-04T15:44:24Z,13.91834058,44.81958298,0
2022-09-04T15:44:36Z,13.91833824,44.81947276,0
2022-09-04T15:44:48Z,13.91826003,44.81939072,0
2022-09-04T15:45:06Z,13.91827678,44.81931258,0
2022-09-04T15:45:27Z,13.91842384,44.81941078,0
2022-09-04T15:45:54Z,13.91870368,44.81947318,0
2022-09-04T15:46:21Z,13.91883677,44.81959231,0
2022-09-04T15:47:39Z,13.91904192,44.81972125,0
2022-09-04T15:48:27Z,13.91898577,44.81964278,0
2022-09-04T15:48:45Z,13.9190175,44.81961114,0
2022-09-04T15:49:15Z,13.91908048,44.81960751,0
2022-09-04T15:49:33Z,13.91910514,44.81958195,0

2022-09-05T10:20:58Z,13.91908485,44.81962303,0
2022-09-05T10:22:10Z,13.91912911,44.81957019,0
2022-09-05T10:22:25Z,13.91913203,44.81958537,0
2022-09-05T10:22:40Z,13.91910898,44.81959726,0
2022-09-05T10:23:22Z,13.91910647,44.81963765,0
2022-09-05T10:23:31Z,13.91909091,44.81963926,0
2022-09-05T10:24:10Z,13.91895047,44.81955836,0
2022-09-05T10:24:28Z,13.91896289,44.81955718,0
2022-09-05T10:24:52Z,13.91887622,44.81959113,0
2022-09-05T10:25:07Z,13.91881723,44.81958746,0
2022-09-05T10:25:46Z,13.91878689,44.81968053,0
2022-09-05T10:26:10Z,13.91887096,44.8196695,0
2022-09-05T10:26:19Z,13.91893984,44.81963748,0
2022-09-05T10:26:40Z,13.91905952,44.81950006,0
2022-09-05T10:27:04Z,13.91916964,44.81942897,0
2022-09-05T10:27:10Z,13.91920732,44.81937907,0
2022-09-05T10:27:22Z,13.91926591,44.81924413,0
2022-09-05T10:27:40Z,13.91948074,44.81901902,0
2022-09-05T10:27:55Z,13.91962917,44.81878778,0
2022-09-05T10:28:07Z,13.91967592,44.81859214,0
2022-09-05T10:28:10Z,13.91967279,44.81854245,0
2022-09-05T10:28:19Z,13.91961434,44.81839598,0
2022-09-05T10:28:31Z,13.91959353,44.81819812,0
2022-09-05T10:28:46Z,13.91964277,44.81795047,0
2022-09-05T10:29:01Z,13.91966024,44.81769519,0
2022-09-05T10:29:13Z,13.91971461,44.81749684,0
2022-09-05T10:29:25Z,13.91979025,44.81730678,0
2022-09-05T10:29:46Z,13.91995925,44.81696118,0
2022-09-05T10:29:55Z,13.92000382,44.8168112,0
2022-09-05T10:30:07Z,13.92009109,44.81661168,0
2022-09-05T10:30:16Z,13.92017745,44.81647202,0
2022-09-05T10:30:22Z,13.92025937,44.81638449,0
2022-09-05T10:30:34Z,13.9203875,44.81620419,0
2022-09-05T10:32:37Z,13.92159868,44.81427486,0
2022-09-05T10:34:10Z,13.92240781,44.81274358,0
2022-09-05T10:34:55Z,13.92280124,44.81201879,0
2022-09-05T10:35:16Z,13.92300628,44.81167762,0
2022-09-05T10:36:10Z,13.9234587,44.81078805,0
2022-09-05T10:36:25Z,13.92361452,44.81055458,0
2022-09-05T10:36:40Z,13.92374632,44.81029827,0
2022-09-05T10:36:49Z,13.9238057,44.81014402,0
2022-09-05T10:37:22Z,13.92412252,44.80959303,0
2022-09-05T10:37:46Z,13.92429972,44.80918769,0
2022-09-05T10:38:25Z,13.92466219,44.80854391,0
2022-09-05T10:38:40Z,13.92471805,44.80830416,0
2022-09-05T10:38:52Z,13.92478989,44.8081062,0
2022-09-05T10:39:37Z,13.92499579,44.80734062,0
2022-09-05T10:40:01Z,13.92512812,44.80692279,0
2022-09-05T10:40:34Z,13.92534439,44.80634098,0
2022-09-05T10:41:22Z,13.92573747,44.80551842,0
2022-09-05T10:41:40Z,13.92584083,44.80519532,0
2022-09-05T10:42:10Z,13.92604302,44.80466874,0
2022-09-05T10:42:25Z,13.92609399,44.80438953,0
2022-09-05T10:42:40Z,13.92617649,44.80412037,0
2022-09-05T10:43:10Z,13.92639163,44.80359072,0
2022-09-05T10:43:34Z,13.92661068,44.80316962,0
2022-09-05T10:43:43Z,13.9267149,44.80302885,0
2022-09-05T10:43:52Z,13.92684422,44.80290296,0
2022-09-05T10:44:28Z,13.92745529,44.80239642,0
2022-09-05T10:45:22Z,13.92849354,44.80172996,0
2022-09-05T10:45:31Z,13.92868963,44.80162686,0
2022-09-05T10:45:46Z,13.92901654,44.80148891,0
2022-09-05T10:46:16Z,13.92974666,44.80127999,0
2022-09-05T10:47:01Z,13.93086062,44.8010065,0
2022-09-05T10:47:49Z,13.93202606,44.80069469,0
2022-09-05T10:48:31Z,13.93307279,44.8004579,0
2022-09-05T10:49:49Z,13.93500236,44.79997783,0
2022-09-05T10:50:19Z,13.93576566,44.79983043,0
2022-09-05T10:50:40Z,13.93628587,44.79970249,0
2022-09-05T10:52:28Z,13.93901458,44.79916429,0
2022-09-05T10:52:55Z,13.93970632,44.79904191,0
2022-09-05T10:54:07Z,13.94150442,44.79864696,0
2022-09-05T10:55:43Z,13.94392169,44.79815435,0
2022-09-05T10:57:34Z,13.94671009,44.79755174,0
2022-09-05T11:00:07Z,13.95053795,44.79675399,0
2022-09-05T11:02:25Z,13.95416922,44.79641285,0
2022-09-05T11:03:28Z,13.95583468,44.79633009,0
2022-09-05T11:04:46Z,13.95791987,44.79635772,0
2022-09-05T11:04:58Z,13.95823843,44.79634931,0
2022-09-05T11:05:28Z,13.95899772,44.79613775,0
2022-09-05T11:06:07Z,13.95998468,44.79592354,0
2022-09-05T11:06:19Z,13.96026646,44.79583002,0
2022-09-05T11:06:55Z,13.96113441,44.79559422,0
2022-09-05T11:07:43Z,13.96230265,44.79522746,0
2022-09-05T11:07:58Z,13.9626795,44.7951318,0
2022-09-05T11:08:16Z,13.96311763,44.79499494,0
2022-09-05T11:09:16Z,13.96457154,44.79458766,0
2022-09-05T11:09:34Z,13.96502704,44.79449631,0
2022-09-05T11:10:13Z,13.96597121,44.79425447,0
2022-09-05T11:11:22Z,13.96770576,44.79395598,0
2022-09-05T11:11:37Z,13.96808254,44.79397755,0
2022-09-05T11:11:49Z,13.96840432,44.79397672,0
2022-09-05T11:12:10Z,13.96893128,44.79401152,0
2022-09-05T11:12:40Z,13.96970898,44.79411158,0
2022-09-05T11:13:19Z,13.9706974,44.79428011,0
2022-09-05T11:13:40Z,13.97123177,44.79433067,0
2022-09-05T11:14:10Z,13.97198329,44.79442604,0
2022-09-05T11:16:55Z,13.97621788,44.79481512,0
2022-09-05T11:18:04Z,13.97798743,44.79496015,0
2022-09-05T11:20:04Z,13.98104537,44.79525991,0
2022-09-05T11:20:34Z,13.98177991,44.79535474,0
2022-09-05T11:21:22Z,13.98299194,44.79554472,0
2022-09-05T11:22:19Z,13.98446218,44.79574208,0
2022-09-05T11:24:55Z,13.98867528,44.7963512,0
2022-09-05T11:26:04Z,13.99060081,44.79660518,0
2022-09-05T11:27:52Z,13.9936147,44.79709001,0
2022-09-05T11:28:22Z,13.99443368,44.79724031,0
2022-09-05T11:29:10Z,13.99579531,44.79744382,0
2022-09-05T11:30:58Z,13.99883911,44.79793871,0
2022-09-05T11:31:22Z,13.99951202,44.79806853,0
2022-09-05T11:31:37Z,13.99992617,44.79817905,0
2022-09-05T11:31:52Z,14.00031943,44.79830729,0
2022-09-05T11:32:04Z,14.00063517,44.7984429,0
2022-09-05T11:32:34Z,14.00132132,44.79889131,0
2022-09-05T11:33:01Z,14.00187317,44.7993396,0
2022-09-05T11:35:04Z,14.00433188,44.80145946,0
2022-09-05T11:35:49Z,14.00523427,44.80225934,0
2022-09-05T11:36:34Z,14.00588481,44.80287588,0
2022-09-05T11:36:40Z,14.00595322,44.80296882,0
2022-09-05T11:36:58Z,14.00610033,44.80327803,0
2022-09-05T11:37:19Z,14.00631343,44.80357808,0
2022-09-05T11:37:31Z,14.00639231,44.80373585,0
2022-09-05T11:37:52Z,14.00650493,44.80403282,0
2022-09-05T11:38:01Z,14.00659726,44.8041988,0
2022-09-05T11:38:25Z,14.00691868,44.80468264,0
2022-09-05T11:38:31Z,14.00702049,44.80480266,0
2022-09-05T11:38:46Z,14.00720803,44.80513778,0
2022-09-05T11:39:16Z,14.00771081,44.80579081,0
2022-09-05T11:39:40Z,14.00803827,44.80634596,0
2022-09-05T11:40:25Z,14.00877728,44.80733489,0
2022-09-05T11:40:34Z,14.00890831,44.80753375,0
2022-09-05T11:40:46Z,14.00905809,44.80781235,0
2022-09-05T11:40:55Z,14.00914552,44.80803063,0
2022-09-05T11:41:04Z,14.00918708,44.8082498,0
2022-09-05T11:42:01Z,14.00971727,44.80954345,0
2022-09-05T11:43:55Z,14.01035705,44.8113029,0
2022-09-05T11:44:22Z,14.0105562,44.81176378,0
2022-09-05T11:44:25Z,14.01056074,44.81182621,0
2022-09-05T11:44:28Z,14.01053544,44.81187992,0
2022-09-05T11:44:31Z,14.01049225,44.81192111,0
2022-09-05T11:44:40Z,14.01033262,44.81196417,0
2022-09-05T11:44:46Z,14.01025189,44.81203463,0
2022-09-05T11:44:49Z,14.01024146,44.8120847,0
2022-09-05T11:44:52Z,14.01026198,44.81213573,0
2022-09-05T11:45:04Z,14.01041271,44.81231205,0
2022-09-05T11:45:49Z,14.01113614,44.81289403,0
2022-09-05T11:46:16Z,14.01147969,44.81339028,0
2022-09-05T11:46:43Z,14.0118903,44.81387775,0
2022-09-05T11:46:58Z,14.01203872,44.81418946,0
2022-09-05T11:47:04Z,14.01207528,44.81432393,0
2022-09-05T11:47:07Z,14.01207517,44.8143987,0
2022-09-05T11:47:43Z,14.01197591,44.81523227,0
2022-09-05T11:48:04Z,14.01188812,44.81572614,0
2022-09-05T11:48:13Z,14.01189931,44.81594575,0
2022-09-05T11:49:13Z,14.01220131,44.81735032,0
2022-09-05T11:51:10Z,14.01280149,44.8199292,0
2022-09-05T11:52:22Z,14.01313934,44.82153422,0
2022-09-05T11:53:01Z,14.01336527,44.82246937,0
2022-09-05T11:54:58Z,14.01389444,44.8248884,0
2022-09-05T11:55:13Z,14.01399596,44.82511211,0
2022-09-05T11:55:37Z,14.01425839,44.82543101,0
2022-09-05T11:55:52Z,14.01439873,44.82565159,0
2022-09-05T11:56:40Z,14.01476578,44.8264198,0
2022-09-05T11:57:04Z,14.01491185,44.82679301,0
2022-09-05T11:57:46Z,14.0150709,44.82754291,0
2022-09-05T11:58:13Z,14.01523313,44.8279681,0
2022-09-05T11:58:49Z,14.01553042,44.8284833,0
2022-09-05T11:59:19Z,14.01579883,44.82890063,0
2022-09-05T11:59:25Z,14.01587193,44.82896875,0
2022-09-05T11:59:37Z,14.01604179,44.82905577,0
2022-09-05T11:59:40Z,14.01607541,44.82909166,0
2022-09-05T11:59:55Z,14.01614756,44.82931078,0
2022-09-05T12:00:04Z,14.01616244,44.82945593,0
2022-09-05T12:00:19Z,14.01606366,44.82970585,0
2022-09-05T12:00:34Z,14.0160678,44.82997328,0
2022-09-05T12:00:55Z,14.01612142,44.83031397,0
2022-09-05T12:01:13Z,14.01621542,44.83060998,0
2022-09-05T12:01:25Z,14.01623384,44.83082061,0
2022-09-05T12:01:55Z,14.01617893,44.83135206,0
2022-09-05T12:02:19Z,14.01616211,44.83176375,0
2022-09-05T12:02:43Z,14.01612102,44.83215628,0
2022-09-05T12:02:49Z,14.01612635,44.83225519,0
2022-09-05T12:03:10Z,14.01621307,44.83258022,0
2022-09-05T12:03:31Z,14.01621336,44.83291926,0
2022-09-05T12:03:43Z,14.01624121,44.83311259,0
2022-09-05T12:03:55Z,14.01629073,44.83329319,0
2022-09-05T12:04:10Z,14.01630919,44.83352839,0
2022-09-05T12:04:31Z,14.0163613,44.83384109,0
2022-09-05T12:05:31Z,14.01644281,44.83482001,0
2022-09-05T12:06:34Z,14.01649275,44.83604431,0
2022-09-05T12:07:01Z,14.01654734,44.83654087,0
2022-09-05T12:07:22Z,14.01664481,44.83694722,0
2022-09-05T12:08:16Z,14.01680627,44.83792819,0
2022-09-05T12:08:28Z,14.0168555,44.838133,0
2022-09-05T12:09:25Z,14.01715502,44.83906383,0
2022-09-05T12:09:40Z,14.01725258,44.83929943,0
2022-09-05T12:09:55Z,14.0173359,44.83955545,0
2022-09-05T12:10:01Z,14.01734355,44.83965856,0
2022-09-05T12:10:19Z,14.01732054,44.83998647,0
2022-09-05T12:10:58Z,14.01719284,44.84076118,0
2022-09-05T12:11:25Z,14.01714142,44.84130242,0
2022-09-05T12:12:13Z,14.01710928,44.84224612,0
2022-09-05T12:12:31Z,14.01716345,44.84257875,0
2022-09-05T12:12:46Z,14.01723065,44.84284358,0
2022-09-05T12:13:31Z,14.01737805,44.84363282,0
2022-09-05T12:13:49Z,14.0174136,44.84394729,0
2022-09-05T12:14:19Z,14.01743221,44.84448746,0
2022-09-05T12:15:10Z,14.01751331,44.84540955,0
2022-09-05T12:16:16Z,14.01769116,44.84648907,0
2022-09-05T12:17:22Z,14.01778852,44.84753217,0
2022-09-05T12:17:58Z,14.01782414,44.84811189,0
2022-09-05T12:19:07Z,14.01813037,44.84911756,0
2022-09-05T12:19:30.430Z,14.01821057,44.84946365,0
2022-09-05T12:20:16Z,14.0184196,44.85010624,0
2022-09-05T12:21:06Z,14.01871358,44.85079843,0
2022-09-05T12:21:33Z,14.01890086,44.85118068,0
2022-09-05T12:21:51Z,14.01904354,44.85143305,0
2022-09-05T12:22:06Z,14.01911833,44.85164961,0
2022-09-05T12:22:42Z,14.01920357,44.8521986,0
2022-09-05T12:23:09Z,14.01924917,44.85264528,0
2022-09-05T12:23:33Z,14.01933134,44.8530402,0
2022-09-05T12:24:18Z,14.01945556,44.85377943,0
2022-09-05T12:24:39Z,14.01949983,44.85411277,0
2022-09-05T12:25:12Z,14.01953266,44.85461165,0
2022-09-05T12:26:00Z,14.0196747,44.85529067,0
2022-09-05T12:26:45Z,14.01975985,44.85591714,0
2022-09-05T12:27:00Z,14.0198188,44.85612193,0
2022-09-05T12:27:42Z,14.0199164,44.85669293,0
2022-09-05T12:28:24Z,14.01996389,44.8572126,0
2022-09-05T12:28:45Z,14.02003456,44.85746108,0
2022-09-05T12:28:57Z,14.02005461,44.85760092,0
2022-09-05T12:29:39Z,14.02021459,44.85806423,0
2022-09-05T12:30:00Z,14.02031473,44.85829888,0
2022-09-05T12:30:57Z,14.02046266,44.85892663,0
2022-09-05T12:31:27Z,14.02051015,44.8592431,0
2022-09-05T12:32:21Z,14.02051886,44.85981084,0
2022-09-05T12:32:45Z,14.02059665,44.86009418,0
2022-09-05T12:33:03Z,14.02069789,44.86031587,0
2022-09-05T12:33:15Z,14.02081537,44.86047523,0
2022-09-05T12:33:33Z,14.02096338,44.86071897,0
2022-09-05T12:34:12Z,14.02130355,44.86118959,0
2022-09-05T12:34:33Z,14.0214956,44.86141171,0
2022-09-05T12:34:57Z,14.0217145,44.86161499,0
2022-09-05T12:35:30Z,14.02193541,44.86187052,0
2022-09-05T12:36:51Z,14.0223814,44.86242464,0
2022-09-05T12:37:27Z,14.02256888,44.86263009,0
2022-09-05T12:37:45Z,14.02265335,44.86275722,0
2022-09-05T12:38:48Z,14.02283416,44.863215,0
2022-09-05T12:39:42Z,14.0228868,44.86356077,0
2022-09-05T12:40:15Z,14.02294958,44.86375705,0
2022-09-05T12:43:12Z,14.0233401,44.86441677,0
2022-09-05T12:44:03Z,14.02345163,44.8645693,0
2022-09-05T12:45:15Z,14.02351977,44.8648142,0
2022-09-05T12:46:12Z,14.02367275,44.86504417,0
2022-09-05T12:47:36Z,14.02383209,44.86534964,0
2022-09-05T12:48:18Z,14.0239701,44.86548128,0
2022-09-05T12:49:24Z,14.02413135,44.86567358,0
2022-09-05T12:49:51Z,14.02421238,44.86573608,0
2022-09-05T12:51:00Z,14.02438342,44.86594737,0
2022-09-05T12:52:03Z,14.02457378,44.86612975,0
2022-09-05T12:53:45Z,14.02498481,44.86632983,0
2022-09-05T12:54:24Z,14.02516372,44.86639454,0
2022-09-05T12:54:45Z,14.02528267,44.86641193,0
2022-09-05T12:55:06Z,14.02541465,44.86645618,0
2022-09-05T12:55:33Z,14.02559931,44.86656434,0
2022-09-05T12:56:51Z,14.02594663,44.86693977,0
2022-09-05T12:57:33Z,14.02615247,44.86710394,0
2022-09-05T12:58:33Z,14.0265155,44.8673391,0
2022-09-05T13:00:18Z,14.02719514,44.86786288,0
2022-09-05T13:00:24Z,14.02724527,44.86793225,0
2022-09-05T13:00:30Z,14.02726055,44.8680173,0
2022-09-05T13:00:42Z,14.02717592,44.86817646,0
2022-09-05T13:00:57Z,14.02699235,44.86837602,0
2022-09-05T13:01:15Z,14.02672838,44.86860671,0
2022-09-05T13:01:45Z,14.02632254,44.86903505,0
2022-09-05T13:02:03Z,14.02603162,44.86925566,0
2022-09-05T13:02:15Z,14.0258144,44.86934727,0
2022-09-05T13:02:39Z,14.02533204,44.86948411,0
2022-09-05T13:03:57Z,14.02371236,44.87003843,0
2022-09-05T13:04:30Z,14.02303483,44.87031572,0
2022-09-05T13:05:03Z,14.02233074,44.87055614,0
2022-09-05T13:05:18Z,14.02201894,44.87068853,0
2022-09-05T13:05:33Z,14.02174689,44.87086445,0
2022-09-05T13:05:45Z,14.02150028,44.87097523,0
2022-09-05T13:06:21Z,14.02069971,44.87118643,0
2022-09-05T13:07:03Z,14.01968725,44.8715099,0
2022-09-05T13:07:18Z,14.01927845,44.87159369,0
2022-09-05T13:07:33Z,14.0188582,44.87163422,0
2022-09-05T13:07:45Z,14.01851506,44.87164221,0
2022-09-05T13:08:09Z,14.01784455,44.87160554,0
2022-09-05T13:08:33Z,14.01716093,44.87158882,0
2022-09-05T13:08:39Z,14.01699923,44.87159126,0
2022-09-05T13:08:45Z,14.01683804,44.87161539,0
2022-09-05T13:08:54Z,14.01663194,44.87170529,0
2022-09-05T13:09:03Z,14.01648599,44.87183797,0
2022-09-05T13:09:09Z,14.01636557,44.87191049,0
2022-09-05T13:09:24Z,14.01599416,44.8720438,0
2022-09-05T13:09:42Z,14.01551689,44.87214504,0
2022-09-05T13:10:03Z,14.0149614,44.87221291,0
2022-09-05T13:10:30Z,14.01426064,44.87234733,0
2022-09-05T13:11:21Z,14.01294018,44.87271408,0
2022-09-05T13:11:54Z,14.01208373,44.87293703,0
2022-09-05T13:12:15Z,14.01153951,44.87306113,0
2022-09-05T13:13:27Z,14.00971931,44.87355928,0
2022-09-05T13:14:21Z,14.00835544,44.87399841,0
2022-09-05T13:15:06Z,14.00718206,44.87431633,0
2022-09-05T13:16:24Z,14.00523956,44.87498284,0
2022-09-05T13:16:42Z,14.00483179,44.87513756,0
2022-09-05T13:17:12Z,14.00408615,44.87536952,0
2022-09-05T13:17:42Z,14.00333473,44.8756309,0
2022-09-05T13:18:28Z,14.00214327,44.87593637,0
2022-09-05T13:18:43Z,14.00177613,44.87606471,0
2022-09-05T13:18:52Z,14.00158884,44.87617002,0
2022-09-05T13:19:25Z,14.00100924,44.8765544,0
2022-09-05T13:19:37Z,14.00078956,44.87667198,0
2022-09-05T13:19:58Z,14.00039642,44.87684706,0
2022-09-05T13:20:25Z,13.99993556,44.87712541,0
2022-09-05T13:21:13Z,13.99920068,44.8776744,0
2022-09-05T13:21:22Z,13.9990754,44.87772915,0
2022-09-05T13:21:46Z,13.99870907,44.87781444,0
2022-09-05T13:22:19Z,13.99827028,44.87785028,0
2022-09-05T13:22:34Z,13.99808618,44.87787987,0
2022-09-05T13:22:49Z,13.99791845,44.87787428,0
2022-09-05T13:22:55Z,13.99786638,44.87785862,0
2022-09-05T13:23:04Z,13.99780177,44.87781195,0
2022-09-05T13:23:37Z,13.99764982,44.87759406,0
2022-09-05T13:24:04Z,13.99744833,44.87745331,0
2022-09-05T13:24:58Z,13.99696329,44.87726793,0
2022-09-05T13:25:55Z,13.99636567,44.877199,0
2022-09-05T13:26:04Z,13.99624226,44.87720423,0
2022-09-05T13:26:28Z,13.99591908,44.87726105,0
2022-09-05T13:26:52Z,13.99551637,44.87725306,0
2022-09-05T13:27:28Z,13.9949148,44.87729851,0
2022-09-05T13:27:58Z,13.9943836,44.87737761,0
2022-09-05T13:28:37Z,13.99394,44.87746372,0
2022-09-05T13:29:28Z,13.99348874,44.87758312,0
2022-09-05T13:29:52Z,13.99330849,44.87759378,0
2022-09-05T13:30:28Z,13.99342684,44.87762394,0
2022-09-05T13:31:07Z,13.99357932,44.87759807,0
2022-09-05T13:32:01Z,13.99371391,44.87754632,0
2022-09-05T13:32:40Z,13.99363619,44.87758192,0
2022-09-05T13:33:07Z,13.99362927,44.8775464,0
2022-09-05T13:33:34Z,13.99368192,44.87750717,0
2022-09-05T13:33:49Z,13.99367968,44.8774864,0
2022-09-05T13:34:31Z,13.99360432,44.8774644,0
2022-09-05T13:35:04Z,13.99355397,44.87748857,0
2022-09-05T13:35:41Z,13.99362183,44.87753111,0
2022-09-05T13:36:11Z,13.99369445,44.8775341,0
2022-09-05T13:36:32Z,13.99372322,44.87756779,0
2022-09-05T13:37:02Z,13.99366444,44.87759739,0
2022-09-05T13:38:05Z,13.993634,44.8775912,0
2022-09-05T13:38:47Z,13.99366722,44.87767427,0
2022-09-05T13:39:05Z,13.99364252,44.87769598,0
2022-09-05T13:39:29Z,13.99360949,44.87768065,0
2022-09-05T13:40:20Z,13.99360276,44.87769334,0
2022-09-05T13:41:17Z,13.99370816,44.87763516,0
2022-09-05T13:41:23Z,13.99372465,44.87763908,0
2022-09-05T13:41:32Z,13.99373701,44.87761749,0
2022-09-05T13:42:26Z,13.99369377,44.87757024,0
2022-09-05T13:42:56Z,13.99368829,44.87752608,0
2022-09-05T13:43:32Z,13.99364396,44.8774942,0
2022-09-05T13:43:56Z,13.99367376,44.87752516,0
2022-09-05T13:44:17Z,13.99367495,44.87756265,0
2022-09-05T13:44:32Z,13.99365952,44.87756331,0
2022-09-05T13:44:53Z,13.99368029,44.87760604,0
2022-09-05T13:45:02Z,13.99364629,44.87762253,0
2022-09-05T13:45:38Z,13.99364499,44.877659,0
2022-09-05T13:46:32Z,13.99361221,44.87768412,0
2022-09-05T13:46:44Z,13.99361596,44.87770659,0
2022-09-05T13:47:11Z,13.99359507,44.87772347,0
2022-09-05T13:49:35Z,13.99366689,44.87761563,0
2022-09-05T13:49:50Z,13.99370611,44.87758478,0
2022-09-05T13:50:14Z,13.99371169,44.87755669,0
2022-09-05T13:50:53Z,13.99364408,44.87753519,0
2022-09-05T13:53:23Z,13.99357083,44.87753985,0
2022-09-05T13:54:02Z,13.99361263,44.8775112,0
2022-09-05T13:54:17Z,13.99364938,44.87751018,0
2022-09-05T13:54:35Z,13.993679,44.87753446,0
2022-09-05T13:55:14Z,13.99368816,44.87756617,0
2022-09-05T13:56:20Z,13.99364323,44.87759028,0
2022-09-05T13:56:44Z,13.99364219,44.87755091,0
2022-09-05T13:57:29Z,13.99367051,44.8775176,0
2022-09-05T13:57:53Z,13.9936614,44.87748161,0
2022-09-05T13:58:20Z,13.99361208,44.87743805,0
2022-09-05T13:59:23Z,13.99351197,44.87743593,0
2022-09-05T14:00:17Z,13.9935129,44.87749191,0
2022-09-05T14:01:08Z,13.9936318,44.87747533,0
2022-09-05T14:03:11Z,13.99366603,44.87752824,0
2022-09-05T14:03:41Z,13.99371664,44.87753849,0
2022-09-05T14:03:53Z,13.9937081,44.87758045,0
2022-09-05T14:04:53Z,13.99364761,44.87765663,0
2022-09-05T14:05:26Z,13.99360318,44.8776649,0
2022-09-05T14:05:56Z,13.99359372,44.87764759,0
2022-09-05T14:06:50Z,13.99358104,44.87765951,0
2022-09-05T14:07:44Z,13.9936203,44.87770263,0
2022-09-05T14:08:17Z,13.99366002,44.87770419,0
2022-09-05T14:08:59Z,13.99357884,44.87769753,0
2022-09-05T14:09:41Z,13.99351144,44.87770625,0
2022-09-05T14:10:32Z,13.99349721,44.87773114,0
2022-09-05T14:11:02Z,13.99348577,44.87772079,0
2022-09-05T14:12:14Z,13.99363618,44.87768497,0
2022-09-05T14:13:29Z,13.99361096,44.87764329,0
2022-09-05T14:14:44Z,13.99358356,44.87764255,0
2022-09-05T14:15:05Z,13.99359251,44.87759643,0
2022-09-05T14:15:41Z,13.99364853,44.87758557,0
2022-09-05T14:16:47Z,13.99370142,44.8775387,0
2022-09-05T14:17:26Z,13.99366364,44.87756789,0
2022-09-05T14:18:14Z,13.99366732,44.87766698,0
2022-09-05T14:18:35Z,13.99364056,44.87768008,0
2022-09-05T14:19:08Z,13.99361994,44.87771752,0
2022-09-05T14:19:59Z,13.99355013,44.87774047,0
2022-09-05T14:20:08Z,13.99354233,44.87775896,0
2022-09-05T14:20:32Z,13.9935295,44.87775571,0
2022-09-05T14:20:53Z,13.99358137,44.87772661,0
2022-09-05T14:21:05Z,13.99358651,44.87768904,0
2022-09-05T14:21:38Z,13.99351605,44.87762971,0
2022-09-05T14:22:02Z,13.99341845,44.87762531,0
2022-09-05T14:22:35Z,13.99333251,44.87766261,0
2022-09-05T14:23:05Z,13.99359916,44.87755836,0
2022-09-05T14:23:26Z,13.9940184,44.87748293,0
2022-09-05T14:23:29Z,13.99406374,44.87745252,0
2022-09-05T14:23:32Z,13.9940846,44.87741414,0
2022-09-05T14:23:38Z,13.99406463,44.87734675,0
2022-09-05T14:23:47Z,13.99401736,44.87731868,0
2022-09-05T14:24:08Z,13.99422023,44.87737663,0
2022-09-05T14:24:17Z,13.9944187,44.87737616,0
2022-09-05T14:24:59Z,13.99560096,44.87712922,0
2022-09-05T14:25:08Z,13.99588648,44.87709148,0
2022-09-05T14:25:17Z,13.99618294,44.87707904,0
2022-09-05T14:25:47Z,13.99720294,44.87712937,0
2022-09-05T14:25:56Z,13.99750071,44.87716781,0
2022-09-05T14:26:08Z,13.99789254,44.87724872,0
2022-09-05T14:26:14Z,13.99809389,44.87724201,0
2022-09-05T14:26:29Z,13.99859432,44.87717738,0
2022-09-05T14:26:35Z,13.99879683,44.87717228,0
2022-09-05T14:27:17Z,14.00022834,44.87724922,0
2022-09-05T14:27:29Z,14.00064403,44.87725708,0
2022-09-05T14:27:53Z,14.00146603,44.8772396,0
2022-09-05T14:28:08Z,14.00196301,44.87730419,0
2022-09-05T14:28:20Z,14.00235599,44.87738083,0
2022-09-05T14:28:44Z,14.00308501,44.87757961,0
2022-09-05T14:28:47Z,14.00318425,44.87756508,0
2022-09-05T14:28:56Z,14.00346074,44.87745798,0
2022-09-05T14:28:59Z,14.00355353,44.87743704,0
2022-09-05T14:29:05Z,14.00374522,44.87743253,0
2022-09-05T14:29:11Z,14.00392899,44.87747226,0
2022-09-05T14:29:23Z,14.00423373,44.87763104,0
2022-09-05T14:29:29Z,14.00439959,44.87769289,0
2022-09-05T14:29:35Z,14.00458085,44.87773525,0
2022-09-05T14:29:50Z,14.00505619,44.87780647,0
2022-09-05T14:29:59Z,14.00530162,44.8779105,0
2022-09-05T14:30:05Z,14.00545323,44.8779934,0
2022-09-05T14:31:32Z,14.0074089,44.87937386,0
2022-09-05T14:32:50Z,14.00917598,44.88066089,0
2022-09-05T14:33:14Z,14.00969557,44.88106504,0
2022-09-05T14:33:29Z,14.01005481,44.88129271,0
2022-09-05T14:34:26Z,14.01134642,44.8822102,0
2022-09-05T14:35:14Z,14.01243422,44.88299813,0
2022-09-05T14:35:38Z,14.01297205,44.8834111,0
2022-09-05T14:36:14Z,14.01380503,44.88400087,0
2022-09-05T14:36:47Z,14.01455087,44.88456522,0
2022-09-05T14:37:05Z,14.01497141,44.88485909,0
2022-09-05T14:38:02Z,14.01625352,44.8858244,0
2022-09-05T14:39:05Z,14.01764051,44.8869022,0
2022-09-05T14:39:53Z,14.01870438,44.88775608,0
2022-09-05T14:40:20Z,14.01931932,44.88820087,0
2022-09-05T14:41:17Z,14.02058054,44.88920971,0
2022-09-05T14:42:23Z,14.0220811,44.89035893,0
2022-09-05T14:42:38Z,14.02236119,44.8906037,0
2022-09-05T14:43:05Z,14.02275473,44.89089937,0
2022-09-05T14:43:56Z,14.02343847,44.89145797,0
2022-09-05T14:44:38Z,14.02415224,44.89199307,0
2022-09-05T14:45:32Z,14.02529211,44.8928905,0
2022-09-05T14:45:56Z,14.0258016,44.89325754,0
2022-09-05T14:46:26Z,14.02640216,44.89373601,0
2022-09-05T14:47:50Z,14.02799107,44.89472333,0
2022-09-05T14:48:29Z,14.0287927,44.89524283,0
2022-09-05T14:48:47Z,14.02918639,44.89547157,0
2022-09-05T14:49:05Z,14.02954885,44.89576479,0
2022-09-05T14:49:56Z,14.03059339,44.89652431,0
2022-09-05T14:51:23Z,14.0322817,44.8978006,0
2022-09-05T14:52:35Z,14.03373128,44.89884779,0
2022-09-05T14:53:35Z,14.03490958,44.89973694,0
2022-09-05T14:54:05Z,14.03552254,44.90017777,0
2022-09-05T14:54:38Z,14.03613475,44.9006515,0
2022-09-05T14:55:32Z,14.03713682,44.90138577,0
2022-09-05T14:56:35Z,14.03847108,44.90239666,0
2022-09-05T14:56:56Z,14.03898496,44.90274502,0
2022-09-05T14:57:44Z,14.03999006,44.90348132,0
2022-09-05T14:58:02Z,14.04031118,44.90374628,0
2022-09-05T14:59:08Z,14.04150037,44.90461914,0
2022-09-05T14:59:23Z,14.0417509,44.9048312,0
2022-09-05T15:00:03Z,14.04242791,44.9053431,0
2022-09-05T15:01:19Z,14.04383261,44.90633806,0
2022-09-05T15:02:07Z,14.04474267,44.90694459,0
2022-09-05T15:03:10Z,14.04582175,44.9077528,0
2022-09-05T15:05:10Z,14.04789103,44.90920637,0
2022-09-05T15:05:34Z,14.04835439,44.90956466,0
2022-09-05T15:06:22Z,14.04933649,44.91024185,0
2022-09-05T15:07:19Z,14.05047025,44.91107904,0
2022-09-05T15:07:55Z,14.05119997,44.91155681,0
2022-09-05T15:08:58Z,14.05250454,44.91246646,0
2022-09-05T15:09:34Z,14.05328399,44.91305052,0
2022-09-05T15:09:55Z,14.05375146,44.91335428,0
2022-09-05T15:10:19Z,14.05422301,44.91371162,0
2022-09-05T15:12:49Z,14.05714966,44.91571999,0
2022-09-05T15:13:22Z,14.05785115,44.91622129,0
2022-09-05T15:14:37Z,14.05943852,44.91729648,0
2022-09-05T15:16:10Z,14.06133216,44.91862451,0
2022-09-05T15:16:34Z,14.06182557,44.91898821,0
2022-09-05T15:17:07Z,14.06252487,44.91944557,0
2022-09-05T15:17:37Z,14.06310297,44.91986057,0
2022-09-05T15:17:46Z,14.06331541,44.91992394,0
2022-09-05T15:17:52Z,14.06343347,44.91999916,0
2022-09-05T15:18:01Z,14.06363865,44.92008086,0
2022-09-05T15:18:10Z,14.06380726,44.92020187,0
2022-09-05T15:18:28Z,14.06420911,44.9203486,0
2022-09-05T15:18:37Z,14.06437678,44.92045076,0
2022-09-05T15:19:01Z,14.06484691,44.92067847,0
2022-09-05T15:19:49Z,14.06580163,44.92111816,0
2022-09-05T15:20:19Z,14.06638955,44.92136873,0
2022-09-05T15:22:13Z,14.06855165,44.92240771,0
2022-09-05T15:24:19Z,14.07104287,44.92355825,0
2022-09-05T15:24:22Z,14.07110083,44.92360013,0
2022-09-05T15:24:28Z,14.07118712,44.9236986,0
2022-09-05T15:24:37Z,14.07126591,44.92387164,0
2022-09-05T15:24:43Z,14.0713419,44.92399036,0
2022-09-05T15:25:16Z,14.07151975,44.92471779,0
2022-09-05T15:25:40Z,14.07153673,44.92528167,0
2022-09-05T15:25:49Z,14.07152683,44.92550528,0
2022-09-05T15:26:10Z,14.071443,44.92600288,0
2022-09-05T15:26:22Z,14.07150256,44.92628324,0
2022-09-05T15:26:40Z,14.07162281,44.9266865,0
2022-09-05T15:27:13Z,14.07190465,44.92738957,0
2022-09-05T15:27:31Z,14.07196015,44.92779796,0
2022-09-05T15:27:58Z,14.07192882,44.92845096,0
2022-09-05T15:28:11Z,14.07184669,44.92880158,0
2022-09-05T15:28:17Z,14.07183184,44.92896013,0
2022-09-05T15:28:29Z,14.07184998,44.92927501,0
2022-09-05T15:28:47Z,14.07191032,44.92975184,0
2022-09-05T15:29:27Z,14.07185737,44.93079045,0
2022-09-05T15:29:33Z,14.07182295,44.93094765,0
2022-09-05T15:29:42Z,14.07173174,44.93117688,0
2022-09-05T15:29:54Z,14.07166357,44.93148565,0
2022-09-05T15:30:06Z,14.07154181,44.93178772,0
2022-09-05T15:30:21Z,14.07143075,44.93216943,0
2022-09-05T15:30:51Z,14.07125857,44.93294464,0
2022-09-05T15:31:03Z,14.07117358,44.93326012,0
2022-09-05T15:31:21Z,14.07101013,44.93374032,0
2022-09-05T15:31:42Z,14.07088035,44.9342842,0
2022-09-05T15:31:57Z,14.070747,44.9346551,0
2022-09-05T15:32:21Z,14.0704971,44.93522481,0
2022-09-05T15:32:33Z,14.07039943,44.93551124,0
2022-09-05T15:32:54Z,14.07032067,44.93596674,0
2022-09-05T15:33:12Z,14.07022011,44.93634884,0
2022-09-05T15:33:18Z,14.07020588,44.93646994,0
2022-09-05T15:33:24Z,14.0702209,44.93659954,0
2022-09-05T15:33:30Z,14.07027347,44.93671658,0
2022-09-05T15:33:39Z,14.07044981,44.93683358,0
2022-09-05T15:33:48Z,14.07063673,44.93691102,0
2022-09-05T15:33:54Z,14.07077501,44.93691843,0
2022-09-05T15:34:00Z,14.07089689,44.93694837,0
2022-09-05T15:34:06Z,14.07099006,44.93700524,0
2022-09-05T15:34:24Z,14.07121357,44.93719964,0
2022-09-05T15:34:45Z,14.07150669,44.93735947,0
2022-09-05T15:35:00Z,14.07174411,44.93737311,0
2022-09-05T15:35:15Z,14.07195025,44.93744297,0
2022-09-05T15:35:34Z,14.07220997,44.93748455,0
2022-09-05T15:35:52Z,14.072396,44.93756876,0
2022-09-05T15:36:04Z,14.07247817,44.93764536,0
2022-09-05T15:36:19Z,14.07254568,44.93775649,0
2022-09-05T15:36:25Z,14.07254736,44.9378227,0
2022-09-05T15:36:31Z,14.07249682,44.93789144,0
2022-09-05T15:36:40Z,14.07235074,44.93797707,0
2022-09-05T15:37:01Z,14.07191494,44.93814606,0
2022-09-05T15:37:28Z,14.07126499,44.93828952,0
2022-09-05T15:37:37Z,14.07105662,44.9383557,0
2022-09-05T15:37:49Z,14.07081298,44.93848319,0
2022-09-05T15:38:04Z,14.07056799,44.93869478,0
2022-09-05T15:38:28Z,14.07001084,44.93888163,0
2022-09-05T15:39:07Z,14.06904174,44.93905307,0
2022-09-05T15:40:10Z,14.0675222,44.93943002,0
2022-09-05T15:40:31Z,14.06701783,44.93958827,0
2022-09-05T15:40:46Z,14.06663556,44.93966428,0
2022-09-05T15:42:29Z,14.06406791,44.94030423,0
2022-09-05T15:43:08Z,14.06311156,44.94058431,0
2022-09-05T15:43:47Z,14.0622059,44.9409267,0
2022-09-05T15:44:17Z,14.06147761,44.94115084,0
2022-09-05T15:46:59Z,14.05749197,44.94220267,0
2022-09-05T15:47:17Z,14.05710961,44.94237309,0
2022-09-05T15:47:32Z,14.0568203,44.94252863,0
2022-09-05T15:47:59Z,14.05635646,44.94285982,0
2022-09-05T15:48:41Z,14.05558955,44.94333688,0
2022-09-05T15:48:56Z,14.05529017,44.94347419,0
2022-09-05T15:49:56Z,14.05388094,44.94397063,0
2022-09-05T15:51:08Z,14.05202719,44.94455652,0
2022-09-05T15:51:50Z,14.05098228,44.94492439,0
2022-09-05T15:52:14Z,14.05039062,44.94515833,0
2022-09-05T15:53:50Z,14.04812004,44.94611557,0
2022-09-05T15:55:07.432Z,14.04613569,44.9467953,0
2022-09-05T15:57:28Z,14.04255754,44.948166,0
2022-09-05T15:58:28Z,14.04102234,44.9487119,0
2022-09-05T15:59:31Z,14.03945364,44.94932694,0
2022-09-05T16:00:46Z,14.03764521,44.95012232,0
2022-09-05T16:01:16Z,14.03712585,44.95038229,0
2022-09-05T16:02:13Z,14.03624637,44.95074852,0
2022-09-05T16:02:28Z,14.03608215,44.95083543,0
2022-09-05T16:02:37Z,14.036006,44.95089795,0
2022-09-05T16:02:55Z,14.03592512,44.9510458,0
2022-09-05T16:03:43Z,14.03569382,44.95137917,0
2022-09-05T16:04:37Z,14.03523475,44.95168792,0
2022-09-05T16:05:19Z,14.0348484,44.95182115,0
2022-09-05T16:05:43Z,14.03473544,44.95188457,0
2022-09-05T16:06:37Z,14.03456265,44.95193146,0
2022-09-05T16:07:13Z,14.03442864,44.95200273,0
2022-09-05T16:08:07Z,14.03403833,44.95209442,0
2022-09-05T16:08:31Z,14.03389643,44.95215414,0
2022-09-05T16:09:22Z,14.03351833,44.95227256,0
2022-09-05T16:09:49Z,14.03344374,44.95227166,0
2022-09-05T16:10:10Z,14.03343535,44.95229682,0
2022-09-05T16:10:40Z,14.03335965,44.95235585,0
2022-09-05T16:11:31Z,14.03340092,44.95236965,0
2022-09-05T16:12:10Z,14.03350326,44.95236274,0
2022-09-05T16:12:28Z,14.03351154,44.95234993,0
2022-09-05T16:12:34Z,14.03349349,44.95234249,0
2022-09-05T16:13:22Z,14.03337806,44.95232751,0
2022-09-05T16:14:25Z,14.03335006,44.95230345,0
2022-09-05T16:16:43Z,14.03345472,44.95225712,0
2022-09-05T16:18:25Z,14.03341691,44.95232642,0
2022-09-05T16:18:59.432Z,14.03343945,44.95234359,0

2022-09-06T09:10:33.066Z,14.03366868,44.95183024,0
2022-09-06T09:10:36Z,14.03369312,44.95184271,0
2022-09-06T09:10:42Z,14.03373448,44.95182497,0
2022-09-06T09:11:00Z,14.03374628,44.95179763,0
2022-09-06T09:11:42Z,14.03373317,44.9517634,0
2022-09-06T09:11:54Z,14.03371565,44.95176733,0
2022-09-06T09:12:06Z,14.03373998,44.95177114,0
2022-09-06T09:12:21Z,14.033722,44.95179383,0
2022-09-06T09:14:00Z,14.03376563,44.95183064,0
2022-09-06T09:14:09Z,14.03377669,44.95182494,0
2022-09-06T09:15:33Z,14.03373708,44.95179471,0
2022-09-06T09:17:33Z,14.03374925,44.95181824,0
2022-09-06T09:18:30Z,14.03373979,44.95178731,0
2022-09-06T09:18:54Z,14.03380632,44.95182073,0
2022-09-06T09:19:24Z,14.03384222,44.95181959,0
2022-09-06T09:19:45Z,14.0338713,44.95177197,0
2022-09-06T09:20:45Z,14.03378201,44.95177782,0
2022-09-06T09:20:54Z,14.0337688,44.95171761,0
2022-09-06T09:21:00Z,14.03380892,44.95165553,0
2022-09-06T09:21:09Z,14.03390677,44.95159262,0
2022-09-06T09:21:30Z,14.03415191,44.95151761,0
2022-09-06T09:21:39Z,14.0342423,44.9515215,0
2022-09-06T09:21:51Z,14.03429273,44.9515584,0
2022-09-06T09:22:00Z,14.03422965,44.95153088,0
2022-09-06T09:22:06Z,14.034204,44.95146866,0
2022-09-06T09:22:12Z,14.03424958,44.95139722,0
2022-09-06T09:22:18Z,14.03433153,44.95133603,0
2022-09-06T09:22:48Z,14.03494012,44.95106846,0
2022-09-06T09:24:00Z,14.03649709,44.95026029,0
2022-09-06T09:24:42Z,14.03750725,44.94978257,0
2022-09-06T09:24:51Z,14.03769814,44.94966736,0
2022-09-06T09:25:12Z,14.03820755,44.94941224,0
2022-09-06T09:25:57Z,14.03924268,44.94884746,0
2022-09-06T09:29:00Z,14.04365764,44.94659796,0
2022-09-06T09:29:18Z,14.04414877,44.94644872,0
2022-09-06T09:30:12Z,14.04570136,44.94612065,0
2022-09-06T09:31:42Z,14.04828127,44.94554195,0
2022-09-06T09:31:48Z,14.04844957,44.94548769,0
2022-09-06T09:32:00Z,14.04873668,44.94536193,0
2022-09-06T09:33:03Z,14.05048795,44.94474097,0
2022-09-06T09:33:42Z,14.05155778,44.94434292,0
2022-09-06T09:33:57Z,14.05196003,44.94417537,0
2022-09-06T09:34:12Z,14.05238062,44.94402885,0
2022-09-06T09:36:03Z,14.05504028,44.94297124,0
2022-09-06T09:36:24Z,14.05527286,44.94285498,0
2022-09-06T09:37:24Z,14.05569018,44.94268312,0
2022-09-06T09:38:00Z,14.05589148,44.94261701,0
2022-09-06T09:39:16Z,14.05740188,44.94200605,0
2022-09-06T09:39:52Z,14.05824179,44.94168801,0
2022-09-06T09:41:01Z,14.0598324,44.94104509,0
2022-09-06T09:42:46Z,14.0623005,44.94008963,0
2022-09-06T09:44:43Z,14.06509017,44.93907729,0
2022-09-06T09:45:31Z,14.06625213,44.93868011,0
2022-09-06T09:46:31Z,14.06781904,44.93837989,0
2022-09-06T09:47:01Z,14.06862051,44.93824994,0
2022-09-06T09:48:01Z,14.07025695,44.93795053,0
2022-09-06T09:50:31Z,14.07439314,44.9371263,0
2022-09-06T09:51:43Z,14.07634686,44.93675211,0
2022-09-06T09:54:07Z,14.08025508,44.9360453,0
2022-09-06T09:56:34Z,14.0845061,44.93523966,0
2022-09-06T09:56:55Z,14.08510634,44.93525417,0
2022-09-06T09:57:31Z,14.08614868,44.93534207,0
2022-09-06T10:00:25Z,14.09119122,44.93599442,0
2022-09-06T10:01:10Z,14.0924906,44.93619215,0
2022-09-06T10:02:37Z,14.09499158,44.93649382,0
2022-09-06T10:04:59Z,14.09908184,44.93694808,0
2022-09-06T10:05:27.449Z,14.09990853,44.93702682,0
2022-09-06T10:05:57Z,14.10077101,44.93714804,0
2022-09-06T10:06:51Z,14.10236645,44.93733393,0
2022-09-06T10:07:48Z,14.10407158,44.93756125,0
2022-09-06T10:08:58.449Z,14.10619341,44.93782167,0
2022-09-06T10:09:25Z,14.10701042,44.9379046,0
2022-09-06T10:10:58Z,14.10979816,44.93826922,0
2022-09-06T10:11:04Z,14.10997111,44.93825059,0
2022-09-06T10:11:25Z,14.11056527,44.93812064,0
2022-09-06T10:11:39.449Z,14.11097846,44.93805747,0
2022-09-06T10:12:39Z,14.11269648,44.9377344,0
2022-09-06T10:13:03Z,14.11336743,44.93758455,0
2022-09-06T10:13:39Z,14.11441385,44.9374063,0
2022-09-06T10:15:45Z,14.11805343,44.93672402,0
2022-09-06T10:16:29Z,14.11931964,44.93646893,0
2022-09-06T10:16:38Z,14.11953882,44.93644764,0
2022-09-06T10:17:11Z,14.12034787,44.93648446,0
2022-09-06T10:18:21Z,14.12225395,44.93648905,0
2022-09-06T10:18:27Z,14.12238385,44.93652233,0
2022-09-06T10:18:33Z,14.12249046,44.93658859,0
2022-09-06T10:18:48Z,14.12270275,44.93679343,0
2022-09-06T10:19:06Z,14.12292761,44.93705541,0
2022-09-06T10:19:12Z,14.12297552,44.93714998,0
2022-09-06T10:19:27Z,14.12305274,44.93739259,0
2022-09-06T10:19:45Z,14.12311714,44.93767951,0
2022-09-06T10:20:06Z,14.12334135,44.93799314,0
2022-09-06T10:20:24Z,14.12358918,44.93825216,0
2022-09-06T10:21:09Z,14.12432415,44.93887136,0
2022-09-06T10:21:30Z,14.12467547,44.93923377,0
2022-09-06T10:21:36Z,14.12478925,44.93932731,0
2022-09-06T10:22:03Z,14.12532837,44.93975613,0
2022-09-06T10:22:45Z,14.12626826,44.94034902,0
2022-09-06T10:23:00Z,14.12657578,44.9405788,0
2022-09-06T10:23:15Z,14.12692236,44.9407726,0
2022-09-06T10:23:45Z,14.12751158,44.94102939,0
2022-09-06T10:24:09Z,14.12792134,44.94128077,0
2022-09-06T10:24:36Z,14.12842372,44.94148587,0
2022-09-06T10:26:09Z,14.13031285,44.94196599,0
2022-09-06T10:27:12Z,14.13165656,44.94228136,0
2022-09-06T10:27:36Z,14.13206438,44.94234502,0
2022-09-06T10:28:30Z,14.13283162,44.94257359,0
2022-09-06T10:29:09Z,14.13349093,44.94272789,0
2022-09-06T10:29:42Z,14.13391672,44.94287799,0
2022-09-06T10:30:33Z,14.13471257,44.94309041,0
2022-09-06T10:31:24Z,14.13537548,44.94329665,0
2022-09-06T10:31:51Z,14.13584609,44.94341567,0
2022-09-06T10:32:51Z,14.13673825,44.94369888,0
2022-09-06T10:33:36Z,14.13756007,44.94393624,0
2022-09-06T10:34:33Z,14.13834141,44.94419737,0
2022-09-06T10:35:06Z,14.13872656,44.94434935,0
2022-09-06T10:38:33Z,14.14248763,44.94547943,0
2022-09-06T10:40:48Z,14.14526559,44.94624,0
2022-09-06T10:42:27Z,14.14717806,44.94680311,0
2022-09-06T10:43:48Z,14.1488201,44.94724396,0
2022-09-06T10:44:33Z,14.14959037,44.9474779,0
2022-09-06T10:45:45Z,14.15086705,44.94783243,0
2022-09-06T10:47:01.449Z,14.15214313,44.94827213,0
2022-09-06T10:48:28Z,14.15394183,44.94883316,0
2022-09-06T10:49:46Z,14.15554733,44.94936891,0
2022-09-06T10:51:13Z,14.15737139,44.94995339,0
2022-09-06T10:52:28Z,14.1591594,44.9505178,0
2022-09-06T10:53:43Z,14.16089317,44.95104357,0
2022-09-06T10:54:00Z,14.16126771,44.95117172,0
2022-09-06T10:54:24Z,14.16180481,44.95132101,0
2022-09-06T10:55:06Z,14.16271953,44.95161623,0
2022-09-06T10:55:42Z,14.1635507,44.95185932,0
2022-09-06T10:57:06Z,14.16553005,44.95248548,0
2022-09-06T10:57:36Z,14.16626618,44.952702,0
2022-09-06T10:58:48Z,14.16813604,44.95316099,0
2022-09-06T10:59:09Z,14.16865138,44.95331246,0
2022-09-06T10:59:54Z,14.16981002,44.95361554,0
2022-09-06T11:00:45Z,14.17119938,44.95394458,0
2022-09-06T11:01:51Z,14.172971,44.95438824,0
2022-09-06T11:02:51Z,14.17455714,44.95481799,0
2022-09-06T11:03:48Z,14.17600125,44.95515646,0
2022-09-06T11:05:36Z,14.17882674,44.95590069,0
2022-09-06T11:05:45Z,14.17908408,44.95595018,0
2022-09-06T11:06:27Z,14.18023349,44.956238,0
2022-09-06T11:06:45Z,14.18069442,44.95635969,0
2022-09-06T11:07:12Z,14.18137325,44.95656882,0
2022-09-06T11:07:45Z,14.18227294,44.95679522,0
2022-09-06T11:08:42Z,14.18383999,44.95722989,0
2022-09-06T11:12:12Z,14.19000114,44.95886141,0
2022-09-06T11:14:18Z,14.1937297,44.95987567,0
2022-09-06T11:17:51Z,14.20032627,44.96149524,0
2022-09-06T11:19:23Z,14.20319013,44.96213859,0
2022-09-06T11:19:47Z,14.20394449,44.96233662,0
2022-09-06T11:20:26Z,14.20513429,44.96262085,0
2022-09-06T11:21:41Z,14.20748121,44.96313227,0
2022-09-06T11:21:56Z,14.20796108,44.96321911,0
2022-09-06T11:25:35Z,14.21460151,44.96463466,0
2022-09-06T11:26:53Z,14.21691142,44.96509081,0
2022-09-06T11:27:26Z,14.21792074,44.96527477,0
2022-09-06T11:29:38Z,14.22187906,44.96606254,0
2022-09-06T11:30:44Z,14.22392237,44.96640062,0
2022-09-06T11:31:56Z,14.22598202,44.96677578,0
2022-09-06T11:33:38Z,14.22899344,44.96739532,0
2022-09-06T11:35:56Z,14.23310964,44.96829627,0
2022-09-06T11:37:50Z,14.23657105,44.96901291,0
2022-09-06T11:40:41Z,14.24178804,44.9701402,0
2022-09-06T11:43:03Z,14.24609326,44.97114272,0
2022-09-06T11:44:00Z,14.24782738,44.97152743,0
2022-09-06T11:44:15Z,14.24828169,44.97164496,0
2022-09-06T11:46:15Z,14.25201459,44.97248481,0
2022-09-06T11:47:42Z,14.25466494,44.97311444,0
2022-09-06T11:47:57Z,14.25512571,44.9732093,0
2022-09-06T11:48:24Z,14.25594416,44.97341108,0
2022-09-06T11:51:33Z,14.26179762,44.97475644,0
2022-09-06T11:52:27Z,14.26351244,44.97507859,0
2022-09-06T11:54:09Z,14.26675052,44.97573934,0
2022-09-06T11:55:30Z,14.26926306,44.97622533,0
2022-09-06T11:57:15Z,14.27261793,44.97678624,0
2022-09-06T11:58:33Z,14.27504454,44.97721899,0
2022-09-06T11:58:57Z,14.2758284,44.97730749,0
2022-09-06T11:59:18Z,14.27650028,44.97740554,0
2022-09-06T12:00:03Z,14.27791714,44.97765624,0
2022-09-06T12:00:39Z,14.27909779,44.97783842,0
2022-09-06T12:01:30Z,14.28081932,44.97813477,0
2022-09-06T12:02:36Z,14.28307088,44.97849208,0
2022-09-06T12:03:24Z,14.28467543,44.97876524,0
2022-09-06T12:04:18Z,14.28653892,44.97904888,0
2022-09-06T12:05:48Z,14.28963383,44.97954712,0
2022-09-06T12:06:39Z,14.29143352,44.97979272,0
2022-09-06T12:07:48Z,14.29387153,44.98016501,0
2022-09-06T12:10:00Z,14.29856092,44.9808173,0
2022-09-06T12:10:21Z,14.29932367,44.98093663,0
2022-09-06T12:10:51Z,14.30042359,44.98106862,0
2022-09-06T12:11:27Z,14.3017238,44.98125518,0
2022-09-06T12:12:06Z,14.30315621,44.98143226,0
2022-09-06T12:13:12Z,14.30553146,44.98175596,0
2022-09-06T12:13:40Z,14.30652666,44.98185725,0
2022-09-06T12:15:25Z,14.31020988,44.98232231,0
2022-09-06T12:16:07Z,14.31173612,44.98240332,0
2022-09-06T12:18:04Z,14.31606322,44.98267751,0
2022-09-06T12:19:07Z,14.31828121,44.98283299,0
2022-09-06T12:19:31Z,14.31910576,44.98290546,0
2022-09-06T12:20:49Z,14.32177276,44.98307646,0
2022-09-06T12:21:04Z,14.32227142,44.98312749,0
2022-09-06T12:22:07Z,14.3244088,44.98316753,0
2022-09-06T12:22:13Z,14.32462859,44.98315742,0
2022-09-06T12:23:10Z,14.32669491,44.98290486,0
2022-09-06T12:24:52Z,14.3304623,44.98242171,0
2022-09-06T12:25:40Z,14.33211466,44.98224901,0
2022-09-06T12:27:01Z,14.33484691,44.98192697,0
2022-09-06T12:27:52Z,14.33652853,44.98169248,0
2022-09-06T12:28:53Z,14.33845705,44.98144621,0
2022-09-06T12:29:56Z,14.34040707,44.98115451,0
2022-09-06T12:32:06Z,14.34432013,44.98049947,0
2022-09-06T12:34:04Z,14.34775662,44.97980503,0
2022-09-06T12:34:28Z,14.34843558,44.97973047,0
2022-09-06T12:34:52Z,14.34908233,44.97963942,0
2022-09-06T12:39:28Z,14.35595197,44.97914877,0
2022-09-06T12:41:58Z,14.35932073,44.97886872,0
2022-09-06T12:42:37Z,14.36015661,44.97878963,0
2022-09-06T12:42:55Z,14.36054724,44.97873396,0
2022-09-06T12:43:07Z,14.36081623,44.97867467,0
2022-09-06T12:43:31Z,14.36137731,44.97860356,0
2022-09-06T12:43:52Z,14.36187622,44.97857287,0
2022-09-06T12:44:19Z,14.36249836,44.97856552,0
2022-09-06T12:44:37Z,14.36290398,44.97857717,0
2022-09-06T12:44:55Z,14.3633385,44.97861233,0
2022-09-06T12:45:10Z,14.36374788,44.97860035,0
2022-09-06T12:45:31Z,14.36433763,44.97853027,0
2022-09-06T12:45:46Z,14.36475096,44.9784198,0
2022-09-06T12:46:10Z,14.36543721,44.97828427,0
2022-09-06T12:46:43Z,14.36638653,44.97816489,0
2022-09-06T12:47:04Z,14.36699429,44.97811291,0
2022-09-06T12:47:28Z,14.36768378,44.97801963,0
2022-09-06T12:48:01Z,14.36864945,44.9779552,0
2022-09-06T12:48:13Z,14.36900539,44.97795728,0
2022-09-06T12:48:25Z,14.36935629,44.97793153,0
2022-09-06T12:48:46Z,14.36996437,44.97782428,0
2022-09-06T12:49:19Z,14.37089431,44.97756806,0
2022-09-06T12:49:43Z,14.37159746,44.97743329,0
2022-09-06T12:49:58Z,14.37201865,44.97732813,0
2022-09-06T12:50:25Z,14.37276176,44.97708008,0
2022-09-06T12:50:43Z,14.37324404,44.97689699,0
2022-09-06T12:51:34Z,14.37459994,44.97635017,0
2022-09-06T12:52:13Z,14.37562441,44.97591353,0
2022-09-06T12:52:58Z,14.37685755,44.97548051,0
2022-09-06T12:53:19Z,14.37743492,44.97530253,0
2022-09-06T12:53:34Z,14.37786749,44.97519482,0
2022-09-06T12:53:52Z,14.37835329,44.97503005,0
2022-09-06T12:54:25Z,14.37921184,44.97465493,0
2022-09-06T12:54:43Z,14.37965973,44.97443079,0
2022-09-06T12:54:55Z,14.37994382,44.97426651,0
2022-09-06T12:55:10Z,14.38024802,44.97402042,0
2022-09-06T12:55:16Z,14.38034547,44.97390531,0
2022-09-06T12:55:22Z,14.38041363,44.97377898,0
2022-09-06T12:55:37Z,14.38067405,44.97349982,0
2022-09-06T12:55:55Z,14.38101521,44.97318563,0
2022-09-06T12:56:07Z,14.38126448,44.97299838,0
2022-09-06T12:56:19Z,14.3815455,44.97282813,0
2022-09-06T12:56:43Z,14.38214113,44.97252886,0
2022-09-06T12:57:10Z,14.38283301,44.97221609,0
2022-09-06T12:57:31Z,14.38338925,44.9720051,0
2022-09-06T12:58:10Z,14.38446084,44.97170064,0
2022-09-06T12:58:37Z,14.38514209,44.97155462,0
2022-09-06T12:58:49Z,14.38542582,44.97151753,0
2022-09-06T12:59:04Z,14.38577079,44.9715109,0
2022-09-06T12:59:28Z,14.38632576,44.97156093,0
2022-09-06T12:59:46Z,14.38672132,44.97163521,0
2022-09-06T12:59:52Z,14.38685253,44.97163039,0
2022-09-06T12:59:55Z,14.38691275,44.97161081,0
2022-09-06T13:00:10Z,14.38717715,44.97144959,0
2022-09-06T13:00:40Z,14.38775165,44.97116829,0
2022-09-06T13:01:25Z,14.38830138,44.97068533,0
2022-09-06T13:01:52Z,14.38854687,44.97041148,0
2022-09-06T13:02:07Z,14.388653,44.97025389,0
2022-09-06T13:02:28Z,14.38883483,44.97003671,0
2022-09-06T13:02:43Z,14.38892075,44.96988278,0
2022-09-06T13:02:58Z,14.3889826,44.96971998,0
2022-09-06T13:03:07Z,14.38899407,44.96961411,0
2022-09-06T13:03:22Z,14.38897965,44.96944211,0
2022-09-06T13:03:46Z,14.38889968,44.96919137,0
2022-09-06T13:04:04Z,14.38878754,44.96902827,0
2022-09-06T13:04:13Z,14.38871402,44.96895191,0
2022-09-06T13:04:22Z,14.38869937,44.96886095,0
2022-09-06T13:04:25Z,14.38871539,44.96883206,0
2022-09-06T13:04:31Z,14.38877962,44.96879139,0
2022-09-06T13:05:31Z,14.38940608,44.96853765,0
2022-09-06T13:05:46Z,14.38950791,44.9684709,0
2022-09-06T13:06:07Z,14.38962413,44.96835951,0
2022-09-06T13:06:34Z,14.38969318,44.96819632,0
2022-09-06T13:06:52Z,14.38969582,44.96807792,0
2022-09-06T13:07:10Z,14.3896762,44.96797914,0
2022-09-06T13:07:43Z,14.38958948,44.9677968,0
2022-09-06T13:09:28Z,14.38920605,44.96738952,0
2022-09-06T13:09:52Z,14.38912032,44.96731765,0
2022-09-06T13:11:13Z,14.38894529,44.96696654,0
2022-09-06T13:12:43Z,14.38863761,44.96663152,0
2022-09-06T13:13:07Z,14.38860523,44.96654111,0
2022-09-06T13:14:07Z,14.38856734,44.96630443,0
2022-09-06T13:14:40Z,14.38849635,44.96616205,0
2022-09-06T13:15:13Z,14.38847613,44.96604247,0
2022-09-06T13:15:49Z,14.38848106,44.96593585,0
2022-09-06T13:16:16Z,14.3885013,44.96585588,0
2022-09-06T13:17:04Z,14.38858018,44.96570079,0
2022-09-06T13:17:28Z,14.38859282,44.96560709,0
2022-09-06T13:17:52Z,14.38857425,44.96553455,0
2022-09-06T13:19:13Z,14.38859044,44.96527533,0
2022-09-06T13:19:52Z,14.38862685,44.96515983,0
2022-09-06T13:20:19Z,14.38863585,44.96506586,0
2022-09-06T13:20:55Z,14.38860516,44.96495114,0
2022-09-06T13:21:37Z,14.38854509,44.96483584,0
2022-09-06T13:22:49Z,14.38851778,44.96458115,0
2022-09-06T13:23:07Z,14.38849902,44.96452291,0
2022-09-06T13:23:43Z,14.38851424,44.96443684,0
2022-09-06T13:23:52Z,14.38854595,44.96443787,0
2022-09-06T13:24:04Z,14.38854994,44.96438673,0
2022-09-06T13:24:22Z,14.38857196,44.96434919,0
2022-09-06T13:24:46Z,14.38855554,44.96425379,0
2022-09-06T13:25:04Z,14.38856629,44.96418667,0
2022-09-06T13:25:46Z,14.38854726,44.96404987,0
2022-09-06T13:26:10Z,14.3885077,44.96398278,0
2022-09-06T13:27:21Z,14.38844759,44.96374783,0
2022-09-06T13:30:30Z,14.38837389,44.96311515,0
2022-09-06T13:30:57Z,14.38834043,44.96301741,0
2022-09-06T13:32:24Z,14.38832789,44.96273007,0
2022-09-06T13:32:30Z,14.38831015,44.96269148,0
2022-09-06T13:32:45Z,14.38816749,44.96253165,0
2022-09-06T13:32:54Z,14.38811576,44.96237748,0
2022-09-06T13:33:06Z,14.38809008,44.96214233,0
2022-09-06T13:33:18Z,14.38809118,44.96188515,0
2022-09-06T13:33:42Z,14.38815027,44.96137689,0
2022-09-06T13:34:00Z,14.38816911,44.96101041,0
2022-09-06T13:34:15Z,14.38821214,44.96069807,0
2022-09-06T13:34:30Z,14.38831936,44.96035756,0
2022-09-06T13:34:45Z,14.38845759,44.95999871,0
2022-09-06T13:34:57Z,14.38860752,44.95971023,0
2022-09-06T13:35:09Z,14.38881057,44.95944777,0
2022-09-06T13:35:27Z,14.38916487,44.95907332,0
2022-09-06T13:35:45Z,14.38957074,44.95871943,0
2022-09-06T13:35:57Z,14.38988972,44.95851703,0
2022-09-06T13:36:12Z,14.39032987,44.95830945,0
2022-09-06T13:36:45Z,14.39137678,44.95794791,0
2022-09-06T13:37:03Z,14.39191555,44.95771927,0
2022-09-06T13:37:27Z,14.39268848,44.95747002,0
2022-09-06T13:37:48Z,14.3933735,44.95727334,0
2022-09-06T13:38:24Z,14.39451253,44.95689856,0
2022-09-06T13:39:33Z,14.39664985,44.9561163,0
2022-09-06T13:40:15Z,14.39801233,44.955678,0
2022-09-06T13:40:27Z,14.39838188,44.95553413,0
2022-09-06T13:41:18Z,14.40001745,44.95499082,0
2022-09-06T13:41:39Z,14.40066234,44.95474016,0
2022-09-06T13:42:18Z,14.40185867,44.95435841,0
2022-09-06T13:42:51Z,14.40280611,44.9540054,0
2022-09-06T13:43:12Z,14.40340801,44.95373139,0
2022-09-06T13:43:39Z,14.40415944,44.95334522,0
2022-09-06T13:44:06Z,14.40492879,44.95297251,0
2022-09-06T13:44:42Z,14.40597056,44.952506,0
2022-09-06T13:45:06Z,14.40664074,44.95216109,0
2022-09-06T13:45:33Z,14.40735764,44.95175699,0
2022-09-06T13:46:06Z,14.40825878,44.95131086,0
2022-09-06T13:47:03Z,14.40974623,44.95053338,0
2022-09-06T13:48:18Z,14.41152839,44.94952427,0
2022-09-06T13:49:12Z,14.41249061,44.94891669,0
2022-09-06T13:50:18Z,14.41335977,44.94832459,0
2022-09-06T13:50:54Z,14.41377308,44.94797884,0
2022-09-06T13:51:18Z,14.41411043,44.9477202,0
2022-09-06T13:51:27Z,14.41426418,44.94766288,0
2022-09-06T13:51:30Z,14.41432066,44.94766297,0
2022-09-06T13:52:03Z,14.41481645,44.9477827,0
2022-09-06T13:52:27Z,14.41512895,44.9478103,0
2022-09-06T13:52:57Z,14.41537502,44.94788533,0
2022-09-06T13:53:15Z,14.41539838,44.94787943,0
2022-09-06T13:53:27Z,14.41539753,44.94784517,0
2022-09-06T13:53:39Z,14.41541939,44.94787006,0
2022-09-06T13:53:48Z,14.41541891,44.94783031,0
2022-09-06T13:54:21Z,14.41538553,44.94780356,0
2022-09-06T13:54:51Z,14.41517279,44.94776138,0
2022-09-06T13:55:12Z,14.41536323,44.94782416,0
2022-09-06T13:55:21Z,14.4154084,44.94786273,0
2022-09-06T13:59:57Z,14.41549346,44.9477859,0
2022-09-06T14:05:54.449Z,14.41548602,44.94781312,0

2022-09-07T11:02:17Z,14.41548263,44.94779762,0
2022-09-07T11:02:26Z,14.41546299,44.94780267,0
2022-09-07T11:02:44Z,14.41548938,44.94779237,0
2022-09-07T11:02:56Z,14.41549579,44.94780538,0
2022-09-07T11:03:35Z,14.41548426,44.94778899,0
2022-09-07T11:03:50Z,14.4154615,44.94779258,0
2022-09-07T11:03:59Z,14.41547821,44.94778628,0
2022-09-07T11:04:05Z,14.41546415,44.9477926,0
2022-09-07T11:07:08Z,14.41550229,44.94780811,0
2022-09-07T11:07:26Z,14.41551346,44.94779512,0
2022-09-07T11:10:14Z,14.41549166,44.94779055,0
2022-09-07T11:17:32Z,14.41546075,44.94783883,0
2022-09-07T11:17:44Z,14.41546888,44.94781504,0
2022-09-07T11:18:53Z,14.41543001,44.94795901,0
2022-09-07T11:19:08Z,14.415467,44.9479727,0
2022-09-07T11:19:20Z,14.41546937,44.94799765,0
2022-09-07T11:19:59Z,14.4153941,44.94802943,0
2022-09-07T11:20:11Z,14.41526338,44.94801495,0
2022-09-07T11:20:50Z,14.41482343,44.94782174,0
2022-09-07T11:21:17Z,14.41435813,44.94768724,0
2022-09-07T11:21:23Z,14.41422075,44.94768646,0
2022-09-07T11:21:41Z,14.41390674,44.94779419,0
2022-09-07T11:21:56Z,14.41371229,44.94793917,0
2022-09-07T11:22:14Z,14.41348383,44.9481646,0
2022-09-07T11:22:23Z,14.41338044,44.94829861,0
2022-09-07T11:22:44Z,14.41305748,44.94864381,0
2022-09-07T11:23:23Z,14.41240313,44.9492888,0
2022-09-07T11:24:11Z,14.41151178,44.95005516,0
2022-09-07T11:24:35Z,14.41100936,44.95042407,0
2022-09-07T11:24:47Z,14.41073325,44.95059843,0
2022-09-07T11:25:05Z,14.41030049,44.95084138,0
2022-09-07T11:25:50Z,14.40926104,44.95139905,0
2022-09-07T11:26:08Z,14.40885642,44.95160502,0
2022-09-07T11:26:14Z,14.40869947,44.95166224,0
2022-09-07T11:26:47Z,14.40793096,44.95203223,0
2022-09-07T11:27:14Z,14.40731668,44.9523648,0
2022-09-07T11:27:32Z,14.40693062,44.9526013,0
2022-09-07T11:27:44Z,14.40666006,44.95274698,0
2022-09-07T11:28:35Z,14.40540862,44.95331747,0
2022-09-07T11:28:56Z,14.40487955,44.95351822,0
2022-09-07T11:29:20Z,14.40425762,44.95370938,0
2022-09-07T11:29:38Z,14.40374917,44.95390591,0
2022-09-07T11:30:15Z,14.40256978,44.95421033,0
2022-09-07T11:31:18Z,14.40059701,44.95478938,0
2022-09-07T11:31:33Z,14.40013995,44.95495183,0
2022-09-07T11:31:54Z,14.39952436,44.95519575,0
2022-09-07T11:32:30Z,14.39840996,44.95556253,0
2022-09-07T11:32:57Z,14.39753446,44.95576955,0
2022-09-07T11:33:27Z,14.39660264,44.95602351,0
2022-09-07T11:33:45Z,14.3960571,44.95619266,0
2022-09-07T11:34:00Z,14.39557841,44.95631508,0
2022-09-07T11:34:28Z,14.39468638,44.95657389,0
2022-09-07T11:34:40Z,14.39433537,44.95672111,0
2022-09-07T11:34:45.443Z,14.3941603,44.95677477,0
2022-09-07T11:34:57Z,14.39378237,44.95686663,0
2022-09-07T11:35:15Z,14.39315776,44.95695078,0
2022-09-07T11:35:21Z,14.3929539,44.95700041,0
2022-09-07T11:35:27.443Z,14.39275542,44.9570734,0
2022-09-07T11:35:54Z,14.3920233,44.95746968,0
2022-09-07T11:36:06Z,14.39167202,44.95764052,0
2022-09-07T11:36:36Z,14.39077508,44.95799514,0
2022-09-07T11:38:03Z,14.38806508,44.95886418,0
2022-09-07T11:38:27Z,14.38737118,44.95915524,0
2022-09-07T11:38:39Z,14.38701587,44.9592761,0
2022-09-07T11:39:00Z,14.38635729,44.95943203,0
2022-09-07T11:39:18Z,14.38575374,44.95951895,0
2022-09-07T11:39:30Z,14.38534208,44.95955597,0
2022-09-07T11:39:45Z,14.38482132,44.95952431,0
2022-09-07T11:40:00Z,14.3843048,44.95954254,0
2022-09-07T11:40:18Z,14.38368536,44.95951424,0
2022-09-07T11:41:18Z,14.38142171,44.95946775,0
2022-09-07T11:41:39Z,14.38060502,44.95943538,0
2022-09-07T11:43:51Z,14.37545841,44.95918716,0
2022-09-07T11:49:36Z,14.36198647,44.95843668,0
2022-09-07T11:49:39Z,14.3618822,44.95846097,0
2022-09-07T11:50:09Z,14.36092526,44.95888113,0
2022-09-07T11:50:36Z,14.360007,44.95917451,0
2022-09-07T11:51:03Z,14.35908653,44.95951532,0
2022-09-07T11:51:27Z,14.35829946,44.95983314,0
2022-09-07T11:51:36Z,14.35799202,44.95992591,0
2022-09-07T11:51:39Z,14.35788108,44.95994679,0
2022-09-07T11:51:45Z,14.35765373,44.95995871,0
2022-09-07T11:52:09Z,14.35673382,44.95990877,0
2022-09-07T11:52:36Z,14.35570845,44.95987503,0
2022-09-07T11:52:48Z,14.35525439,44.95983354,0
2022-09-07T11:53:03Z,14.3546717,44.95980702,0
2022-09-07T11:53:27Z,14.35375185,44.95971386,0
2022-09-07T11:53:42Z,14.35317859,44.95972673,0
2022-09-07T11:54:00Z,14.35251782,44.95970049,0
2022-09-07T11:54:42Z,14.35092148,44.95949153,0
2022-09-07T11:55:15Z,14.34964998,44.95941689,0
2022-09-07T11:55:33Z,14.34897296,44.95930346,0
2022-09-07T11:55:54Z,14.34820402,44.95913515,0
2022-09-07T11:56:00Z,14.34798102,44.95910993,0
2022-09-07T11:56:12Z,14.34752582,44.95913324,0
2022-09-07T11:56:36Z,14.34664695,44.95932058,0
2022-09-07T11:56:45Z,14.34630196,44.95936137,0
2022-09-07T11:57:15Z,14.34513307,44.95938164,0
2022-09-07T11:57:36Z,14.34432944,44.95943914,0
2022-09-07T11:57:54Z,14.34362661,44.95942003,0
2022-09-07T11:58:39Z,14.34189545,44.95926444,0
2022-09-07T11:59:30Z,14.33986903,44.95910963,0
2022-09-07T12:00:15Z,14.33818389,44.95901597,0
2022-09-07T12:00:42Z,14.33711792,44.95893433,0
2022-09-07T12:00:57Z,14.33657287,44.95886353,0
2022-09-07T12:01:18Z,14.33578908,44.9586949,0
2022-09-07T12:01:51Z,14.33451927,44.95854392,0
2022-09-07T12:02:21Z,14.33340567,44.95828901,0
2022-09-07T12:02:51Z,14.33224338,44.95812601,0
2022-09-07T12:03:09Z,14.33154151,44.95808532,0
2022-09-07T12:03:45Z,14.33013295,44.9580845,0
2022-09-07T12:04:33Z,14.32825562,44.9580559,0
2022-09-07T12:04:56Z,14.32740564,44.9580256,0
2022-09-07T12:05:26Z,14.32630976,44.95803197,0
2022-09-07T12:05:47Z,14.32553493,44.95807655,0
2022-09-07T12:05:59Z,14.32510258,44.95806654,0
2022-09-07T12:06:08Z,14.32477919,44.95803226,0
2022-09-07T12:06:20Z,14.3243585,44.95795617,0
2022-09-07T12:06:38Z,14.32376062,44.9577841,0
2022-09-07T12:06:50Z,14.32337969,44.95776601,0
2022-09-07T12:07:02Z,14.32304245,44.95781241,0
2022-09-07T12:07:08Z,14.32287858,44.95781143,0
2022-09-07T12:07:38Z,14.32214296,44.95761684,0
2022-09-07T12:07:50Z,14.321817,44.95751534,0
2022-09-07T12:08:05Z,14.32136836,44.95734619,0
2022-09-07T12:08:26Z,14.3207443,44.95706189,0
2022-09-07T12:08:41Z,14.32027114,44.95687775,0
2022-09-07T12:09:17Z,14.31911263,44.95649151,0
2022-09-07T12:09:56Z,14.31790005,44.95600327,0
2022-09-07T12:10:17Z,14.31720667,44.95579195,0
2022-09-07T12:10:41Z,14.31644143,44.95551591,0
2022-09-07T12:10:56Z,14.31603428,44.95526625,0
2022-09-07T12:11:11Z,14.31561435,44.95503621,0
2022-09-07T12:11:26Z,14.31523002,44.95478549,0
2022-09-07T12:11:35Z,14.31497893,44.95464645,0
2022-09-07T12:12:20Z,14.31364469,44.95404146,0
2022-09-07T12:12:35Z,14.31318417,44.95385623,0
2022-09-07T12:13:11Z,14.31213319,44.95336009,0
2022-09-07T12:14:35Z,14.30969686,44.95212173,0
2022-09-07T12:14:59Z,14.30902435,44.95175502,0
2022-09-07T12:15:05Z,14.30886892,44.95164665,0
2022-09-07T12:15:17Z,14.308615,44.95140623,0
2022-09-07T12:15:23Z,14.30845313,44.95131448,0
2022-09-07T12:15:29Z,14.3082715,44.95124816,0
2022-09-07T12:15:35Z,14.30807302,44.95120247,0
2022-09-07T12:15:38Z,14.30796871,44.9511952,0
2022-09-07T12:15:47Z,14.30766089,44.95122451,0
2022-09-07T12:15:53Z,14.30745632,44.95119208,0
2022-09-07T12:15:59Z,14.307272,44.95112423,0
2022-09-07T12:16:17Z,14.30678426,44.95086349,0
2022-09-07T12:16:29Z,14.30641141,44.9507166,0
2022-09-07T12:16:41Z,14.30601658,44.95059637,0
2022-09-07T12:16:59Z,14.30538118,44.95047413,0
2022-09-07T12:17:08Z,14.30510515,44.95037166,0
2022-09-07T12:17:20Z,14.30477733,44.95019807,0
2022-09-07T12:17:44Z,14.30406956,44.94987737,0
2022-09-07T12:18:26Z,14.30284297,44.9492897,0
2022-09-07T12:18:35Z,14.30262644,44.94911555,0
2022-09-07T12:18:53Z,14.30230671,44.94871322,0
2022-09-07T12:19:14Z,14.30179631,44.94835089,0
2022-09-07T12:19:35Z,14.30120948,44.94807287,0
2022-09-07T12:19:53Z,14.30073818,44.94774596,0
2022-09-07T12:20:02Z,14.30048266,44.94762787,0
2022-09-07T12:20:11Z,14.30021032,44.94752515,0
2022-09-07T12:20:20Z,14.29990907,44.94743796,0
2022-09-07T12:20:29Z,14.29957535,44.94739723,0
2022-09-07T12:21:14Z,14.29802645,44.94711124,0
2022-09-07T12:21:29Z,14.29754518,44.94697349,0
2022-09-07T12:21:50Z,14.29683265,44.94680285,0
2022-09-07T12:22:14Z,14.29601129,44.9466413,0
2022-09-07T12:22:23Z,14.29572165,44.94655598,0
2022-09-07T12:22:32Z,14.29544461,44.94644227,0
2022-09-07T12:22:41Z,14.29513157,44.94637647,0
2022-09-07T12:22:50Z,14.29481048,44.94635575,0
2022-09-07T12:23:20Z,14.29373741,44.94640871,0
2022-09-07T12:23:32Z,14.29331766,44.94640579,0
2022-09-07T12:24:05Z,14.29216459,44.94631192,0
2022-09-07T12:24:17Z,14.29174585,44.94625183,0
2022-09-07T12:24:26Z,14.29144524,44.94617094,0
2022-09-07T12:24:29Z,14.29136459,44.94612097,0
2022-09-07T12:24:32Z,14.29130842,44.94605496,0
2022-09-07T12:24:35Z,14.29127661,44.94597941,0
2022-09-07T12:24:41Z,14.29126984,44.9458288,0
2022-09-07T12:24:53Z,14.29132771,44.94553432,0
2022-09-07T12:24:56Z,14.2913288,44.94545947,0
2022-09-07T12:25:02Z,14.29128301,44.94530982,0
2022-09-07T12:25:11Z,14.29113739,44.94511157,0
2022-09-07T12:25:20Z,14.29094824,44.94492732,0
2022-09-07T12:25:26Z,14.29079776,44.94482679,0
2022-09-07T12:25:35Z,14.29055727,44.94470607,0
2022-09-07T12:25:59Z,14.28982071,44.94440293,0
2022-09-07T12:26:11Z,14.28946787,44.94422569,0
2022-09-07T12:26:26Z,14.28906096,44.94398353,0
2022-09-07T12:26:47Z,14.28851454,44.94362402,0
2022-09-07T12:27:20Z,14.28757849,44.94314088,0
2022-09-07T12:28:04Z,14.28638131,44.94242975,0
2022-09-07T12:28:43Z,14.28519119,44.94191404,0
2022-09-07T12:28:55Z,14.28485957,44.94172569,0
2022-09-07T12:29:10Z,14.28446892,44.94146508,0
2022-09-07T12:29:22Z,14.28412868,44.9412855,0
2022-09-07T12:29:43Z,14.28347892,44.94101872,0
2022-09-07T12:29:58Z,14.28299546,44.94085369,0
2022-09-07T12:30:07Z,14.28273052,44.94073529,0
2022-09-07T12:30:31Z,14.28207675,44.94036649,0
2022-09-07T12:31:10Z,14.28101812,44.93973538,0
2022-09-07T12:32:10Z,14.2793501,44.93881504,0
2022-09-07T12:32:28Z,14.27887022,44.93852311,0
2022-09-07T12:32:52Z,14.27819664,44.93815481,0
2022-09-07T12:33:22Z,14.2773938,44.93765836,0
2022-09-07T12:33:49Z,14.27659868,44.93726712,0
2022-09-07T12:34:07Z,14.27606571,44.93701763,0
2022-09-07T12:34:25Z,14.27551596,44.93678795,0
2022-09-07T12:34:37Z,14.27516102,44.93661262,0
2022-09-07T12:35:07Z,14.27434098,44.93612057,0
2022-09-07T12:35:34Z,14.27357656,44.93570747,0
2022-09-07T12:35:58Z,14.27291717,44.93531822,0
2022-09-07T12:36:25Z,14.27215002,44.93492556,0
2022-09-07T12:36:49Z,14.27147995,44.93454746,0
2022-09-07T12:37:04Z,14.27105106,44.93432486,0
2022-09-07T12:38:13Z,14.26898005,44.9334062,0
2022-09-07T12:38:28Z,14.26856234,44.9331709,0
2022-09-07T12:38:43Z,14.26816144,44.93291795,0
2022-09-07T12:39:16Z,14.26724257,44.93240895,0
2022-09-07T12:40:10Z,14.26566512,44.93165033,0
2022-09-07T12:40:43Z,14.26476637,44.9310952,0
2022-09-07T12:40:55Z,14.26442465,44.93091219,0
2022-09-07T12:41:07Z,14.2640591,44.93074705,0
2022-09-07T12:41:19Z,14.2636899,44.93061303,0
2022-09-07T12:41:34Z,14.26322491,44.93040439,0
2022-09-07T12:43:01Z,14.26073225,44.92911684,0
2022-09-07T12:44:04Z,14.25885759,44.92819065,0
2022-09-07T12:45:01Z,14.25721635,44.92735356,0
2022-09-07T12:45:55Z,14.25561685,44.92657357,0
2022-09-07T12:46:28Z,14.25463123,44.92611776,0
2022-09-07T12:46:31Z,14.2545168,44.92607713,0
2022-09-07T12:46:49Z,14.25399533,44.92581709,0
2022-09-07T12:47:16Z,14.25323536,44.92539953,0
2022-09-07T12:47:25Z,14.25299134,44.92525021,0
2022-09-07T12:47:43Z,14.25251907,44.9249462,0
2022-09-07T12:48:22Z,14.25156623,44.92425543,0
2022-09-07T12:48:43Z,14.25100379,44.92393538,0
2022-09-07T12:49:04Z,14.25036465,44.92366704,0
2022-09-07T12:49:13Z,14.25010745,44.92354329,0
2022-09-07T12:49:34Z,14.24956152,44.92318178,0
2022-09-07T12:49:49Z,14.2491568,44.92294209,0
2022-09-07T12:50:22Z,14.24817411,44.92251127,0
2022-09-07T12:50:46Z,14.24748292,44.92213286,0
2022-09-07T12:51:25Z,14.2463307,44.9215808,0
2022-09-07T12:51:58Z,14.2454024,44.92106898,0
2022-09-07T12:52:37Z,14.24425572,44.92052174,0
2022-09-07T12:53:10Z,14.24336538,44.91999583,0
2022-09-07T12:53:46Z,14.24231411,44.91952253,0
2022-09-07T12:54:10Z,14.24162506,44.91917778,0
2022-09-07T12:54:31Z,14.24104523,44.91886534,0
2022-09-07T12:55:10Z,14.23998638,44.91825429,0
2022-09-07T12:55:34Z,14.23952823,44.91796313,0
2022-09-07T12:55:58Z,14.23925951,44.91773119,0
2022-09-07T12:56:22Z,14.23906513,44.91760567,0
2022-09-07T12:56:55Z,14.23875593,44.91746129,0
2022-09-07T12:57:22Z,14.23812334,44.91726127,0
2022-09-07T12:57:57Z,14.23711867,44.91700398,0
2022-09-07T12:58:30Z,14.2362068,44.91665363,0
2022-09-07T12:58:51Z,14.23565006,44.91637358,0
2022-09-07T12:59:15Z,14.23506888,44.91599747,0
2022-09-07T12:59:30Z,14.23467725,44.91578866,0
2022-09-07T12:59:39Z,14.23442982,44.91568501,0
2022-09-07T13:00:03Z,14.23374739,44.91546274,0
2022-09-07T13:00:12Z,14.23350446,44.91535926,0
2022-09-07T13:00:24Z,14.23318381,44.91519689,0
2022-09-07T13:00:57Z,14.23236099,44.91470774,0
2022-09-07T13:01:48Z,14.23100558,44.91407719,0
2022-09-07T13:02:24Z,14.23011492,44.91356323,0
2022-09-07T13:02:45Z,14.22957447,44.91329298,0
2022-09-07T13:03:06Z,14.22905641,44.91298612,0
2022-09-07T13:03:51Z,14.22794642,44.9123758,0
2022-09-07T13:04:24Z,14.22715491,44.91187928,0
2022-09-07T13:04:57Z,14.2263051,44.91145714,0
2022-09-07T13:06:39Z,14.22377315,44.91004754,0
2022-09-07T13:07:23Z,14.22264566,44.90946839,0
2022-09-07T13:07:50Z,14.22197846,44.90908559,0
2022-09-07T13:08:20Z,14.22119993,44.90868906,0
2022-09-07T13:08:47Z,14.22053612,44.90830042,0
2022-09-07T13:09:17Z,14.2197675,44.90792562,0
2022-09-07T13:09:53Z,14.21887671,44.907406,0
2022-09-07T13:10:23Z,14.21811436,44.90699637,0
2022-09-07T13:10:56Z,14.21732303,44.90650474,0
2022-09-07T13:11:14Z,14.21685223,44.90626436,0
2022-09-07T13:11:44Z,14.21615545,44.90580539,0
2022-09-07T13:12:17Z,14.21544062,44.90527233,0
2022-09-07T13:12:29Z,14.21515787,44.90508412,0
2022-09-07T13:13:29Z,14.21373382,44.90420394,0
2022-09-07T13:13:59Z,14.21300106,44.90378271,0
2022-09-07T13:14:32Z,14.21224519,44.90327551,0
2022-09-07T13:14:50Z,14.21178336,44.9030369,0
2022-09-07T13:15:14Z,14.21122762,44.90267854,0
2022-09-07T13:15:41Z,14.21055402,44.90232244,0
2022-09-07T13:16:11Z,14.20983899,44.90188349,0
2022-09-07T13:16:50Z,14.20884992,44.90136994,0
2022-09-07T13:17:20Z,14.20815044,44.90091774,0
2022-09-07T13:17:53Z,14.20733284,44.90046022,0
2022-09-07T13:18:08Z,14.20699556,44.90023891,0
2022-09-07T13:18:32Z,14.20638578,44.89992595,0
2022-09-07T13:18:53Z,14.20589293,44.89961808,0
2022-09-07T13:19:11Z,14.20543599,44.89939857,0
2022-09-07T13:19:23Z,14.20513649,44.89922235,0
2022-09-07T13:19:38Z,14.20479248,44.89899341,0
2022-09-07T13:20:05Z,14.20421167,44.8985584,0
2022-09-07T13:20:20Z,14.20384863,44.89837868,0
2022-09-07T13:20:38Z,14.20341256,44.89813391,0
2022-09-07T13:21:14Z,14.20256195,44.89759222,0
2022-09-07T13:22:08Z,14.20118722,44.89690971,0
2022-09-07T13:22:35Z,14.20054127,44.8964972,0
2022-09-07T13:23:02Z,14.19992336,44.89607285,0
2022-09-07T13:23:14Z,14.19963642,44.89589874,0
2022-09-07T13:23:23Z,14.19940903,44.89577648,0
2022-09-07T13:23:32Z,14.19916943,44.89568165,0
2022-09-07T13:23:47Z,14.19874371,44.89555238,0
2022-09-07T13:24:11Z,14.19823855,44.89545472,0
2022-09-07T13:24:29Z,14.19789109,44.89534767,0
2022-09-07T13:24:38Z,14.19771914,44.89526253,0
2022-09-07T13:24:47Z,14.19754628,44.8951429,0
2022-09-07T13:25:02Z,14.19726604,44.89487491,0
2022-09-07T13:25:14Z,14.1972191,44.89461268,0
2022-09-07T13:25:23Z,14.19721456,44.89440701,0
2022-09-07T13:25:29Z,14.19716369,44.8942687,0
2022-09-07T13:25:35Z,14.197065,44.89414176,0
2022-09-07T13:25:41Z,14.19694411,44.89402605,0
2022-09-07T13:25:53Z,14.19662542,44.89382318,0
2022-09-07T13:26:05Z,14.1962728,44.89364167,0
2022-09-07T13:26:11Z,14.19607131,44.89357163,0
2022-09-07T13:26:17Z,14.19584778,44.89353589,0
2022-09-07T13:26:26Z,14.19552407,44.89353345,0
2022-09-07T13:26:35Z,14.19521516,44.89346202,0
2022-09-07T13:26:53Z,14.19458173,44.89321621,0
2022-09-07T13:27:38Z,14.19330849,44.89242383,0
2022-09-07T13:27:53Z,14.19293379,44.89214641,0
2022-09-07T13:28:23Z,14.19211744,44.89162997,0
2022-09-07T13:28:29Z,14.19196795,44.8915231,0
2022-09-07T13:28:47Z,14.19159189,44.89118316,0
2022-09-07T13:29:02Z,14.19124974,44.89093077,0
2022-09-07T13:29:14Z,14.19092686,44.89076615,0
2022-09-07T13:29:32Z,14.19031668,44.89062566,0
2022-09-07T13:29:47Z,14.18978328,44.89045827,0
2022-09-07T13:30:05Z,14.1891788,44.89017761,0
2022-09-07T13:30:14Z,14.18889661,44.89002121,0
2022-09-07T13:30:29Z,14.18850324,44.889752,0
2022-09-07T13:30:53Z,14.1878021,44.88940172,0
2022-09-07T13:30:59Z,14.1876555,44.88929466,0
2022-09-07T13:31:20Z,14.18721239,44.88891839,0
2022-09-07T13:31:32Z,14.18694954,44.88872262,0
2022-09-07T13:31:41Z,14.18674906,44.88859004,0
2022-09-07T13:31:53Z,14.1864446,44.88842741,0
2022-09-07T13:32:08Z,14.18606328,44.88819592,0
2022-09-07T13:32:23Z,14.18565496,44.88798142,0
2022-09-07T13:32:32Z,14.18538484,44.88787952,0
2022-09-07T13:32:44Z,14.18504363,44.88771179,0
2022-09-07T13:33:08Z,14.18431189,44.88742031,0
2022-09-07T13:33:17Z,14.18405827,44.88728526,0
2022-09-07T13:33:44Z,14.18321808,44.88691323,0
2022-09-07T13:33:53Z,14.18295567,44.88677925,0
2022-09-07T13:34:17Z,14.18219465,44.8865032,0
2022-09-07T13:34:41Z,14.1815779,44.88612868,0
2022-09-07T13:34:53Z,14.1812415,44.88595834,0
2022-09-07T13:35:11Z,14.18066519,44.88579347,0
2022-09-07T13:35:26Z,14.18019505,44.88561384,0
2022-09-07T13:35:35Z,14.17989546,44.88553822,0
2022-09-07T13:35:44Z,14.17961134,44.88543586,0
2022-09-07T13:35:53Z,14.17934464,44.88530209,0
2022-09-07T13:36:05Z,14.17896785,44.88516134,0
2022-09-07T13:36:41Z,14.17794388,44.88469233,0
2022-09-07T13:36:47Z,14.17777093,44.88462811,0
2022-09-07T13:36:56Z,14.17752561,44.88450346,0
2022-09-07T13:37:17Z,14.17688703,44.88426062,0
2022-09-07T13:37:41Z,14.1762358,44.88392229,0
2022-09-07T13:37:50Z,14.17595094,44.88384404,0
2022-09-07T13:38:02Z,14.17552306,44.88377896,0
2022-09-07T13:38:11Z,14.17521551,44.88369646,0
2022-09-07T13:38:23Z,14.17483237,44.88355777,0
2022-09-07T13:38:38Z,14.17443442,44.88334453,0
2022-09-07T13:39:17Z,14.173424,44.88289426,0
2022-09-07T13:39:26Z,14.17320196,44.88280952,0
2022-09-07T13:39:47Z,14.17270429,44.88255799,0
2022-09-07T13:40:08Z,14.17218899,44.88236513,0
2022-09-07T13:40:29Z,14.17170822,44.88211828,0
2022-09-07T13:40:56Z,14.17108436,44.88183715,0
2022-09-07T13:42:11Z,14.16935908,44.8811117,0
2022-09-07T13:42:50Z,14.1685129,44.88072247,0
2022-09-07T13:43:08Z,14.1680909,44.88056535,0
2022-09-07T13:43:23Z,14.1677795,44.88039095,0
2022-09-07T13:43:32Z,14.16757321,44.88029781,0
2022-09-07T13:43:47Z,14.1672177,44.8801642,0
2022-09-07T13:44:08Z,14.16667794,44.88000478,0
2022-09-07T13:44:50Z,14.16571668,44.87956163,0
2022-09-07T13:45:14Z,14.16515721,44.87932821,0
2022-09-07T13:45:32Z,14.16470154,44.87916154,0
2022-09-07T13:45:53Z,14.16420392,44.87892987,0
2022-09-07T13:46:05Z,14.16391666,44.87882076,0
2022-09-07T13:46:23Z,14.16343152,44.87868576,0
2022-09-07T13:46:53Z,14.16274968,44.87836698,0
2022-09-07T13:47:14Z,14.16222054,44.8781772,0
2022-09-07T13:47:38Z,14.16164227,44.87791625,0
2022-09-07T13:48:08Z,14.16089043,44.87767172,0
2022-09-07T13:48:35Z,14.16026669,44.87741053,0
2022-09-07T13:50:20Z,14.15766442,44.87646975,0
2022-09-07T13:50:41Z,14.15723068,44.876245,0
2022-09-07T13:51:20Z,14.15631553,44.87593371,0
2022-09-07T13:51:41Z,14.15580774,44.87571949,0
2022-09-07T13:52:38Z,14.1544303,44.87519565,0
2022-09-07T13:54:05Z,14.15273595,44.8745088,0
2022-09-07T13:54:56Z,14.15167391,44.87414775,0
2022-09-07T13:55:20Z,14.15118493,44.87394466,0
2022-09-07T13:55:53Z,14.15043043,44.87366855,0
2022-09-07T13:56:08Z,14.15006899,44.87354912,0
2022-09-07T13:56:35Z,14.14936806,44.873362,0
2022-09-07T13:57:05Z,14.14866024,44.87312141,0
2022-09-07T13:57:41Z,14.14788489,44.87281199,0
2022-09-07T13:58:32Z,14.14674424,44.87249097,0
2022-09-07T13:58:59Z,14.14621311,44.87232211,0
2022-09-07T13:59:23Z,14.1457853,44.87216565,0
2022-09-07T14:00:51Z,14.14424559,44.87169756,0
2022-09-07T14:01:54Z,14.14309685,44.87125458,0
2022-09-07T14:02:03Z,14.14291358,44.87120374,0
2022-09-07T14:02:24Z,14.14246815,44.87111904,0
2022-09-07T14:03:12Z,14.1414932,44.87084388,0
2022-09-07T14:03:36Z,14.14105393,44.87067694,0
2022-09-07T14:03:57Z,14.1406695,44.87056272,0
2022-09-07T14:04:33Z,14.14002867,44.87033107,0
2022-09-07T14:05:57Z,14.13847872,44.86989295,0
2022-09-07T14:06:09Z,14.13830582,44.86980952,0
2022-09-07T14:06:24Z,14.13806451,44.86972153,0
2022-09-07T14:06:42Z,14.13774911,44.86963839,0
2022-09-07T14:07:09Z,14.13722516,44.86945003,0
2022-09-07T14:07:21Z,14.13697639,44.86933321,0
2022-09-07T14:07:30Z,14.13681097,44.86923457,0
2022-09-07T14:08:03Z,14.13610101,44.86896176,0
2022-09-07T14:08:18Z,14.13566988,44.86886388,0
2022-09-07T14:08:36Z,14.13522919,44.86863242,0
2022-09-07T14:09:24Z,14.13386863,44.86802664,0
2022-09-07T14:10:06Z,14.13263825,44.86750928,0
2022-09-07T14:10:30Z,14.13193302,44.86718461,0
2022-09-07T14:11:06Z,14.13086816,44.86673134,0
2022-09-07T14:11:15Z,14.13062778,44.86660229,0
2022-09-07T14:11:36Z,14.13002497,44.86632313,0
2022-09-07T14:12:57Z,14.12762586,44.86529665,0
2022-09-07T14:13:57Z,14.12587027,44.86449293,0
2022-09-07T14:14:54Z,14.12415287,44.86380453,0
2022-09-07T14:15:09Z,14.12372795,44.86359928,0
2022-09-07T14:15:24Z,14.12327612,44.86340945,0
2022-09-07T14:16:09Z,14.12190687,44.86286447,0
2022-09-07T14:17:36Z,14.11933725,44.86171333,0
2022-09-07T14:18:21Z,14.11797703,44.86113848,0
2022-09-07T14:20:00Z,14.11497912,44.85991755,0
2022-09-07T14:20:27Z,14.11420276,44.85956298,0
2022-09-07T14:22:36Z,14.11050742,44.85777965,0
2022-09-07T14:23:30Z,14.10893029,44.85704257,0
2022-09-07T14:25:24Z,14.10568501,44.8554811,0
2022-09-07T14:27:06Z,14.10272933,44.85409829,0
2022-09-07T14:28:29Z,14.10034437,44.85294262,0
2022-09-07T14:29:29Z,14.0986101,44.85212441,0
2022-09-07T14:30:17Z,14.09726138,44.85145777,0
2022-09-07T14:30:35Z,14.09673618,44.85122077,0
2022-09-07T14:34:50Z,14.08947662,44.8476718,0
2022-09-07T14:35:26Z,14.08843187,44.84718617,0
2022-09-07T14:36:41Z,14.0862971,44.84614699,0
2022-09-07T14:37:59Z,14.0840711,44.84505259,0
2022-09-07T14:38:08Z,14.08382548,44.84491112,0
2022-09-07T14:38:54Z,14.08248879,44.8442745,0
2022-09-07T14:39:24Z,14.0816358,44.84383421,0
2022-09-07T14:40:41Z,14.07942812,44.84278588,0
2022-09-07T14:41:44Z,14.07763766,44.8418957,0
2022-09-07T14:41:59Z,14.07719812,44.8416972,0
2022-09-07T14:42:53Z,14.07569063,44.84089831,0
2022-09-07T14:45:05Z,14.07194008,44.83903645,0
2022-09-07T14:45:17Z,14.07160573,44.8388541,0
2022-09-07T14:46:35Z,14.06937372,44.83773788,0
2022-09-07T14:46:56Z,14.06875365,44.83744396,0
2022-09-07T14:48:26Z,14.06623187,44.83613666,0
2022-09-07T14:50:41Z,14.06237649,44.83424276,0
2022-09-07T14:51:02Z,14.06179256,44.83393546,0
2022-09-07T14:51:29Z,14.06101939,44.83356301,0
2022-09-07T14:53:50Z,14.05698391,44.83154319,0
2022-09-07T14:56:50Z,14.0518321,44.82890636,0
2022-09-07T14:58:11Z,14.04997521,44.82801214,0
2022-09-07T14:59:29Z,14.0478181,44.82684333,0
2022-09-07T15:01:08Z,14.04496665,44.8253722,0
2022-09-07T15:01:26Z,14.04445726,44.82509289,0
2022-09-07T15:02:56Z,14.04187223,44.8237681,0
2022-09-07T15:04:20Z,14.03951618,44.82249132,0
2022-09-07T15:05:26Z,14.03765556,44.82151203,0
2022-09-07T15:06:29Z,14.03589216,44.82054801,0
2022-09-07T15:07:41Z,14.0339511,44.81937519,0
2022-09-07T15:08:44Z,14.03227023,44.81831865,0
2022-09-07T15:10:47Z,14.02910637,44.81620629,0
2022-09-07T15:12:44Z,14.02607474,44.81424166,0
2022-09-07T15:13:26Z,14.02501015,44.81353194,0
2022-09-07T15:15:53Z,14.02126603,44.81094957,0
2022-09-07T15:16:26Z,14.02039279,44.81038538,0
2022-09-07T15:16:41Z,14.02002309,44.81011916,0
2022-09-07T15:17:41Z,14.0184827,44.8090841,0
2022-09-07T15:18:14Z,14.01765303,44.8085013,0
2022-09-07T15:18:32Z,14.01718415,44.8081971,0
2022-09-07T15:18:53Z,14.01667937,44.80782359,0
2022-09-07T15:19:38Z,14.01552018,44.80703236,0
2022-09-07T15:20:23Z,14.01438483,44.80620995,0
2022-09-07T15:21:11Z,14.01314389,44.80536759,0
2022-09-07T15:21:23Z,14.01284451,44.80512505,0
2022-09-07T15:21:44Z,14.0122759,44.80475381,0
2022-09-07T15:21:56Z,14.01197411,44.80452892,0
2022-09-07T15:22:17Z,14.01141794,44.80416439,0
2022-09-07T15:22:41Z,14.01079047,44.80372546,0
2022-09-07T15:23:08Z,14.01003101,44.80328438,0
2022-09-07T15:23:53Z,14.00868975,44.80262058,0
2022-09-07T15:24:32Z,14.00748915,44.80206585,0
2022-09-07T15:25:26Z,14.00569038,44.80144291,0
2022-09-07T15:26:41Z,14.00311253,44.80069076,0
2022-09-07T15:26:56Z,14.0025901,44.80051939,0
2022-09-07T15:28:29Z,13.99934736,44.79953743,0
2022-09-07T15:29:38Z,13.9969829,44.79885536,0
2022-09-07T15:31:47Z,13.99282958,44.79769839,0
2022-09-07T15:34:47Z,13.98682626,44.79624733,0
2022-09-07T15:35:44Z,13.9848459,44.79580764,0
2022-09-07T15:35:59Z,13.98430283,44.79575566,0
2022-09-07T15:36:08Z,13.98397738,44.79579845,0
2022-09-07T15:36:17Z,13.98365327,44.79580935,0
2022-09-07T15:36:53Z,13.98232326,44.79580146,0
2022-09-07T15:37:02Z,13.98199429,44.79575718,0
2022-09-07T15:37:20Z,13.9813864,44.79557218,0
2022-09-07T15:37:32Z,13.98095323,44.79551774,0
2022-09-07T15:37:38Z,13.98073259,44.79551807,0
2022-09-07T15:38:05Z,13.97973551,44.79558324,0
2022-09-07T15:38:20Z,13.97918394,44.79558953,0
2022-09-07T15:38:35Z,13.97862843,44.79563172,0
2022-09-07T15:39:08Z,13.9773922,44.79568294,0
2022-09-07T15:39:26Z,13.97672387,44.79576385,0
2022-09-07T15:39:47Z,13.97595787,44.7958118,0
2022-09-07T15:40:23Z,13.97464305,44.79593455,0
2022-09-07T15:41:14Z,13.97277676,44.79608134,0
2022-09-07T15:43:23Z,13.96811744,44.7965204,0
2022-09-07T15:45:11Z,13.96434692,44.79683343,0
2022-09-07T15:46:05Z,13.9624734,44.79695988,0
2022-09-07T15:46:29Z,13.96164161,44.79704264,0
2022-09-07T15:47:23Z,13.95976401,44.79719304,0
2022-09-07T15:48:29Z,13.9574373,44.79742477,0
2022-09-07T15:49:11Z,13.95595515,44.79756098,0
2022-09-07T15:49:23Z,13.95552696,44.79758436,0
2022-09-07T15:49:44Z,13.9547842,44.79766387,0
2022-09-07T15:50:23Z,13.95339931,44.79778253,0
2022-09-07T15:50:38Z,13.95286846,44.79784551,0
2022-09-07T15:51:38Z,13.95074762,44.798019,0
2022-09-07T15:52:41Z,13.94849926,44.79824453,0
2022-09-07T15:54:59Z,13.9435479,44.79869928,0
2022-09-07T15:55:05Z,13.94333335,44.79872316,0
2022-09-07T15:55:35Z,13.9422758,44.79891113,0
2022-09-07T15:56:26Z,13.94046538,44.79919523,0
2022-09-07T15:57:29Z,13.93824126,44.79956814,0
2022-09-07T15:57:44Z,13.93770969,44.79962377,0
2022-09-07T15:59:32Z,13.93389333,44.80018091,0
2022-09-07T16:00:59Z,13.93081903,44.80057993,0
2022-09-07T16:01:38Z,13.92949659,44.80088262,0
2022-09-07T16:01:44Z,13.92933475,44.80097354,0
2022-09-07T16:02:05Z,13.92884353,44.80136596,0
2022-09-07T16:02:29Z,13.92832014,44.80183035,0
2022-09-07T16:02:35Z,13.92820137,44.80195432,0
2022-09-07T16:02:41Z,13.92810578,44.80208743,0
2022-09-07T16:02:59Z,13.92787986,44.80251028,0
2022-09-07T16:03:20Z,13.92756168,44.80298133,0
2022-09-07T16:03:35Z,13.92730701,44.80331463,0
2022-09-07T16:04:08Z,13.92671857,44.804004,0
2022-09-07T16:04:20Z,13.92648124,44.80423755,0
2022-09-07T16:05:05Z,13.92566705,44.80519182,0
2022-09-07T16:05:17Z,13.9254881,44.80545592,0
2022-09-07T16:06:08Z,13.92481439,44.80660894,0
2022-09-07T16:06:14Z,13.92471475,44.80674326,0
2022-09-07T16:06:32Z,13.92436239,44.80711754,0
2022-09-07T16:07:35Z,13.923246,44.80846175,0
2022-09-07T16:08:35Z,13.92237765,44.80981399,0
2022-09-07T16:09:02Z,13.92200156,44.81042783,0
2022-09-07T16:10:05Z,13.92106372,44.8118612,0
2022-09-07T16:10:20Z,13.92081974,44.81219414,0
2022-09-07T16:10:50Z,13.92029989,44.81284487,0
2022-09-07T16:11:32Z,13.91954252,44.81374644,0
2022-09-07T16:11:50Z,13.91916839,44.81412408,0
2022-09-07T16:12:08Z,13.9187626,44.8144821,0
2022-09-07T16:12:17Z,13.91854811,44.81465033,0
2022-09-07T16:12:50Z,13.9177394,44.81525072,0
2022-09-07T16:13:05Z,13.91735156,44.81551624,0
2022-09-07T16:13:20Z,13.9170297,44.81581153,0
2022-09-07T16:14:08Z,13.91609644,44.81682437,0
2022-09-07T16:14:32Z,13.91571425,44.81736143,0
2022-09-07T16:14:41Z,13.91556179,44.8175512,0
2022-09-07T16:14:50Z,13.91544865,44.81775525,0
2022-09-07T16:15:05Z,13.91528216,44.81809782,0
2022-09-07T16:15:23Z,13.91511993,44.81851807,0
2022-09-07T16:15:35Z,13.91508679,44.818792,0
2022-09-07T16:15:47Z,13.9150901,44.81906701,0
2022-09-07T16:16:14Z,13.9152337,44.81966121,0
2022-09-07T16:16:29Z,13.91535139,44.81996205,0
2022-09-07T16:16:41Z,13.91549287,44.82018114,0
2022-09-07T16:16:56Z,13.91571583,44.8204416,0
2022-09-07T16:17:05Z,13.91587172,44.82058387,0
2022-09-07T16:17:32Z,13.91636101,44.82095808,0
2022-09-07T16:17:44Z,13.91653168,44.82111598,0
2022-09-07T16:18:02Z,13.91681633,44.82131679,0
2022-09-07T16:18:20Z,13.91716749,44.82142968,0
2022-09-07T16:18:50Z,13.91773617,44.8216481,0
2022-09-07T16:19:08Z,13.91808879,44.82174704,0
2022-09-07T16:19:20Z,13.9183339,44.82179919,0
2022-09-07T16:19:32Z,13.91859764,44.8218231,0
2022-09-07T16:19:44Z,13.91884801,44.82179434,0
2022-09-07T16:19:53Z,13.91903328,44.82179203,0
2022-09-07T16:20:11Z,13.91939431,44.82169338,0
2022-09-07T16:20:23Z,13.91959337,44.82161766,0
2022-09-07T16:20:50Z,13.91972505,44.82153734,0
2022-09-07T16:21:23Z,13.91953225,44.82156854,0
2022-09-07T16:21:44Z,13.91939077,44.82162639,0
2022-09-07T16:22:38Z,13.91920967,44.82173449,0
2022-09-07T16:24:05Z,13.9192292,44.8217371,0

2022-09-09T10:02:08Z,13.91913188,44.82178146,0
2022-09-09T10:02:41Z,13.91910971,44.82177744,0
2022-09-09T10:03:53Z,13.91906877,44.82166956,0
2022-09-09T10:04:26Z,13.91905977,44.82174661,0
2022-09-09T10:05:05Z,13.91907578,44.82179857,0
2022-09-09T10:05:32Z,13.91911833,44.82175162,0
2022-09-09T10:05:50Z,13.91915912,44.82166574,0
2022-09-09T10:06:08Z,13.91925033,44.82163025,0
2022-09-09T10:06:29Z,13.91934227,44.8216445,0
2022-09-09T10:06:56Z,13.91935325,44.82169183,0
2022-09-09T10:07:08Z,13.91943745,44.82173929,0
2022-09-09T10:07:14Z,13.9195027,44.82173924,0
2022-09-09T10:07:29Z,13.91962582,44.82170814,0
2022-09-09T10:07:38Z,13.91963876,44.82166009,0
2022-09-09T10:07:53Z,13.91959912,44.82160346,0
2022-09-09T10:08:06Z,13.9195617,44.82161063,0
2022-09-09T10:08:26Z,13.9195974,44.82167766,0
2022-09-09T10:08:32Z,13.91958977,44.82169662,0
2022-09-09T10:08:47Z,13.91949202,44.82160396,0
2022-09-09T10:08:53Z,13.91948278,44.82155992,0
2022-09-09T10:09:11Z,13.91951386,44.8214904,0
2022-09-09T10:09:26Z,13.91952563,44.82152992,0
2022-09-09T10:09:51Z,13.91966057,44.82166935,0
2022-09-09T10:10:12Z,13.91969002,44.8217678,0
2022-09-09T10:10:42Z,13.91936933,44.82154398,0
2022-09-09T10:10:51Z,13.91926498,44.82141618,0
2022-09-09T10:11:24Z,13.91907767,44.82091358,0
2022-09-09T10:11:57Z,13.91883668,44.82038252,0
2022-09-09T10:12:51Z,13.9183526,44.81957812,0
2022-09-09T10:13:21Z,13.91812537,44.81911949,0
2022-09-09T10:14:00Z,13.9180464,44.818532,0
2022-09-09T10:14:24Z,13.91815212,44.81819657,0
2022-09-09T10:14:42Z,13.9182866,44.81797285,0
2022-09-09T10:14:51Z,13.91833567,44.81785162,0
2022-09-09T10:15:21Z,13.91860604,44.81746627,0
2022-09-09T10:17:12Z,13.91948236,44.8159876,0
2022-09-09T10:17:21Z,13.9195437,44.8158528,0
2022-09-09T10:18:36Z,13.9201719,44.81483076,0
2022-09-09T10:19:12Z,13.92047759,44.81429754,0
2022-09-09T10:19:48Z,13.9208755,44.81369011,0
2022-09-09T10:20:15Z,13.92123858,44.81322933,0
2022-09-09T10:20:21Z,13.9213038,44.81312397,0
2022-09-09T10:21:03Z,13.92161544,44.81233874,0
2022-09-09T10:21:27Z,13.92174965,44.81189386,0
2022-09-09T10:22:12Z,13.92204636,44.81103174,0
2022-09-09T10:22:45Z,13.92221711,44.81039485,0
2022-09-09T10:23:06Z,13.92237274,44.80998786,0
2022-09-09T10:23:39Z,13.92256377,44.80934224,0
2022-09-09T10:24:21Z,13.92284001,44.80851306,0
2022-09-09T10:24:45Z,13.92296802,44.80804618,0
2022-09-09T10:25:15Z,13.92317457,44.80747485,0
2022-09-09T10:25:30Z,13.92333919,44.8072083,0
2022-09-09T10:27:06Z,13.92452289,44.80559726,0
2022-09-09T10:27:24Z,13.92469865,44.80529657,0
2022-09-09T10:27:36Z,13.92483806,44.80511122,0
2022-09-09T10:27:54Z,13.92501233,44.80480606,0
2022-09-09T10:28:06Z,13.92514594,44.80460677,0
2022-09-09T10:28:27Z,13.92544062,44.80426561,0
2022-09-09T10:28:48Z,13.92578037,44.80396925,0
2022-09-09T10:29:06Z,13.92602286,44.80369674,0
2022-09-09T10:29:12Z,13.92607603,44.8036087,0
2022-09-09T10:29:24Z,13.92615769,44.80341438,0
2022-09-09T10:29:33Z,13.92624716,44.80327487,0
2022-09-09T10:30:00Z,13.92655816,44.80288419,0
2022-09-09T10:30:06Z,13.92659238,44.80282291,0
2022-09-09T10:30:27Z,13.9266583,44.80265976,0
2022-09-09T10:30:57Z,13.92667893,44.80243808,0
2022-09-09T10:31:03Z,13.9267052,44.80237834,0
2022-09-09T10:31:12Z,13.92678213,44.80233353,0
2022-09-09T10:31:24Z,13.92687816,44.80232521,0
2022-09-09T10:31:54Z,13.92710856,44.80236519,0
2022-09-09T10:32:03Z,13.92720406,44.80236173,0
2022-09-09T10:32:09Z,13.92725737,44.80234072,0
2022-09-09T10:32:21Z,13.92736301,44.80225336,0
2022-09-09T10:32:36Z,13.92749117,44.8022005,0
2022-09-09T10:32:45Z,13.92753506,44.80216507,0
2022-09-09T10:33:00Z,13.92763195,44.80204015,0
2022-09-09T10:33:21Z,13.92774446,44.80181587,0
2022-09-09T10:33:36Z,13.92785457,44.80164151,0
2022-09-09T10:34:18Z,13.9282419,44.8012024,0
2022-09-09T10:35:06Z,13.9286146,44.80060437,0
2022-09-09T10:35:24Z,13.92877593,44.80038512,0
2022-09-09T10:35:51Z,13.92904398,44.80007738,0
2022-09-09T10:36:09Z,13.92916776,44.79985497,0
2022-09-09T10:36:21Z,13.92928613,44.79968602,0
2022-09-09T10:36:27Z,13.92937061,44.79959279,0
2022-09-09T10:36:30Z,13.92942806,44.7995528,0
2022-09-09T10:36:33Z,13.92949286,44.79952096,0
2022-09-09T10:36:39Z,13.92962673,44.79948837,0
2022-09-09T10:36:48Z,13.92983104,44.79949342,0
2022-09-09T10:37:06Z,13.93021262,44.79956515,0
2022-09-09T10:37:12Z,13.93032396,44.79962324,0
2022-09-09T10:37:18Z,13.93041326,44.79970777,0
2022-09-09T10:37:21Z,13.93046745,44.7997375,0
2022-09-09T10:37:24Z,13.93052917,44.79974979,0
2022-09-09T10:38:03Z,13.93115453,44.7996968,0
2022-09-09T10:38:09Z,13.93120856,44.79972127,0
2022-09-09T10:38:21Z,13.93130292,44.79980085,0
2022-09-09T10:38:24Z,13.93135518,44.79981105,0
2022-09-09T10:38:27Z,13.93141547,44.79979418,0
2022-09-09T10:38:39Z,13.93164643,44.79962848,0
2022-09-09T10:38:48Z,13.93186243,44.79949971,0
2022-09-09T10:39:00Z,13.9321828,44.79937026,0
2022-09-09T10:39:24Z,13.93276692,44.79920027,0
2022-09-09T10:39:36Z,13.93298285,44.7990304,0
2022-09-09T10:39:45Z,13.93310313,44.798878,0
2022-09-09T10:39:54Z,13.93325542,44.79874437,0
2022-09-09T10:40:03Z,13.93337284,44.79858796,0
2022-09-09T10:40:09Z,13.93341774,44.79847926,0
2022-09-09T10:40:18Z,13.93342297,44.79830707,0
2022-09-09T10:40:30Z,13.9335348,44.79810872,0
2022-09-09T10:40:45Z,13.93364018,44.7978513,0
2022-09-09T10:40:54Z,13.93373799,44.79768816,0
2022-09-09T10:41:12Z,13.93404815,44.7973699,0
2022-09-09T10:41:24Z,13.93428147,44.79717436,0
2022-09-09T10:41:57Z,13.93482461,44.79650597,0
2022-09-09T10:42:18Z,13.93514859,44.7960745,0
2022-09-09T10:42:30Z,13.93529926,44.79584514,0
2022-09-09T10:42:57Z,13.93561462,44.7953045,0
2022-09-09T10:43:24Z,13.93599646,44.7947837,0
2022-09-09T10:43:42Z,13.93617122,44.79441313,0
2022-09-09T10:44:03Z,13.93644467,44.79401209,0
2022-09-09T10:44:18Z,13.93657577,44.79372588,0
2022-09-09T10:44:27Z,13.93666964,44.79356122,0
2022-09-09T10:44:39Z,13.93682463,44.79334398,0
2022-09-09T10:44:51Z,13.9369525,44.79311057,0
2022-09-09T10:45:03Z,13.93710667,44.79290112,0
2022-09-09T10:45:09Z,13.9371511,44.79278348,0
2022-09-09T10:45:18Z,13.93719204,44.79260136,0
2022-09-09T10:45:36Z,13.93721874,44.7922178,0
2022-09-09T10:45:39Z,13.93724081,44.79215492,0
2022-09-09T10:45:54Z,13.93746893,44.7918939,0
2022-09-09T10:46:15Z,13.93776919,44.79149676,0
2022-09-09T10:46:36Z,13.93797364,44.79106847,0
2022-09-09T10:46:51Z,13.93818435,44.79075503,0
2022-09-09T10:47:09Z,13.93839474,44.79038023,0
2022-09-09T10:47:21Z,13.9385341,44.79016495,0
2022-09-09T10:47:36Z,13.93875815,44.78988612,0
2022-09-09T10:47:57Z,13.93912109,44.78949161,0
2022-09-09T10:48:27Z,13.93964027,44.78899254,0
2022-09-09T10:48:45Z,13.9399944,44.78871428,0
2022-09-09T10:49:00Z,13.94035777,44.78850543,0
2022-09-09T10:49:21Z,13.94086844,44.78829746,0
2022-09-09T10:49:54Z,13.94145298,44.78784233,0
2022-09-09T10:50:09Z,13.94177858,44.78763846,0
2022-09-09T10:50:27Z,13.94213857,44.7874427,0
2022-09-09T10:50:42Z,13.94235505,44.78724738,0
2022-09-09T10:50:57Z,13.94263565,44.78705894,0
2022-09-09T10:51:09Z,13.94281927,44.78686075,0
2022-09-09T10:51:21Z,13.94302993,44.78668419,0
2022-09-09T10:51:48Z,13.94348133,44.78625274,0
2022-09-09T10:52:15Z,13.94383812,44.78582647,0
2022-09-09T10:52:30Z,13.94411588,44.78564838,0
2022-09-09T10:52:54Z,13.94451015,44.7852615,0
2022-09-09T10:53:15Z,13.94485394,44.78489526,0
2022-09-09T10:53:36Z,13.94519308,44.78447775,0
2022-09-09T10:53:45Z,13.94537002,44.78428659,0
2022-09-09T10:54:06Z,13.94579494,44.78390383,0
2022-09-09T10:54:42Z,13.94653868,44.78332351,0
2022-09-09T10:54:48Z,13.94662843,44.7832176,0
2022-09-09T10:54:57Z,13.94676991,44.78309011,0
2022-09-09T10:55:00Z,13.94680368,44.78305086,0
2022-09-09T10:55:09Z,13.94684579,44.78289513,0
2022-09-09T10:55:18Z,13.94693771,44.78274265,0
2022-09-09T10:55:30Z,13.94701321,44.78253402,0
2022-09-09T10:55:39Z,13.94709133,44.78238127,0
2022-09-09T10:56:06Z,13.94744377,44.781902,0
2022-09-09T10:56:18Z,13.94762269,44.78169407,0
2022-09-09T10:57:06Z,13.94845877,44.78088309,0
2022-09-09T10:57:27Z,13.94874016,44.7805405,0
2022-09-09T10:57:54Z,13.94918526,44.78009749,0
2022-09-09T10:58:03Z,13.94929176,44.77995116,0
2022-09-09T10:58:21Z,13.94955726,44.7796775,0
2022-09-09T10:58:33Z,13.94966486,44.77949153,0
2022-09-09T10:58:39Z,13.94973811,44.77940735,0
2022-09-09T10:58:51Z,13.94997438,44.77928145,0
2022-09-09T10:59:12Z,13.95043596,44.7790884,0
2022-09-09T10:59:36Z,13.95092165,44.7788027,0
2022-09-09T11:00:00Z,13.95135635,44.77858893,0
2022-09-09T11:00:54Z,13.95233046,44.77825269,0
2022-09-09T11:01:18Z,13.95265887,44.77809309,0
2022-09-09T11:01:33Z,13.95281447,44.77799353,0
2022-09-09T11:01:45Z,13.95289547,44.77792146,0
2022-09-09T11:02:03Z,13.95297868,44.77773538,0
2022-09-09T11:02:12Z,13.95306004,44.77762268,0
2022-09-09T11:02:18Z,13.9531421,44.77756223,0
2022-09-09T11:02:27Z,13.95329032,44.77748949,0
2022-09-09T11:02:54Z,13.95385439,44.77732426,0
2022-09-09T11:03:24Z,13.95457184,44.77723504,0
2022-09-09T11:03:42Z,13.95493495,44.77703438,0
2022-09-09T11:03:57Z,13.95526239,44.77691898,0
2022-09-09T11:04:03Z,13.95535691,44.77686286,0
2022-09-09T11:04:30Z,13.95558485,44.77653398,0
2022-09-09T11:04:48Z,13.95574826,44.77624664,0
2022-09-09T11:05:15Z,13.955798,44.77583264,0
2022-09-09T11:05:21Z,13.95580157,44.77573703,0
2022-09-09T11:05:36Z,13.95577319,44.77550814,0
2022-09-09T11:05:45Z,13.95580045,44.77538548,0
2022-09-09T11:06:03Z,13.95596511,44.77513773,0
2022-09-09T11:06:33Z,13.9562582,44.77477157,0
2022-09-09T11:07:06Z,13.95657463,44.77442521,0
2022-09-09T11:07:30Z,13.95673587,44.77412872,0
2022-09-09T11:07:48Z,13.95676482,44.77389694,0
2022-09-09T11:07:54Z,13.95681772,44.77382249,0
2022-09-09T11:08:12Z,13.95700481,44.77366707,0
2022-09-09T11:08:27Z,13.95712764,44.77351215,0
2022-09-09T11:08:48Z,13.95723959,44.77333734,0
2022-09-09T11:09:00Z,13.95728328,44.77323822,0
2022-09-09T11:09:09Z,13.95729958,44.77317182,0
2022-09-09T11:09:18Z,13.95729446,44.77310394,0
2022-09-09T11:09:27Z,13.95731675,44.77303782,0
2022-09-09T11:09:45Z,13.95738675,44.77291066,0
2022-09-09T11:10:18Z,13.95756572,44.77269366,0
2022-09-09T11:10:30Z,13.95761026,44.77259289,0
2022-09-09T11:10:36Z,13.95767399,44.77255762,0
2022-09-09T11:10:42Z,13.95777585,44.77254667,0
2022-09-09T11:10:48Z,13.95788416,44.77257838,0
2022-09-09T11:10:51Z,13.9579171,44.77260753,0
2022-09-09T11:10:54Z,13.95794016,44.77263948,0
2022-09-09T11:11:03Z,13.95793954,44.77275646,0
2022-09-09T11:11:21Z,13.95801125,44.77298978,0
2022-09-09T11:11:33Z,13.95801108,44.77314756,0
2022-09-09T11:11:36Z,13.95804348,44.77317978,0
2022-09-09T11:11:39Z,13.95809745,44.77320791,0
2022-09-09T11:11:42Z,13.95816382,44.77321068,0
2022-09-09T11:11:48Z,13.95827534,44.7731722,0
2022-09-09T11:11:51Z,13.95830234,44.7731361,0
2022-09-09T11:11:54Z,13.95830446,44.77310036,0
2022-09-09T11:12:00Z,13.95826301,44.7730394,0
2022-09-09T11:12:21Z,13.95802525,44.77283671,0
2022-09-09T11:12:36Z,13.95787239,44.77268133,0
2022-09-09T11:12:45Z,13.95776693,44.77261329,0
2022-09-09T11:13:15Z,13.95751438,44.77234936,0
2022-09-09T11:13:27Z,13.95736561,44.7722411,0
2022-09-09T11:13:42Z,13.95722263,44.77206765,0
2022-09-09T11:14:09Z,13.95674827,44.77184191,0
2022-09-09T11:14:30Z,13.95642741,44.77161379,0
2022-09-09T11:14:39Z,13.95633996,44.77150396,0
2022-09-09T11:14:48Z,13.95621322,44.77140806,0
2022-09-09T11:15:03Z,13.95605154,44.77121741,0
2022-09-09T11:15:45Z,13.95537765,44.77059351,0
2022-09-09T11:16:00Z,13.95510854,44.77037589,0
2022-09-09T11:16:33Z,13.95439033,44.76997211,0
2022-09-09T11:17:06Z,13.95374944,44.7695359,0
2022-09-09T11:17:21Z,13.95350512,44.76931915,0
2022-09-09T11:17:51Z,13.95288515,44.76892871,0
2022-09-09T11:17:57Z,13.95277525,44.76883674,0
2022-09-09T11:18:09Z,13.95251407,44.76867438,0
2022-09-09T11:18:42Z,13.95198067,44.7682228,0
2022-09-09T11:18:51Z,13.95178403,44.76810114,0
2022-09-09T11:19:09Z,13.95136786,44.76787232,0
2022-09-09T11:19:39Z,13.95066732,44.767565,0
2022-09-09T11:19:57Z,13.95031022,44.76734491,0
2022-09-09T11:20:15Z,13.94992078,44.76713397,0
2022-09-09T11:20:33Z,13.94957314,44.76689941,0
2022-09-09T11:20:48Z,13.94923545,44.76677226,0
2022-09-09T11:21:00Z,13.94894742,44.76670364,0
2022-09-09T11:21:18Z,13.94848561,44.76655937,0
2022-09-09T11:21:48Z,13.94760207,44.76636979,0
2022-09-09T11:22:21Z,13.94691412,44.76631438,0
2022-09-09T11:22:39Z,13.94666097,44.76625578,0
2022-09-09T11:23:24Z,13.94594961,44.76636223,0
2022-09-09T11:23:48Z,13.94533508,44.76635127,0
2022-09-09T11:24:09Z,13.94477478,44.76639112,0
2022-09-09T11:24:39Z,13.94395646,44.76639879,0
2022-09-09T11:24:48Z,13.94372224,44.76643973,0
2022-09-09T11:25:06Z,13.94322844,44.76647542,0
2022-09-09T11:25:36Z,13.94243368,44.76641737,0
2022-09-09T11:26:24Z,13.94117074,44.76637695,0
2022-09-09T11:26:51Z,13.94047443,44.76624573,0
2022-09-09T11:27:36Z,13.93934501,44.76609391,0
2022-09-09T11:28:03Z,13.93866255,44.76606293,0
2022-09-09T11:28:27Z,13.93805496,44.76598407,0
2022-09-09T11:28:48Z,13.93750302,44.76597274,0
2022-09-09T11:29:06Z,13.93704481,44.76589724,0
2022-09-09T11:29:24Z,13.93659925,44.76579978,0
2022-09-09T11:29:51Z,13.93590467,44.76569956,0
2022-09-09T11:30:09Z,13.93541118,44.76565324,0
2022-09-09T11:30:21Z,13.93510478,44.76556599,0
2022-09-09T11:30:33Z,13.93477943,44.7655301,0
2022-09-09T11:30:51Z,13.93427145,44.76552147,0
2022-09-09T11:31:00Z,13.93402959,44.76549516,0
2022-09-09T11:31:33Z,13.93317452,44.76533833,0
2022-09-09T11:31:39Z,13.93302802,44.76529352,0
2022-09-09T11:32:12Z,13.93214142,44.76517684,0
2022-09-09T11:32:36Z,13.93154695,44.76504339,0
2022-09-09T11:33:03Z,13.9308598,44.76491561,0
2022-09-09T11:33:36Z,13.93007539,44.76471473,0
2022-09-09T11:33:57Z,13.92954833,44.76460963,0
2022-09-09T11:34:15Z,13.92913818,44.76447274,0
2022-09-09T11:34:42Z,13.92842307,44.76438723,0
2022-09-09T11:34:57Z,13.92805383,44.76427135,0
2022-09-09T11:35:03Z,13.92788872,44.76424382,0
2022-09-09T11:35:18Z,13.9274806,44.76420502,0
2022-09-09T11:35:39Z,13.92692634,44.76412596,0
2022-09-09T11:35:51Z,13.92661467,44.76415445,0
2022-09-09T11:35:57Z,13.92645637,44.76413568,0
2022-09-09T11:36:30Z,13.92564327,44.76398649,0
2022-09-09T11:36:42Z,13.92534104,44.7639538,0
2022-09-09T11:37:12Z,13.92456727,44.76382842,0
2022-09-09T11:37:27Z,13.9241768,44.76373968,0
2022-09-09T11:37:45Z,13.92371289,44.76366033,0
2022-09-09T11:38:15Z,13.92291248,44.76355694,0
2022-09-09T11:38:24Z,13.92267289,44.76349946,0
2022-09-09T11:39:12Z,13.9213806,44.7632923,0
2022-09-09T11:39:42Z,13.92054902,44.76319174,0
2022-09-09T11:40:18Z,13.91954461,44.76303487,0
2022-09-09T11:41:03Z,13.91826278,44.76293132,0
2022-09-09T11:41:12Z,13.91800056,44.76292122,0
2022-09-09T11:41:24Z,13.91764477,44.76293267,0
2022-09-09T11:42:03Z,13.91648212,44.76299217,0
2022-09-09T11:42:33Z,13.91559214,44.76298082,0
2022-09-09T11:42:57Z,13.91486525,44.76305964,0
2022-09-09T11:43:15Z,13.91431097,44.76306448,0
2022-09-09T11:43:30Z,13.91386514,44.7630414,0
2022-09-09T11:43:42Z,13.91348937,44.76304174,0
2022-09-09T11:44:06Z,13.91274373,44.76297068,0
2022-09-09T11:44:24Z,13.91218058,44.76296861,0
2022-09-09T11:44:33Z,13.91189864,44.76299173,0
2022-09-09T11:44:57Z,13.91115766,44.76298869,0
2022-09-09T11:45:30Z,13.91012838,44.76301329,0
2022-09-09T11:46:00Z,13.90919549,44.76305845,0
2022-09-09T11:46:15Z,13.90871253,44.76304598,0
2022-09-09T11:46:33Z,13.9081354,44.76311828,0
2022-09-09T11:46:48Z,13.90766965,44.7632027,0
2022-09-09T11:46:57Z,13.90739134,44.76320191,0
2022-09-09T11:47:12Z,13.90695869,44.76326459,0
2022-09-09T11:47:27Z,13.9064782,44.76324126,0
2022-09-09T11:47:39Z,13.90613224,44.76324305,0
2022-09-09T11:47:57Z,13.90564114,44.76329416,0
2022-09-09T11:48:30Z,13.90475962,44.76344171,0
2022-09-09T11:49:18Z,13.90345591,44.76375714,0
2022-09-09T11:49:36Z,13.90296084,44.76391503,0
2022-09-09T11:49:54Z,13.90245664,44.76409962,0
2022-09-09T11:50:06Z,13.90210894,44.76420066,0
2022-09-09T11:50:15Z,13.90184358,44.76430102,0
2022-09-09T11:50:51Z,13.90082459,44.76461093,0
2022-09-09T11:51:24Z,13.89994729,44.76493218,0
2022-09-09T11:51:42Z,13.89945772,44.76503706,0
2022-09-09T11:52:00Z,13.89896946,44.76507769,0
2022-09-09T11:52:18Z,13.89850704,44.76515948,0
2022-09-09T11:52:27Z,13.89829821,44.76522449,0
2022-09-09T11:52:36Z,13.89812771,44.76529722,0
2022-09-09T11:53:03Z,13.89750626,44.76547573,0
2022-09-09T11:53:39Z,13.8967197,44.76576601,0
2022-09-09T11:53:45Z,13.89662226,44.76584622,0
2022-09-09T11:53:51Z,13.89655018,44.76594001,0
2022-09-09T11:54:00Z,13.89651234,44.76609149,0
2022-09-09T11:54:12Z,13.89640529,44.76629113,0
2022-09-09T11:54:27Z,13.89611194,44.76646482,0
2022-09-09T11:54:33Z,13.89600895,44.7665418,0
2022-09-09T11:55:00Z,13.89561902,44.7669302,0
2022-09-09T11:55:12Z,13.89542034,44.76708085,0
2022-09-09T11:55:21Z,13.89524572,44.76718779,0
2022-09-09T11:55:45Z,13.89489213,44.76758551,0
2022-09-09T11:56:00Z,13.89466075,44.76781087,0
2022-09-09T11:56:06Z,13.89458435,44.76791112,0
2022-09-09T11:56:18Z,13.8944706,44.76812,0
2022-09-09T11:56:27Z,13.89434025,44.76826566,0
2022-09-09T11:56:36Z,13.89420139,44.76840913,0
2022-09-09T11:56:54Z,13.89386797,44.76865518,0
2022-09-09T11:57:12Z,13.89360847,44.76895574,0
2022-09-09T11:57:45Z,13.89305953,44.76945448,0
2022-09-09T11:57:54Z,13.89292211,44.76959957,0
2022-09-09T11:58:09Z,13.8927461,44.76986489,0
2022-09-09T11:58:30Z,13.89241795,44.77020364,0
2022-09-09T11:59:06Z,13.89178097,44.77072657,0
2022-09-09T11:59:36Z,13.89119912,44.77112589,0
2022-09-09T11:59:48Z,13.89104089,44.77129683,0
2022-09-09T12:00:06Z,13.89082683,44.77146492,0
2022-09-09T12:00:42Z,13.89039809,44.77167024,0
2022-09-09T12:00:48Z,13.89028772,44.77168265,0
2022-09-09T12:00:57Z,13.89009435,44.77165218,0
2022-09-09T12:01:00Z,13.89003634,44.77166907,0
2022-09-09T12:01:12Z,13.8898981,44.77177964,0
2022-09-09T12:01:15Z,13.88983549,44.77178983,0
2022-09-09T12:01:24Z,13.88964705,44.77174647,0
2022-09-09T12:01:39Z,13.88937585,44.77161163,0
2022-09-09T12:01:45Z,13.88923644,44.77159216,0
2022-09-09T12:01:51Z,13.88910144,44.77162965,0
2022-09-09T12:02:03Z,13.88890128,44.77182354,0
2022-09-09T12:02:12Z,13.88880071,44.77198376,0
2022-09-09T12:02:24Z,13.88861752,44.77217262,0
2022-09-09T12:02:39Z,13.88823499,44.77237506,0
2022-09-09T12:02:57Z,13.88773944,44.77258566,0
2022-09-09T12:03:09Z,13.88742827,44.77275562,0
2022-09-09T12:03:18Z,13.88718551,44.77286728,0
2022-09-09T12:03:39Z,13.88669096,44.77319509,0
2022-09-09T12:04:36Z,13.88537396,44.77394681,0
2022-09-09T12:04:57Z,13.88498103,44.77423397,0
2022-09-09T12:05:24Z,13.88447387,44.77456713,0
2022-09-09T12:07:24Z,13.88245597,44.77582726,0
2022-09-09T12:07:54Z,13.88203304,44.77611469,0
2022-09-09T12:08:42Z,13.88129059,44.77658448,0
2022-09-09T12:09:39Z,13.88040775,44.77720207,0
2022-09-09T12:10:45Z,13.87927014,44.7781062,0
2022-09-09T12:11:12Z,13.87873985,44.77849421,0
2022-09-09T12:12:21Z,13.87743659,44.77957032,0
2022-09-09T12:13:15Z,13.87638496,44.78039855,0
2022-09-09T12:13:54Z,13.87565085,44.78095086,0
2022-09-09T12:14:48Z,13.8746099,44.78178529,0
2022-09-09T12:15:09Z,13.87415957,44.78218247,0
2022-09-09T12:15:45Z,13.87335885,44.78284986,0
2022-09-09T12:15:57Z,13.87306846,44.78306991,0
2022-09-09T12:16:21Z,13.8724985,44.78354762,0
2022-09-09T12:16:30Z,13.87226702,44.7837168,0
2022-09-09T12:17:00Z,13.87157153,44.78429397,0
2022-09-09T12:17:24Z,13.87107305,44.7847497,0
2022-09-09T12:17:39Z,13.87077243,44.78500022,0
2022-09-09T12:17:51Z,13.87055973,44.78522221,0
2022-09-09T12:18:27Z,13.8698454,44.78581578,0
2022-09-09T12:18:48Z,13.86948926,44.78615381,0
2022-09-09T12:20:30Z,13.86784751,44.78751882,0
2022-09-09T12:20:57Z,13.86746039,44.78789355,0
2022-09-09T12:21:15Z,13.86719286,44.78811632,0
2022-09-09T12:21:51Z,13.86669994,44.78858226,0
2022-09-09T12:22:15Z,13.86636764,44.78886627,0
2022-09-09T12:22:36Z,13.86610834,44.78913166,0
2022-09-09T12:24:45Z,13.86461452,44.79048655,0
2022-09-09T12:25:00Z,13.86444497,44.79066348,0
2022-09-09T12:25:15Z,13.86425486,44.790822,0
2022-09-09T12:25:39Z,13.86399382,44.79109758,0
2022-09-09T12:26:15Z,13.86361039,44.79145353,0
2022-09-09T12:26:51Z,13.86325122,44.79185153,0
2022-09-09T12:27:30Z,13.86281958,44.79227128,0
2022-09-09T12:27:45Z,13.86263578,44.79240555,0
2022-09-09T12:27:57Z,13.86251191,44.79252209,0
2022-09-09T12:28:27Z,13.86213916,44.79277814,0
2022-09-09T12:28:48Z,13.8618554,44.79294243,0
2022-09-09T12:29:06Z,13.86163675,44.79312079,0
2022-09-09T12:29:27Z,13.8613313,44.79331217,0
2022-09-09T12:30:00Z,13.86085846,44.79365203,0
2022-09-09T12:30:30Z,13.86045873,44.79398572,0
2022-09-09T12:31:12Z,13.8598759,44.79444299,0
2022-09-09T12:31:24Z,13.85970405,44.79455518,0
2022-09-09T12:31:48Z,13.85939625,44.79480496,0
2022-09-09T12:32:00Z,13.85921759,44.79492488,0
2022-09-09T12:33:00Z,13.8583848,44.79559473,0
2022-09-09T12:34:48Z,13.85695299,44.79688891,0
2022-09-09T12:35:03Z,13.8567177,44.79708596,0
2022-09-09T12:36:15Z,13.85564167,44.79812984,0
2022-09-09T12:36:57Z,13.85496446,44.7987599,0
2022-09-09T12:37:09Z,13.85479356,44.79896008,0
2022-09-09T12:37:12Z,13.8547256,44.79899425,0
2022-09-09T12:37:15Z,13.85464221,44.7989991,0
2022-09-09T12:37:24Z,13.85441035,44.79896039,0
2022-09-09T12:37:33Z,13.85417885,44.79895414,0
2022-09-09T12:37:42Z,13.85398333,44.79890068,0
2022-09-09T12:37:48Z,13.85385814,44.79891941,0
2022-09-09T12:37:57Z,13.85370525,44.79899437,0
2022-09-09T12:38:12Z,13.8536075,44.79917545,0
2022-09-09T12:38:21Z,13.85349651,44.79927432,0
2022-09-09T12:38:27Z,13.85339862,44.79932327,0
2022-09-09T12:38:36Z,13.85323628,44.79934081,0
2022-09-09T12:38:48Z,13.85309725,44.79948152,0
2022-09-09T12:39:12Z,13.85270414,44.7996759,0
2022-09-09T12:39:15Z,13.8526653,44.79970576,0
2022-09-09T12:39:21Z,13.85264004,44.79978399,0
2022-09-09T12:39:24Z,13.85261099,44.79981584,0
2022-09-09T12:39:33Z,13.85246112,44.79985029,0
2022-09-09T12:39:42Z,13.85229678,44.79985306,0
2022-09-09T12:40:09Z,13.85185766,44.79977679,0
2022-09-09T12:40:24Z,13.85161209,44.79971001,0
2022-09-09T12:40:27Z,13.85156148,44.79971494,0
2022-09-09T12:40:36Z,13.85145384,44.79979694,0
2022-09-09T12:40:42Z,13.85142419,44.79986506,0
2022-09-09T12:40:54Z,13.85140122,44.80000645,0
2022-09-09T12:41:03Z,13.85133081,44.80010891,0
2022-09-09T12:41:12Z,13.85121832,44.80018281,0
2022-09-09T12:41:21Z,13.85104836,44.80023805,0
2022-09-09T12:41:54Z,13.85036884,44.80033063,0
2022-09-09T12:42:09Z,13.85004256,44.80030613,0
2022-09-09T12:42:18Z,13.84985507,44.80026828,0
2022-09-09T12:42:24Z,13.84973058,44.80027131,0
2022-09-09T12:42:57Z,13.84900631,44.80037681,0
2022-09-09T12:43:12Z,13.8486916,44.80048266,0
2022-09-09T12:43:18Z,13.84860163,44.80054833,0
2022-09-09T12:43:24Z,13.84858713,44.80063938,0
2022-09-09T12:43:27Z,13.84860435,44.8006929,0
2022-09-09T12:43:30Z,13.84863686,44.80072845,0
2022-09-09T12:43:45Z,13.84867074,44.80093856,0
2022-09-09T12:44:06Z,13.84879574,44.80115898,0
2022-09-09T12:44:27Z,13.84882925,44.80138371,0
2022-09-09T12:45:12Z,13.84876023,44.80197473,0
2022-09-09T12:45:15Z,13.84873184,44.80201599,0
2022-09-09T12:45:21Z,13.84861823,44.80204792,0
2022-09-09T12:45:24Z,13.84855177,44.8020408,0
2022-09-09T12:45:36Z,13.84833774,44.80195211,0
2022-09-09T12:45:39Z,13.84829229,44.80192798,0
2022-09-09T12:45:42Z,13.84826826,44.8018906,0
2022-09-09T12:45:48Z,13.84826319,44.80181307,0
2022-09-09T12:45:51Z,13.84824266,44.80178295,0
2022-09-09T12:45:57Z,13.84817287,44.80174657,0
2022-09-09T12:46:03Z,13.84808258,44.80176296,0
2022-09-09T12:46:18Z,13.84788561,44.80190732,0
2022-09-09T12:46:27Z,13.84772175,44.80197137,0
2022-09-09T12:46:36Z,13.84752961,44.80199118,0
2022-09-09T12:46:48Z,13.84727728,44.80194909,0
2022-09-09T12:46:51Z,13.84721985,44.80197354,0
2022-09-09T12:47:03Z,13.84708156,44.80212369,0
2022-09-09T12:47:12Z,13.8470165,44.802257,0
2022-09-09T12:47:21Z,13.84698608,44.80239385,0
2022-09-09T12:47:36Z,13.84697803,44.80261156,0
2022-09-09T12:47:42Z,13.84696063,44.80269543,0
2022-09-09T12:47:54Z,13.8468744,44.80286134,0
2022-09-09T12:48:09Z,13.84681634,44.80308651,0
2022-09-09T12:48:18Z,13.84673119,44.80320242,0
2022-09-09T12:48:24Z,13.8466511,44.80327052,0
2022-09-09T12:48:33Z,13.84645654,44.80330615,0
2022-09-09T12:48:45Z,13.84617774,44.803299,0
2022-09-09T12:48:54Z,13.84598705,44.80326882,0
2022-09-09T12:49:06Z,13.84572861,44.80335273,0
2022-09-09T12:49:24Z,13.84534214,44.80338276,0
2022-09-09T12:49:30Z,13.84522441,44.80342566,0
2022-09-09T12:49:39Z,13.84507691,44.80352104,0
2022-09-09T12:49:48Z,13.84497027,44.80362756,0
2022-09-09T12:49:57Z,13.8448815,44.80374777,0
2022-09-09T12:50:03Z,13.84477256,44.8037987,0
2022-09-09T12:50:06Z,13.84470482,44.80380291,0
2022-09-09T12:50:33Z,13.84417032,44.80370677,0
2022-09-09T12:50:36Z,13.8441173,44.80372731,0
2022-09-09T12:50:42Z,13.84403189,44.80379098,0
2022-09-09T12:50:48Z,13.84391662,44.80380905,0
2022-09-09T12:50:54Z,13.84378898,44.80379304,0
2022-09-09T12:51:03Z,13.84363109,44.80374291,0
2022-09-09T12:51:09Z,13.84358903,44.80368458,0
2022-09-09T12:51:15Z,13.84352037,44.80364642,0
2022-09-09T12:51:21Z,13.84343024,44.80364855,0
2022-09-09T12:51:27Z,13.84337058,44.80369949,0
2022-09-09T12:51:39Z,13.8433335,44.80383149,0
2022-09-09T12:51:51Z,13.84332756,44.80395864,0
2022-09-09T12:52:09Z,13.84338844,44.80413308,0
2022-09-09T12:52:15Z,13.84343739,44.80420033,0
2022-09-09T12:52:36Z,13.84376824,44.80443581,0
2022-09-09T12:53:15Z,13.8445305,44.80485228,0
2022-09-09T12:53:54Z,13.84525202,44.80531378,0
2022-09-09T12:54:33Z,13.84607914,44.80573035,0
2022-09-09T12:55:06Z,13.84680106,44.806057,0
2022-09-09T12:55:33Z,13.847363,44.80637068,0
2022-09-09T12:56:18Z,13.84839953,44.80680619,0
2022-09-09T12:57:03Z,13.84943006,44.80726555,0
2022-09-09T12:57:33Z,13.85009814,44.80761016,0
2022-09-09T12:57:54Z,13.85060366,44.80780762,0
2022-09-09T12:58:18Z,13.85121952,44.80798953,0
2022-09-09T12:58:27Z,13.85143572,44.80807481,0
2022-09-09T12:58:33Z,13.8515503,44.80815364,0
2022-09-09T12:58:42Z,13.8516898,44.80829606,0
2022-09-09T12:58:54Z,13.85193407,44.8084629,0
2022-09-09T12:59:15Z,13.8523772,44.80870312,0
2022-09-09T12:59:24Z,13.85256152,44.80882554,0
2022-09-09T12:59:39Z,13.85289251,44.80899915,0
2022-09-09T12:59:54Z,13.85318254,44.809192,0
2022-09-09T13:00:09Z,13.85349538,44.8093657,0
2022-09-09T13:00:30Z,13.85390882,44.80962773,0
2022-09-09T13:00:51Z,13.8542978,44.80990915,0
2022-09-09T13:01:24Z,13.85495135,44.81032398,0
2022-09-09T13:01:57Z,13.85564837,44.81071251,0
2022-09-09T13:02:27Z,13.85628141,44.811096,0
2022-09-09T13:02:48Z,13.85669621,44.81137194,0
2022-09-09T13:03:12Z,13.85721295,44.81166761,0
2022-09-09T13:04:30Z,13.85881292,44.81273573,0
2022-09-09T13:05:00Z,13.85944442,44.81313771,0
2022-09-09T13:05:15Z,13.85974454,44.81336007,0
2022-09-09T13:05:33Z,13.86012053,44.8136009,0
2022-09-09T13:05:45Z,13.8603359,44.81378424,0
2022-09-09T13:05:54Z,13.86048536,44.81394012,0
2022-09-09T13:06:09Z,13.86076681,44.81416695,0
2022-09-09T13:06:24Z,13.86102284,44.81440409,0
2022-09-09T13:06:54Z,13.86148679,44.81487349,0
2022-09-09T13:07:39Z,13.86212949,44.81542332,0
2022-09-09T13:07:57Z,13.8623246,44.81563857,0
2022-09-09T13:08:21Z,13.86262999,44.81589791,0
2022-09-09T13:09:24Z,13.86335782,44.81659214,0
2022-09-09T13:10:09Z,13.86392056,44.81705141,0
2022-09-09T13:11:36Z,13.86499323,44.8179936,0
2022-09-09T13:11:51Z,13.86516056,44.8181708,0
2022-09-09T13:12:30Z,13.86552599,44.81864197,0
2022-09-09T13:12:36Z,13.8656188,44.81867253,0
2022-09-09T13:12:39Z,13.86567279,44.81866537,0
2022-09-09T13:13:06Z,13.86607659,44.81854161,0
2022-09-09T13:13:21Z,13.8662439,44.8184709,0
2022-09-09T13:13:45Z,13.86650448,44.81830711,0
2022-09-09T13:14:21Z,13.86677884,44.81810613,0
2022-09-09T13:14:36Z,13.86676391,44.8180969,0
2022-09-09T13:14:54Z,13.86685364,44.81808694,0
2022-09-09T13:15:27Z,13.86696417,44.81804234,0
2022-09-09T13:16:12Z,13.86682817,44.81817342,0
2022-09-09T13:16:24Z,13.86681113,44.8181722,0
2022-09-09T13:16:45Z,13.86681147,44.81815766,0
2022-09-09T13:17:03Z,13.86677616,44.81814044,0
2022-09-09T13:17:27Z,13.86679882,44.81812522,0
2022-09-09T13:18:12Z,13.86678019,44.81808179,0
2022-09-09T13:19:42Z,13.86676044,44.81809126,0
2022-09-09T13:20:06Z,13.86671839,44.81805164,0
2022-09-09T13:20:18Z,13.8667244,44.81804119,0
2022-09-09T13:20:48Z,13.86669513,44.81804773,0
2022-09-09T13:22:48Z,13.86675368,44.81808893,0
2022-09-09T13:24:03Z,13.86670231,44.81805224,0
2022-09-09T13:24:27Z,13.86671143,44.81807038,0
2022-09-09T13:24:42Z,13.86669296,44.81808196,0
2022-09-09T13:25:48Z,13.86671977,44.81803909,0
2022-09-09T13:26:15Z,13.86668223,44.81801498,0
2022-09-09T13:26:45Z,13.86670871,44.81803374,0
2022-09-09T13:27:18Z,13.86671973,44.81808593,0
2022-09-09T13:28:54Z,13.86674578,44.81810082,0
2022-09-09T13:29:24Z,13.86674829,44.81807661,0
2022-09-09T13:29:48Z,13.86668763,44.8180406,0
2022-09-09T13:30:06Z,13.86670503,44.81803075,0
2022-09-09T13:30:42Z,13.86668487,44.81803794,0
2022-09-09T13:32:03Z,13.86671254,44.81809307,0
2022-09-09T13:32:36Z,13.86672151,44.8180537,0
2022-09-09T13:33:30Z,13.86668077,44.81805868,0
2022-09-09T13:33:45Z,13.86670924,44.81807165,0
2022-09-09T13:35:09Z,13.86668218,44.81799266,0
2022-09-09T13:36:12Z,13.86671798,44.81804736,0
2022-09-09T13:36:42Z,13.86670712,44.81807543,0
2022-09-09T13:37:00Z,13.86672798,44.81807606,0
2022-09-09T13:37:27Z,13.86671819,44.81811067,0
2022-09-09T13:37:45Z,13.86675453,44.81810947,0
2022-09-09T13:38:18Z,13.86676298,44.818073,0
2022-09-09T13:39:30Z,13.86668115,44.81800275,0
2022-09-09T13:41:03Z,13.86672439,44.81811902,0
2022-09-09T13:41:27Z,13.86674698,44.81814165,0
2022-09-09T13:41:54Z,13.86673756,44.81806985,0
2022-09-09T13:42:15Z,13.86670883,44.81804114,0
2022-09-09T13:42:33Z,13.86671598,44.81802046,0
2022-09-09T13:43:03Z,13.86668759,44.81798179,0
2022-09-09T13:43:45Z,13.86666553,44.817999,0
2022-09-09T13:58:15Z,13.86672058,44.81804286,0
2022-09-09T13:59:03Z,13.86675877,44.8181043,0
2022-09-09T13:59:15Z,13.86674314,44.81810514,0
2022-09-09T13:59:51Z,13.86669461,44.81804653,0
2022-09-09T14:00:39Z,13.86669423,44.81800737,0
2022-09-09T14:01:36Z,13.86670176,44.8180658,0
2022-09-09T14:02:30Z,13.86674195,44.81803332,0
2022-09-09T14:03:18Z,13.86672981,44.81801501,0
2022-09-09T14:04:27Z,13.86672602,44.81808582,0
2022-09-09T14:05:06Z,13.86677762,44.81811103,0
2022-09-09T14:05:54Z,13.86678995,44.81814463,0
2022-09-09T14:06:36Z,13.86672929,44.8180968,0
2022-09-09T14:07:30Z,13.86672263,44.81806081,0
2022-09-09T14:08:36Z,13.86673723,44.81808368,0
2022-09-09T14:09:03Z,13.86672666,44.81810024,0
2022-09-09T14:10:33Z,13.8667368,44.81808108,0
2022-09-09T14:11:39Z,13.86672643,44.81802346,0
2022-09-09T14:12:24Z,13.86669423,44.81800124,0
2022-09-09T14:13:42Z,13.8667366,44.81798016,0
2022-09-09T14:15:12Z,13.86670796,44.81808787,0
2022-09-09T14:15:21Z,13.86672777,44.81809525,0
2022-09-09T14:15:27Z,13.86672511,44.81810913,0
2022-09-09T14:16:06Z,13.86675797,44.81810867,0
2022-09-09T14:17:00Z,13.86670385,44.81803787,0
2022-09-09T14:17:18Z,13.86672209,44.8180301,0
2022-09-09T14:18:25Z,13.86670167,44.81803148,0
2022-09-09T14:19:39Z,13.86671117,44.81793907,0
2022-09-09T14:20:00Z,13.866728,44.81797648,0
2022-09-09T14:20:45Z,13.86666888,44.81802256,0
2022-09-09T14:20:54Z,13.86668511,44.81802816,0
2022-09-09T14:21:21Z,13.86671325,44.81799941,0
2022-09-09T14:22:09Z,13.8667322,44.81792524,0
2022-09-09T14:22:45Z,13.8667126,44.81789643,0
2022-09-09T14:23:18Z,13.86674056,44.81793184,0
2022-09-09T14:23:54Z,13.86667976,44.81800347,0
2022-09-09T14:24:18Z,13.86668512,44.81803583,0
2022-09-09T14:24:36Z,13.86670037,44.81801626,0
2022-09-09T14:25:18Z,13.86670508,44.81793556,0
2022-09-09T14:25:36Z,13.86673761,44.81791151,0
2022-09-09T14:26:24Z,13.86672701,44.81789399,0
2022-09-09T14:27:09Z,13.86667171,44.81797651,0
2022-09-09T14:28:12Z,13.86670215,44.81800979,0
2022-09-09T14:28:57Z,13.86670972,44.81795855,0
2022-09-09T14:29:18Z,13.86671894,44.81798567,0
2022-09-09T14:30:00Z,13.86675691,44.81800382,0
2022-09-09T14:30:51Z,13.8667394,44.8180516,0
2022-09-09T14:32:39Z,13.86671631,44.81806124,0
2022-09-09T14:32:51Z,13.86672041,44.81808592,0
2022-09-09T14:34:51Z,13.86669532,44.81800011,0
2022-09-09T14:35:45Z,13.86672456,44.81801104,0
2022-09-09T14:36:42Z,13.86669597,44.81807185,0
2022-09-09T14:37:57Z,13.86674531,44.81800643,0
2022-09-09T14:38:18Z,13.86670675,44.81796117,0
2022-09-09T14:38:54Z,13.86671092,44.81791962,0
2022-09-09T14:39:09Z,13.86673024,44.81792616,0
2022-09-09T14:39:21Z,13.86672706,44.81794134,0
2022-09-09T14:39:54Z,13.86668165,44.81801259,0
2022-09-09T14:40:09Z,13.86670065,44.81803142,0
2022-09-09T14:40:33Z,13.86669936,44.81800621,0
2022-09-09T14:40:54Z,13.86672334,44.8179886,0
2022-09-09T14:41:18Z,13.86671079,44.81794622,0
2022-09-09T14:41:45Z,13.86672251,44.81791236,0
2022-09-09T14:42:00Z,13.86674126,44.81793153,0
2022-09-09T14:42:15Z,13.8667052,44.81795672,0
2022-09-09T14:43:15Z,13.8666913,44.81804017,0
2022-09-09T14:43:57Z,13.86672287,44.81800258,0
2022-09-09T14:44:36Z,13.86670255,44.81792844,0
2022-09-09T14:45:03Z,13.8667203,44.81798083,0
2022-09-09T14:45:36Z,13.86668024,44.81801945,0
2022-09-09T14:46:12Z,13.86672586,44.81796235,0
2022-09-09T14:46:42Z,13.866702,44.81793352,0
2022-09-09T14:46:48Z,13.86669324,44.81793942,0
2022-09-09T14:47:06Z,13.8667591,44.81796151,0
2022-09-09T14:47:21Z,13.86682001,44.81801284,0
2022-09-09T14:47:39Z,13.86687811,44.81802768,0
2022-09-09T14:47:54Z,13.86689468,44.81799706,0
2022-09-09T14:48:33Z,13.86669149,44.81796458,0
2022-09-09T14:48:54Z,13.86647645,44.81795185,0
2022-09-09T14:49:00Z,13.86640435,44.8179619,0
2022-09-09T14:49:12Z,13.86629284,44.81802184,0
2022-09-09T14:49:30Z,13.86616216,44.81814426,0
2022-09-09T14:49:39Z,13.86614402,44.81820792,0
2022-09-09T14:50:00Z,13.86616978,44.818293,0
2022-09-09T14:50:39Z,13.86592069,44.8181811,0
2022-09-09T14:50:57Z,13.86566322,44.81802143,0
2022-09-09T14:51:09Z,13.86544976,44.81792274,0
2022-09-09T14:51:21Z,13.86523579,44.81780034,0
2022-09-09T14:51:48Z,13.86469385,44.81756315,0
2022-09-09T14:52:00Z,13.8644737,44.81743916,0
2022-09-09T14:52:27Z,13.86402277,44.81712685,0
2022-09-09T14:52:42Z,13.86382049,44.81693933,0
2022-09-09T14:53:03Z,13.86350176,44.81669571,0
2022-09-09T14:53:18Z,13.86330008,44.81649685,0
2022-09-09T14:53:24Z,13.86320848,44.81643145,0
2022-09-09T14:53:36Z,13.86300803,44.81632831,0
2022-09-09T14:53:45Z,13.86287606,44.8162288,0
2022-09-09T14:53:54Z,13.86275305,44.81611771,0
2022-09-09T14:54:15Z,13.86254982,44.81585473,0
2022-09-09T14:54:21Z,13.86248426,44.81579357,0
2022-09-09T14:54:57Z,13.86207025,44.815492,0
2022-09-09T14:55:27Z,13.86161083,44.8152103,0
2022-09-09T14:55:54Z,13.86108846,44.81498132,0
2022-09-09T14:56:27Z,13.86020866,44.81474445,0
2022-09-09T14:56:33Z,13.8600492,44.81468868,0
2022-09-09T14:57:09Z,13.85908602,44.81428199,0
2022-09-09T14:57:30Z,13.8584564,44.81409185,0
2022-09-09T14:57:57Z,13.85761217,44.81387369,0
2022-09-09T14:58:06Z,13.85734809,44.81378644,0
2022-09-09T14:58:18Z,13.85701186,44.81365309,0
2022-09-09T14:58:30Z,13.85670443,44.81350007,0
2022-09-09T14:58:39Z,13.85649438,44.81342886,0
2022-09-09T14:59:27Z,13.85571294,44.81325414,0
2022-09-09T15:00:03Z,13.85524936,44.81310916,0
2022-09-09T15:00:12Z,13.85511942,44.81308593,0
2022-09-09T15:00:33Z,13.85480876,44.8130435,0
2022-09-09T15:00:36Z,13.85476256,44.81305065,0
2022-09-09T15:00:45Z,13.85464627,44.81311039,0
2022-09-09T15:00:51Z,13.85454831,44.81310137,0
2022-09-09T15:01:00Z,13.85447058,44.81303381,0
2022-09-09T15:01:15Z,13.854445,44.81292137,0
2022-09-09T15:01:24Z,13.85449821,44.81282905,0
2022-09-09T15:01:30Z,13.8545814,44.81278115,0
2022-09-09T15:01:33Z,13.85462274,44.81277376,0
2022-09-09T15:01:39Z,13.85469184,44.81278806,0
2022-09-09T15:01:45Z,13.85473367,44.81283254,0
2022-09-09T15:01:51Z,13.85471529,44.81288576,0
2022-09-09T15:01:57Z,13.85465499,44.8129271,0
2022-09-09T15:02:03Z,13.854627,44.81300159,0
2022-09-09T15:02:09Z,13.85469526,44.81308205,0
2022-09-09T15:02:12Z,13.85475652,44.81310316,0
2022-09-09T15:02:18Z,13.85488356,44.81308838,0
2022-09-09T15:02:24Z,13.85495221,44.81302887,0
2022-09-09T15:02:30Z,13.85495203,44.81296581,0
2022-09-09T15:02:36Z,13.85489733,44.81292091,0
2022-09-09T15:02:42Z,13.85481744,44.81289713,0
2022-09-09T15:02:48Z,13.85473269,44.81291355,0
2022-09-09T15:02:51Z,13.85470159,44.81293689,0
2022-09-09T15:02:54Z,13.85468869,44.81297023,0
2022-09-09T15:03:06Z,13.85470125,44.81309927,0
2022-09-09T15:03:12Z,13.8547329,44.81316716,0
2022-09-09T15:03:24Z,13.85488095,44.81325179,0
2022-09-09T15:03:27Z,13.85489484,44.81328617,0
2022-09-09T15:03:30Z,13.85488662,44.81332061,0
2022-09-09T15:03:39Z,13.85477334,44.81340298,0
2022-09-09T15:03:45Z,13.85467215,44.81344656,0
2022-09-09T15:03:51Z,13.85455762,44.81347371,0
2022-09-09T15:04:00Z,13.85437559,44.81348732,0
2022-09-09T15:04:03Z,13.85432851,44.81350985,0
2022-09-09T15:04:06Z,13.85430567,44.81354104,0
2022-09-09T15:04:09Z,13.85430487,44.813579,0
2022-09-09T15:04:18Z,13.85438681,44.81367358,0
2022-09-09T15:04:21Z,13.85438868,44.81371057,0
2022-09-09T15:04:51Z,13.85405589,44.8140119,0
2022-09-09T15:04:57Z,13.85395685,44.81405302,0
2022-09-09T15:05:06Z,13.85377796,44.81407835,0
2022-09-09T15:05:15Z,13.85359524,44.81406349,0
2022-09-09T15:05:27Z,13.85337662,44.81401125,0
2022-09-09T15:05:36Z,13.85321506,44.81405981,0
2022-09-09T15:05:45Z,13.85307269,44.8141259,0
2022-09-09T15:06:12Z,13.85267451,44.81438262,0
2022-09-09T15:06:30Z,13.85231518,44.8145622,0
2022-09-09T15:06:45Z,13.85194029,44.81469817,0
2022-09-09T15:07:09Z,13.85128686,44.81489877,0
2022-09-09T15:07:21Z,13.85099792,44.81505354,0
2022-09-09T15:07:51Z,13.85022682,44.81538673,0
2022-09-09T15:08:18Z,13.84959436,44.81576084,0
2022-09-09T15:08:42Z,13.84900644,44.81604269,0
2022-09-09T15:09:12Z,13.84829241,44.8164262,0
2022-09-09T15:09:30Z,13.84783873,44.81662816,0
2022-09-09T15:10:51Z,13.84601013,44.81778202,0
2022-09-09T15:11:12Z,13.84557276,44.81809595,0
2022-09-09T15:11:30Z,13.84518158,44.81835122,0
2022-09-09T15:11:54Z,13.84468427,44.81873047,0
2022-09-09T15:12:12Z,13.84426273,44.81897017,0
2022-09-09T15:12:27Z,13.8439298,44.81918863,0
2022-09-09T15:12:45Z,13.84355101,44.81946873,0
2022-09-09T15:12:57Z,13.84334017,44.81967735,0
2022-09-09T15:13:09Z,13.84315659,44.8199017,0
2022-09-09T15:14:12Z,13.84192896,44.820931,0
2022-09-09T15:14:39Z,13.84135994,44.82131765,0
2022-09-09T15:15:24Z,13.84036776,44.82195691,0
2022-09-09T15:15:39Z,13.84006039,44.82218941,0
2022-09-09T15:16:06Z,13.83956018,44.82265635,0
2022-09-09T15:16:33Z,13.83917388,44.82318055,0
2022-09-09T15:16:57Z,13.83877961,44.82362515,0
2022-09-09T15:17:21Z,13.83844465,44.82409148,0
2022-09-09T15:17:39Z,13.838124,44.82441144,0
2022-09-09T15:18:03Z,13.83766092,44.82481568,0
2022-09-09T15:18:18Z,13.8373848,44.82508252,0
2022-09-09T15:18:55Z,13.83683281,44.82577623,0
2022-09-09T15:19:49Z,13.83640555,44.82689533,0
2022-09-09T15:20:01Z,13.83634693,44.82715383,0
2022-09-09T15:20:13Z,13.83631017,44.82740396,0
2022-09-09T15:20:28Z,13.83629652,44.82771984,0
2022-09-09T15:20:55Z,13.83634865,44.82825593,0
2022-09-09T15:21:22Z,13.83633592,44.82861896,0
2022-09-09T15:22:07Z,13.836259,44.8289902,0
2022-09-09T15:23:10Z,13.83614673,44.82938815,0
2022-09-09T15:23:19Z,13.83617366,44.82947612,0
2022-09-09T15:23:37Z,13.83630757,44.82970295,0
2022-09-09T15:23:58Z,13.83651809,44.82997211,0
2022-09-09T15:24:40Z,13.83710574,44.83059659,0
2022-09-09T15:25:01Z,13.83745085,44.83090574,0
2022-09-09T15:25:28Z,13.83784562,44.83135267,0
2022-09-09T15:25:46Z,13.83814345,44.8316462,0
2022-09-09T15:26:13Z,13.83859055,44.83205494,0
2022-09-09T15:26:58Z,13.83940549,44.83267601,0
2022-09-09T15:27:37Z,13.84009784,44.83325347,0
2022-09-09T15:28:13Z,13.84075145,44.8337691,0
2022-09-09T15:28:49Z,13.8414623,44.83429621,0
2022-09-09T15:29:16Z,13.84192693,44.83472338,0
2022-09-09T15:29:22Z,13.84200846,44.83481998,0
2022-09-09T15:29:40Z,13.84220293,44.83510891,0
2022-09-09T15:30:01Z,13.84237243,44.83543644,0
2022-09-09T15:30:13Z,13.8424418,44.83563021,0
2022-09-09T15:30:52Z,13.84275472,44.83621328,0
2022-09-09T15:31:40Z,13.84300432,44.83699649,0
2022-09-09T15:31:52Z,13.8430915,44.83717684,0
2022-09-09T15:31:58Z,13.84307669,44.83727236,0
2022-09-09T15:32:01Z,13.84309562,44.83731721,0
2022-09-09T15:32:22Z,13.84330054,44.83757801,0
2022-09-09T15:32:46Z,13.84347844,44.83784115,0
2022-09-09T15:32:49Z,13.84347604,44.8378717,0
2022-09-09T15:33:10Z,13.84337788,44.8380465,0
2022-09-09T15:33:25Z,13.84334217,44.83808075,0
2022-09-09T15:34:19Z,13.84335289,44.83809245,0
2022-09-09T15:37:31Z,13.84329245,44.83808824,0
2022-09-09T15:37:43Z,13.84334798,44.83804809,0
2022-09-09T15:37:55Z,13.84326465,44.83808446,0
2022-09-09T15:38:04Z,13.84312649,44.83811081,0
2022-09-09T15:38:28Z,13.84261835,44.83810067,0
2022-09-09T15:38:46Z,13.84223809,44.83814729,0
2022-09-09T15:39:04Z,13.84189004,44.83825107,0
2022-09-09T15:39:22Z,13.84156224,44.83837768,0
2022-09-09T15:39:34Z,13.84135792,44.83847928,0
2022-09-09T15:39:49Z,13.84115637,44.83863652,0
2022-09-09T15:40:16Z,13.84096862,44.83899048,0
2022-09-09T15:40:25Z,13.8409488,44.83910698,0
2022-09-09T15:40:40Z,13.84095735,44.83928941,0
2022-09-09T15:40:52Z,13.84094016,44.83942169,0
2022-09-09T15:41:31Z,13.84103449,44.83980467,0
2022-09-09T15:42:01Z,13.84118739,44.84006707,0
2022-09-09T15:42:37Z,13.84122595,44.84033145,0
2022-09-09T15:43:13Z,13.84121222,44.84013639,0
2022-09-09T15:43:19Z,13.84122212,44.84009693,0
2022-09-09T15:43:34Z,13.84131286,44.84003354,0
2022-09-09T15:43:46Z,13.84141016,44.84000831,0
2022-09-09T15:44:22Z,13.8417413,44.84000515,0
2022-09-09T15:44:31Z,13.84182507,44.84001787,0
2022-09-09T15:44:46Z,13.84192121,44.84009197,0
2022-09-09T15:44:52Z,13.84191495,44.84007169,0
2022-09-09T15:44:58Z,13.84189548,44.84005345,0
2022-09-09T15:45:19Z,13.84192521,44.84013286,0
2022-09-09T15:45:43Z,13.84191095,44.84017895,0
2022-09-09T15:56:28Z,13.84193546,44.84019271,0
2022-09-09T15:56:52Z,13.84191134,44.8402046,0