2021-07-11T08:41:38Z,9.53149999,40.92480692,0
2021-07-11T08:42:05Z,9.53227698,40.92465499,0
2021-07-11T08:43:14Z,9.53447289,40.92402267,0
2021-07-11T08:43:38Z,9.53507712,40.92375832,0
2021-07-11T08:44:20Z,9.53649238,40.92333839,0
2021-07-11T08:45:32Z,9.53913542,40.92280786,0
2021-07-11T08:46:38Z,9.5414198,40.92215599,0
2021-07-11T08:47:41Z,9.54365693,40.92185939,0
2021-07-11T08:47:56Z,9.54436714,40.9219084,0
2021-07-11T08:48:56Z,9.54708559,40.92184295,0
2021-07-11T08:49:17Z,9.54803791,40.92195366,0
2021-07-11T08:51:50Z,9.55545351,40.92217983,0
2021-07-11T08:52:52Z,9.5585426,40.92214985,0
2021-07-11T08:53:55Z,9.56150535,40.9222368,0
2021-07-11T08:54:52Z,9.56432909,40.92216132,0
2021-07-11T08:56:13Z,9.56821144,40.92247051,0
2021-07-11T08:56:37Z,9.56941673,40.92248393,0
2021-07-11T08:57:22Z,9.57149425,40.92278503,0
2021-07-11T08:57:46Z,9.57251358,40.92307735,0
2021-07-11T08:58:16Z,9.57378865,40.92364428,0
2021-07-11T08:59:04Z,9.57567203,40.9247407,0
2021-07-11T08:59:43Z,9.57694393,40.92581359,0
2021-07-11T09:00:40Z,9.57900972,40.9272756,0
2021-07-11T09:00:46Z,9.57919371,40.92749546,0
2021-07-11T09:01:10Z,9.58004738,40.92798327,0
2021-07-11T09:01:22Z,9.58042673,40.92832656,0
2021-07-11T09:01:55Z,9.58166431,40.92911474,0
2021-07-11T09:03:13Z,9.58445704,40.931202,0
2021-07-11T09:04:01Z,9.58624743,40.93245024,0
2021-07-11T09:04:19Z,9.58694138,40.93284528,0
2021-07-11T09:04:25Z,9.58712418,40.93305146,0
2021-07-11T09:05:13Z,9.5888251,40.93426636,0
2021-07-11T09:05:19Z,9.58903352,40.93451134,0
2021-07-11T09:05:58Z,9.59044917,40.9353882,0
2021-07-11T09:06:37Z,9.59181294,40.93644234,0
2021-07-11T09:06:52Z,9.59238251,40.93678677,0
2021-07-11T09:08:25Z,9.59551091,40.93925534,0
2021-07-11T09:09:01Z,9.59689804,40.9400171,0
2021-07-11T09:09:40Z,9.59838129,40.94104798,0
2021-07-11T09:09:46Z,9.59858589,40.94130209,0
2021-07-11T09:09:55Z,9.59888728,40.94144247,0
2021-07-11T09:11:13Z,9.60145236,40.94360165,0
2021-07-11T09:12:46Z,9.60475491,40.94595646,0
2021-07-11T09:13:31Z,9.60618285,40.9472755,0
2021-07-11T09:14:55Z,9.60898039,40.94945856,0
2021-07-11T09:15:37Z,9.61059034,40.95062426,0
2021-07-11T09:15:55Z,9.61133088,40.95101947,0
2021-07-11T09:17:01Z,9.61364148,40.95262687,0
2021-07-11T09:17:28Z,9.61459558,40.95337816,0
2021-07-11T09:17:34Z,9.61487785,40.953719,0
2021-07-11T09:17:46Z,9.61520533,40.95392029,0
2021-07-11T09:18:04Z,9.61597656,40.95426669,0
2021-07-11T09:19:19Z,9.6193362,40.95544845,0
2021-07-11T09:20:34Z,9.62242041,40.95691384,0
2021-07-11T09:20:49Z,9.62309944,40.95710506,0
2021-07-11T09:21:40Z,9.62535643,40.95802197,0
2021-07-11T09:22:34Z,9.6278063,40.95872369,0
2021-07-11T09:22:49Z,9.62848071,40.95902318,0
2021-07-11T09:23:31Z,9.63034608,40.95954003,0
2021-07-11T09:24:04Z,9.63192723,40.96010948,0
2021-07-11T09:24:22Z,9.632736,40.96028442,0
2021-07-11T09:26:04Z,9.6374353,40.96173123,0
2021-07-11T09:28:52Z,9.64502221,40.96426677,0
2021-07-11T09:30:04Z,9.64844933,40.96526938,0
2021-07-11T09:30:31Z,9.6496177,40.96576055,0
2021-07-11T09:30:55Z,9.65078358,40.96607308,0
2021-07-11T09:31:19Z,9.65182532,40.966465,0
2021-07-11T09:31:37Z,9.65271044,40.966667,0
2021-07-11T09:33:01Z,9.65652466,40.96793091,0
2021-07-11T09:33:16Z,9.6571942,40.96821638,0
2021-07-11T09:34:25Z,9.66044247,40.96919939,0
2021-07-11T09:34:40Z,9.66107988,40.96947122,0
2021-07-11T09:35:10Z,9.66209026,40.97037089,0
2021-07-11T09:35:55Z,9.66313899,40.97179992,0
2021-07-11T09:36:46Z,9.66474903,40.97336025,0
2021-07-11T09:37:28Z,9.66589131,40.97468803,0
2021-07-11T09:38:37Z,9.66758091,40.97704629,0
2021-07-11T09:39:13Z,9.66818442,40.97830046,0
2021-07-11T09:39:40Z,9.66841419,40.9792873,0
2021-07-11T09:39:58Z,9.66867377,40.97995009,0
2021-07-11T09:40:46Z,9.6695767,40.9816673,0
2021-07-11T09:41:52Z,9.67035339,40.98406767,0
2021-07-11T09:42:49Z,9.67103146,40.98557433,0
2021-07-11T09:43:58Z,9.67138721,40.98785709,0
2021-07-11T09:44:19Z,9.67136754,40.98863249,0
2021-07-11T09:44:40Z,9.67149371,40.98944845,0
2021-07-11T09:45:37Z,9.67235777,40.99161515,0
2021-07-11T09:45:52Z,9.67245305,40.99219848,0
2021-07-11T09:46:10Z,9.67240773,40.99288859,0
2021-07-11T09:46:28Z,9.67249679,40.99357521,0
2021-07-11T09:46:40Z,9.67257931,40.99394393,0
2021-07-11T09:47:07Z,9.67289574,40.99451208,0
2021-07-11T09:47:25Z,9.67276333,40.99495872,0
2021-07-11T09:47:55Z,9.6722723,40.99563597,0
2021-07-11T09:48:13Z,9.67212917,40.99607166,0
2021-07-11T09:48:22Z,9.67193038,40.9962612,0
2021-07-11T09:48:49Z,9.67167558,40.9969147,0
2021-07-11T09:49:37Z,9.67176328,40.99819263,0
2021-07-11T09:50:04Z,9.67150601,40.99885032,0
2021-07-11T09:50:22Z,9.67144259,40.99930356,0
2021-07-11T09:50:58Z,9.67170112,41.00027443,0
2021-07-11T09:51:40Z,9.6718194,41.00137786,0
2021-07-11T09:52:01Z,9.67171781,41.00186648,0
2021-07-11T09:52:28Z,9.67130592,41.00242272,0
2021-07-11T09:52:46Z,9.67115515,41.0028441,0
2021-07-11T09:53:10Z,9.67109171,41.0034788,0
2021-07-11T09:54:16Z,9.67115255,41.00510381,0
2021-07-11T09:54:58Z,9.67094956,41.00604697,0
2021-07-11T09:55:19Z,9.67134669,41.00649191,0
2021-07-11T09:55:46Z,9.67195945,41.00689714,0
2021-07-11T09:56:13Z,9.67249326,41.00738989,0
2021-07-11T09:58:01Z,9.67496839,41.00908665,0
2021-07-11T09:59:37Z,9.6767194,41.01084966,0
2021-07-11T09:59:58Z,9.67725719,41.01127959,0
2021-07-11T10:02:19Z,9.67968278,41.01423248,0
2021-07-11T10:03:40Z,9.68122149,41.01586879,0
2021-07-11T10:05:13Z,9.68279136,41.01778586,0
2021-07-11T10:05:31Z,9.68318464,41.0181233,0
2021-07-11T10:06:16Z,9.68381388,41.01913484,0
2021-07-11T10:06:37Z,9.68414256,41.01952612,0
2021-07-11T10:08:13Z,9.68535227,41.02153737,0
2021-07-11T10:10:10Z,9.68665142,41.02312351,0
2021-07-11T10:10:43Z,9.68681393,41.02343018,0
2021-07-11T10:11:22Z,9.68724406,41.02362883,0
2021-07-11T10:12:07Z,9.68741714,41.0239222,0
2021-07-11T10:13:34Z,9.6867563,41.02400102,0
2021-07-11T10:14:34Z,9.68624625,41.02425498,0
2021-07-11T10:15:34Z,9.68423025,41.02414284,0
2021-07-11T10:16:04Z,9.68296407,41.02428906,0
2021-07-11T10:16:22Z,9.68223632,41.02447891,0
2021-07-11T10:16:49Z,9.68134217,41.02494643,0
2021-07-11T10:17:13Z,9.68078645,41.02560145,0
2021-07-11T10:17:55Z,9.6801002,41.02689166,0
2021-07-11T10:19:34Z,9.67895738,41.02998278,0
2021-07-11T10:20:19Z,9.67829081,41.03148905,0
2021-07-11T10:20:28Z,9.67809844,41.03176343,0
2021-07-11T10:20:46Z,9.67796837,41.03222367,0
2021-07-11T10:21:43Z,9.67734989,41.03360531,0
2021-07-11T10:22:04Z,9.6772454,41.03403163,0
2021-07-11T10:22:22Z,9.67728743,41.03452288,0
2021-07-11T10:22:34Z,9.6771232,41.0348177,0
2021-07-11T10:23:01Z,9.67660877,41.03546723,0
2021-07-11T10:23:49Z,9.675763,41.03632839,0
2021-07-11T10:24:07Z,9.67551643,41.03647128,0
2021-07-11T10:25:52Z,9.6737921,41.03841281,0
2021-07-11T10:29:25Z,9.66966442,41.04264182,0
2021-07-11T10:29:46Z,9.66938045,41.04306232,0
2021-07-11T10:30:31Z,9.66842666,41.04405713,0
2021-07-11T10:31:58Z,9.66685967,41.04589563,0
2021-07-11T10:32:52Z,9.66590712,41.04705527,0
2021-07-11T10:33:10Z,9.66565518,41.0474669,0
2021-07-11T10:33:22Z,9.66534842,41.04767016,0
2021-07-11T10:33:37Z,9.66495104,41.04777583,0
2021-07-11T10:34:28Z,9.66377131,41.04884846,0
2021-07-11T10:35:01Z,9.66327713,41.04954646,0
2021-07-11T10:35:22Z,9.66284502,41.04991925,0
2021-07-11T10:36:04Z,9.66218705,41.05080206,0
2021-07-11T10:36:25Z,9.66198127,41.05094494,0
2021-07-11T10:36:49Z,9.66168119,41.05142134,0
2021-07-11T10:38:10Z,9.66001988,41.05325144,0
2021-07-11T10:38:22Z,9.65971166,41.05348596,0
2021-07-11T10:40:07Z,9.65824089,41.0552009,0
2021-07-11T10:40:22Z,9.65824551,41.05542962,0
2021-07-11T10:41:13Z,9.6576875,41.05649617,0
2021-07-11T10:41:22Z,9.65768221,41.05671116,0
2021-07-11T10:42:07Z,9.65734193,41.0576257,0
2021-07-11T10:42:58Z,9.6567449,41.05872736,0
2021-07-11T10:43:46Z,9.65630278,41.05987787,0
2021-07-11T10:44:19Z,9.65604181,41.06033529,0
2021-07-11T10:44:22Z,9.65586304,41.06107651,0
2021-07-11T10:45:16Z,9.65513673,41.0625473,0
2021-07-11T10:45:22Z,9.65518225,41.06271367,0
2021-07-11T10:45:31Z,9.6550033,41.06294714,0
2021-07-11T10:45:52Z,9.65484296,41.06350246,0
2021-07-11T10:45:55Z,9.65489919,41.06359237,0
2021-07-11T10:46:07Z,9.65472282,41.06378925,0
2021-07-11T10:46:58Z,9.65439678,41.06494356,0
2021-07-11T10:49:46Z,9.65283696,41.06931395,0
2021-07-11T10:51:13Z,9.65161546,41.07207632,0
2021-07-11T10:51:19Z,9.65156572,41.07233823,0
2021-07-11T10:51:22Z,9.65147452,41.07236917,0
2021-07-11T10:51:37Z,9.65135423,41.07277242,0
2021-07-11T10:51:55Z,9.65101377,41.07322096,0
2021-07-11T10:52:10Z,9.65086506,41.0737261,0
2021-07-11T10:52:13Z,9.65074805,41.0738341,0
2021-07-11T10:52:16Z,9.65076278,41.07396157,0
2021-07-11T10:52:19Z,9.65065586,41.07403861,0
2021-07-11T10:52:22Z,9.65071572,41.07412855,0
2021-07-11T10:52:37Z,9.6505677,41.07445618,0
2021-07-11T10:52:55Z,9.65046816,41.07501463,0
2021-07-11T10:53:04Z,9.65031886,41.07516522,0
2021-07-11T10:53:07Z,9.65030724,41.07533517,0
2021-07-11T10:53:19Z,9.65007564,41.07553723,0
2021-07-11T10:54:37Z,9.64919345,41.07749587,0
2021-07-11T10:55:37Z,9.64877229,41.07894981,0
2021-07-11T10:56:07Z,9.64846233,41.079558,0
2021-07-11T10:56:22Z,9.6484346,41.07987169,0
2021-07-11T10:56:40Z,9.64820742,41.08026121,0
2021-07-11T10:57:01Z,9.64788068,41.08053422,0
2021-07-11T10:57:37Z,9.64753822,41.08111259,0
2021-07-11T10:57:55Z,9.64728153,41.08138745,0
2021-07-11T10:58:25Z,9.64709759,41.08205883,0
2021-07-11T10:58:31Z,9.6469838,41.08211643,0
2021-07-11T10:59:13Z,9.64639758,41.08303993,0
2021-07-11T10:59:58Z,9.64584719,41.08412429,0
2021-07-11T11:00:16Z,9.64553887,41.08449833,0
2021-07-11T11:00:46Z,9.64520969,41.08509588,0
2021-07-11T11:01:34Z,9.64498595,41.08610036,0
2021-07-11T11:02:10Z,9.6447137,41.08668511,0
2021-07-11T11:02:31Z,9.64468428,41.08712894,0
2021-07-11T11:03:13Z,9.64427163,41.08793202,0
2021-07-11T11:03:40Z,9.64411102,41.08855316,0
2021-07-11T11:05:07Z,9.64339875,41.08992729,0
2021-07-11T11:05:52Z,9.64313598,41.09068821,0
2021-07-11T11:06:19Z,9.64286535,41.09106848,0
2021-07-11T11:06:43Z,9.64277304,41.09150495,0
2021-07-11T11:08:49Z,9.64122459,41.09380304,0
2021-07-11T11:09:07Z,9.64118412,41.0940689,0
2021-07-11T11:09:46Z,9.64096047,41.09452687,0
2021-07-11T11:10:40Z,9.64108276,41.09514255,0
2021-07-11T11:11:10Z,9.64100659,41.09548324,0
2021-07-11T11:12:04Z,9.64105913,41.09618272,0
2021-07-11T11:12:19Z,9.64096204,41.09634364,0
2021-07-11T11:12:43Z,9.64102219,41.09665725,0
2021-07-11T11:14:16Z,9.64056053,41.09839672,0
2021-07-11T11:15:43Z,9.63998121,41.0999059,0
2021-07-11T11:15:55Z,9.64004519,41.1001344,0
2021-07-11T11:17:01Z,9.63978368,41.10115119,0
2021-07-11T11:17:25Z,9.63982306,41.10148938,0
2021-07-11T11:17:40Z,9.63970873,41.10164995,0
2021-07-11T11:17:52Z,9.63975796,41.10183463,0
2021-07-11T11:18:10Z,9.63968469,41.10208828,0
2021-07-11T11:19:13Z,9.63962284,41.10300111,0
2021-07-11T11:19:28Z,9.63969829,41.10324435,0
2021-07-11T11:20:04Z,9.63961434,41.10393901,0
2021-07-11T11:20:37Z,9.63934977,41.10462742,0
2021-07-11T11:21:34Z,9.63912356,41.10568397,0
2021-07-11T11:22:43Z,9.63863191,41.1072327,0
2021-07-11T11:23:16Z,9.63851881,41.10801748,0
2021-07-11T11:23:28Z,9.63841398,41.1082763,0
2021-07-11T11:23:40Z,9.63824535,41.10843636,0
2021-07-11T11:23:58Z,9.63825229,41.10876431,0
2021-07-11T11:24:19Z,9.63808876,41.10914291,0
2021-07-11T11:24:25Z,9.63810751,41.10927953,0
2021-07-11T11:24:34Z,9.63797221,41.10940602,0
2021-07-11T11:24:43Z,9.63798182,41.10957039,0
2021-07-11T11:25:07Z,9.63777397,41.10995372,0
2021-07-11T11:25:16Z,9.63778252,41.11013455,0
2021-07-11T11:26:19Z,9.63723645,41.11156945,0
2021-07-11T11:26:46Z,9.63710359,41.11207937,0
2021-07-11T11:27:40Z,9.63695464,41.11353399,0
2021-07-11T11:28:10Z,9.63658514,41.11426467,0
2021-07-11T11:28:40Z,9.63650634,41.11494923,0
2021-07-11T11:28:46Z,9.63641451,41.11506023,0
2021-07-11T11:29:25Z,9.63630968,41.11593444,0
2021-07-11T11:29:58Z,9.63610821,41.11674564,0
2021-07-11T11:30:52Z,9.63551124,41.11810987,0
2021-07-11T11:30:58Z,9.63550316,41.11831356,0
2021-07-11T11:32:46Z,9.63406828,41.12035484,0
2021-07-11T11:33:04Z,9.63393234,41.12066747,0
2021-07-11T11:33:28Z,9.6338336,41.12132753,0
2021-07-11T11:33:55Z,9.63359042,41.1221282,0
2021-07-11T11:34:28Z,9.63324712,41.12301683,0
2021-07-11T11:34:52Z,9.63288255,41.12361417,0
2021-07-11T11:35:10Z,9.63270499,41.12407462,0
2021-07-11T11:35:31Z,9.63256049,41.12473686,0
2021-07-11T11:37:01Z,9.63172329,41.12687638,0
2021-07-11T11:37:22Z,9.63160533,41.12741947,0
2021-07-11T11:37:52Z,9.63125347,41.128086,0
2021-07-11T11:38:19Z,9.63113101,41.12864098,0
2021-07-11T11:38:40Z,9.63090113,41.12907772,0
2021-07-11T11:39:43Z,9.63050537,41.1306482,0
2021-07-11T11:39:58Z,9.63029103,41.13104067,0
2021-07-11T11:40:58Z,9.62992512,41.13248785,0
2021-07-11T11:41:19Z,9.62964619,41.13297619,0
2021-07-11T11:41:43Z,9.62948236,41.13360235,0
2021-07-11T11:42:19Z,9.62908885,41.1343781,0
2021-07-11T11:42:55Z,9.62890443,41.13527894,0
2021-07-11T11:43:19Z,9.62870986,41.13576818,0
2021-07-11T11:43:43Z,9.62869014,41.13636549,0
2021-07-11T11:44:16Z,9.62841604,41.13717788,0
2021-07-11T11:45:37Z,9.62777269,41.13856829,0
2021-07-11T11:45:52Z,9.62758769,41.13940471,0
2021-07-11T11:46:31Z,9.62732377,41.13995266,0
2021-07-11T11:47:16Z,9.62701881,41.14129659,0
2021-07-11T11:47:43Z,9.62662654,41.14198829,0
2021-07-11T11:48:16Z,9.62641861,41.14259931,0
2021-07-11T11:48:43Z,9.62636383,41.14337371,0
2021-07-11T11:49:28Z,9.62607893,41.14438159,0
2021-07-11T11:50:22Z,9.62557564,41.14571856,0
2021-07-11T11:50:28Z,9.62561986,41.14590529,0
2021-07-11T11:50:34Z,9.62544326,41.14588415,0
2021-07-11T11:50:40Z,9.62532483,41.1459742,0
2021-07-11T11:50:58Z,9.62545717,41.14656421,0
2021-07-11T11:51:25Z,9.62518701,41.14725212,0
2021-07-11T11:51:55Z,9.62510442,41.14798395,0
2021-07-11T11:52:07Z,9.62497457,41.148273,0
2021-07-11T11:52:28Z,9.62493194,41.14883625,0
2021-07-11T11:52:56Z,9.62472015,41.14957908,0
2021-07-11T11:53:10Z,9.62471027,41.14999462,0
2021-07-11T11:53:25Z,9.62452318,41.15039082,0
2021-07-11T11:53:52Z,9.62432595,41.15118679,0
2021-07-11T11:53:58Z,9.62423184,41.15135458,0
2021-07-11T11:54:13Z,9.62387567,41.15164302,0
2021-07-11T11:54:22Z,9.62390418,41.15195627,0
2021-07-11T11:54:40Z,9.62372772,41.15252884,0
2021-07-11T11:54:52Z,9.62370464,41.15303722,0
2021-07-11T11:55:19Z,9.62337428,41.15382622,0
2021-07-11T11:55:28Z,9.62344511,41.15407547,0
2021-07-11T11:55:43Z,9.62330551,41.15448763,0
2021-07-11T11:56:25Z,9.62315996,41.15582407,0
2021-07-11T11:56:34Z,9.62307295,41.15611742,0
2021-07-11T11:56:46Z,9.62285034,41.15642263,0
2021-07-11T11:57:04Z,9.62292444,41.15699898,0
2021-07-11T11:57:16Z,9.62276022,41.15726767,0
2021-07-11T11:57:25Z,9.62276309,41.15758256,0
2021-07-11T11:57:43Z,9.62250321,41.15793929,0
2021-07-11T11:58:13Z,9.6224253,41.15900054,0
2021-07-11T11:58:28Z,9.622065,41.15956814,0
2021-07-11T11:58:34Z,9.62215737,41.15970846,0
2021-07-11T11:58:49Z,9.62215477,41.16019697,0
2021-07-11T11:59:07Z,9.62192687,41.16069847,0
2021-07-11T11:59:13Z,9.62194635,41.16092812,0
2021-07-11T11:59:28Z,9.62174186,41.16145067,0
2021-07-11T11:59:43Z,9.62165295,41.16200321,0
2021-07-11T12:00:01Z,9.62130523,41.16246467,0
2021-07-11T12:00:22Z,9.62103803,41.16321225,0
2021-07-11T12:00:34Z,9.62102064,41.1636099,0
2021-07-11T12:00:52Z,9.62073285,41.16399266,0
2021-07-11T12:01:07Z,9.62057683,41.16451465,0
2021-07-11T12:01:16Z,9.62057915,41.16484757,0
2021-07-11T12:01:22Z,9.6204374,41.16493291,0
2021-07-11T12:01:28Z,9.62031414,41.16517832,0
2021-07-11T12:01:46Z,9.62026188,41.16593727,0
2021-07-11T12:01:58Z,9.62005122,41.16619806,0
2021-07-11T12:02:04Z,9.61991187,41.16623807,0
2021-07-11T12:02:34Z,9.61964185,41.16695509,0
2021-07-11T12:02:46Z,9.61962393,41.16752609,0
2021-07-11T12:03:04Z,9.61945516,41.16802081,0
2021-07-11T12:03:16Z,9.6194335,41.16844084,0
2021-07-11T12:03:25Z,9.61927157,41.168592,0
2021-07-11T12:03:52Z,9.61900637,41.1694997,0
2021-07-11T12:04:34Z,9.61844358,41.17079911,0
2021-07-11T12:04:43Z,9.61826354,41.17101942,0
2021-07-11T12:05:01Z,9.61815323,41.17167286,0
2021-07-11T12:06:10Z,9.61744558,41.17390723,0
2021-07-11T12:07:07Z,9.61663972,41.17561325,0
2021-07-11T12:07:22Z,9.61649196,41.17621607,0
2021-07-11T12:08:34Z,9.61567708,41.17843584,0
2021-07-11T12:09:16Z,9.61535951,41.17993876,0
2021-07-11T12:09:34Z,9.61513173,41.18052117,0
2021-07-11T12:09:46Z,9.61489672,41.18079974,0
2021-07-11T12:11:19Z,9.61347977,41.18346611,0
2021-07-11T12:11:46Z,9.61322944,41.1843607,0
2021-07-11T12:12:07Z,9.61334524,41.18509627,0
2021-07-11T12:12:46Z,9.61274001,41.18628768,0
2021-07-11T12:14:46Z,9.6106851,41.18940334,0
2021-07-11T12:16:13Z,9.60928595,41.19202939,0
2021-07-11T12:17:13Z,9.60817412,41.19372688,0
2021-07-11T12:17:25Z,9.60810686,41.194016,0
2021-07-11T12:17:43Z,9.607785,41.19450541,0
2021-07-11T12:18:49Z,9.60679576,41.19649659,0
2021-07-11T12:19:43Z,9.60586571,41.19791179,0
2021-07-11T12:20:01Z,9.60539649,41.19842663,0
2021-07-11T12:20:31Z,9.60488213,41.19937461,0
2021-07-11T12:21:52Z,9.6032555,41.20153602,0
2021-07-11T12:22:52Z,9.60193734,41.20304678,0
2021-07-11T12:24:34Z,9.59945463,41.20529013,0
2021-07-11T12:25:16Z,9.59861517,41.20646596,0
2021-07-11T12:25:34Z,9.59836982,41.20703271,0
2021-07-11T12:26:37Z,9.59700848,41.20882029,0
2021-07-11T12:26:46Z,9.59690864,41.20907174,0
2021-07-11T12:27:10Z,9.59635866,41.2097152,0
2021-07-11T12:27:34Z,9.59566828,41.21021722,0
2021-07-11T12:28:28Z,9.59418425,41.21150345,0
2021-07-11T12:29:10Z,9.5929859,41.21236962,0
2021-07-11T12:29:28Z,9.59253952,41.21292613,0
2021-07-11T12:30:07Z,9.59149921,41.21396077,0
2021-07-11T12:31:52Z,9.58861693,41.2165556,0
2021-07-11T12:32:52Z,9.58697811,41.21783982,0
2021-07-11T12:33:43Z,9.5855787,41.21876582,0
2021-07-11T12:34:52Z,9.58403411,41.21941909,0
2021-07-11T12:35:31Z,9.58358616,41.21944527,0
2021-07-11T12:36:28Z,9.58314751,41.21971175,0
2021-07-11T12:36:40Z,9.58275076,41.21982863,0
2021-07-11T12:37:13Z,9.58208577,41.21988055,0
2021-07-11T12:38:22Z,9.5805068,41.21954313,0
2021-07-11T12:38:43Z,9.57994779,41.21955629,0
2021-07-11T12:39:46Z,9.57803594,41.22004351,0
2021-07-11T12:40:31Z,9.57662478,41.22071526,0
2021-07-11T12:41:01Z,9.57572044,41.22098151,0
2021-07-11T12:41:28Z,9.5749681,41.22109252,0
2021-07-11T12:42:01Z,9.57422819,41.22104148,0
2021-07-11T12:42:34Z,9.57323962,41.22129714,0
2021-07-11T12:43:13Z,9.57203155,41.22137392,0
2021-07-11T12:43:31Z,9.5715092,41.22164462,0
2021-07-11T12:43:40Z,9.5713089,41.22185721,0
2021-07-11T12:45:01Z,9.56897605,41.22346979,0
2021-07-11T12:45:46Z,9.5677926,41.22439464,0
2021-07-11T12:47:49Z,9.56458216,41.22623418,0
2021-07-11T12:48:49Z,9.56330281,41.22709638,0
2021-07-11T12:49:25Z,9.56256748,41.22779707,0
2021-07-11T12:50:25Z,9.5611419,41.22874177,0
2021-07-11T12:50:46Z,9.56060903,41.2292074,0
2021-07-11T12:51:10Z,9.56023551,41.22994089,0
2021-07-11T12:51:28Z,9.55988605,41.2303434,0
2021-07-11T12:51:49Z,9.55956653,41.23092489,0
2021-07-11T12:52:22Z,9.55900726,41.23157429,0
2021-07-11T12:53:13Z,9.55795922,41.2326301,0
2021-07-11T12:54:22Z,9.55645326,41.2338703,0
2021-07-11T12:54:49Z,9.55606363,41.23439904,0
2021-07-11T12:55:58Z,9.55488118,41.23554699,0
2021-07-11T12:57:13Z,9.55348037,41.23656358,0
2021-07-11T12:57:34Z,9.55301242,41.23699403,0
2021-07-11T12:57:55Z,9.55269878,41.23713077,0
2021-07-11T12:58:52Z,9.55208576,41.23768091,0
2021-07-11T12:59:52Z,9.5519397,41.2381342,0
2021-07-11T13:00:37Z,9.55121977,41.23815185,0
2021-07-11T13:01:07Z,9.55066132,41.23846321,0
2021-07-11T13:03:04Z,9.54809918,41.24021536,0
2021-07-11T13:04:19Z,9.54678765,41.24141104,0
2021-07-11T13:05:19Z,9.54581523,41.24248422,0
2021-07-11T13:06:37Z,9.54455456,41.243618,0
2021-07-11T13:08:19Z,9.54311296,41.24518643,0
2021-07-11T13:09:13Z,9.542394,41.24619603,0
2021-07-11T13:10:25Z,9.54103206,41.24765001,0
2021-07-11T13:10:49Z,9.54056553,41.24828215,0
2021-07-11T13:10:55Z,9.54043552,41.2482274,0
2021-07-11T13:11:19Z,9.54011599,41.24768815,0
2021-07-11T13:12:01Z,9.54001224,41.24657363,0
2021-07-11T13:13:13Z,9.53916093,41.24477817,0
2021-07-11T13:13:25Z,9.53915269,41.24451922,0
2021-07-11T13:13:55Z,9.53892223,41.24378106,0
2021-07-11T13:14:43Z,9.5382685,41.24250427,0
2021-07-11T13:15:07Z,9.53783044,41.24189451,0
2021-07-11T13:15:37Z,9.53758202,41.2411031,0
2021-07-11T13:16:34Z,9.53706128,41.23988047,0
2021-07-11T13:16:58Z,9.53699495,41.23943836,0
2021-07-11T13:17:10Z,9.5371123,41.23918903,0
2021-07-11T13:18:01Z,9.53714305,41.23819696,0
2021-07-11T13:19:19Z,9.53676301,41.23646477,0
2021-07-11T13:20:07Z,9.53638561,41.23550241,0
2021-07-11T13:20:19Z,9.53641189,41.23522835,0
2021-07-11T13:20:37Z,9.53633402,41.23496871,0
2021-07-11T13:21:07Z,9.53643756,41.23437223,0
2021-07-11T13:21:43Z,9.53624652,41.23365176,0
2021-07-11T13:22:04Z,9.53607691,41.23330823,0
2021-07-11T13:22:34Z,9.53604522,41.23270717,0
2021-07-11T13:22:52Z,9.5357889,41.23220143,0
2021-07-11T13:23:22Z,9.53512543,41.23133752,0
2021-07-11T13:23:40Z,9.53490432,41.23091713,0
2021-07-11T13:24:22Z,9.53450845,41.22991034,0
2021-07-11T13:24:52Z,9.53433823,41.22913166,0
2021-07-11T13:25:46Z,9.53360979,41.22767097,0
2021-07-11T13:26:25Z,9.5334503,41.22660743,0
2021-07-11T13:27:10Z,9.53317171,41.22551653,0
2021-07-11T13:27:16Z,9.5330827,41.22545249,0
2021-07-11T13:27:55Z,9.53232984,41.22581882,0
2021-07-11T13:28:04Z,9.53235905,41.22588023,0
2021-07-11T13:28:40Z,9.53184652,41.22650514,0
2021-07-11T13:29:25Z,9.53092184,41.22732452,0
2021-07-11T13:31:04Z,9.52824393,41.2289941,0
2021-07-11T13:31:31Z,9.52767984,41.2294534,0
2021-07-11T13:32:01Z,9.52690776,41.22986783,0
2021-07-11T13:33:07Z,9.52588693,41.23089927,0
2021-07-11T13:34:40Z,9.52359828,41.23270208,0
2021-07-11T13:35:49Z,9.52148319,41.23365966,0
2021-07-11T13:37:16Z,9.51965553,41.23508122,0
2021-07-11T13:38:25Z,9.51828809,41.23584668,0
2021-07-11T13:38:58Z,9.51787562,41.23641721,0
2021-07-11T13:39:58Z,9.51635854,41.23733754,0
2021-07-11T13:40:25Z,9.51570789,41.23788148,0
2021-07-11T13:41:31Z,9.51406969,41.23903066,0
2021-07-11T13:42:57Z,9.51193714,41.24097003,0
2021-07-11T13:43:57Z,9.51049116,41.24203111,0
2021-07-11T13:44:15Z,9.5101463,41.24246392,0
2021-07-11T13:44:42Z,9.50939254,41.24307313,0
2021-07-11T13:45:00Z,9.5088929,41.2434146,0
2021-07-11T13:45:27Z,9.50821269,41.24372113,0
2021-07-11T13:45:54Z,9.50783559,41.24412215,0
2021-07-11T13:46:24Z,9.50746006,41.24421729,0
2021-07-11T13:47:24Z,9.5075655,41.24457466,0
2021-07-11T13:48:00Z,9.50780946,41.24474807,0
2021-07-11T13:48:18Z,9.50788459,41.24490158,0
2021-07-11T13:48:39Z,9.50772414,41.24495993,0
2021-07-11T13:49:15Z,9.50722354,41.24563229,0
2021-07-11T13:50:09Z,9.50602765,41.2466329,0
2021-07-11T13:50:33Z,9.505767,41.24702234,0
2021-07-11T13:51:09Z,9.50522235,41.24752875,0
2021-07-11T13:51:42Z,9.50485108,41.2481942,0
2021-07-11T13:53:15Z,9.50337943,41.24982576,0
2021-07-11T13:53:39Z,9.50290578,41.25025752,0
2021-07-11T13:54:09Z,9.50232666,41.25064121,0
2021-07-11T13:54:24Z,9.50202511,41.25093722,0
2021-07-11T13:54:48Z,9.50181204,41.25138114,0
2021-07-11T13:55:06Z,9.50152488,41.25168176,0
2021-07-11T13:56:06Z,9.5004698,41.25253871,0
2021-07-11T13:56:21Z,9.50030142,41.25279018,0
2021-07-11T13:57:21Z,9.49911571,41.25389992,0
2021-07-11T13:57:51Z,9.49865831,41.25420862,0
2021-07-11T14:00:57Z,9.49649584,41.25658099,0
2021-07-11T14:01:36Z,9.49604919,41.25720316,0
2021-07-11T14:01:42Z,9.49587626,41.25722406,0
2021-07-11T14:01:45Z,9.49583876,41.25716456,0
2021-07-11T14:03:12Z,9.49546375,41.25528619,0
2021-07-11T14:03:57Z,9.49507182,41.25393808,0
2021-07-11T14:04:36Z,9.49440193,41.2528773,0
2021-07-11T14:05:45Z,9.49384602,41.25093196,0
2021-07-11T14:07:12Z,9.49247929,41.24843257,0
2021-07-11T14:07:54Z,9.49210933,41.24724161,0
2021-07-11T14:09:09Z,9.49110609,41.24503732,0
2021-07-11T14:09:57Z,9.49069352,41.24377694,0
2021-07-11T14:10:06Z,9.49057214,41.24370714,0
2021-07-11T14:11:48Z,9.4892355,41.24476443,0
2021-07-11T14:13:15Z,9.48823855,41.24590366,0
2021-07-11T14:14:27Z,9.48710667,41.24695457,0
2021-07-11T14:15:06Z,9.48641615,41.2477231,0
2021-07-11T14:15:48Z,9.48539097,41.24851568,0
2021-07-11T14:16:30Z,9.48477625,41.24921255,0
2021-07-11T14:17:15Z,9.48423143,41.24998249,0
2021-07-11T14:17:33Z,9.48393721,41.25017656,0
2021-07-11T14:18:27Z,9.4831287,41.25108661,0
2021-07-11T14:19:30Z,9.48242108,41.25222682,0
2021-07-11T14:22:27Z,9.47942062,41.25546421,0
2021-07-11T14:23:57Z,9.47819838,41.25719345,0
2021-07-11T14:25:27Z,9.47645986,41.25905492,0
2021-07-11T14:26:00Z,9.47587395,41.25958561,0
2021-07-11T14:26:27Z,9.47566895,41.25998173,0
2021-07-11T14:26:57Z,9.47514563,41.2605281,0
2021-07-11T14:27:09Z,9.47500654,41.26078033,0
2021-07-11T14:28:54Z,9.47331379,41.26248896,0
2021-07-11T14:30:24Z,9.47199016,41.26419775,0
2021-07-11T14:31:24Z,9.47081701,41.26544609,0
2021-07-11T14:31:48Z,9.47040447,41.2660373,0
2021-07-11T14:32:39Z,9.46953202,41.26687081,0
2021-07-11T14:33:15Z,9.46899482,41.26764049,0
2021-07-11T14:34:18Z,9.4677913,41.26890263,0
2021-07-11T14:35:06Z,9.46688528,41.27001865,0
2021-07-11T14:36:59Z,9.46480248,41.27205662,0
2021-07-11T14:37:32Z,9.4644688,41.27263055,0
2021-07-11T14:38:35Z,9.46354386,41.27355927,0
2021-07-11T14:38:56Z,9.46329098,41.27401116,0
2021-07-11T14:39:29Z,9.46274834,41.27459979,0
2021-07-11T14:39:35Z,9.46266088,41.27458398,0
2021-07-11T14:40:41Z,9.46235926,41.27258775,0
2021-07-11T14:41:41Z,9.46181926,41.27086386,0
2021-07-11T14:42:59Z,9.46095088,41.26876096,0
2021-07-11T14:43:59Z,9.46070001,41.2674317,0
2021-07-11T14:44:41Z,9.46036237,41.26638559,0
2021-07-11T14:45:47Z,9.45940325,41.26478173,0
2021-07-11T14:46:41Z,9.45913425,41.26361827,0
2021-07-11T14:47:05Z,9.45884624,41.2630828,0
2021-07-11T14:47:29Z,9.45866932,41.26235911,0
2021-07-11T14:47:50Z,9.45827007,41.26177176,0
2021-07-11T14:48:29Z,9.45760111,41.26047976,0
2021-07-11T14:48:50Z,9.45738084,41.25982396,0
2021-07-11T14:49:14Z,9.45688627,41.2589376,0
2021-07-11T14:50:11Z,9.45612222,41.25805039,0
2021-07-11T14:50:44Z,9.45614554,41.25741656,0
2021-07-11T14:50:59Z,9.45603693,41.25731007,0
2021-07-11T14:51:23Z,9.45599853,41.25696702,0
2021-07-11T14:51:47Z,9.45578403,41.25682169,0
2021-07-11T14:52:08Z,9.45564336,41.25644178,0
2021-07-11T14:52:20Z,9.45542411,41.25637777,0
2021-07-11T14:52:29Z,9.45530489,41.25624513,0
2021-07-11T14:53:56Z,9.45351897,41.2556894,0
2021-07-11T14:54:38Z,9.4527235,41.25521394,0
2021-07-11T14:57:02Z,9.45010632,41.25459003,0
2021-07-11T14:57:14Z,9.44996292,41.25450116,0
2021-07-11T14:59:12Z,9.44800965,41.25514214,0
2021-07-11T15:01:06Z,9.4468308,41.25542789,0
2021-07-11T15:02:12Z,9.4459564,41.25544169,0
2021-07-11T15:03:33Z,9.44422044,41.25574233,0
2021-07-11T15:04:51Z,9.44271111,41.25575682,0
2021-07-11T15:06:03Z,9.44113682,41.25614085,0
2021-07-11T15:08:24Z,9.43821825,41.25659817,0
2021-07-11T15:09:03Z,9.43815639,41.25709718,0
2021-07-11T15:09:42Z,9.43826987,41.25775044,0
2021-07-11T15:10:45Z,9.43805078,41.25873311,0
2021-07-11T15:10:57Z,9.43809739,41.25892717,0
2021-07-11T15:11:06Z,9.43824754,41.25901442,0
2021-07-11T15:11:18Z,9.43846712,41.25888487,0
2021-07-11T15:11:45Z,9.4386202,41.25845779,0
2021-07-11T15:12:03Z,9.43854337,41.25810114,0
2021-07-11T15:13:06Z,9.4387543,41.25697845,0
2021-07-11T15:13:48Z,9.43872359,41.25625163,0
2021-07-11T15:14:12Z,9.43881332,41.25583437,0
2021-07-11T15:14:27Z,9.43870572,41.25561082,0
2021-07-11T15:14:36Z,9.43857337,41.25556188,0
2021-07-11T15:15:03Z,9.4380466,41.25557097,0
2021-07-11T15:17:03Z,9.43580176,41.25593762,0
2021-07-11T15:17:33Z,9.43514473,41.25613099,0
2021-07-11T15:18:39Z,9.43417302,41.2566636,0
2021-07-11T15:19:51Z,9.43295659,41.25690137,0
2021-07-11T15:20:30Z,9.43256965,41.25686876,0
2021-07-11T15:21:03Z,9.43237609,41.25661152,0
2021-07-11T15:21:15Z,9.43243311,41.25637059,0
2021-07-11T15:21:27Z,9.43268302,41.25619745,0
2021-07-11T15:21:39Z,9.43294637,41.2562469,0
2021-07-11T15:21:54Z,9.43291704,41.2564585,0
2021-07-11T15:23:48Z,9.43130081,41.25675233,0
2021-07-11T15:24:27Z,9.43056062,41.25680605,0
2021-07-11T15:25:09Z,9.42986874,41.25700051,0
2021-07-11T15:25:42Z,9.42934328,41.25698126,0
2021-07-11T15:27:15Z,9.42833624,41.25713967,0
2021-07-11T15:28:03Z,9.42849789,41.25712526,0
2021-07-11T15:28:33Z,9.42882699,41.25737059,0
2021-07-11T15:28:48Z,9.428598,41.257316,0
2021-07-11T15:29:03Z,9.42844055,41.25717517,0
2021-07-11T15:30:00Z,9.42804882,41.25719233,0
2021-07-11T15:30:12Z,9.42790596,41.25728543,0
2021-07-11T15:30:30Z,9.42783114,41.25753943,0
2021-07-11T15:48:51Z,9.42748889,41.25774811,0

2021-07-12T09:44:32.717Z,9.4275128,41.25780677,0
2021-07-12T09:44:38Z,9.42792412,41.2578638,0
2021-07-12T09:44:50Z,9.42738503,41.2578028,0
2021-07-12T09:47:59Z,9.42767347,41.25747886,0
2021-07-12T09:48:26Z,9.42805516,41.25722693,0
2021-07-12T09:48:59Z,9.42891387,41.25697055,0
2021-07-12T09:50:44Z,9.43255483,41.256621,0
2021-07-12T09:51:35Z,9.4344174,41.2568091,0
2021-07-12T09:52:11Z,9.43579496,41.25655289,0
2021-07-12T09:52:53Z,9.4374773,41.25637811,0
2021-07-12T09:53:26Z,9.43876893,41.25609516,0
2021-07-12T09:54:38Z,9.44187114,41.25559092,0
2021-07-12T09:54:59Z,9.44278654,41.25556623,0
2021-07-12T09:55:35Z,9.44432377,41.25567082,0
2021-07-12T09:56:20Z,9.44631384,41.25542305,0
2021-07-12T09:57:14Z,9.4485796,41.25547366,0
2021-07-12T09:59:02Z,9.45263436,41.25537657,0
2021-07-12T10:07:44Z,9.47420184,41.24981797,0
2021-07-12T10:07:56Z,9.47468761,41.24961722,0
2021-07-12T10:08:23Z,9.47548451,41.24898227,0
2021-07-12T10:08:44Z,9.47616813,41.24862219,0
2021-07-12T10:10:23Z,9.48002817,41.24705295,0
2021-07-12T10:11:23Z,9.48205238,41.24578652,0
2021-07-12T10:11:59Z,9.48310126,41.24486133,0
2021-07-12T10:13:38Z,9.4862885,41.24245219,0
2021-07-12T10:14:05Z,9.48700659,41.24169292,0
2021-07-12T10:14:59Z,9.48806939,41.23997991,0
2021-07-12T10:15:17Z,9.48849896,41.23943319,0
2021-07-12T10:15:47Z,9.48898247,41.23850172,0
2021-07-12T10:17:56Z,9.49142039,41.23457788,0
2021-07-12T10:18:32Z,9.49185364,41.23340457,0
2021-07-12T10:19:02Z,9.49205437,41.23234625,0
2021-07-12T10:19:11Z,9.4922383,41.23202925,0
2021-07-12T10:19:56Z,9.49236713,41.23050053,0
2021-07-12T10:20:50Z,9.49231605,41.22861262,0
2021-07-12T10:21:08Z,9.49250593,41.22801035,0
2021-07-12T10:22:38Z,9.49277207,41.2249565,0
2021-07-12T10:23:32Z,9.49278593,41.22307861,0
2021-07-12T10:23:41Z,9.49272079,41.22278979,0
2021-07-12T10:23:59Z,9.49305232,41.22225994,0
2021-07-12T10:24:20Z,9.49315648,41.22150982,0
2021-07-12T10:25:14Z,9.49291238,41.21962289,0
2021-07-12T10:25:47Z,9.49252387,41.2184459,0
2021-07-12T10:26:08Z,9.49216488,41.21776265,0
2021-07-12T10:26:53Z,9.49090275,41.2164713,0
2021-07-12T10:27:44Z,9.48920979,41.21508432,0
2021-07-12T10:28:20Z,9.48830465,41.21402398,0
2021-07-12T10:28:41Z,9.48770506,41.21349021,0
2021-07-12T10:28:50Z,9.48731805,41.21327464,0
2021-07-12T10:29:02Z,9.48680643,41.21313057,0
2021-07-12T10:29:14Z,9.48634208,41.21317425,0
2021-07-12T10:30:05Z,9.48448587,41.21372971,0
2021-07-12T10:30:14Z,9.48422566,41.2138999,0
2021-07-12T10:30:23Z,9.48405623,41.21416633,0
2021-07-12T10:31:08Z,9.48380883,41.21539513,0
2021-07-12T10:31:26Z,9.48386951,41.21577662,0
2021-07-12T10:31:47Z,9.48407664,41.21594686,0
2021-07-12T10:32:23Z,9.48384182,41.21595837,0
2021-07-12T10:33:20Z,9.48366406,41.21607299,0
2021-07-12T10:33:29Z,9.48372016,41.216169,0
2021-07-12T10:34:02Z,9.48392955,41.21610278,0
2021-07-12T10:35:14Z,9.48387823,41.21612864,0
2021-07-12T10:35:38Z,9.48407952,41.21616409,0
2021-07-12T10:36:20Z,9.48422719,41.21645035,0
2021-07-12T10:37:26Z,9.48382747,41.21648682,0
2021-07-12T10:38:05Z,9.48371305,41.21662872,0
2021-07-12T10:38:29Z,9.48364832,41.21659824,0
2021-07-12T10:39:29Z,9.48368162,41.21676331,0
2021-07-12T10:40:11Z,9.48371287,41.21661791,0
2021-07-12T10:41:11Z,9.48362398,41.21662518,0
2021-07-12T10:43:50Z,9.48333894,41.21692793,0
2021-07-12T10:45:50Z,9.48379889,41.21656612,0
2021-07-12T10:48:02Z,9.48345404,41.21685649,0
2021-07-12T10:49:05Z,9.48347739,41.21676499,0
2021-07-12T10:50:20Z,9.48351725,41.21688118,0
2021-07-12T10:55:29Z,9.48336134,41.21678697,0
2021-07-12T10:56:20Z,9.48339857,41.2168475,0
2021-07-12T10:57:38Z,9.48333527,41.21684197,0
2021-07-12T10:58:53Z,9.4833804,41.21677911,0
2021-07-12T11:00:02Z,9.48331687,41.21690878,0
2021-07-12T11:02:05Z,9.48327557,41.21684175,0
2021-07-12T11:03:23Z,9.48340306,41.21692652,0
2021-07-12T11:06:08Z,9.48320065,41.2168996,0
2021-07-12T11:08:23Z,9.48327294,41.21688225,0
2021-07-12T11:09:59Z,9.48319704,41.21682397,0
2021-07-12T11:10:41Z,9.48326916,41.21684876,0
2021-07-12T11:23:44Z,9.48338897,41.21700683,0
2021-07-12T11:29:35Z,9.4832884,41.21688819,0
2021-07-12T11:30:23Z,9.48334985,41.21689752,0
2021-07-12T11:31:08Z,9.4832865,41.21694511,0
2021-07-12T11:31:35Z,9.48334124,41.2169373,0
2021-07-12T11:45:05Z,9.48327538,41.21685373,0
2021-07-12T11:47:23Z,9.48334392,41.21693641,0
2021-07-12T12:00:41Z,9.48325689,41.21683384,0
2021-07-12T12:16:17Z,9.48334804,41.21686018,0
2021-07-12T12:21:32Z,9.48325343,41.21688074,0
2021-07-12T12:22:32Z,9.48330618,41.21686575,0
2021-07-12T12:37:59Z,9.48322854,41.21675833,0
2021-07-12T12:42:41Z,9.48333332,41.21677183,0
2021-07-12T12:43:20Z,9.48331393,41.21683437,0
2021-07-12T12:44:11Z,9.48323109,41.21682955,0
2021-07-12T12:47:20Z,9.48372993,41.21658261,0
2021-07-12T12:48:35Z,9.48349737,41.21565299,0
2021-07-12T12:49:29Z,9.48361861,41.2145994,0
2021-07-12T12:51:11Z,9.4828627,41.21295026,0
2021-07-12T12:51:44Z,9.48263825,41.21221718,0
2021-07-12T12:52:32Z,9.48196396,41.21118682,0
2021-07-12T12:52:59Z,9.48191179,41.21059864,0
2021-07-12T12:53:47Z,9.48198614,41.20928075,0
2021-07-12T12:54:17Z,9.48183674,41.20847267,0
2021-07-12T12:55:08Z,9.48175669,41.20716231,0
2021-07-12T12:55:17Z,9.48164088,41.20695917,0
2021-07-12T12:56:11Z,9.48147523,41.20539217,0
2021-07-12T12:56:47Z,9.48125138,41.20442163,0
2021-07-12T12:57:08Z,9.48129629,41.2037698,0
2021-07-12T12:57:47Z,9.48108537,41.20266259,0
2021-07-12T12:58:59Z,9.48088865,41.20084643,0
2021-07-12T12:59:32Z,9.48113256,41.20003058,0
2021-07-12T13:00:17Z,9.48130136,41.19877394,0
2021-07-12T13:01:38Z,9.48198751,41.19670216,0
2021-07-12T13:02:26Z,9.4829057,41.1960646,0
2021-07-12T13:02:44Z,9.48332111,41.1956532,0
2021-07-12T13:03:41Z,9.48432805,41.19435146,0
2021-07-12T13:04:02Z,9.48466018,41.19423197,0
2021-07-12T13:04:38Z,9.48498947,41.19436225,0
2021-07-12T13:04:50Z,9.48521116,41.19427662,0
2021-07-12T13:05:14Z,9.48552076,41.19385783,0
2021-07-12T13:05:32Z,9.48571462,41.19377422,0
2021-07-12T13:05:41Z,9.4857853,41.19356524,0
2021-07-12T13:06:08Z,9.48624234,41.19299545,0
2021-07-12T13:06:26Z,9.48654147,41.1928877,0
2021-07-12T13:08:11Z,9.48925757,41.19227872,0
2021-07-12T13:08:38Z,9.4899109,41.19228469,0
2021-07-12T13:09:11Z,9.49063135,41.1921619,0
2021-07-12T13:09:29Z,9.49096421,41.19220232,0
2021-07-12T13:10:11Z,9.49206624,41.19203412,0
2021-07-12T13:10:29Z,9.49243911,41.19189925,0
2021-07-12T13:10:41Z,9.49271347,41.19192009,0
2021-07-12T13:11:41Z,9.49398988,41.1917131,0
2021-07-12T13:12:56Z,9.49559317,41.19124022,0
2021-07-12T13:13:17Z,9.49599002,41.19098942,0
2021-07-12T13:13:50Z,9.49679735,41.19111383,0
2021-07-12T13:14:20Z,9.4974482,41.19098838,0
2021-07-12T13:15:32Z,9.49901545,41.19042573,0
2021-07-12T13:16:23Z,9.50011942,41.1904051,0
2021-07-12T13:17:02Z,9.50102833,41.18990289,0
2021-07-12T13:18:02Z,9.50232278,41.18836551,0
2021-07-12T13:18:47Z,9.50329143,41.18741441,0
2021-07-12T13:19:05Z,9.5037277,41.18709255,0
2021-07-12T13:19:56Z,9.50471853,41.18593974,0
2021-07-12T13:21:14Z,9.50637653,41.18426568,0
2021-07-12T13:21:26Z,9.50657731,41.18394876,0
2021-07-12T13:22:41Z,9.50807191,41.18235701,0
2021-07-12T13:22:59Z,9.5083721,41.18191904,0
2021-07-12T13:23:11Z,9.50862314,41.18173877,0
2021-07-12T13:23:38Z,9.50902213,41.18119313,0
2021-07-12T13:24:17Z,9.50982344,41.18041245,0
2021-07-12T13:24:29Z,9.50999136,41.18010825,0
2021-07-12T13:24:38Z,9.51018964,41.17998167,0
2021-07-12T13:25:35Z,9.51135084,41.17869666,0
2021-07-12T13:26:14Z,9.51226005,41.17782621,0
2021-07-12T13:26:38Z,9.51272488,41.17722622,0
2021-07-12T13:27:56Z,9.51422038,41.17599548,0
2021-07-12T13:28:14Z,9.51451403,41.1758373,0
2021-07-12T13:28:32Z,9.51476587,41.17542919,0
2021-07-12T13:28:56Z,9.515319,41.17492971,0
2021-07-12T13:29:29Z,9.51596355,41.17409813,0
2021-07-12T13:29:56Z,9.51668674,41.17346019,0
2021-07-12T13:30:17Z,9.51692923,41.1736578,0
2021-07-12T13:30:53Z,9.51713565,41.17412437,0
2021-07-12T13:31:50Z,9.51767069,41.17456271,0
2021-07-12T13:32:08Z,9.51765323,41.17485205,0
2021-07-12T13:32:23Z,9.51793688,41.17516698,0
2021-07-12T13:33:11Z,9.51878626,41.17575359,0
2021-07-12T13:34:41Z,9.52036301,41.17706965,0
2021-07-12T13:34:56Z,9.52065543,41.1772139,0
2021-07-12T13:35:47Z,9.52147615,41.17801381,0
2021-07-12T13:37:32Z,9.52353247,41.17944633,0
2021-07-12T13:37:59Z,9.52373321,41.17978069,0
2021-07-12T13:38:20Z,9.52415517,41.18022437,0
2021-07-12T13:38:44Z,9.5248194,41.18063101,0
2021-07-12T13:39:23Z,9.52576934,41.18144621,0
2021-07-12T13:40:17Z,9.52716654,41.18247925,0
2021-07-12T13:41:02Z,9.52817344,41.18309157,0
2021-07-12T13:41:14Z,9.5284002,41.18334913,0
2021-07-12T13:42:23Z,9.52996867,41.18431868,0
2021-07-12T13:43:20Z,9.53000883,41.18372552,0
2021-07-12T13:44:02Z,9.53020005,41.18315181,0
2021-07-12T13:45:20Z,9.53135422,41.18162087,0
2021-07-12T13:47:59Z,9.53392591,41.17783456,0
2021-07-12T13:49:20Z,9.53515306,41.17586955,0
2021-07-12T13:49:50Z,9.53540986,41.17522221,0
2021-07-12T13:50:17Z,9.53588041,41.1745346,0
2021-07-12T13:50:26Z,9.53594888,41.17430496,0
2021-07-12T13:51:56Z,9.53731001,41.17213356,0
2021-07-12T13:52:14Z,9.53736665,41.17175365,0
2021-07-12T13:52:32Z,9.53770249,41.17130811,0
2021-07-12T13:54:08Z,9.53877121,41.16932092,0
2021-07-12T13:54:17Z,9.53891231,41.16919818,0
2021-07-12T13:54:26Z,9.53889521,41.16895548,0
2021-07-12T13:55:02Z,9.53932584,41.168316,0
2021-07-12T13:56:44Z,9.54032139,41.16601318,0
2021-07-12T13:57:23Z,9.54071278,41.16529186,0
2021-07-12T13:57:53Z,9.54088531,41.16456898,0
2021-07-12T13:58:02Z,9.54099916,41.16449486,0
2021-07-12T13:58:53Z,9.54125769,41.16363542,0
2021-07-12T13:59:08Z,9.54130052,41.16329417,0
2021-07-12T13:59:20Z,9.5414147,41.16304555,0
2021-07-12T13:59:35Z,9.54168775,41.16275304,0
2021-07-12T14:00:53Z,9.54234993,41.16037729,0
2021-07-12T14:01:29Z,9.54275113,41.15923465,0
2021-07-12T14:02:05Z,9.54324049,41.15812196,0
2021-07-12T14:04:25Z,9.54471236,41.15383971,0
2021-07-12T14:05:13Z,9.54529578,41.15250227,0
2021-07-12T14:06:49Z,9.54613648,41.1498297,0
2021-07-12T14:08:01Z,9.54685469,41.14807482,0
2021-07-12T14:08:52Z,9.54727056,41.14673118,0
2021-07-12T14:09:19Z,9.54760797,41.14613389,0
2021-07-12T14:10:31Z,9.5480813,41.1445194,0
2021-07-12T14:10:46Z,9.54826617,41.14411866,0
2021-07-12T14:11:31Z,9.54853963,41.1430274,0
2021-07-12T14:12:01Z,9.54883073,41.14224822,0
2021-07-12T14:12:16Z,9.54906952,41.14192838,0
2021-07-12T14:13:31Z,9.54945981,41.14034974,0
2021-07-12T14:14:22Z,9.54997651,41.13915306,0
2021-07-12T14:14:46Z,9.55012296,41.13854776,0
2021-07-12T14:14:55Z,9.5502829,41.13834048,0
2021-07-12T14:15:07Z,9.5503314,41.13798775,0
2021-07-12T14:15:43Z,9.55077809,41.13706906,0
2021-07-12T14:16:49Z,9.5513093,41.13550516,0
2021-07-12T14:17:07Z,9.55160686,41.13508163,0
2021-07-12T14:17:34Z,9.55171149,41.13440341,0
2021-07-12T14:17:58Z,9.55204772,41.13381389,0
2021-07-12T14:18:16Z,9.55212879,41.13328859,0
2021-07-12T14:18:22Z,9.5522507,41.13313524,0
2021-07-12T14:19:13Z,9.55309054,41.13348252,0
2021-07-12T14:19:22Z,9.55322997,41.13362957,0
2021-07-12T14:20:16Z,9.55433549,41.13391285,0
2021-07-12T14:20:58Z,9.55521709,41.13430833,0
2021-07-12T14:22:22Z,9.55691844,41.13479748,0
2021-07-12T14:22:43Z,9.55727203,41.13505274,0
2021-07-12T14:23:10Z,9.55808425,41.13522586,0
2021-07-12T14:24:10Z,9.55971112,41.13595053,0
2021-07-12T14:24:40Z,9.56047252,41.13610911,0
2021-07-12T14:25:40Z,9.56196652,41.13683703,0
2021-07-12T14:26:46Z,9.56350106,41.13736828,0
2021-07-12T14:27:22Z,9.56444773,41.13806016,0
2021-07-12T14:28:01Z,9.56565266,41.13833815,0
2021-07-12T14:28:43Z,9.56655019,41.13883751,0
2021-07-12T14:29:07Z,9.56710791,41.13891365,0
2021-07-12T14:29:40Z,9.56787199,41.13936171,0
2021-07-12T14:30:10Z,9.56889793,41.13976867,0
2021-07-12T14:30:31Z,9.56950472,41.14017121,0
2021-07-12T14:30:46Z,9.56997036,41.14032469,0
2021-07-12T14:31:40Z,9.57144965,41.14125174,0
2021-07-12T14:31:55Z,9.57188917,41.14142436,0
2021-07-12T14:32:22Z,9.57271965,41.14191691,0
2021-07-12T14:33:01Z,9.5740187,41.14280152,0
2021-07-12T14:33:10Z,9.57426696,41.14281195,0
2021-07-12T14:33:19Z,9.57413805,41.14263431,0
2021-07-12T14:33:34Z,9.57430186,41.14233801,0
2021-07-12T14:33:58Z,9.57445371,41.14222741,0
2021-07-12T14:34:10Z,9.57433113,41.1420631,0
2021-07-12T14:34:19Z,9.57434098,41.14192479,0
2021-07-12T14:34:40Z,9.57460261,41.14177511,0
2021-07-12T14:35:25Z,9.5746987,41.14077768,0
2021-07-12T14:36:25Z,9.57521247,41.13930402,0
2021-07-12T14:36:58Z,9.57562143,41.13843584,0
2021-07-12T14:38:07Z,9.57597225,41.13661916,0
2021-07-12T14:38:37Z,9.57622881,41.1357807,0
2021-07-12T14:38:43Z,9.57617746,41.13561707,0
2021-07-12T14:39:07Z,9.57647879,41.13507413,0
2021-07-12T14:39:34Z,9.57657318,41.13443455,0
2021-07-12T14:40:10Z,9.57697851,41.1335666,0
2021-07-12T14:40:28Z,9.57690142,41.13287691,0
2021-07-12T14:40:46Z,9.57706924,41.13236798,0
2021-07-12T14:41:16Z,9.57715165,41.13162333,0
2021-07-12T14:41:37Z,9.57713986,41.13094906,0
2021-07-12T14:42:22Z,9.57735484,41.1294671,0
2021-07-12T14:42:49Z,9.57735582,41.12859406,0
2021-07-12T14:43:28Z,9.57728548,41.12744565,0
2021-07-12T14:45:07Z,9.57662565,41.1245086,0
2021-07-12T14:45:25Z,9.57683744,41.12391326,0
2021-07-12T14:46:10Z,9.57697292,41.12263001,0
2021-07-12T14:46:22Z,9.57692193,41.12236857,0
2021-07-12T14:46:52Z,9.57708962,41.12148687,0
2021-07-12T14:46:58Z,9.5771918,41.12129352,0
2021-07-12T14:47:10Z,9.5771672,41.12099682,0
2021-07-12T14:47:34Z,9.57734921,41.12020544,0
2021-07-12T14:47:58Z,9.57735497,41.11951695,0
2021-07-12T14:48:04Z,9.57741065,41.11932764,0
2021-07-12T14:48:07Z,9.57756027,41.11920752,0
2021-07-12T14:48:13Z,9.57745131,41.11907475,0
2021-07-12T14:48:43Z,9.57768773,41.11819011,0
2021-07-12T14:49:37Z,9.577786,41.11663431,0
2021-07-12T14:49:43Z,9.57770446,41.1164742,0
2021-07-12T14:49:55Z,9.57775697,41.11610432,0
2021-07-12T14:50:31Z,9.57744285,41.115332,0
2021-07-12T14:50:46Z,9.57743194,41.11500731,0
2021-07-12T14:50:52Z,9.57732757,41.11490947,0
2021-07-12T14:51:04Z,9.57735551,41.1146708,0
2021-07-12T14:51:31Z,9.57709663,41.11426605,0
2021-07-12T14:52:13Z,9.5769593,41.11364,0
2021-07-12T14:52:37Z,9.57664795,41.11332696,0
2021-07-12T14:53:07Z,9.57665033,41.11292357,0
2021-07-12T14:54:01Z,9.5763119,41.11212611,0
2021-07-12T14:54:13Z,9.57629775,41.1119253,0
2021-07-12T14:54:22Z,9.57614112,41.11174678,0
2021-07-12T14:55:13Z,9.57598171,41.11097212,0
2021-07-12T14:56:28Z,9.57562064,41.10999479,0
2021-07-12T14:56:37Z,9.57566382,41.10986804,0
2021-07-12T14:56:55Z,9.57550172,41.10966463,0
2021-07-12T14:57:58Z,9.57529951,41.10888174,0
2021-07-12T14:59:22Z,9.57486261,41.10787991,0
2021-07-12T15:00:40Z,9.57458887,41.10647046,0
2021-07-12T15:00:52Z,9.57465545,41.10632304,0
2021-07-12T15:01:07Z,9.57492927,41.10622,0
2021-07-12T15:02:19Z,9.57572565,41.10623074,0
2021-07-12T15:03:25Z,9.57626482,41.10635217,0
2021-07-12T15:04:25Z,9.57579549,41.10504176,0
2021-07-12T15:04:34Z,9.57582688,41.10483775,0
2021-07-12T15:04:52Z,9.57563039,41.10428575,0
2021-07-12T15:05:07Z,9.5757095,41.10399222,0
2021-07-12T15:05:13Z,9.57582741,41.10390505,0
2021-07-12T15:05:22Z,9.5760142,41.10393102,0
2021-07-12T15:05:52Z,9.57649135,41.10421483,0
2021-07-12T15:06:49Z,9.57712844,41.10415446,0
2021-07-12T15:06:58Z,9.57724166,41.10403997,0
2021-07-12T15:07:31Z,9.5765405,41.10350667,0
2021-07-12T15:08:01Z,9.5761741,41.10282789,0
2021-07-12T15:08:22Z,9.5758254,41.10237389,0
2021-07-12T15:08:37Z,9.57572285,41.10205026,0
2021-07-12T15:08:40Z,9.57580118,41.10201401,0
2021-07-12T15:09:04Z,9.5757831,41.10170258,0
2021-07-12T15:09:22Z,9.5755722,41.10146037,0
2021-07-12T15:09:28Z,9.5755176,41.10081468,0
2021-07-12T15:09:34Z,9.57536699,41.10077117,0
2021-07-12T15:10:16Z,9.57530646,41.09959765,0
2021-07-12T15:10:46Z,9.57493739,41.09883003,0
2021-07-12T15:11:58Z,9.57377314,41.09717466,0
2021-07-12T15:13:52Z,9.57218478,41.09442925,0
2021-07-12T15:14:46Z,9.57130581,41.09314497,0
2021-07-12T15:15:58Z,9.56982207,41.09153314,0
2021-07-12T15:16:28Z,9.56942225,41.09079308,0
2021-07-12T15:17:22Z,9.56817831,41.08958291,0
2021-07-12T15:17:28Z,9.56802678,41.08954133,0
2021-07-12T15:17:40Z,9.56777524,41.08918495,0
2021-07-12T15:17:52Z,9.56736648,41.08880478,0
2021-07-12T15:17:58Z,9.56737528,41.08870829,0
2021-07-12T15:18:10Z,9.56717557,41.08842017,0
2021-07-12T15:18:46Z,9.56638093,41.08755204,0
2021-07-12T15:19:07Z,9.56607604,41.08695171,0
2021-07-12T15:19:25Z,9.56564559,41.0865536,0
2021-07-12T15:20:37Z,9.56434687,41.08480742,0
2021-07-12T15:21:34Z,9.56359978,41.08333703,0
2021-07-12T15:21:43Z,9.56340772,41.08313414,0
2021-07-12T15:22:10Z,9.56319543,41.08245103,0
2021-07-12T15:22:22Z,9.56299566,41.08214828,0
2021-07-12T15:23:10Z,9.56188328,41.08117997,0
2021-07-12T15:23:52Z,9.56072789,41.08043941,0
2021-07-12T15:23:58Z,9.56048226,41.08036811,0
2021-07-12T15:24:13Z,9.56019845,41.08009905,0
2021-07-12T15:25:40Z,9.55767593,41.07852072,0
2021-07-12T15:26:16Z,9.55670401,41.07778133,0
2021-07-12T15:27:31Z,9.55429541,41.07677779,0
2021-07-12T15:27:46Z,9.55369779,41.07662683,0
2021-07-12T15:29:22Z,9.55056736,41.07498187,0
2021-07-12T15:29:37Z,9.55000734,41.07483681,0
2021-07-12T15:29:55Z,9.54929165,41.07482498,0
2021-07-12T15:30:11Z,9.54868498,41.07486968,0
2021-07-12T15:30:38Z,9.54757685,41.07514699,0
2021-07-12T15:31:32Z,9.54556203,41.07596269,0
2021-07-12T15:32:02Z,9.54446083,41.07649281,0
2021-07-12T15:33:17Z,9.54206503,41.07808152,0
2021-07-12T15:33:47Z,9.54132068,41.07875415,0
2021-07-12T15:34:20Z,9.54069224,41.07948362,0
2021-07-12T15:35:02Z,9.54012683,41.08056511,0
2021-07-12T15:37:17Z,9.54024311,41.08343991,0
2021-07-12T15:37:44Z,9.54013656,41.08380734,0
2021-07-12T15:37:59Z,9.54015475,41.08404806,0
2021-07-12T15:38:17Z,9.54008938,41.08410031,0
2021-07-12T15:38:38Z,9.54011192,41.08422289,0
2021-07-12T15:38:56Z,9.54027606,41.08415554,0
2021-07-12T15:39:35Z,9.5403097,41.08378373,0
2021-07-12T15:40:20Z,9.54002178,41.08315998,0
2021-07-12T15:40:44Z,9.53962254,41.08295037,0
2021-07-12T15:41:14Z,9.53895208,41.08282609,0
2021-07-12T15:41:29Z,9.53863061,41.08288385,0
2021-07-12T15:41:41Z,9.53852909,41.08297055,0
2021-07-12T15:42:20Z,9.53840197,41.08337813,0
2021-07-12T15:42:47Z,9.53842931,41.08348232,0
2021-07-12T15:43:41Z,9.53858268,41.08346055,0
2021-07-12T15:44:02Z,9.53856094,41.08337648,0
2021-07-12T15:44:17Z,9.5384439,41.08335709,0
2021-07-12T15:44:44Z,9.53822668,41.08347741,0
2021-07-12T15:45:08Z,9.53817143,41.08334,0
2021-07-12T15:45:44Z,9.53838626,41.08318522,0
2021-07-12T15:47:23Z,9.53997658,41.08344412,0
2021-07-12T15:47:32Z,9.54012079,41.08355473,0
2021-07-12T15:48:14Z,9.54040752,41.08409523,0
2021-07-12T15:48:59Z,9.54082895,41.08411238,0
2021-07-12T15:49:20Z,9.54073691,41.08431405,0
2021-07-12T15:49:29Z,9.54061144,41.08435766,0
2021-07-12T15:49:44Z,9.54039478,41.08421947,0
2021-07-12T15:50:02Z,9.54036407,41.08398293,0
2021-07-12T15:50:26Z,9.54046992,41.08388809,0
2021-07-12T15:51:41Z,9.54034461,41.08410714,0
2021-07-12T15:52:02Z,9.54035802,41.08397976,0
2021-07-12T15:52:14Z,9.5402858,41.08391638,0
2021-07-12T15:52:35Z,9.54040383,41.08374922,0
2021-07-12T15:53:23Z,9.54049662,41.08390159,0
2021-07-12T15:53:47Z,9.54061671,41.08390188,0
2021-07-12T15:54:11Z,9.5405,41.08400441,0
2021-07-12T15:54:14Z,9.5404068,41.08404322,0
2021-07-12T15:55:38Z,9.54062885,41.08350758,0
2021-07-12T15:56:02Z,9.54076418,41.08339763,0
2021-07-12T15:56:29Z,9.54092087,41.08339098,0
2021-07-12T15:56:59Z,9.54054415,41.08348845,0
2021-07-12T15:57:23Z,9.54022772,41.08368333,0
2021-07-12T15:57:59Z,9.54026411,41.0835104,0
2021-07-12T15:58:11Z,9.54042317,41.08343831,0
2021-07-12T15:58:23Z,9.54058451,41.08350555,0
2021-07-12T15:59:53Z,9.54090262,41.08384306,0
2021-07-12T16:00:08Z,9.54072152,41.08377556,0
2021-07-12T16:03:11Z,9.54052983,41.08391409,0
2021-07-12T16:15:41Z,9.54057126,41.08382677,0

2021-07-13T08:07:01Z,9.54065194,41.08385813,0
2021-07-13T08:07:45Z,9.54050885,41.08379658,0
2021-07-13T08:09:12Z,9.54052973,41.08387705,0
2021-07-13T08:09:51Z,9.54043971,41.08377739,0
2021-07-13T08:10:18Z,9.5404945,41.08390469,0
2021-07-13T08:12:21Z,9.54050372,41.08383381,0
2021-07-13T08:14:54Z,9.54026082,41.0838249,0
2021-07-13T08:16:12Z,9.54049509,41.08376806,0
2021-07-13T08:16:39Z,9.54071458,41.08384702,0
2021-07-13T08:16:48Z,9.54079105,41.08374847,0
2021-07-13T08:17:45Z,9.54051567,41.08242513,0
2021-07-13T08:18:15Z,9.54046077,41.08154813,0
2021-07-13T08:20:03Z,9.54091895,41.07837908,0
2021-07-13T08:22:00Z,9.54229845,41.07522413,0
2021-07-13T08:23:09Z,9.5436021,41.07352412,0
2021-07-13T08:23:54Z,9.54467243,41.07242332,0
2021-07-13T08:24:36Z,9.54549662,41.07135571,0
2021-07-13T08:26:03Z,9.54688863,41.06907725,0
2021-07-13T08:27:39Z,9.54830364,41.06650278,0
2021-07-13T08:28:39Z,9.54917324,41.06514757,0
2021-07-13T08:29:03Z,9.54963189,41.06463949,0
2021-07-13T08:29:18Z,9.54963107,41.06437047,0
2021-07-13T08:30:45Z,9.54889642,41.06356369,0
2021-07-13T08:31:30Z,9.5484605,41.0633617,0
2021-07-13T08:32:27Z,9.54804702,41.06305236,0
2021-07-13T08:33:03Z,9.54770514,41.06307839,0
2021-07-13T08:33:24Z,9.5473737,41.06299269,0
2021-07-13T08:33:36Z,9.54719691,41.06290246,0
2021-07-13T08:33:42Z,9.54715586,41.06279563,0
2021-07-13T08:34:06Z,9.54755381,41.06208905,0
2021-07-13T08:36:18Z,9.55018089,41.05874409,0
2021-07-13T08:36:36Z,9.55056671,41.05836669,0
2021-07-13T08:36:51Z,9.55080983,41.05795153,0
2021-07-13T08:37:06Z,9.55114803,41.05763381,0
2021-07-13T08:38:00Z,9.55222526,41.05623805,0
2021-07-13T08:39:30Z,9.55455113,41.05442458,0
2021-07-13T08:40:36Z,9.55627807,41.05326713,0
2021-07-13T08:41:54Z,9.55836203,41.05225702,0
2021-07-13T08:42:51Z,9.5599941,41.05129433,0
2021-07-13T08:43:14Z,9.56063398,41.05082702,0
2021-07-13T08:43:56Z,9.56173659,41.04969149,0
2021-07-13T08:44:11Z,9.56229017,41.04929686,0
2021-07-13T08:44:38Z,9.56313629,41.04845938,0
2021-07-13T08:44:47Z,9.56345207,41.04828425,0
2021-07-13T08:46:23Z,9.56587683,41.04588251,0
2021-07-13T08:46:29Z,9.5660737,41.04579797,0
2021-07-13T08:46:59Z,9.5669235,41.04503143,0
2021-07-13T08:47:20Z,9.56749318,41.04436858,0
2021-07-13T08:47:44Z,9.5682403,41.04374982,0
2021-07-13T08:47:59Z,9.56867033,41.04317858,0
2021-07-13T08:49:05Z,9.57078991,41.04130285,0
2021-07-13T08:49:35Z,9.57162556,41.04034633,0
2021-07-13T08:50:23Z,9.57308124,41.03928677,0
2021-07-13T08:51:14Z,9.57453298,41.03800906,0
2021-07-13T08:51:32Z,9.57509247,41.03761807,0
2021-07-13T08:51:47Z,9.57549139,41.03715965,0
2021-07-13T08:52:17Z,9.5765518,41.03628061,0
2021-07-13T08:53:11Z,9.57854917,41.03485402,0
2021-07-13T08:54:02Z,9.58029322,41.03334327,0
2021-07-13T08:54:53Z,9.58193419,41.03170928,0
2021-07-13T08:55:11Z,9.58259542,41.0313047,0
2021-07-13T08:55:44Z,9.58381895,41.0307228,0
2021-07-13T08:56:11Z,9.58494812,41.03035072,0
2021-07-13T08:56:32Z,9.58565916,41.02998732,0
2021-07-13T08:56:56Z,9.58661425,41.02967876,0
2021-07-13T08:57:02Z,9.5868291,41.02954343,0
2021-07-13T08:58:53Z,9.59120215,41.02803026,0
2021-07-13T08:59:38Z,9.59301164,41.02760774,0
2021-07-13T09:00:11Z,9.59446499,41.02763311,0
2021-07-13T09:00:44Z,9.59603264,41.02782808,0
2021-07-13T09:01:35Z,9.59862345,41.02836314,0
2021-07-13T09:02:17Z,9.60063235,41.0285323,0
2021-07-13T09:02:41Z,9.60175692,41.02875262,0
2021-07-13T09:03:14Z,9.60335646,41.02917213,0
2021-07-13T09:03:41Z,9.60457181,41.02970785,0
2021-07-13T09:04:14Z,9.60618488,41.03006157,0
2021-07-13T09:04:56Z,9.60806065,41.03014858,0
2021-07-13T09:05:20Z,9.60917322,41.03032053,0
2021-07-13T09:05:59Z,9.61117111,41.03078887,0
2021-07-13T09:06:26Z,9.61244774,41.03119916,0
2021-07-13T09:06:53Z,9.61377904,41.03137137,0
2021-07-13T09:07:11Z,9.614615,41.03165818,0
2021-07-13T09:07:53Z,9.61661583,41.03208612,0
2021-07-13T09:09:08Z,9.62016341,41.03237532,0
2021-07-13T09:09:59Z,9.62249226,41.032383,0
2021-07-13T09:10:32Z,9.62405734,41.03226178,0
2021-07-13T09:10:56Z,9.62524025,41.03243288,0
2021-07-13T09:11:35Z,9.62721232,41.03301656,0
2021-07-13T09:12:02Z,9.62856366,41.03329033,0
2021-07-13T09:12:35Z,9.6299632,41.03324285,0
2021-07-13T09:13:26Z,9.63210374,41.03329698,0
2021-07-13T09:13:59Z,9.63354768,41.03312894,0
2021-07-13T09:14:50Z,9.63607132,41.03352453,0
2021-07-13T09:15:32Z,9.63811933,41.03419518,0
2021-07-13T09:15:56Z,9.63935954,41.03425674,0
2021-07-13T09:16:32Z,9.64116811,41.03458909,0
2021-07-13T09:17:05Z,9.64291121,41.03462579,0
2021-07-13T09:17:38Z,9.64432204,41.0344982,0
2021-07-13T09:18:35Z,9.64683104,41.03443841,0
2021-07-13T09:19:05Z,9.64815752,41.03452117,0
2021-07-13T09:19:14Z,9.64858657,41.03462933,0
2021-07-13T09:19:23Z,9.64869503,41.03494264,0
2021-07-13T09:19:29Z,9.64891676,41.03515485,0
2021-07-13T09:19:53Z,9.65007884,41.03550799,0
2021-07-13T09:20:23Z,9.65145507,41.0354953,0
2021-07-13T09:20:50Z,9.652717,41.03562497,0
2021-07-13T09:21:23Z,9.65413315,41.03564835,0
2021-07-13T09:21:44Z,9.65503868,41.03558445,0
2021-07-13T09:22:08Z,9.65610851,41.03565947,0
2021-07-13T09:22:20Z,9.65663019,41.03585129,0
2021-07-13T09:22:26Z,9.65691734,41.0358694,0
2021-07-13T09:22:59Z,9.65825128,41.0358152,0
2021-07-13T09:23:11Z,9.65863962,41.0356898,0
2021-07-13T09:23:41Z,9.65948494,41.03483766,0
2021-07-13T09:24:35Z,9.66122477,41.03377016,0
2021-07-13T09:25:14Z,9.66234341,41.03272146,0
2021-07-13T09:25:44Z,9.66316938,41.03177446,0
2021-07-13T09:26:32Z,9.66465265,41.03027752,0
2021-07-13T09:26:41Z,9.66485811,41.02988109,0
2021-07-13T09:26:59Z,9.66538829,41.02922943,0
2021-07-13T09:27:08Z,9.66570189,41.02900323,0
2021-07-13T09:27:26Z,9.66614535,41.02839697,0
2021-07-13T09:28:14Z,9.66752853,41.02683006,0
2021-07-13T09:28:29Z,9.66782694,41.0262694,0
2021-07-13T09:28:53Z,9.66854702,41.02546105,0
2021-07-13T09:28:59Z,9.6686393,41.02520888,0
2021-07-13T09:29:14Z,9.66901362,41.02468025,0
2021-07-13T09:30:23Z,9.67093135,41.02219299,0
2021-07-13T09:31:14Z,9.67284015,41.02076799,0
2021-07-13T09:31:38Z,9.6736056,41.02005589,0
2021-07-13T09:32:29Z,9.67563555,41.01921535,0
2021-07-13T09:33:05Z,9.67694455,41.01840313,0
2021-07-13T09:33:14Z,9.67721574,41.01813795,0
2021-07-13T09:34:02Z,9.6782024,41.0165876,0
2021-07-13T09:34:35Z,9.67860075,41.0153948,0
2021-07-13T09:34:53Z,9.67891556,41.01474613,0
2021-07-13T09:35:05Z,9.67903723,41.01424818,0
2021-07-13T09:35:38Z,9.67992831,41.01313021,0
2021-07-13T09:36:11Z,9.68103453,41.01206206,0
2021-07-13T09:36:35Z,9.68189293,41.01138799,0
2021-07-13T09:36:50Z,9.68215954,41.01084244,0
2021-07-13T09:37:59Z,9.68418344,41.00858092,0
2021-07-13T09:38:56Z,9.68555137,41.00651451,0
2021-07-13T09:39:08Z,9.68601954,41.00622187,0
2021-07-13T09:39:26Z,9.68658052,41.0056719,0
2021-07-13T09:39:53Z,9.68717289,41.00470038,0
2021-07-13T09:40:05Z,9.68760908,41.00436842,0
2021-07-13T09:40:38Z,9.68829814,41.00329585,0
2021-07-13T09:40:50Z,9.68866057,41.00291801,0
2021-07-13T09:41:17Z,9.68914035,41.00194453,0
2021-07-13T09:42:14Z,9.69049814,41.00010119,0
2021-07-13T09:43:50Z,9.69331876,40.99736267,0
2021-07-13T09:44:29Z,9.69423004,40.99619634,0
2021-07-13T09:44:59Z,9.69511076,40.99549663,0
2021-07-13T09:45:17Z,9.69552464,40.99503891,0
2021-07-13T09:45:53Z,9.6965614,40.99416687,0
2021-07-13T09:46:17Z,9.69720535,40.99348744,0
2021-07-13T09:46:23Z,9.69728879,40.99330324,0
2021-07-13T09:47:08Z,9.69831274,40.99229548,0
2021-07-13T09:47:29Z,9.69881999,40.9916059,0
2021-07-13T09:47:44Z,9.69938024,40.99123014,0
2021-07-13T09:48:29Z,9.70059743,40.98990482,0
2021-07-13T09:49:20Z,9.70177431,40.98846963,0
2021-07-13T09:49:44Z,9.70240282,40.98784636,0
2021-07-13T09:50:29Z,9.7033761,40.98658114,0
2021-07-13T09:50:41Z,9.70373171,40.98627761,0
2021-07-13T09:50:56Z,9.70402573,40.98582397,0
2021-07-13T09:51:53Z,9.7056509,40.98423437,0
2021-07-13T09:52:23Z,9.70630348,40.98334346,0
2021-07-13T09:52:35Z,9.70668732,40.98299493,0
2021-07-13T09:53:23Z,9.70775484,40.98168735,0
2021-07-13T09:54:11Z,9.70894384,40.98040277,0
2021-07-13T09:54:29Z,9.70935213,40.97978459,0
2021-07-13T09:55:20Z,9.71077464,40.97818278,0
2021-07-13T09:55:35Z,9.71110185,40.97769318,0
2021-07-13T09:57:11Z,9.71372234,40.97488548,0
2021-07-13T09:57:53Z,9.71477318,40.97358138,0
2021-07-13T09:58:47Z,9.71595327,40.9718497,0
2021-07-13T10:00:17Z,9.71821798,40.96919407,0
2021-07-13T10:00:50Z,9.71881662,40.96825702,0
2021-07-13T10:01:35Z,9.71990355,40.96700948,0
2021-07-13T10:02:20Z,9.72087547,40.96565635,0
2021-07-13T10:02:59Z,9.72188575,40.96472227,0
2021-07-13T10:04:05Z,9.72331767,40.9630437,0
2021-07-13T10:05:02Z,9.72452914,40.96143461,0
2021-07-13T10:06:11Z,9.72622555,40.95956663,0
2021-07-13T10:06:20Z,9.72631089,40.95928427,0
2021-07-13T10:06:35Z,9.72663582,40.95888561,0
2021-07-13T10:07:59Z,9.72889227,40.95653786,0
2021-07-13T10:09:08Z,9.7305585,40.95453697,0
2021-07-13T10:12:35Z,9.7363807,40.94923631,0
2021-07-13T10:13:29Z,9.73762967,40.94774337,0
2021-07-13T10:13:41Z,9.73780571,40.94737966,0
2021-07-13T10:13:47Z,9.73797769,40.94727164,0
2021-07-13T10:14:29Z,9.73859414,40.94591625,0
2021-07-13T10:14:56Z,9.73910537,40.94509876,0
2021-07-13T10:15:17Z,9.73967817,40.9444855,0
2021-07-13T10:15:20Z,9.739693,40.9444228,0
2021-07-13T10:15:35Z,9.73949832,40.94436489,0
2021-07-13T10:16:02Z,9.73947778,40.9446435,0
2021-07-13T10:16:50Z,9.73958776,40.94498364,0
2021-07-13T10:17:05Z,9.73970291,40.94509512,0
2021-07-13T10:17:20Z,9.73965519,40.94523548,0
2021-07-13T10:17:44Z,9.73981772,40.94541851,0
2021-07-13T10:18:20Z,9.73985844,40.94582638,0
2021-07-13T10:19:11Z,9.74009889,40.94637053,0
2021-07-13T10:19:26Z,9.74006491,40.9464914,0
2021-07-13T10:19:35Z,9.74014172,40.94658242,0
2021-07-13T10:20:26Z,9.74024084,40.94717216,0
2021-07-13T10:21:26Z,9.74051937,40.94783548,0
2021-07-13T10:22:08Z,9.74055063,40.94826262,0
2021-07-13T10:23:38Z,9.74092705,40.9490944,0
2021-07-13T10:23:59Z,9.74093312,40.94933092,0
2021-07-13T10:24:11Z,9.74103313,40.94938248,0
2021-07-13T10:26:14Z,9.74127852,40.95068429,0
2021-07-13T10:26:41Z,9.74151501,40.95083617,0
2021-07-13T10:26:56Z,9.74172766,40.9512319,0
2021-07-13T10:27:41Z,9.74158171,40.95204978,0
2021-07-13T10:28:29Z,9.74175255,40.952802,0
2021-07-13T10:28:47Z,9.74166654,40.95311822,0
2021-07-13T10:29:17Z,9.74169877,40.95384451,0
2021-07-13T10:29:32Z,9.7416234,40.95412051,0
2021-07-13T10:29:59Z,9.74173216,40.95468082,0
2021-07-13T10:30:14Z,9.74168541,40.95490031,0
2021-07-13T10:31:17Z,9.74222828,40.95624412,0
2021-07-13T10:32:02Z,9.74212284,40.95710382,0
2021-07-13T10:32:35Z,9.74194733,40.95672472,0
2021-07-13T10:32:59Z,9.74223977,40.95607196,0
2021-07-13T10:33:38Z,9.74299913,40.95504526,0
2021-07-13T10:33:59Z,9.74327741,40.95441942,0
2021-07-13T10:34:08Z,9.74352105,40.95424092,0
2021-07-13T10:34:14Z,9.74371328,40.95422648,0
2021-07-13T10:34:41Z,9.74429479,40.95349568,0
2021-07-13T10:35:23Z,9.74480224,40.95229591,0
2021-07-13T10:35:38Z,9.74518183,40.9519468,0
2021-07-13T10:36:02Z,9.74527566,40.95130467,0
2021-07-13T10:36:20Z,9.74543401,40.95083077,0
2021-07-13T10:36:47Z,9.74595786,40.95016878,0
2021-07-13T10:37:20Z,9.74644341,40.94937177,0
2021-07-13T10:38:02Z,9.74744882,40.94836217,0
2021-07-13T10:38:26Z,9.7481399,40.94786699,0
2021-07-13T10:39:59Z,9.75065983,40.94573412,0
2021-07-13T10:40:20Z,9.75132364,40.94524703,0
2021-07-13T10:40:26Z,9.75147239,40.9453118,0
2021-07-13T10:40:41Z,9.75166618,40.94496583,0
2021-07-13T10:40:50Z,9.75202873,40.94460155,0
2021-07-13T10:41:32Z,9.75306811,40.94382803,0
2021-07-13T10:42:44Z,9.75487563,40.94184469,0
2021-07-13T10:43:11Z,9.75570264,40.94106486,0
2021-07-13T10:43:47Z,9.75654056,40.94004511,0
2021-07-13T10:44:32Z,9.75782048,40.93884618,0
2021-07-13T10:45:35Z,9.75949886,40.93698629,0
2021-07-13T10:46:02Z,9.76025746,40.93626144,0
2021-07-13T10:46:14Z,9.76044584,40.93587687,0
2021-07-13T10:46:35Z,9.76105582,40.93537825,0
2021-07-13T10:47:23Z,9.76229245,40.93406152,0
2021-07-13T10:48:14Z,9.76374643,40.93274277,0
2021-07-13T10:48:29Z,9.76408378,40.93224354,0
2021-07-13T10:49:11Z,9.76506879,40.93130462,0
2021-07-13T10:50:44Z,9.76737018,40.92872708,0
2021-07-13T10:50:56Z,9.76778171,40.92845349,0
2021-07-13T10:51:05Z,9.76792769,40.9281874,0
2021-07-13T10:51:20Z,9.76832059,40.92777691,0
2021-07-13T10:52:32Z,9.77017784,40.92603827,0
2021-07-13T10:52:47Z,9.77048923,40.92566412,0
2021-07-13T10:52:56Z,9.7706024,40.92540495,0
2021-07-13T10:53:20Z,9.77124275,40.92480239,0
2021-07-13T10:53:23Z,9.77126584,40.92468178,0
2021-07-13T10:53:44Z,9.77203305,40.92401214,0
2021-07-13T10:54:14Z,9.77275471,40.92322275,0
2021-07-13T10:54:29Z,9.77315529,40.92300606,0
2021-07-13T10:54:38Z,9.77338627,40.9227686,0
2021-07-13T10:55:11Z,9.77394954,40.92189073,0
2021-07-13T10:55:38Z,9.77435953,40.92099723,0
2021-07-13T10:56:08Z,9.77457899,40.92001264,0
2021-07-13T10:56:47Z,9.77449342,40.9185184,0
2021-07-13T10:57:14Z,9.77497462,40.91752687,0
2021-07-13T10:57:41Z,9.77529274,40.91656411,0
2021-07-13T10:58:32Z,9.77567153,40.91464122,0
2021-07-13T10:58:47Z,9.77587115,40.91410148,0
2021-07-13T10:59:26Z,9.77659014,40.91288537,0
2021-07-13T11:00:35Z,9.77718345,40.91062488,0
2021-07-13T11:00:56Z,9.77750335,40.90989569,0
2021-07-13T11:01:23Z,9.77764859,40.90901023,0
2021-07-13T11:01:35Z,9.7778546,40.90857332,0
2021-07-13T11:01:56Z,9.77840579,40.90793173,0
2021-07-13T11:02:02Z,9.77851189,40.90769161,0
2021-07-13T11:02:08Z,9.7784641,40.90741776,0
2021-07-13T11:02:14Z,9.77855533,40.90718092,0
2021-07-13T11:03:02Z,9.77935893,40.90592521,0
2021-07-13T11:03:26Z,9.77968721,40.9052036,0
2021-07-13T11:03:47Z,9.78009955,40.90464642,0
2021-07-13T11:04:38Z,9.7806426,40.90311178,0
2021-07-13T11:05:02Z,9.78127281,40.90238319,0
2021-07-13T11:05:56Z,9.78244659,40.90061998,0
2021-07-13T11:06:50Z,9.78279113,40.89889296,0
2021-07-13T11:07:08Z,9.7829855,40.8983022,0
2021-07-13T11:07:29Z,9.78340799,40.89754383,0
2021-07-13T11:07:59Z,9.78407479,40.89669364,0
2021-07-13T11:08:11Z,9.78422632,40.89624496,0
2021-07-13T11:08:32Z,9.78471676,40.89563633,0
2021-07-13T11:08:56Z,9.7846565,40.89482733,0
2021-07-13T11:09:20Z,9.78480939,40.89400695,0
2021-07-13T11:09:59Z,9.78546616,40.89278456,0
2021-07-13T11:10:29Z,9.78574363,40.8918467,0
2021-07-13T11:10:56Z,9.78629579,40.89104327,0
2021-07-13T11:11:53Z,9.78700512,40.88924888,0
2021-07-13T11:12:11Z,9.78705863,40.88859447,0
2021-07-13T11:12:59Z,9.78769993,40.88723008,0
2021-07-13T11:13:32Z,9.78745309,40.88634574,0
2021-07-13T11:13:59Z,9.78737993,40.88554669,0
2021-07-13T11:14:38Z,9.78758584,40.88434825,0
2021-07-13T11:14:59Z,9.78751257,40.88368026,0
2021-07-13T11:15:14Z,9.78760714,40.88318701,0
2021-07-13T11:15:38Z,9.78808775,40.88246584,0
2021-07-13T11:16:29Z,9.78891668,40.88071558,0
2021-07-13T11:16:53Z,9.7892049,40.87987264,0
2021-07-13T11:17:23Z,9.78980228,40.87888951,0
2021-07-13T11:17:56Z,9.79027022,40.87776533,0
2021-07-13T11:18:14Z,9.79041893,40.87713953,0
2021-07-13T11:18:41Z,9.79086147,40.87630932,0
2021-07-13T11:19:08Z,9.79111849,40.87538315,0
2021-07-13T11:19:29Z,9.7915444,40.87480539,0
2021-07-13T11:19:50Z,9.79171158,40.87403837,0
2021-07-13T11:20:41Z,9.79270563,40.87247683,0
2021-07-13T11:21:14Z,9.79311444,40.87137418,0
2021-07-13T11:21:29Z,9.79338611,40.870902,0
2021-07-13T11:21:56Z,9.79349531,40.86992666,0
2021-07-13T11:22:08Z,9.79345225,40.86947775,0
2021-07-13T11:22:38Z,9.79359087,40.86841525,0
2021-07-13T11:23:35Z,9.79398884,40.8665019,0
2021-07-13T11:24:05Z,9.79398417,40.86551718,0
2021-07-13T11:25:02Z,9.79420415,40.86352253,0
2021-07-13T11:25:32Z,9.7945559,40.86250452,0
2021-07-13T11:26:26Z,9.79540384,40.86094941,0
2021-07-13T11:26:56Z,9.79560396,40.85998816,0
2021-07-13T11:29:11Z,9.79621213,40.85556703,0
2021-07-13T11:29:38Z,9.79646733,40.85472648,0
2021-07-13T11:30:26Z,9.79711854,40.85336732,0
2021-07-13T11:30:38Z,9.79720028,40.8530084,0
2021-07-13T11:30:56Z,9.7970915,40.85246189,0
2021-07-13T11:31:05Z,9.79713573,40.85216241,0
2021-07-13T11:31:23Z,9.79757371,40.85162872,0
2021-07-13T11:31:38Z,9.79778484,40.8511416,0
2021-07-13T11:32:32Z,9.79821857,40.84932597,0
2021-07-13T11:32:56Z,9.79821867,40.84849918,0
2021-07-13T11:33:23Z,9.79870393,40.84774238,0
2021-07-13T11:33:41Z,9.798888,40.8471904,0
2021-07-13T11:34:11Z,9.79898435,40.84626959,0
2021-07-13T11:35:14Z,9.79863839,40.84406379,0
2021-07-13T11:35:38Z,9.79886068,40.84323146,0
2021-07-13T11:35:59Z,9.79883116,40.84243081,0
2021-07-13T11:36:23Z,9.79866197,40.84152389,0
2021-07-13T11:36:53Z,9.79915655,40.84048216,0
2021-07-13T11:37:14Z,9.79905735,40.83969846,0
2021-07-13T11:37:44Z,9.79909528,40.8385643,0
2021-07-13T11:37:59Z,9.79893514,40.83801925,0
2021-07-13T11:38:23Z,9.79887796,40.83709616,0
2021-07-13T11:39:26Z,9.79887762,40.83472227,0
2021-07-13T11:39:50Z,9.7986257,40.83388977,0
2021-07-13T11:40:14Z,9.79860066,40.83304674,0
2021-07-13T11:40:41Z,9.79885149,40.83207607,0
2021-07-13T11:41:11Z,9.79886692,40.83100428,0
2021-07-13T11:41:32Z,9.7991519,40.83031784,0
2021-07-13T11:41:59Z,9.79928483,40.82933073,0
2021-07-13T11:42:29Z,9.79969802,40.82830109,0
2021-07-13T11:42:41Z,9.79968864,40.82785531,0
2021-07-13T11:42:56Z,9.79955997,40.82727543,0
2021-07-13T11:43:20Z,9.79992766,40.82639284,0
2021-07-13T11:43:47Z,9.80004071,40.82528826,0
2021-07-13T11:44:29Z,9.80052661,40.82379246,0
2021-07-13T11:44:47Z,9.80050372,40.82310575,0
2021-07-13T11:45:17Z,9.80066077,40.82200019,0
2021-07-13T11:45:32Z,9.80049343,40.82145958,0
2021-07-13T11:45:59Z,9.80080832,40.82050505,0
2021-07-13T11:46:29Z,9.80102829,40.8194769,0
2021-07-13T11:47:08Z,9.80107601,40.81800075,0
2021-07-13T11:47:32Z,9.80132893,40.81715889,0
2021-07-13T11:48:05Z,9.80154452,40.81598075,0
2021-07-13T11:48:29Z,9.80143605,40.81507349,0
2021-07-13T11:48:47Z,9.80149826,40.81444789,0
2021-07-13T11:49:02Z,9.80140872,40.81385771,0
2021-07-13T11:49:20Z,9.80149305,40.81328652,0
2021-07-13T11:49:50Z,9.80126069,40.81222706,0
2021-07-13T11:50:17Z,9.8013655,40.81115996,0
2021-07-13T11:50:38Z,9.80131092,40.81044745,0
2021-07-13T11:50:56Z,9.80112849,40.80984717,0
2021-07-13T11:51:05Z,9.80113533,40.80951719,0
2021-07-13T11:51:20Z,9.80132777,40.80898562,0
2021-07-13T11:52:08Z,9.80124551,40.80714724,0
2021-07-13T11:52:35Z,9.80155027,40.80618341,0
2021-07-13T11:52:59Z,9.80148692,40.80529098,0
2021-07-13T11:53:35Z,9.80182131,40.80407522,0
2021-07-13T11:53:50Z,9.80183419,40.80353632,0
2021-07-13T11:54:02Z,9.80173703,40.80305473,0
2021-07-13T11:54:26Z,9.80187619,40.80217399,0
2021-07-13T11:54:44Z,9.80186872,40.80147815,0
2021-07-13T11:55:17Z,9.80216474,40.80038148,0
2021-07-13T11:55:38Z,9.80211431,40.79962782,0
2021-07-13T11:55:56Z,9.80227761,40.79898613,0
2021-07-13T11:56:35Z,9.80230106,40.7976385,0
2021-07-13T11:56:50Z,9.80248233,40.7970482,0
2021-07-13T11:57:11Z,9.80257883,40.79623148,0
2021-07-13T11:57:44Z,9.80308557,40.79512433,0
2021-07-13T11:57:50Z,9.80306642,40.7949222,0
2021-07-13T11:57:59Z,9.80282874,40.79459612,0
2021-07-13T11:58:14Z,9.80228561,40.79415712,0
2021-07-13T11:58:47Z,9.8011052,40.79365608,0
2021-07-13T11:59:08Z,9.80060881,40.79362464,0
2021-07-13T12:01:02Z,9.79658775,40.7924622,0
2021-07-13T12:02:41Z,9.79228591,40.79067096,0
2021-07-13T12:03:47Z,9.78958482,40.78971178,0
2021-07-13T12:03:56Z,9.7892885,40.78950745,0
2021-07-13T12:04:50Z,9.78716981,40.78872118,0
2021-07-13T12:05:35Z,9.78541903,40.78789245,0
2021-07-13T12:06:56Z,9.78276909,40.78637233,0
2021-07-13T12:08:23Z,9.78035321,40.78457397,0
2021-07-13T12:08:59Z,9.77926763,40.78390938,0
2021-07-13T12:09:32Z,9.77822797,40.78344316,0
2021-07-13T12:10:14Z,9.77688524,40.78256061,0
2021-07-13T12:11:11Z,9.77515114,40.78109432,0
2021-07-13T12:12:08Z,9.77313451,40.77977022,0
2021-07-13T12:12:38Z,9.77210962,40.77925156,0
2021-07-13T12:13:14Z,9.77088627,40.77886404,0
2021-07-13T12:14:17Z,9.76950039,40.77753772,0
2021-07-13T12:15:29Z,9.76805135,40.77555523,0
2021-07-13T12:15:47Z,9.7675543,40.77515146,0
2021-07-13T12:17:50Z,9.76476513,40.77227787,0
2021-07-13T12:18:41Z,9.76335303,40.77107372,0
2021-07-13T12:19:11Z,9.76248593,40.77044803,0
2021-07-13T12:19:50Z,9.76155123,40.7694736,0
2021-07-13T12:20:23Z,9.76047292,40.76883258,0
2021-07-13T12:21:23Z,9.75871132,40.76800867,0
2021-07-13T12:22:44Z,9.75639505,40.76650467,0
2021-07-13T12:23:05Z,9.75581534,40.76604861,0
2021-07-13T12:23:14Z,9.75560888,40.76592932,0
2021-07-13T12:23:17Z,9.75545762,40.76600422,0
2021-07-13T12:23:32Z,9.75508423,40.76559,0
2021-07-13T12:24:08Z,9.75405667,40.76505842,0
2021-07-13T12:24:23Z,9.75358496,40.76459982,0
2021-07-13T12:25:05Z,9.75236674,40.7637894,0
2021-07-13T12:25:17Z,9.75202975,40.76346653,0
2021-07-13T12:25:44Z,9.75127713,40.76305118,0
2021-07-13T12:25:59Z,9.75080964,40.76293671,0
2021-07-13T12:26:20Z,9.75023223,40.7624272,0
2021-07-13T12:26:38Z,9.7498131,40.76189401,0
2021-07-13T12:27:17Z,9.74870451,40.76113513,0
2021-07-13T12:27:53Z,9.7476389,40.7602655,0
2021-07-13T12:28:53Z,9.74580793,40.75915874,0
2021-07-13T12:29:02Z,9.74561613,40.75891572,0
2021-07-13T12:29:23Z,9.74504108,40.75849841,0
2021-07-13T12:30:05Z,9.74371213,40.75773312,0
2021-07-13T12:30:44Z,9.7426041,40.75685261,0
2021-07-13T12:31:08Z,9.74207016,40.75647218,0
2021-07-13T12:31:17Z,9.74184249,40.75639572,0
2021-07-13T12:32:09Z,9.74084724,40.75550914,0
2021-07-13T12:32:30Z,9.7403351,40.75515842,0
2021-07-13T12:33:00Z,9.73957294,40.75430615,0
2021-07-13T12:33:09Z,9.73944126,40.75428051,0
2021-07-13T12:33:36Z,9.738915,40.75372304,0
2021-07-13T12:34:00Z,9.73826851,40.75322437,0
2021-07-13T12:34:12Z,9.73801443,40.75287363,0
2021-07-13T12:34:33Z,9.73736496,40.75249646,0
2021-07-13T12:35:45Z,9.73578555,40.7508785,0
2021-07-13T12:36:36Z,9.7345616,40.74979183,0
2021-07-13T12:37:51Z,9.7327055,40.7479548,0
2021-07-13T12:38:57Z,9.73119106,40.74629387,0
2021-07-13T12:39:24Z,9.730886,40.7454616,0
2021-07-13T12:39:36Z,9.73062714,40.74506049,0
2021-07-13T12:40:06Z,9.7297336,40.74432199,0
2021-07-13T12:40:42Z,9.72909303,40.74330986,0
2021-07-13T12:41:06Z,9.7285041,40.74269144,0
2021-07-13T12:41:36Z,9.7277582,40.74228254,0
2021-07-13T12:41:51Z,9.72746077,40.74196423,0
2021-07-13T12:42:21Z,9.72660143,40.74136008,0
2021-07-13T12:43:51Z,9.72514689,40.74089758,0
2021-07-13T12:44:15Z,9.72490039,40.74101666,0
2021-07-13T12:44:48Z,9.72442078,40.74108579,0
2021-07-13T12:45:06Z,9.72419003,40.74098101,0
2021-07-13T12:45:21Z,9.72437732,40.74076705,0
2021-07-13T12:46:18Z,9.7258585,40.74029043,0
2021-07-13T12:46:42Z,9.72651737,40.74029032,0
2021-07-13T12:47:00Z,9.7270344,40.74039264,0
2021-07-13T12:47:36Z,9.72809136,40.74031355,0
2021-07-13T12:47:48Z,9.72837684,40.74039715,0
2021-07-13T12:48:00Z,9.72843222,40.74052941,0
2021-07-13T12:48:15Z,9.72825719,40.7406342,0
2021-07-13T12:48:54Z,9.72764952,40.74032462,0
2021-07-13T12:49:21Z,9.72721995,40.74033503,0
2021-07-13T12:49:39Z,9.72707636,40.74040884,0
2021-07-13T12:50:06Z,9.72704572,40.74069664,0
2021-07-13T12:50:45Z,9.72671668,40.74082416,0
2021-07-13T12:52:15Z,9.7257637,40.74069895,0
2021-07-13T12:52:48Z,9.72572941,40.7408341,0
2021-07-13T12:53:36Z,9.72584684,40.74135914,0
2021-07-13T12:55:03Z,9.72638216,40.74202065,0
2021-07-13T12:55:33Z,9.72647549,40.74226144,0
2021-07-13T12:55:51Z,9.72637063,40.74230526,0
2021-07-13T12:56:06Z,9.72622837,40.74222787,0
2021-07-13T12:56:42Z,9.72605518,40.74188053,0
2021-07-13T12:58:45Z,9.72496084,40.74118495,0
2021-07-13T12:59:00Z,9.72477194,40.74116656,0
2021-07-13T12:59:15Z,9.72465109,40.74099047,0
2021-07-13T12:59:57Z,9.72432137,40.7409403,0
2021-07-13T13:00:39Z,9.72370499,40.74063855,0
2021-07-13T13:03:51Z,9.71951633,40.73911726,0
2021-07-13T13:04:57Z,9.71749393,40.73855787,0
2021-07-13T13:05:48Z,9.71617296,40.73801901,0
2021-07-13T13:06:27Z,9.71542305,40.73797915,0
2021-07-13T13:07:15Z,9.71425333,40.73815289,0
2021-07-13T13:08:18Z,9.71307835,40.73874,0
2021-07-13T13:09:09Z,9.71271159,40.73902742,0
2021-07-13T13:09:42Z,9.71276906,40.73894663,0
2021-07-13T13:10:24Z,9.71246675,40.73908912,0
2021-07-13T13:13:12Z,9.71051502,40.73949167,0
2021-07-13T13:13:51Z,9.71026286,40.73946803,0
2021-07-13T13:30:24Z,9.71024856,40.73926027,0
2021-07-13T13:30:51Z,9.71033399,40.73930188,0
2021-07-13T13:44:51Z,9.7102244,40.73932014,0
2021-07-13T13:51:36Z,9.71027478,40.73930445,0

2021-07-15T09:05:00Z,9.71027478,40.73930445,0
2021-07-15T09:22:39.430Z,9.73056634,40.72665545,0
2021-07-15T09:22:49Z,9.73041158,40.72642106,0
2021-07-15T09:22:58Z,9.73041529,40.72611092,0
2021-07-15T09:23:25Z,9.73006808,40.72515815,0
2021-07-15T09:23:34Z,9.73005869,40.72489996,0
2021-07-15T09:24:37Z,9.72920679,40.72277741,0
2021-07-15T09:25:16Z,9.72884512,40.72157062,0
2021-07-15T09:25:37Z,9.72846441,40.72082661,0
2021-07-15T09:26:13Z,9.72809623,40.71967164,0
2021-07-15T09:26:28Z,9.72797392,40.71917752,0
2021-07-15T09:27:04Z,9.7279048,40.71816066,0
2021-07-15T09:27:34Z,9.72764468,40.7172196,0
2021-07-15T09:29:10Z,9.72638586,40.71426373,0
2021-07-15T09:29:31Z,9.72594919,40.71359209,0
2021-07-15T09:29:46Z,9.72552144,40.71320789,0
2021-07-15T09:29:52Z,9.72549241,40.71297022,0
2021-07-15T09:30:01Z,9.72558342,40.71260368,0
2021-07-15T09:30:25Z,9.72590675,40.71176714,0
2021-07-15T09:31:19Z,9.72699495,40.70988378,0
2021-07-15T09:32:25Z,9.72853521,40.70816614,0
2021-07-15T09:32:43Z,9.72917247,40.7077336,0
2021-07-15T09:33:22Z,9.73018418,40.7066683,0
2021-07-15T09:33:58Z,9.73102796,40.70588639,0
2021-07-15T09:34:13Z,9.73138464,40.7056522,0
2021-07-15T09:34:49Z,9.73213511,40.70487132,0
2021-07-15T09:35:58Z,9.7336286,40.70355165,0
2021-07-15T09:36:22Z,9.73429927,40.70307596,0
2021-07-15T09:36:31Z,9.73446283,40.70282393,0
2021-07-15T09:37:10Z,9.73534716,40.7020464,0
2021-07-15T09:37:46Z,9.73625508,40.70136936,0
2021-07-15T09:38:04Z,9.73663454,40.70091039,0
2021-07-15T09:39:01Z,9.73811843,40.69966165,0
2021-07-15T09:39:10Z,9.73829158,40.69939746,0
2021-07-15T09:41:34Z,9.74152874,40.69658675,0
2021-07-15T09:41:55Z,9.7418359,40.69617804,0
2021-07-15T09:42:16Z,9.74230936,40.69584942,0
2021-07-15T09:44:04Z,9.74447742,40.69371284,0
2021-07-15T09:46:04Z,9.74723436,40.69137336,0
2021-07-15T09:46:31Z,9.74794998,40.69070341,0
2021-07-15T09:46:52Z,9.74844641,40.69001824,0
2021-07-15T09:47:43Z,9.74983122,40.68857626,0
2021-07-15T09:53:22Z,9.75707422,40.68178065,0
2021-07-15T09:54:37Z,9.75856314,40.68053867,0
2021-07-15T09:55:13Z,9.75908562,40.67988744,0
2021-07-15T09:56:01Z,9.75963647,40.67907882,0
2021-07-15T09:57:10Z,9.76049598,40.67747352,0
2021-07-15T09:57:19Z,9.76055024,40.67722665,0
2021-07-15T09:57:31Z,9.76078602,40.67695931,0
2021-07-15T09:58:07Z,9.76114921,40.67594238,0
2021-07-15T09:59:55Z,9.76221553,40.67210488,0
2021-07-15T10:01:13Z,9.76284071,40.66900107,0
2021-07-15T10:01:22Z,9.76299999,40.66859062,0
2021-07-15T10:03:31Z,9.76423078,40.66346865,0
2021-07-15T10:04:10Z,9.7646665,40.66190002,0
2021-07-15T10:04:31Z,9.76502828,40.66109951,0
2021-07-15T10:05:10Z,9.76546456,40.65962216,0
2021-07-15T10:05:43Z,9.76569111,40.65827249,0
2021-07-15T10:05:58Z,9.76554713,40.65775971,0
2021-07-15T10:06:10Z,9.76533122,40.65747779,0
2021-07-15T10:06:22Z,9.76520436,40.6570558,0
2021-07-15T10:07:04Z,9.76509751,40.65530689,0
2021-07-15T10:07:22Z,9.76521341,40.65456532,0
2021-07-15T10:08:10Z,9.76574808,40.65275551,0
2021-07-15T10:08:46Z,9.76591584,40.65145649,0
2021-07-15T10:09:25Z,9.76633375,40.64997,0
2021-07-15T10:09:37Z,9.76637084,40.64954263,0
2021-07-15T10:09:55Z,9.76658941,40.64898802,0
2021-07-15T10:10:37Z,9.76688531,40.64750421,0
2021-07-15T10:11:37Z,9.76689175,40.64530687,0
2021-07-15T10:12:25Z,9.76673167,40.64358935,0
2021-07-15T10:12:34Z,9.766853,40.64319901,0
2021-07-15T10:12:47Z,9.76686913,40.6427002,0
2021-07-15T10:12:52Z,9.76699421,40.64265032,0
2021-07-15T10:13:04Z,9.76695319,40.64209474,0
2021-07-15T10:13:10Z,9.76702175,40.64184222,0
2021-07-15T10:13:16Z,9.76688085,40.64165609,0
2021-07-15T10:13:28Z,9.76689072,40.64119928,0
2021-07-15T10:13:37Z,9.76670617,40.64094995,0
2021-07-15T10:14:10Z,9.76704002,40.63970421,0
2021-07-15T10:14:19Z,9.76698192,40.63941651,0
2021-07-15T10:14:34Z,9.7671038,40.63889559,0
2021-07-15T10:15:01Z,9.76708632,40.63792412,0
2021-07-15T10:15:40Z,9.76729031,40.63670018,0
2021-07-15T10:16:22Z,9.76731114,40.63508105,0
2021-07-15T10:17:55Z,9.76824587,40.63162321,0
2021-07-15T10:18:40Z,9.76832428,40.62982755,0
2021-07-15T10:18:52Z,9.76842223,40.62931024,0
2021-07-15T10:18:58Z,9.76854287,40.62907793,0
2021-07-15T10:19:04Z,9.76846879,40.62877119,0
2021-07-15T10:19:19Z,9.76860173,40.62817245,0
2021-07-15T10:19:25Z,9.76855684,40.62795846,0
2021-07-15T10:19:31Z,9.76864711,40.62775298,0
2021-07-15T10:19:46Z,9.76870357,40.62712811,0
2021-07-15T10:20:43Z,9.76931042,40.62511203,0
2021-07-15T10:20:58Z,9.76924643,40.62467045,0
2021-07-15T10:21:22Z,9.76945009,40.62384491,0
2021-07-15T10:21:31Z,9.76944107,40.62358361,0
2021-07-15T10:21:46Z,9.76963262,40.62299766,0
2021-07-15T10:22:55Z,9.76988787,40.62103001,0
2021-07-15T10:23:19Z,9.76988637,40.62044687,0
2021-07-15T10:23:40Z,9.77004384,40.61996699,0
2021-07-15T10:24:10Z,9.77012223,40.61938138,0
2021-07-15T10:25:28Z,9.77064589,40.61797663,0
2021-07-15T10:25:52Z,9.77071054,40.61748328,0
2021-07-15T10:27:22Z,9.77142062,40.61504675,0
2021-07-15T10:27:43Z,9.77153836,40.6143535,0
2021-07-15T10:28:34Z,9.77209861,40.61274572,0
2021-07-15T10:29:46Z,9.77268784,40.61050761,0
2021-07-15T10:30:10Z,9.77293845,40.60982322,0
2021-07-15T10:31:43Z,9.77364377,40.60688324,0
2021-07-15T10:32:49Z,9.77418579,40.60527161,0
2021-07-15T10:32:58Z,9.77417978,40.60508735,0
2021-07-15T10:33:37Z,9.77451429,40.60408515,0
2021-07-15T10:34:28Z,9.77481286,40.60273326,0
2021-07-15T10:35:07Z,9.77517224,40.60174783,0
2021-07-15T10:35:34Z,9.7752806,40.60108932,0
2021-07-15T10:36:37Z,9.77575518,40.59949886,0
2021-07-15T10:37:19Z,9.77587531,40.59837658,0
2021-07-15T10:37:34Z,9.77576922,40.59785027,0
2021-07-15T10:38:07Z,9.77532599,40.5968423,0
2021-07-15T10:39:22Z,9.7740472,40.5959921,0
2021-07-15T10:39:58Z,9.77327867,40.59572603,0
2021-07-15T10:40:13Z,9.77293183,40.59571861,0
2021-07-15T10:40:31Z,9.77249792,40.59559101,0
2021-07-15T10:41:31Z,9.77124471,40.5951313,0
2021-07-15T10:42:22Z,9.76997122,40.59485815,0
2021-07-15T10:42:43Z,9.76939176,40.59483767,0
2021-07-15T10:43:43Z,9.7677875,40.59427543,0
2021-07-15T10:44:01Z,9.76747888,40.59429468,0
2021-07-15T10:44:34Z,9.76716511,40.59445462,0
2021-07-15T10:44:49Z,9.76704323,40.59439997,0
2021-07-15T10:45:16Z,9.76672813,40.59449429,0
2021-07-15T10:45:46Z,9.76640747,40.59444556,0
2021-07-15T10:46:37Z,9.76579463,40.59411994,0
2021-07-15T10:47:34Z,9.76524425,40.59371032,0
2021-07-15T10:48:13Z,9.76468674,40.59363139,0
2021-07-15T10:48:40Z,9.76467504,40.59334569,0
2021-07-15T10:49:34Z,9.76515663,40.59200388,0
2021-07-15T10:50:04Z,9.76534807,40.5911584,0
2021-07-15T10:50:28Z,9.76538582,40.59051955,0
2021-07-15T10:50:37Z,9.76530451,40.59029029,0
2021-07-15T10:50:52Z,9.76501184,40.59000884,0
2021-07-15T10:51:52Z,9.76423903,40.58973285,0
2021-07-15T10:52:49Z,9.76444181,40.58985405,0
2021-07-15T10:55:22Z,9.76448951,40.58974229,0
2021-07-15T10:55:52Z,9.76441952,40.58967504,0
2021-07-15T10:56:43Z,9.76449766,40.58971082,0
2021-07-15T11:00:58Z,9.76443839,40.58988359,0
2021-07-15T11:01:46Z,9.76449341,40.58969162,0
2021-07-15T11:10:04Z,9.76448757,40.58983307,0
2021-07-15T11:10:28Z,9.76438984,40.5898689,0
2021-07-15T11:11:58Z,9.76449571,40.5897153,0
2021-07-15T11:12:52Z,9.76454169,40.58975737,0
2021-07-15T11:14:07Z,9.76447301,40.58964871,0
2021-07-15T11:17:52Z,9.76446689,40.58978094,0
2021-07-15T11:18:22Z,9.76446871,40.58970572,0
2021-07-15T11:23:07Z,9.7645797,40.58976302,0
2021-07-15T11:24:46Z,9.76452546,40.58976258,0
2021-07-15T11:25:28Z,9.76455658,40.58963419,0
2021-07-15T11:26:16Z,9.76458972,40.58984179,0
2021-07-15T11:32:43Z,9.76453954,40.58970644,0
2021-07-15T11:33:37Z,9.76455951,40.58978747,0
2021-07-15T11:35:37Z,9.76463067,40.58968255,0
2021-07-15T11:37:37Z,9.76455246,40.58978873,0
2021-07-15T11:39:10Z,9.76454268,40.58966016,0
2021-07-15T11:42:06Z,9.764513,40.58986314,0
2021-07-15T11:43:25Z,9.76454361,40.58967675,0
2021-07-15T11:44:37Z,9.76459774,40.58979628,0
2021-07-15T11:48:16Z,9.76450797,40.58959683,0
2021-07-15T11:50:34Z,9.76456843,40.58968899,0
2021-07-15T11:53:52Z,9.76452663,40.58987047,0
2021-07-15T11:58:22Z,9.76457385,40.58976173,0
2021-07-15T12:00:01Z,9.76450533,40.5898589,0
2021-07-15T12:04:55Z,9.76454661,40.58976944,0
2021-07-15T12:08:22Z,9.76447053,40.58960062,0
2021-07-15T12:12:58Z,9.7645605,40.58964628,0
2021-07-15T12:21:58Z,9.76441509,40.58947532,0
2021-07-15T12:22:31Z,9.76443308,40.58956251,0
2021-07-15T12:23:34Z,9.7642668,40.58973461,0
2021-07-15T12:23:58Z,9.76434825,40.58977806,0
2021-07-15T12:24:16Z,9.76438923,40.589618,0
2021-07-15T12:24:22Z,9.7645078,40.58957051,0
2021-07-15T12:25:22Z,9.76660666,40.59001214,0
2021-07-15T12:25:37Z,9.76717947,40.59000946,0
2021-07-15T12:26:16Z,9.7686966,40.59025011,0
2021-07-15T12:27:10Z,9.77034412,40.59038421,0
2021-07-15T12:28:01Z,9.77161428,40.59015953,0
2021-07-15T12:28:43Z,9.7731681,40.59011905,0
2021-07-15T12:29:01Z,9.77392969,40.58994761,0
2021-07-15T12:29:37Z,9.77533987,40.59000391,0
2021-07-15T12:31:31Z,9.77865167,40.58913946,0
2021-07-15T12:33:07Z,9.78178298,40.58742782,0
2021-07-15T12:33:25Z,9.78250921,40.58715023,0
2021-07-15T12:33:49Z,9.78325592,40.58666639,0
2021-07-15T12:33:58Z,9.78341401,40.5864753,0
2021-07-15T12:34:07Z,9.78378703,40.58639368,0
2021-07-15T12:34:49Z,9.78532063,40.58566184,0
2021-07-15T12:35:01Z,9.78563851,40.58542516,0
2021-07-15T12:35:16Z,9.78624566,40.58520941,0
2021-07-15T12:38:25Z,9.79258163,40.58190944,0
2021-07-15T12:40:49Z,9.79443945,40.57984396,0
2021-07-15T12:44:10Z,9.79645272,40.57803311,0
2021-07-15T12:49:58Z,9.8004423,40.57414887,0
2021-07-15T12:50:49Z,9.80054025,40.57339122,0
2021-07-15T12:53:01Z,9.80091655,40.5717885,0
2021-07-15T12:53:22Z,9.80089289,40.57157545,0
2021-07-15T12:54:28Z,9.80130257,40.57039861,0
2021-07-15T12:55:43Z,9.80162812,40.56872575,0
2021-07-15T12:56:46Z,9.80147006,40.56749666,0
2021-07-15T12:57:10Z,9.80130281,40.56713169,0
2021-07-15T12:57:55Z,9.80127222,40.56631457,0
2021-07-15T12:58:40Z,9.80113182,40.56556411,0
2021-07-15T12:59:19Z,9.80087331,40.56489599,0
2021-07-15T13:00:19Z,9.80061055,40.56379489,0
2021-07-15T13:00:34Z,9.8004721,40.56357746,0
2021-07-15T13:00:49Z,9.80045558,40.56327765,0
2021-07-15T13:01:07Z,9.80028104,40.56299805,0
2021-07-15T13:01:37Z,9.80022979,40.56244536,0
2021-07-15T13:02:52Z,9.79985953,40.56115555,0
2021-07-15T13:03:19Z,9.79965428,40.5607629,0
2021-07-15T13:04:28Z,9.79931113,40.55966763,0
2021-07-15T13:07:37Z,9.79799499,40.55681586,0
2021-07-15T13:08:31Z,9.79773108,40.55603292,0
2021-07-15T13:09:58Z,9.79743033,40.55467415,0
2021-07-15T13:11:10Z,9.79694247,40.55352576,0
2021-07-15T13:13:07Z,9.79633625,40.5515579,0
2021-07-15T13:13:43Z,9.79607052,40.55101546,0
2021-07-15T13:14:16Z,9.79571283,40.55052226,0
2021-07-15T13:15:25Z,9.79487603,40.54963014,0
2021-07-15T13:16:04Z,9.7947747,40.54930641,0
2021-07-15T13:16:49Z,9.79491208,40.54896126,0
2021-07-15T13:19:04Z,9.7960967,40.54737831,0
2021-07-15T13:21:07Z,9.7976064,40.54595578,0
2021-07-15T13:21:37Z,9.79781117,40.54589052,0
2021-07-15T13:22:13Z,9.79769625,40.5460643,0
2021-07-15T13:22:52Z,9.79768687,40.54598825,0
2021-07-15T13:23:55Z,9.79755065,40.54600018,0

2021-07-16T07:46:58Z,9.79528396,40.54980591,0
2021-07-16T07:47:31Z,9.79521055,40.54971226,0
2021-07-16T07:51:25Z,9.79527004,40.54979,0
2021-07-16T07:53:34Z,9.79522725,40.54990294,0
2021-07-16T07:54:58Z,9.79529054,40.54977769,0
2021-07-16T08:00:28Z,9.79516979,40.54988601,0
2021-07-16T08:01:07Z,9.79520182,40.54994761,0
2021-07-16T08:03:57Z,9.79524873,40.54984939,0
2021-07-16T08:06:09Z,9.79491135,40.54981199,0
2021-07-16T08:06:21Z,9.79487594,40.54986715,0
2021-07-16T08:07:12Z,9.79546048,40.55047637,0
2021-07-16T08:08:39Z,9.7971209,40.55191685,0
2021-07-16T08:09:00Z,9.79761754,40.55245346,0
2021-07-16T08:09:24Z,9.79807134,40.55309917,0
2021-07-16T08:10:09Z,9.79874673,40.55445835,0
2021-07-16T08:10:48Z,9.79950595,40.55567078,0
2021-07-16T08:12:09Z,9.80070725,40.55828882,0
2021-07-16T08:12:57Z,9.80171169,40.55977444,0
2021-07-16T08:14:35Z,9.80338137,40.56280754,0
2021-07-16T08:14:50Z,9.80355543,40.56331316,0
2021-07-16T08:15:02Z,9.80362899,40.5636963,0
2021-07-16T08:15:20Z,9.80353561,40.56431243,0
2021-07-16T08:15:53Z,9.80357275,40.56544393,0
2021-07-16T08:16:14Z,9.80370923,40.56612343,0
2021-07-16T08:16:32Z,9.80359942,40.56670498,0
2021-07-16T08:16:50Z,9.80371645,40.5672432,0
2021-07-16T08:17:17Z,9.8035878,40.56815688,0
2021-07-16T08:18:14Z,9.80364127,40.57007392,0
2021-07-16T08:18:44Z,9.80356084,40.5710311,0
2021-07-16T08:20:50Z,9.8035154,40.57509351,0
2021-07-16T08:21:38Z,9.80345608,40.57669497,0
2021-07-16T08:21:59Z,9.80334147,40.57732006,0
2021-07-16T08:23:23Z,9.80341177,40.57987853,0
2021-07-16T08:23:47Z,9.80334272,40.58067471,0
2021-07-16T08:24:11Z,9.80315281,40.58137352,0
2021-07-16T08:25:11Z,9.80317038,40.58317798,0
2021-07-16T08:25:20Z,9.80303914,40.58341869,0
2021-07-16T08:25:35Z,9.802654,40.58372589,0
2021-07-16T08:25:59Z,9.80207972,40.58390169,0
2021-07-16T08:26:17Z,9.8015098,40.58428003,0
2021-07-16T08:26:32Z,9.80110684,40.58434544,0
2021-07-16T08:26:59Z,9.80026806,40.58470186,0
2021-07-16T08:28:11Z,9.79858712,40.58619325,0
2021-07-16T08:28:23Z,9.79839809,40.58644915,0
2021-07-16T08:29:02Z,9.79752209,40.58711865,0
2021-07-16T08:29:17Z,9.79726915,40.58746733,0
2021-07-16T08:29:53Z,9.79685812,40.58832445,0
2021-07-16T08:31:08Z,9.79716404,40.59011761,0
2021-07-16T08:31:35Z,9.7968919,40.59087838,0
2021-07-16T08:32:05Z,9.79650709,40.5915992,0
2021-07-16T08:32:26Z,9.79619698,40.59199398,0
2021-07-16T08:33:05Z,9.79602215,40.59302918,0
2021-07-16T08:34:08Z,9.79526003,40.59489667,0
2021-07-16T08:34:41Z,9.79508926,40.59586425,0
2021-07-16T08:35:11Z,9.7947999,40.59675554,0
2021-07-16T08:35:41Z,9.79417091,40.59756281,0
2021-07-16T08:35:53Z,9.7939631,40.59794907,0
2021-07-16T08:36:17Z,9.7937706,40.59862152,0
2021-07-16T08:37:02Z,9.7930632,40.59945585,0
2021-07-16T08:37:29Z,9.79283815,40.59992132,0
2021-07-16T08:38:23Z,9.79208536,40.60103633,0
2021-07-16T08:38:56Z,9.79138098,40.60186339,0
2021-07-16T08:39:50Z,9.79083844,40.60323036,0
2021-07-16T08:40:23Z,9.79022997,40.60407404,0
2021-07-16T08:40:38Z,9.79003089,40.60448776,0
2021-07-16T08:41:38Z,9.78938516,40.60612014,0
2021-07-16T08:42:20Z,9.7884923,40.60720516,0
2021-07-16T08:42:59Z,9.78754686,40.60812247,0
2021-07-16T08:43:38Z,9.78677233,40.6090193,0
2021-07-16T08:44:11Z,9.78640144,40.60990799,0
2021-07-16T08:44:32Z,9.78607865,40.61028161,0
2021-07-16T08:45:08Z,9.78569636,40.61105476,0
2021-07-16T08:45:38Z,9.78519864,40.61172124,0
2021-07-16T08:47:08Z,9.78419818,40.61413696,0
2021-07-16T08:48:26Z,9.78256417,40.61634048,0
2021-07-16T08:48:41Z,9.78233586,40.61680628,0
2021-07-16T08:49:29Z,9.78208298,40.61817125,0
2021-07-16T08:50:17Z,9.78147232,40.61941178,0
2021-07-16T08:51:32Z,9.78115336,40.62104832,0
2021-07-16T08:52:38Z,9.78038998,40.62276584,0
2021-07-16T08:53:47Z,9.77968399,40.62485484,0
2021-07-16T08:54:38Z,9.77879782,40.62649893,0
2021-07-16T08:55:17Z,9.77814767,40.62741918,0
2021-07-16T08:55:32Z,9.77800183,40.62783894,0
2021-07-16T08:56:11Z,9.77740539,40.62895083,0
2021-07-16T08:56:38Z,9.77693122,40.62951785,0
2021-07-16T08:59:02Z,9.77481988,40.63296666,0
2021-07-16T08:59:20Z,9.77459553,40.63340595,0
2021-07-16T09:00:02Z,9.77423405,40.634632,0
2021-07-16T09:00:32Z,9.77385869,40.63543279,0
2021-07-16T09:00:44Z,9.77375958,40.63582247,0
2021-07-16T09:01:38Z,9.77306255,40.63729834,0
2021-07-16T09:02:20Z,9.77248305,40.63843199,0
2021-07-16T09:03:38Z,9.77120523,40.6403023,0
2021-07-16T09:03:47Z,9.7712734,40.64056428,0
2021-07-16T09:04:11Z,9.77182502,40.64133882,0
2021-07-16T09:04:59Z,9.77310213,40.64252215,0
2021-07-16T09:05:29Z,9.77370497,40.64344142,0
2021-07-16T09:06:08Z,9.77469655,40.64461236,0
2021-07-16T09:06:53Z,9.77534577,40.64600571,0
2021-07-16T09:07:41Z,9.77617325,40.64723588,0
2021-07-16T09:08:20Z,9.77631099,40.64839019,0
2021-07-16T09:09:05Z,9.77688267,40.64992127,0
2021-07-16T09:10:14Z,9.77714344,40.6521144,0
2021-07-16T09:10:41Z,9.77747114,40.65308218,0
2021-07-16T09:11:20Z,9.77770476,40.65433724,0
2021-07-16T09:12:02Z,9.77818099,40.65573184,0
2021-07-16T09:12:20Z,9.77825905,40.65632831,0
2021-07-16T09:12:59Z,9.77881552,40.65753526,0
2021-07-16T09:13:29Z,9.77905645,40.65855798,0
2021-07-16T09:14:11Z,9.77910284,40.65997414,0
2021-07-16T09:14:59Z,9.77960322,40.66165141,0
2021-07-16T09:15:53Z,9.77986613,40.66361942,0
2021-07-16T09:16:11Z,9.78006613,40.66424921,0
2021-07-16T09:16:32Z,9.78050702,40.66499855,0
2021-07-16T09:16:56Z,9.78080995,40.66576275,0
2021-07-16T09:16:59Z,9.78075967,40.66588488,0
2021-07-16T09:17:11Z,9.78082741,40.66641003,0
2021-07-16T09:17:29Z,9.78073479,40.66685433,0
2021-07-16T09:17:50Z,9.7808056,40.66754635,0
2021-07-16T09:18:02Z,9.78093667,40.66788877,0
2021-07-16T09:18:17Z,9.78086856,40.66821908,0
2021-07-16T09:18:47Z,9.78112297,40.66916425,0
2021-07-16T09:19:35Z,9.78136886,40.67061593,0
2021-07-16T09:19:50Z,9.78135017,40.67101547,0
2021-07-16T09:19:56Z,9.78123802,40.6711704,0
2021-07-16T09:20:05Z,9.78134635,40.67144013,0
2021-07-16T09:20:20Z,9.78126781,40.67190901,0
2021-07-16T09:21:29Z,9.78173827,40.67413627,0
2021-07-16T09:21:46Z,9.78169639,40.67455173,0
2021-07-16T09:21:55Z,9.78190836,40.67478383,0
2021-07-16T09:22:28Z,9.78216728,40.67529678,0
2021-07-16T09:22:55Z,9.78200584,40.6762866,0
2021-07-16T09:23:43Z,9.78222394,40.67771655,0
2021-07-16T09:24:10Z,9.78251718,40.67853343,0
2021-07-16T09:24:37Z,9.78307265,40.67914866,0
2021-07-16T09:25:25Z,9.78352889,40.6807038,0
2021-07-16T09:25:37Z,9.78383391,40.68113322,0
2021-07-16T09:26:49Z,9.78421477,40.68364143,0
2021-07-16T09:27:34Z,9.78334113,40.68484274,0
2021-07-16T09:28:58Z,9.78138576,40.68682967,0
2021-07-16T09:29:13Z,9.78125404,40.68717749,0
2021-07-16T09:29:46Z,9.78056618,40.68819762,0
2021-07-16T09:30:04Z,9.78032609,40.68878718,0
2021-07-16T09:30:34Z,9.77971703,40.6896264,0
2021-07-16T09:30:58Z,9.77921575,40.69014331,0
2021-07-16T09:31:34Z,9.77887371,40.69120707,0
2021-07-16T09:31:52Z,9.77862084,40.69170998,0
2021-07-16T09:32:37Z,9.77824043,40.69304492,0
2021-07-16T09:32:52Z,9.77819032,40.69351099,0
2021-07-16T09:33:01Z,9.77804214,40.69373186,0
2021-07-16T09:33:19Z,9.77789687,40.69429324,0
2021-07-16T09:34:04Z,9.77736773,40.69556975,0
2021-07-16T09:34:46Z,9.77720246,40.6968839,0
2021-07-16T09:35:19Z,9.77692615,40.69776587,0
2021-07-16T09:36:22Z,9.77604132,40.69937095,0
2021-07-16T09:36:40Z,9.77593992,40.69991943,0
2021-07-16T09:37:07Z,9.77565465,40.70067931,0
2021-07-16T09:37:22Z,9.77562525,40.70118599,0
2021-07-16T09:38:04Z,9.77524873,40.70241498,0
2021-07-16T09:38:19Z,9.7753272,40.70284494,0
2021-07-16T09:38:55Z,9.77508033,40.70385674,0
2021-07-16T09:40:07Z,9.77403848,40.70576568,0
2021-07-16T09:41:19Z,9.77319501,40.70783731,0
2021-07-16T09:42:28Z,9.77257799,40.70978328,0
2021-07-16T09:43:07Z,9.77202589,40.71098874,0
2021-07-16T09:44:19Z,9.77076814,40.71321485,0
2021-07-16T09:44:37Z,9.77058401,40.71378599,0
2021-07-16T09:44:52Z,9.77029588,40.71424685,0
2021-07-16T09:45:37Z,9.76964565,40.71571385,0
2021-07-16T09:46:16Z,9.76920103,40.71701295,0
2021-07-16T09:47:40Z,9.7674352,40.71946277,0
2021-07-16T09:48:28Z,9.76659694,40.72083374,0
2021-07-16T09:49:04Z,9.76580344,40.72173124,0
2021-07-16T09:49:22Z,9.76546522,40.72230798,0
2021-07-16T09:50:07Z,9.76514422,40.72377287,0
2021-07-16T09:50:46Z,9.76472179,40.72477253,0
2021-07-16T09:51:16Z,9.76416046,40.72556281,0
2021-07-16T09:51:40Z,9.76391056,40.72617427,0
2021-07-16T09:52:07Z,9.76371423,40.72697497,0
2021-07-16T09:53:13Z,9.76245018,40.7285564,0
2021-07-16T09:54:28Z,9.76107006,40.73046037,0
2021-07-16T09:55:19Z,9.76056023,40.73208533,0
2021-07-16T09:56:07Z,9.76023569,40.73340183,0
2021-07-16T09:56:13Z,9.76026289,40.7335365,0
2021-07-16T09:56:28Z,9.76008378,40.7339039,0
2021-07-16T09:56:58Z,9.75983215,40.73480252,0
2021-07-16T09:57:13Z,9.75951093,40.73516145,0
2021-07-16T09:57:40Z,9.75903903,40.73592976,0
2021-07-16T09:58:37Z,9.75790227,40.73732028,0
2021-07-16T09:59:46Z,9.75676698,40.73929384,0
2021-07-16T10:00:19Z,9.75653038,40.74016181,0
2021-07-16T10:00:28Z,9.75640088,40.74033901,0
2021-07-16T10:01:07Z,9.75628464,40.74133245,0
2021-07-16T10:01:40Z,9.75604024,40.74229432,0
2021-07-16T10:02:07Z,9.75603925,40.74311729,0
2021-07-16T10:02:26Z,9.75586436,40.74366936,0
2021-07-16T10:03:14Z,9.75579204,40.74493323,0
2021-07-16T10:03:35Z,9.75565936,40.74549693,0
2021-07-16T10:03:51Z,9.75570408,40.74585671,0
2021-07-16T10:04:15Z,9.75557536,40.74635489,0
2021-07-16T10:04:33Z,9.75571543,40.746669,0
2021-07-16T10:04:42Z,9.75569105,40.74683907,0
2021-07-16T10:05:06Z,9.75545061,40.74736829,0
2021-07-16T10:05:36Z,9.7548007,40.74808027,0
2021-07-16T10:06:03Z,9.75438487,40.74871152,0
2021-07-16T10:06:36Z,9.7542929,40.74934765,0
2021-07-16T10:06:48Z,9.75436841,40.7496385,0
2021-07-16T10:07:09Z,9.75430212,40.75022384,0
2021-07-16T10:07:39Z,9.75407724,40.75106971,0
2021-07-16T10:07:48Z,9.75394228,40.7513394,0
2021-07-16T10:08:12Z,9.75349241,40.75182008,0
2021-07-16T10:09:00Z,9.75323029,40.7529386,0
2021-07-16T10:10:39Z,9.75207347,40.75498876,0
2021-07-16T10:11:09Z,9.75205108,40.75566657,0
2021-07-16T10:11:36Z,9.75221718,40.75634995,0
2021-07-16T10:12:33Z,9.75223483,40.75786312,0
2021-07-16T10:13:03Z,9.75234694,40.75872609,0
2021-07-16T10:14:03Z,9.75181109,40.76017191,0
2021-07-16T10:14:21Z,9.75172067,40.76061145,0
2021-07-16T10:15:12Z,9.7516138,40.76192903,0
2021-07-16T10:15:33Z,9.75170434,40.76255602,0
2021-07-16T10:17:03Z,9.75132816,40.76496364,0
2021-07-16T10:17:48Z,9.75130218,40.76601879,0
2021-07-16T10:18:09Z,9.75120483,40.76652295,0
2021-07-16T10:18:36Z,9.75123471,40.7671413,0
2021-07-16T10:19:54Z,9.75092826,40.7689269,0
2021-07-16T10:20:15Z,9.75101415,40.76950092,0
2021-07-16T10:20:48Z,9.75091662,40.77025376,0
2021-07-16T10:21:33Z,9.75099532,40.77132698,0
2021-07-16T10:21:39Z,9.75105889,40.77140034,0
2021-07-16T10:21:51Z,9.75093798,40.77166435,0
2021-07-16T10:22:38Z,9.7513431,40.77230073,0
2021-07-16T10:22:44Z,9.75144912,40.77294634,0
2021-07-16T10:23:41Z,9.75140387,40.77441661,0
2021-07-16T10:24:05Z,9.75129387,40.77506425,0
2021-07-16T10:25:02Z,9.75140049,40.7765626,0
2021-07-16T10:25:47Z,9.75134985,40.77771809,0
2021-07-16T10:25:59Z,9.75144014,40.77802359,0
2021-07-16T10:26:17Z,9.75127414,40.77846528,0
2021-07-16T10:26:53Z,9.75146644,40.77934269,0
2021-07-16T10:27:14Z,9.75150596,40.7799072,0
2021-07-16T10:27:38Z,9.75151299,40.78050815,0
2021-07-16T10:27:53Z,9.75137852,40.78088019,0
2021-07-16T10:28:05Z,9.75145235,40.78110862,0
2021-07-16T10:28:17Z,9.75139945,40.78147248,0
2021-07-16T10:28:29Z,9.75151146,40.78170111,0
2021-07-16T10:28:59Z,9.75149079,40.78234781,0
2021-07-16T10:29:29Z,9.75161005,40.78258883,0
2021-07-16T10:29:56Z,9.75164864,40.78292813,0
2021-07-16T10:30:58Z,9.75170748,40.78515179,0
2021-07-16T10:32:01Z,9.75164657,40.78652807,0
2021-07-16T10:33:31Z,9.75202552,40.78923354,0
2021-07-16T10:34:16Z,9.75208673,40.79032841,0
2021-07-16T10:35:04Z,9.75232401,40.79130412,0
2021-07-16T10:35:16Z,9.75231896,40.79155162,0
2021-07-16T10:35:58Z,9.75263491,40.79233709,0
2021-07-16T10:36:40Z,9.75312332,40.79324496,0
2021-07-16T10:36:55Z,9.75319682,40.7936208,0
2021-07-16T10:37:34Z,9.7529087,40.79457903,0
2021-07-16T10:38:31Z,9.75296533,40.7961548,0
2021-07-16T10:39:07Z,9.75289092,40.79709767,0
2021-07-16T10:39:52Z,9.7529653,40.79822282,0
2021-07-16T10:40:19Z,9.75287083,40.79896031,0
2021-07-16T10:40:46Z,9.75312669,40.7996781,0
2021-07-16T10:41:04Z,9.75319638,40.80020436,0
2021-07-16T10:42:19Z,9.75326683,40.80238481,0
2021-07-16T10:42:52Z,9.75315217,40.80337236,0
2021-07-16T10:43:01Z,9.7532073,40.80359159,0
2021-07-16T10:44:49Z,9.75272597,40.80629764,0
2021-07-16T10:45:34Z,9.75234527,40.80732264,0
2021-07-16T10:45:55Z,9.75240897,40.80790695,0
2021-07-16T10:46:25Z,9.75221156,40.80869857,0
2021-07-16T10:46:55Z,9.75228181,40.80952482,0
2021-07-16T10:48:13Z,9.7521779,40.8116955,0
2021-07-16T10:48:40Z,9.7520062,40.81245796,0
2021-07-16T10:49:58Z,9.75186717,40.81437875,0
2021-07-16T10:50:28Z,9.7518497,40.81508897,0
2021-07-16T10:51:43Z,9.75223196,40.81673383,0
2021-07-16T10:52:10Z,9.75214625,40.81763617,0
2021-07-16T10:52:46Z,9.75226908,40.81868782,0
2021-07-16T10:53:13Z,9.75225644,40.8195469,0
2021-07-16T10:53:31Z,9.75216483,40.8201553,0
2021-07-16T10:53:46Z,9.75230563,40.82048894,0
2021-07-16T10:54:19Z,9.75300088,40.82129496,0
2021-07-16T10:54:49Z,9.75321324,40.8219045,0
2021-07-16T10:55:31Z,9.75400798,40.82282147,0
2021-07-16T10:56:01Z,9.75426449,40.82354892,0
2021-07-16T10:56:31Z,9.75462721,40.82416711,0
2021-07-16T10:57:04Z,9.7548586,40.8249226,0
2021-07-16T10:57:31Z,9.75518251,40.82555893,0
2021-07-16T10:57:55Z,9.75536526,40.82607473,0
2021-07-16T10:58:16Z,9.75536871,40.82646274,0
2021-07-16T10:59:28Z,9.7558189,40.82760266,0
2021-07-16T11:00:13Z,9.75679898,40.82843121,0
2021-07-16T11:00:49Z,9.75730351,40.82926278,0
2021-07-16T11:02:16Z,9.75881467,40.83127799,0
2021-07-16T11:03:28Z,9.75974071,40.83289043,0
2021-07-16T11:04:25Z,9.76050116,40.83388423,0
2021-07-16T11:05:10Z,9.76103045,40.83470986,0
2021-07-16T11:05:28Z,9.76110189,40.83499912,0
2021-07-16T11:05:49Z,9.76142597,40.83535144,0
2021-07-16T11:06:28Z,9.76175307,40.8359904,0
2021-07-16T11:07:04Z,9.76215408,40.83651432,0
2021-07-16T11:07:25Z,9.76224904,40.83682678,0
2021-07-16T11:07:52Z,9.76259143,40.83728553,0
2021-07-16T11:08:22Z,9.76274421,40.83771968,0
2021-07-16T11:09:22Z,9.76355905,40.83882407,0
2021-07-16T11:10:25Z,9.76408556,40.83987972,0
2021-07-16T11:10:31Z,9.76422592,40.83997925,0
2021-07-16T11:10:58Z,9.76452419,40.84047305,0
2021-07-16T11:11:49Z,9.76494457,40.84138515,0
2021-07-16T11:12:22Z,9.76545239,40.8420783,0
2021-07-16T11:13:01Z,9.76588475,40.84289232,0
2021-07-16T11:13:49Z,9.76656826,40.8436748,0
2021-07-16T11:14:01Z,9.76657566,40.84382072,0
2021-07-16T11:14:28Z,9.76640433,40.84373118,0
2021-07-16T11:14:49Z,9.76625398,40.84380048,0
2021-07-16T11:15:58Z,9.76566346,40.84367108,0
2021-07-16T11:17:19Z,9.76512228,40.84368432,0
2021-07-16T11:20:31Z,9.76351296,40.84380198,0
2021-07-16T11:21:19Z,9.76311611,40.84390102,0
2021-07-16T11:21:49Z,9.76292273,40.84385442,0
2021-07-16T11:22:07Z,9.7627549,40.84394013,0
2021-07-16T11:22:43Z,9.76243261,40.84386717,0
2021-07-16T11:23:55Z,9.76189606,40.84387537,0
2021-07-16T11:24:13Z,9.7616413,40.84396264,0
2021-07-16T11:24:43Z,9.76131164,40.84389294,0
2021-07-16T11:25:28Z,9.76100836,40.84406014,0
2021-07-16T11:27:28Z,9.75979937,40.84396902,0
2021-07-16T11:28:13Z,9.75939963,40.84408151,0
2021-07-16T11:30:13Z,9.75844313,40.84408537,0
2021-07-16T11:31:13Z,9.75778587,40.84420951,0
2021-07-16T11:36:31Z,9.75489128,40.84418298,0
2021-07-16T11:38:16Z,9.75413256,40.84441615,0
2021-07-16T11:40:19Z,9.75326933,40.84427442,0
2021-07-16T11:41:13Z,9.75284319,40.84430458,0
2021-07-16T11:43:19Z,9.75213212,40.84449578,0
2021-07-16T11:44:37Z,9.75154333,40.84433936,0
2021-07-16T11:47:43Z,9.74886757,40.84491571,0
2021-07-16T11:48:22Z,9.74832607,40.84486863,0
2021-07-16T11:48:43Z,9.7479008,40.8449232,0
2021-07-16T11:49:55Z,9.74538566,40.8456617,0
2021-07-16T11:52:31Z,9.74049188,40.84774717,0
2021-07-16T11:52:46Z,9.74007863,40.84777908,0
2021-07-16T11:53:55Z,9.73906075,40.84756051,0
2021-07-16T11:54:07Z,9.73884811,40.8476184,0
2021-07-16T11:54:52Z,9.73749053,40.84827205,0
2021-07-16T11:55:31Z,9.7363394,40.84893585,0
2021-07-16T11:56:07Z,9.73515601,40.84943384,0
2021-07-16T11:56:40Z,9.73421089,40.85002307,0
2021-07-16T11:57:37Z,9.73279092,40.85128371,0
2021-07-16T11:58:07Z,9.73200575,40.85186462,0
2021-07-16T11:58:19Z,9.73167026,40.85202365,0
2021-07-16T11:58:37Z,9.73121009,40.85245961,0
2021-07-16T11:58:55Z,9.73065707,40.85265607,0
2021-07-16T12:00:34Z,9.72918668,40.85253385,0
2021-07-16T12:01:22Z,9.72858263,40.85221329,0
2021-07-16T12:01:55Z,9.72815608,40.85219709,0
2021-07-16T12:02:52Z,9.72719611,40.85180466,0
2021-07-16T12:04:40Z,9.72505113,40.85128205,0
2021-07-16T12:05:16Z,9.72426684,40.85101096,0
2021-07-16T12:05:40Z,9.7235918,40.85089604,0
2021-07-16T12:05:58Z,9.72318461,40.85071364,0
2021-07-16T12:06:22Z,9.72255756,40.85060464,0
2021-07-16T12:07:13Z,9.72141284,40.85020545,0
2021-07-16T12:08:19Z,9.71999818,40.8498678,0
2021-07-16T12:09:52Z,9.71749838,40.84897374,0
2021-07-16T12:11:01Z,9.71522054,40.84852816,0
2021-07-16T12:12:55Z,9.71243496,40.84781033,0
2021-07-16T12:14:28Z,9.71021858,40.84739604,0
2021-07-16T12:16:13Z,9.70759935,40.8467187,0
2021-07-16T12:16:37Z,9.70708891,40.84674087,0
2021-07-16T12:16:55Z,9.70725937,40.84697211,0
2021-07-16T12:17:10Z,9.70723352,40.84721791,0
2021-07-16T12:18:13Z,9.70677465,40.84810985,0
2021-07-16T12:19:40Z,9.70698706,40.84945828,0
2021-07-16T12:20:46Z,9.70699314,40.85072141,0
2021-07-16T12:21:10Z,9.7070966,40.85117712,0
2021-07-16T12:21:34Z,9.70708614,40.8516569,0
2021-07-16T12:22:28Z,9.70728952,40.85260197,0
2021-07-16T12:24:19Z,9.70745139,40.85458153,0
2021-07-16T12:25:07Z,9.70766713,40.85538712,0
2021-07-16T12:26:01Z,9.70774226,40.85614223,0
2021-07-16T12:26:28Z,9.7078572,40.85638758,0
2021-07-16T12:27:10Z,9.70767867,40.85679082,0
2021-07-16T12:28:55Z,9.70661736,40.85795326,0
2021-07-16T12:29:52Z,9.70589329,40.85833267,0
2021-07-16T12:30:22Z,9.70557498,40.85862351,0
2021-07-16T12:31:34Z,9.70504515,40.85936162,0
2021-07-16T12:41:28Z,9.69119313,40.87057458,0
2021-07-16T12:47:19Z,9.68218232,40.87679317,0
2021-07-16T12:49:43Z,9.67831615,40.87921028,0
2021-07-16T12:49:49Z,9.67821162,40.87939146,0
2021-07-16T12:50:25Z,9.67718901,40.87995872,0
2021-07-16T12:51:13Z,9.67598955,40.88085658,0
2021-07-16T12:51:46Z,9.67504045,40.881419,0
2021-07-16T12:52:07Z,9.67452593,40.88182172,0
2021-07-16T12:52:29Z,9.67390021,40.88214437,0
2021-07-16T12:54:09Z,9.67113173,40.88401631,0
2021-07-16T12:56:17Z,9.66757652,40.8862017,0
2021-07-16T12:56:41Z,9.66703494,40.88678936,0
2021-07-16T12:57:56Z,9.66597152,40.88863203,0
2021-07-16T12:59:29Z,9.66478189,40.89113132,0
2021-07-16T12:59:38Z,9.66481264,40.89134693,0
2021-07-16T12:59:56Z,9.66470978,40.89184294,0
2021-07-16T13:00:08Z,9.66455421,40.89214033,0
2021-07-16T13:00:20Z,9.66452333,40.8924558,0
2021-07-16T13:01:37Z,9.66386718,40.89453089,0
2021-07-16T13:02:07Z,9.66369908,40.89532881,0
2021-07-16T13:02:46Z,9.66327622,40.89632688,0
2021-07-16T13:03:10Z,9.66320067,40.89696109,0
2021-07-16T13:03:49Z,9.66288909,40.89789806,0
2021-07-16T13:03:55Z,9.66294774,40.89808275,0
2021-07-16T13:04:13Z,9.66268047,40.89854641,0
2021-07-16T13:04:40Z,9.66253181,40.89922654,0
2021-07-16T13:05:07Z,9.66222178,40.89989527,0
2021-07-16T13:06:01Z,9.66185582,40.90127711,0
2021-07-16T13:07:25Z,9.66114487,40.90341741,0
2021-07-16T13:07:49Z,9.66105515,40.90402199,0
2021-07-16T13:08:16Z,9.6607665,40.90476761,0
2021-07-16T13:10:04Z,9.65994056,40.90755865,0
2021-07-16T13:11:07Z,9.65934128,40.90910695,0
2021-07-16T13:12:25Z,9.65885107,40.91100762,0
2021-07-16T13:13:01Z,9.65848023,40.91198002,0
2021-07-16T13:14:25Z,9.65786491,40.91410131,0
2021-07-16T13:17:55Z,9.65668804,40.91957625,0
2021-07-16T13:18:34Z,9.65605422,40.92049529,0
2021-07-16T13:20:28Z,9.65489531,40.92340776,0
2021-07-16T13:20:37Z,9.65469292,40.92360656,0
2021-07-16T13:20:52Z,9.65424614,40.92382791,0
2021-07-16T13:21:28Z,9.65302211,40.92421689,0
2021-07-16T13:22:40Z,9.65076138,40.92515088,0
2021-07-16T13:23:31Z,9.64922679,40.92599416,0
2021-07-16T13:23:43Z,9.64893625,40.92604822,0
2021-07-16T13:24:07Z,9.64820706,40.92651753,0
2021-07-16T13:25:37Z,9.64529946,40.92762353,0
2021-07-16T13:26:22Z,9.64387718,40.92805492,0
2021-07-16T13:27:19Z,9.64206992,40.92878123,0
2021-07-16T13:27:43Z,9.64122386,40.92887926,0
2021-07-16T13:28:04Z,9.64054441,40.92906194,0
2021-07-16T13:28:22Z,9.6399034,40.92912098,0
2021-07-16T13:28:37Z,9.63939241,40.92927368,0
2021-07-16T13:29:43Z,9.63708626,40.92967642,0
2021-07-16T13:30:13Z,9.63600628,40.92973063,0
2021-07-16T13:31:46Z,9.63260485,40.92950751,0
2021-07-16T13:32:13Z,9.63167064,40.9295129,0
2021-07-16T13:36:40Z,9.62213269,40.92858502,0
2021-07-16T13:38:19Z,9.61871517,40.92815497,0
2021-07-16T13:38:55Z,9.6173933,40.92812099,0
2021-07-16T13:40:31Z,9.61397193,40.92772032,0
2021-07-16T13:42:34Z,9.60960464,40.9273745,0
2021-07-16T13:46:37Z,9.60131163,40.92625677,0
2021-07-16T13:47:37Z,9.59934032,40.92607459,0
2021-07-16T13:48:01Z,9.5984958,40.92586863,0
2021-07-16T13:48:37Z,9.59719253,40.92577561,0
2021-07-16T13:51:16Z,9.59166673,40.92506428,0
2021-07-16T13:52:34Z,9.58897161,40.92485782,0
2021-07-16T13:53:40Z,9.58662535,40.92452976,0
2021-07-16T13:54:58Z,9.58383775,40.92436625,0
2021-07-16T13:55:43Z,9.58223915,40.92423056,0
2021-07-16T13:56:31Z,9.5805643,40.92398151,0
2021-07-16T13:57:49Z,9.57780113,40.92379617,0
2021-07-16T13:58:25Z,9.57657298,40.9236505,0
2021-07-16T13:58:58Z,9.57539796,40.92339784,0
2021-07-16T13:59:25Z,9.57444618,40.92338482,0
2021-07-16T14:00:37Z,9.57195864,40.92307006,0
2021-07-16T14:02:13Z,9.56852804,40.92300407,0
2021-07-16T14:03:40Z,9.5655206,40.92278834,0
2021-07-16T14:04:01Z,9.5648199,40.92283005,0
2021-07-16T14:04:31Z,9.56379979,40.92268556,0
2021-07-16T14:06:01Z,9.56066851,40.92266876,0
2021-07-16T14:07:43Z,9.55725686,40.92246495,0
2021-07-16T14:08:40Z,9.55534391,40.92226591,0
2021-07-16T14:09:58Z,9.55269901,40.92220711,0
2021-07-16T14:10:28Z,9.55167371,40.92227758,0
2021-07-16T14:12:07Z,9.54825967,40.92211048,0
2021-07-16T14:13:19Z,9.54578829,40.92212967,0
2021-07-16T14:13:43Z,9.5449849,40.92203088,0
2021-07-16T14:14:40Z,9.54299877,40.92201346,0
2021-07-16T14:15:43Z,9.54082095,40.92175932,0
2021-07-16T14:16:37Z,9.53896574,40.9217341,0
2021-07-16T14:16:58Z,9.53819714,40.92191789,0
2021-07-16T14:19:13Z,9.53401207,40.92361846,0
2021-07-16T14:19:55Z,9.53289879,40.92417648,0
2021-07-16T14:21:49Z,9.53001635,40.92537472,0
2021-07-16T14:23:37Z,9.52776777,40.92592915,0
2021-07-16T14:25:10Z,9.52609961,40.92604458,0
2021-07-16T14:26:49Z,9.52427364,40.9263483,0
2021-07-16T14:29:22Z,9.52139768,40.92652386,0
2021-07-16T14:32:31Z,9.51780157,40.92685668,0
2021-07-16T14:35:31Z,9.51481049,40.92689977,0
2021-07-16T14:37:46Z,9.51279764,40.92667633,0
2021-07-16T14:39:40Z,9.51080724,40.92600122,0
2021-07-16T14:39:55Z,9.51061507,40.92608886,0
2021-07-16T14:40:07Z,9.51074286,40.92623759,0
2021-07-16T14:40:16Z,9.51092248,40.92618637,0
2021-07-16T14:40:25Z,9.51092511,40.92605066,0
2021-07-16T14:41:43Z,9.51027211,40.92562791,0
2021-07-16T14:41:55Z,9.51032606,40.92571586,0
2021-07-16T14:42:58Z,9.51023499,40.92586313,0
2021-07-16T14:45:40Z,9.51027975,40.92591114,0