,77.63934,12.98359,0
,77.63821,12.98317,0
,77.6379,12.98307,0
,77.6376,12.98294,0
,77.63722,12.98281,0
,77.63687,12.98272,0
,77.63644,12.98264,0
,77.6336,12.98237,0
,77.63342,12.98234,0
,77.63286,12.98227,0
,77.63276,12.98224,0
,77.63262,12.98221,0
,77.63249,12.98217,0
,77.63228,12.98209,0
,77.63195,12.98192,0
,77.63164,12.98172,0
,77.63143,12.98157,0
,77.63137,12.98152,0
,77.63131,12.98158,0
,77.63122,12.9816,0
,77.63117,12.9816,0
,77.63038,12.98148,0
,77.62987,12.98147,0
,77.62968,12.98148,0
,77.62932,12.98153,0
,77.62904,12.9816,0
,77.62802,12.98182,0
,77.62738,12.98193,0
,77.62676,12.98206,0
,77.62657,12.98208,0
,77.62636,12.98207,0
,77.62609,12.98203,0
,77.62569,12.98201,0
,77.62547,12.98199,0
,77.62526,12.98196,0
,77.62386,12.98181,0
,77.62362,12.98176,0
,77.62344,12.9817,0
,77.62329,12.98163,0
,77.62308,12.9815,0
,77.62281,12.98131,0
,77.62261,12.98114,0
,77.62253,12.98106,0
,77.62237,12.98088,0
,77.62216,12.98044,0
,77.62195,12.97994,0
,77.62187,12.97971,0
,77.62179,12.97953,0
,77.62166,12.97927,0
,77.62161,12.97918,0
,77.62148,12.97905,0
,77.6214,12.97899,0
,77.62123,12.9789,0
,77.62084,12.97877,0
,77.62074,12.97871,0
,77.62066,12.97865,0
,77.6204,12.97816,0
,77.62032,12.97783,0
,77.62031,12.97772,0
,77.62031,12.97748,0
,77.62032,12.97706,0
,77.62035,12.97656,0
,77.62035,12.97623,0
,77.62036,12.97605,0
,77.62035,12.97592,0
,77.6202,12.97592,0
,77.62019,12.97593,0
,77.62017,12.97593,0
,77.62006,12.97604,0
,77.61995,12.97619,0
,77.61961,12.97671,0
,77.61923,12.97738,0
,77.61879,12.97824,0
,77.61864,12.97856,0
,77.61851,12.97878,0
,77.61837,12.97911,0
,77.61808,12.97959,0
,77.61788,12.97995,0
,77.61776,12.9801,0
,77.61772,12.98014,0
,77.61768,12.98016,0
,77.61764,12.9802,0
,77.6176,12.98022,0
,77.61754,12.98026,0
,77.61745,12.98029,0
,77.61739,12.98032,0
,77.61642,12.98069,0
,77.61622,12.98075,0
,77.6155,12.98093,0
,77.61457,12.98087,0
,77.61417,12.97975,0
,77.61411,12.97969,0
,77.61404,12.97966,0
,77.61398,12.97965,0
,77.61147,12.98054,0
,77.61107,12.98071,0
,77.61103,12.9807,0
,77.61086,12.98076,0
,77.61083,12.98076,0
,77.61016,12.98098,0
,77.61013,12.9809,0
,77.6101,12.98084,0
,77.60935,12.97874,0
,77.60914,12.9782,0
,77.60887,12.97744,0
,77.60884,12.97737,0
,77.60879,12.9772,0
,77.60878,12.97717,0
,77.60869,12.97719,0
,77.60764,12.97752,0
,77.60712,12.97771,0
,77.60102,12.9797,0
,77.60097,12.97971,0
,77.59779,12.98077,0
,77.59743,12.98091,0
,77.59693,12.98116,0
,77.59688,12.98119,0
,77.59664,12.98127,0
,77.59638,12.98133,0
,77.59603,12.98147,0
,77.59478,12.98187,0
,77.5943,12.98139,0
,77.59237,12.97934,0
,77.59075,12.97769,0
,77.59055,12.97754,0
,77.58979,12.97712,0
,77.58926,12.97685,0
,77.58872,12.9766,0
,77.58804,12.97623,0
,77.58777,12.97604,0
,77.58762,12.97591,0
,77.58743,12.97586,0
,77.58742,12.97582,0
,77.58736,12.97575,0
,77.58733,12.97573,0
,77.5873,12.97572,0
,77.58723,12.97572,0
,77.58721,12.97573,0
,77.5872,12.97573,0
,77.58714,12.97577,0
,77.58713,12.97579,0
,77.5863,12.97547,0
,77.58511,12.97496,0
,77.58483,12.97482,0
,77.58345,12.974,0
,77.58263,12.97349,0
,77.58255,12.97345,0
,77.58171,12.97289,0
,77.58166,12.97285,0
,77.58161,12.97282,0
,77.58114,12.97305,0
,77.58086,12.97316,0
,77.58034,12.97341,0
,77.57943,12.9738,0
,77.57859,12.97419,0
,77.57827,12.97432,0
,77.57822,12.97435,0
,77.5773,12.97475,0
,77.57724,12.97476,0
,77.57714,12.9748,0
,77.57706,12.97484,0
,77.57672,12.97498,0
,77.57666,12.975,0
,77.5763,12.97516,0
,77.5762,12.97519,0
,77.57608,12.9752,0
,77.57602,12.97519,0
,77.5758,12.9751,0
,77.57575,12.97507,0
,77.57569,12.97501,0
,77.57565,12.97492,0
,77.57558,12.97462,0
,77.57554,12.97452,0
,77.57549,12.97446,0
,77.57545,12.97443,0
,77.57539,12.97441,0
,77.57502,12.97433,0
,77.5747,12.9743,0
,77.57452,12.9743,0
,77.57411,12.97433,0
,77.57381,12.97438,0
,77.57212,12.97447,0
,77.57182,12.97445,0
,77.57172,12.97443,0
,77.57159,12.97443,0
,77.57131,12.97447,0
,77.57072,12.97465,0
,77.5706,12.97467,0
,77.57062,12.97479,0
,77.57064,12.97501,0
,77.5707,12.97519,0
,77.57085,12.97553,0
,77.57088,12.97567,0
,77.57091,12.97577,0
,77.57093,12.97617,0
,77.57092,12.97642,0
,77.57082,12.97738,0
,77.56992,12.97756,0
,77.56979,12.9776,0
,77.56973,12.97765,0
,77.56972,12.97767,0
,77.56972,12.97772,0
,77.56982,12.97812,0
,77.56985,12.97828,0
,77.56988,12.9787,0
,77.56989,12.97874,0
,77.56989,12.97878,0
,77.56991,12.97879,0
,77.56991,12.9788,0
,77.56992,12.9788,0
,77.56993,12.97879,0
,77.57014,12.97878,0
,77.57087,12.97871,0
,77.57088,12.97911,0
,77.5709,12.97929,0
,77.57091,12.97947,0
,77.57093,12.97953,0
,77.57097,12.97978,0
,77.57103,12.97994,0
,77.57101,12.97998,0
,77.57101,12.98004,0
,77.57086,12.98034,0
,77.57084,12.98039,0
,77.57076,12.98053,0
,77.57069,12.98067,0
,77.57067,12.98074,0
,77.57064,12.98091,0
,77.57064,12.98105,0
,77.57062,12.98115,0
,77.5706,12.98121,0
,77.57047,12.98139,0
,77.57038,12.98157,0
,77.57035,12.9816,0
,77.5703,12.98173,0
,77.57023,12.98185,0
,77.57009,12.982,0
,77.57001,12.9821,0
,77.56989,12.98222,0
,77.5697,12.98234,0
,77.56959,12.98237,0
,77.56919,12.98244,0
,77.56882,12.98253,0
,77.56865,12.98253,0
,77.56852,12.9825,0
,77.56826,12.98244,0
,77.56668,12.98194,0
,77.56642,12.98188,0
,77.56636,12.98186,0
,77.56622,12.98186,0
,77.56611,12.98188,0
,77.56602,12.98184,0
,77.56598,12.98183,0
,77.56595,12.98183,0
,77.56593,12.98182,0
,77.5659,12.98182,0
,77.5654,12.98189,0
,77.56532,12.98191,0
,77.56477,12.98199,0
,77.56464,12.98192,0
,77.5646,12.98188,0
,77.56449,12.98173,0
,77.56444,12.98169,0
,77.56445,12.98085,0
,77.56446,12.98077,0
,77.56446,12.98029,0
,77.56447,12.9801,0
,77.56447,12.97968,0
,77.56446,12.97956,0
,77.56446,12.97932,0
,77.56448,12.97925,0
,77.56448,12.97919,0
,77.5645,12.97914,0
,77.5645,12.97912,0
,77.56456,12.97894,0
,77.56485,12.97819,0
,77.56491,12.97797,0
,77.56491,12.97783,0
,77.56489,12.97767,0
,77.56476,12.97701,0
,77.56473,12.9769,0
,77.56466,12.97655,0
,77.56462,12.9763,0
,77.56452,12.97584,0
,77.56469,12.97566,0
,77.56536,12.97523,0
,77.56591,12.97479,0
,77.56608,12.97457,0
,77.56619,12.97436,0
,77.56632,12.97397,0
,77.56644,12.97346,0
,77.56648,12.97323,0
,77.56679,12.97193,0
,77.56685,12.97176,0
,77.56687,12.97173,0
,77.56693,12.97159,0
,77.56693,12.97156,0
,77.56694,12.9715,0
,77.56694,12.97146,0
,77.5669,12.97136,0
,77.56667,12.97089,0
,77.56657,12.97074,0
,77.56658,12.97073,0
,77.56658,12.97066,0
,77.56657,12.97066,0
,77.56657,12.97064,0
,77.56655,12.97063,0
,77.56655,12.97062,0
,77.56653,12.97062,0
,77.56653,12.97061,0
,77.56651,12.97061,0
,77.5665,12.9706,0
,77.56648,12.9706,0
,77.56644,12.97062,0
,77.56643,12.97062,0
,77.56643,12.97063,0
,77.56642,12.97063,0
,77.56641,12.97065,0
,77.5664,12.97065,0
,77.56636,12.97058,0
,77.56627,12.97047,0
,77.56565,12.9698,0
,77.56556,12.96968,0
,77.56477,12.96884,0
,77.56446,12.96847,0
,77.56403,12.96785,0
,77.56354,12.96718,0
,77.56302,12.96638,0
,77.56279,12.966,0
,77.56244,12.96546,0
,77.56242,12.96544,0
,77.56195,12.96476,0
,77.56181,12.96461,0
,77.56115,12.96375,0
,77.56104,12.96362,0
,77.55997,12.96222,0
,77.55991,12.96213,0
,77.55953,12.96163,0
,77.55934,12.96144,0
,77.5593,12.96137,0
,77.55928,12.96118,0
,77.55916,12.96114,0
,77.55886,12.96109,0
,77.55848,12.96101,0
,77.55843,12.96099,0
,77.55829,12.96096,0
,77.55805,12.96089,0
,77.55796,12.96085,0
,77.55795,12.96085,0
,77.55776,12.96075,0
,77.55754,12.96061,0
,77.5574,12.96054,0
,77.55737,12.96054,0
,77.55735,12.96053,0
,77.5573,12.96053,0
,77.55725,12.96049,0
,77.5562,12.95978,0
,77.55594,12.95953,0
,77.55543,12.95876,0
,77.5553,12.95861,0
,77.55524,12.95855,0
,77.55507,12.95841,0
,77.5548,12.95826,0
,77.55453,12.95815,0
,77.55404,12.95798,0
,77.55376,12.95791,0
,77.55206,12.95736,0
,77.55146,12.95715,0
,77.55117,12.95707,0
,77.55075,12.95696,0
,77.54851,12.95659,0
,77.54825,12.95653,0
,77.54718,12.95635,0
,77.54703,12.95631,0
,77.54689,12.95626,0
,77.54667,12.95616,0
,77.54653,12.95608,0
,77.54631,12.95598,0
,77.54611,12.95587,0
,77.54566,12.95559,0
,77.54509,12.95521,0
,77.54492,12.95508,0
,77.54488,12.95504,0
,77.5448,12.95498,0
,77.54436,12.95459,0
,77.54415,12.95438,0
,77.54405,12.9543,0
,77.54404,12.95428,0
,77.54401,12.95427,0
,77.54381,12.95411,0
,77.54364,12.954,0
,77.54345,12.9539,0
,77.54318,12.95378,0
,77.54306,12.95374,0
,77.54299,12.95373,0
,77.54276,12.95367,0
,77.54245,12.95356,0
,77.54236,12.95352,0
,77.54225,12.95345,0
,77.54215,12.95336,0
,77.54188,12.95309,0
,77.5417,12.95295,0
,77.54157,12.95288,0
,77.54147,12.95278,0
,77.54141,12.95268,0
,77.54139,12.95266,0
,77.54137,12.95265,0
,77.54134,12.95261,0
,77.54127,12.95255,0
,77.54115,12.95246,0
,77.5406,12.95211,0
,77.54028,12.95192,0
,77.54,12.95171,0
,77.53918,12.95118,0
,77.53881,12.951,0
,77.53822,12.95081,0
,77.5381,12.95074,0
,77.53787,12.95051,0
,77.53781,12.9503,0
,77.53779,12.95017,0
,77.5378,12.95004,0
,77.53788,12.94956,0
,77.53788,12.94946,0
,77.5379,12.9493,0
,77.53789,12.949,0
,77.5379,12.94893,0
,77.53792,12.94882,0
,77.53794,12.94877,0
,77.53798,12.94871,0
,77.53803,12.94866,0
,77.53807,12.94861,0
,77.53826,12.94847,0
,77.53834,12.94839,0
,77.53843,12.94828,0
,77.53849,12.94816,0
,77.53849,12.94812,0
,77.5385,12.9481,0
,77.53851,12.94801,0
,77.5385,12.94785,0
,77.53846,12.94768,0
,77.53837,12.94739,0
,77.53836,12.94733,0
,77.53834,12.94729,0
,77.53827,12.94706,0
,77.53816,12.94667,0
,77.53804,12.94636,0
,77.53797,12.94624,0
,77.53756,12.94565,0
,77.53748,12.94555,0
,77.5374,12.94543,0
,77.53701,12.94474,0
,77.5367,12.94425,0
,77.53635,12.94377,0
,77.53618,12.94357,0
,77.53609,12.94344,0
,77.53596,12.94329,0
,77.53552,12.94284,0
,77.53535,12.94268,0
,77.53511,12.94248,0
,77.5342,12.94164,0
,77.53376,12.94119,0
,77.53325,12.94056,0
,77.53271,12.93985,0
,77.53242,12.93931,0
,77.53197,12.93821,0
,77.53193,12.93801,0
,77.53188,12.93784,0
,77.53177,12.93727,0
,77.53177,12.93706,0
,77.53175,12.93669,0
,77.53143,12.93503,0
,77.53144,12.93451,0
,77.5317,12.93108,0
,77.53172,12.93092,0
,77.53177,12.93004,0
,77.53193,12.92821,0
,77.53193,12.92815,0
,77.53225,12.92387,0
,77.53227,12.92341,0
,77.53226,12.92228,0
,77.53223,12.92167,0
,77.53217,12.921,0
,77.53184,12.91832,0
,77.53181,12.91814,0
,77.53166,12.91687,0
,77.53156,12.91619,0
,77.5315,12.91548,0
,77.53138,12.91439,0
,77.53133,12.91414,0
,77.53132,12.91403,0
,77.53115,12.91325,0
,77.5308,12.91227,0
,77.53064,12.91193,0
,77.53037,12.91141,0
,77.53018,12.91108,0
,77.52976,12.91038,0
,77.52923,12.90957,0
,77.52899,12.90916,0
,77.5263,12.90482,0
,77.52586,12.90426,0
,77.52555,12.9039,0
,77.52499,12.90336,0
,77.52364,12.90231,0
,77.52336,12.90211,0
,77.51868,12.89845,0
,77.51827,12.89811,0
,77.51792,12.8978,0
,77.51791,12.8978,0
,77.51778,12.89767,0
,77.51768,12.89759,0
,77.5161,12.896,0
,77.5136,12.89339,0
,77.51285,12.89255,0
,77.51201,12.89145,0
,77.51095,12.88993,0
,77.5108,12.88972,0
,77.51042,12.88924,0
,77.51015,12.88895,0
,77.51001,12.88882,0
,77.50992,12.88872,0
,77.50968,12.88849,0
,77.50918,12.88806,0
,77.50823,12.88741,0
,77.5078,12.88715,0
,77.50747,12.88697,0
,77.50574,12.88616,0
,77.50523,12.88594,0
,77.50376,12.88524,0
,77.50265,12.88463,0
,77.50157,12.884,0
,77.50079,12.8835,0
,77.50044,12.88329,0
,77.49958,12.88269,0
,77.49836,12.88179,0
,77.49834,12.88176,0
,77.49816,12.88163,0
,77.49769,12.88123,0
,77.49728,12.88086,0
,77.49676,12.88034,0
,77.49548,12.87916,0
,77.49471,12.87839,0
,77.49424,12.87788,0
,77.49422,12.87763,0
,77.49424,12.87746,0
,77.49426,12.8774,0
,77.49438,12.87722,0
,77.49445,12.87716,0
,77.4945,12.87714,0
,77.49454,12.87711,0
,77.49465,12.87707,0
,77.49478,12.87705,0
,77.49493,12.87707,0
,77.495,12.87709,0
,77.49513,12.87715,0
,77.49518,12.87718,0
,77.49523,12.87724,0
,77.49528,12.87729,0
,77.49531,12.87735,0
,77.49536,12.87748,0
,77.49537,12.87756,0
,77.49538,12.87782,0
,77.49477,12.87917,0
,77.49471,12.87926,0
,77.49462,12.87943,0
,77.49437,12.8798,0
,77.49392,12.88032,0
,77.49379,12.88045,0
,77.4935,12.88071,0
,77.49344,12.88075,0
,77.49339,12.88077,0
,77.49291,12.88118,0
,77.49237,12.88152,0
,77.49151,12.8822,0
,77.49137,12.88232,0
,77.48976,12.8836,0
,77.4882,12.88493,0
,77.48775,12.8853,0
,77.48754,12.88546,0
,77.48694,12.88599,0
,77.48429,12.88865,0
,77.48427,12.88868,0
,77.48416,12.88877,0
,77.48388,12.88907,0
,77.48301,12.88989,0
,77.4804,12.89208,0
,77.48036,12.89212,0
,77.47605,12.89576,0
,77.47599,12.89582,0
,77.47366,12.89778,0
,77.47306,12.89833,0
,77.47229,12.89916,0
,77.4721,12.8994,0
,77.4719,12.89955,0
,77.47162,12.8997,0
,77.47151,12.89975,0
,77.47137,12.8998,0
,77.4712,12.89985,0
,77.4709,12.89987,0
,77.47075,12.89989,0
,77.4707,12.89991,0
,77.47054,12.90001,0
,77.47048,12.90008,0
,77.4704,12.90024,0
,77.47039,12.90031,0
,77.47039,12.90044,0
,77.47041,12.9005,0
,77.47048,12.90077,0
,77.47049,12.90085,0
,77.47048,12.90094,0
,77.47037,12.90133,0
,77.47021,12.90199,0
,77.47021,12.90201,0
,77.47012,12.90219,0
,77.47006,12.90229,0
,77.46996,12.9024,0
,77.46986,12.90248,0
,77.4698,12.9025,0
,77.46967,12.90252,0
,77.46961,12.90252,0
,77.46957,12.90251,0
,77.46953,12.90251,0
,77.4695,12.90249,0
,77.46942,12.90246,0
,77.46918,12.90223,0
,77.46915,12.90219,0
,77.46912,12.90216,0
,77.46899,12.90205,0
,77.46847,12.90167,0
,77.46744,12.901,0
,77.46706,12.90078,0
,77.46661,12.9005,0
,77.46644,12.90041,0
,77.46546,12.89977,0
,77.4653,12.89965,0
,77.46487,12.89938,0
,77.46391,12.89872,0
,77.46375,12.89862,0
,77.46212,12.89751,0
,77.46164,12.89714,0
,77.46123,12.89676,0
,77.461,12.8965,0
,77.45923,12.89418,0
,77.45896,12.8938,0
,77.45821,12.89287,0
,77.45796,12.89265,0
,77.4579,12.89258,0
,77.45779,12.89249,0
,77.45773,12.89243,0
,77.45749,12.89226,0
,77.45724,12.8921,0
,77.45717,12.89204,0
,77.45711,12.892,0
,77.45692,12.8919,0
,77.45581,12.89118,0
,77.45552,12.89101,0
,77.45523,12.8908,0
,77.45482,12.89054,0
,77.45475,12.89049,0
,77.45374,12.88971,0
,77.45344,12.88946,0
,77.45301,12.88903,0
,77.45285,12.88885,0
,77.45256,12.88849,0
,77.45244,12.88836,0
,77.45244,12.88835,0
,77.45179,12.88754,0
,77.45177,12.88752,0
,77.44981,12.88505,0
,77.44974,12.88497,0
,77.44971,12.88492,0
,77.44886,12.88385,0
,77.44849,12.88329,0
,77.44819,12.88279,0
,77.44783,12.88215,0
,77.4469,12.88059,0
,77.44672,12.88032,0
,77.44663,12.88016,0
,77.44648,12.87993,0
,77.4464,12.87982,0
,77.44532,12.8781,0
,77.44532,12.87809,0
,77.44522,12.87795,0
,77.44484,12.87735,0
,77.44482,12.87731,0
,77.44475,12.87721,0
,77.44468,12.87708,0
,77.44435,12.8766,0
,77.44423,12.87644,0
,77.44414,12.87634,0
,77.44408,12.87626,0
,77.44381,12.87595,0
,77.44345,12.87558,0
,77.44314,12.87529,0
,77.44275,12.87496,0
,77.44193,12.87433,0
,77.44146,12.87397,0
,77.44131,12.87387,0
,77.4412,12.87378,0
,77.44114,12.87374,0
,77.44092,12.87355,0
,77.44001,12.87284,0
,77.43985,12.87269,0
,77.43972,12.87254,0
,77.43945,12.87217,0
,77.43919,12.8717,0
,77.43897,12.87122,0
,77.43814,12.86924,0
,77.43734,12.86744,0
,77.43699,12.86682,0
,77.43691,12.8667,0
,77.43678,12.86652,0
,77.43639,12.86603,0
,77.43621,12.86583,0
,77.4356,12.86511,0
,77.43526,12.86468,0
,77.43508,12.86448,0
,77.43418,12.86338,0
,77.43392,12.86308,0
,77.43294,12.86186,0
,77.43124,12.85987,0
,77.43093,12.85947,0
,77.43063,12.85919,0
,77.42999,12.85859,0
,77.42925,12.85798,0
,77.42913,12.85787,0
,77.42884,12.85766,0
,77.42845,12.85731,0
,77.42793,12.85676,0
,77.42724,12.85586,0
,77.42672,12.85505,0
,77.42653,12.8547,0
,77.4262,12.85402,0
,77.42601,12.85359,0
,77.42563,12.85263,0
,77.42505,12.85154,0
,77.42437,12.85044,0
,77.42415,12.85004,0
,77.42369,12.84912,0
,77.42312,12.84775,0
,77.42278,12.84702,0
,77.42245,12.84621,0
,77.42239,12.84604,0
,77.42219,12.84556,0
,77.42157,12.84395,0
,77.42147,12.84373,0
,77.42141,12.84363,0
,77.42129,12.84337,0
,77.42114,12.8431,0
,77.42076,12.84255,0
,77.42011,12.84179,0
,77.42011,12.84178,0
,77.41987,12.84156,0
,77.41964,12.84129,0
,77.41694,12.83835,0
,77.41675,12.83817,0
,77.41627,12.83765,0
,77.41605,12.83738,0
,77.41587,12.83714,0
,77.41558,12.83668,0
,77.41521,12.83599,0
,77.41451,12.8346,0
,77.41451,12.83458,0
,77.41413,12.83383,0
,77.41393,12.83347,0
,77.41384,12.83328,0
,77.41373,12.83308,0
,77.41314,12.83189,0
,77.41301,12.83156,0
,77.41279,12.83087,0
,77.41271,12.83057,0
,77.41258,12.82979,0
,77.41252,12.82931,0
,77.41235,12.82835,0
,77.41229,12.82809,0
,77.41131,12.82457,0
,77.41091,12.82285,0
,77.41071,12.82187,0
,77.41069,12.82171,0
,77.41057,12.82121,0
,77.41048,12.82091,0
,77.4104,12.82069,0
,77.41032,12.8205,0
,77.41014,12.82012,0
,77.40986,12.81965,0
,77.40963,12.81932,0
,77.40934,12.81896,0
,77.40922,12.81883,0
,77.40874,12.81837,0
,77.40847,12.81815,0
,77.40833,12.81805,0
,77.40791,12.81779,0
,77.40759,12.81762,0
,77.40708,12.8174,0
,77.40675,12.81729,0
,77.40625,12.81716,0
,77.40606,12.81712,0
,77.40565,12.81708,0
,77.40519,12.81706,0
,77.40517,12.81705,0
,77.40369,12.81702,0
,77.40367,12.81701,0
,77.40276,12.81697,0
,77.4026,12.81697,0
,77.39998,12.81686,0
,77.39843,12.81677,0
,77.39645,12.81671,0
,77.39523,12.81664,0
,77.39512,12.81664,0
,77.39477,12.81661,0
,77.3946,12.81661,0
,77.39408,12.81658,0
,77.39385,12.81658,0
,77.39375,12.81657,0
,77.39277,12.81653,0
,77.39183,12.81647,0
,77.39176,12.81647,0
,77.39066,12.81635,0
,77.39009,12.81624,0
,77.39,12.81623,0
,77.38884,12.81594,0
,77.3886,12.81587,0
,77.38809,12.81569,0
,77.38768,12.81553,0
,77.38696,12.81522,0
,77.38641,12.81496,0
,77.38543,12.8144,0
,77.38542,12.8144,0
,77.38542,12.81439,0
,77.38494,12.81409,0
,77.38437,12.81367,0
,77.38368,12.81311,0
,77.38339,12.81285,0
,77.38277,12.81223,0
,77.38212,12.81154,0
,77.38055,12.80978,0
,77.38054,12.80976,0
,77.3803,12.80951,0
,77.37958,12.80871,0
,77.37946,12.80856,0
,77.3794,12.80851,0
,77.37931,12.8084,0
,77.37658,12.80538,0
,77.37597,12.80461,0
,77.3759,12.80453,0
,77.37565,12.80419,0
,77.37522,12.80351,0
,77.37491,12.80295,0
,77.3749,12.80294,0
,77.37477,12.80268,0
,77.37475,12.80262,0
,77.37466,12.80246,0
,77.37451,12.80214,0
,77.3745,12.80213,0
,77.37411,12.80113,0
,77.37383,12.80029,0
,77.37383,12.80027,0
,77.3737,12.79976,0
,77.37355,12.79906,0
,77.37349,12.79873,0
,77.37343,12.7983,0
,77.37341,12.79808,0
,77.3734,12.79785,0
,77.37338,12.7977,0
,77.37336,12.79735,0
,77.37333,12.79663,0
,77.37333,12.79465,0
,77.37332,12.79459,0
,77.37331,12.79392,0
,77.3733,12.79387,0
,77.37331,12.7938,0
,77.3733,12.79371,0
,77.37331,12.79311,0
,77.37332,12.793,0
,77.37332,12.79266,0
,77.37333,12.79254,0
,77.37334,12.79117,0
,77.37323,12.78719,0
,77.3732,12.78679,0
,77.37312,12.78633,0
,77.373,12.78586,0
,77.37292,12.78561,0
,77.37274,12.7852,0
,77.37258,12.78488,0
,77.37227,12.78437,0
,77.37179,12.78377,0
,77.37015,12.78184,0
,77.36974,12.78139,0
,77.36965,12.78128,0
,77.36899,12.78066,0
,77.36855,12.78033,0
,77.36825,12.78013,0
,77.36759,12.77977,0
,77.36758,12.77976,0
,77.36445,12.77811,0
,77.36318,12.77739,0
,77.36219,12.77689,0
,77.36201,12.77681,0
,77.36192,12.77676,0
,77.36056,12.77615,0
,77.35929,12.77551,0
,77.35868,12.77513,0
,77.35843,12.77496,0
,77.35822,12.77484,0
,77.3562,12.77351,0
,77.35583,12.77329,0
,77.3552,12.77287,0
,77.35438,12.77236,0
,77.35293,12.7716,0
,77.35236,12.77134,0
,77.35144,12.77101,0
,77.3505,12.77073,0
,77.34958,12.77053,0
,77.34955,12.77053,0
,77.34942,12.7705,0
,77.3494,12.7705,0
,77.34833,12.77032,0
,77.34448,12.76983,0
,77.34424,12.76979,0
,77.34388,12.76975,0
,77.34317,12.76962,0
,77.34312,12.76962,0
,77.3421,12.76948,0
,77.34078,12.76933,0
,77.34075,12.76932,0
,77.34056,12.7693,0
,77.34002,12.76922,0
,77.33958,12.76917,0
,77.33892,12.76907,0
,77.33877,12.76906,0
,77.33797,12.76894,0
,77.33685,12.7687,0
,77.3366,12.76861,0
,77.33605,12.76835,0
,77.33581,12.76826,0
,77.33537,12.76806,0
,77.33505,12.76796,0
,77.33449,12.76775,0
,77.33433,12.76767,0
,77.33391,12.76745,0
,77.33362,12.76727,0
,77.33315,12.76691,0
,77.33118,12.76516,0
,77.33095,12.76494,0
,77.33042,12.76447,0
,77.32992,12.76399,0
,77.32784,12.76179,0
,77.3277,12.76163,0
,77.32548,12.75927,0
,77.32491,12.75858,0
,77.32414,12.7578,0
,77.32395,12.75762,0
,77.32368,12.75741,0
,77.32319,12.7571,0
,77.32307,12.757,0
,77.32275,12.75676,0
,77.32263,12.75668,0
,77.32128,12.75567,0
,77.32122,12.75563,0
,77.32046,12.75504,0
,77.32042,12.755,0
,77.31991,12.75461,0
,77.31957,12.75431,0
,77.31933,12.75406,0
,77.31889,12.75352,0
,77.31887,12.7535,0
,77.31877,12.75335,0
,77.31784,12.75212,0
,77.31778,12.75205,0
,77.31766,12.75188,0
,77.3176,12.75181,0
,77.31712,12.75115,0
,77.31706,12.75108,0
,77.31522,12.74861,0
,77.3148,12.7481,0
,77.31464,12.74792,0
,77.31432,12.74759,0
,77.31372,12.74702,0
,77.31311,12.74652,0
,77.31308,12.74649,0
,77.31263,12.74616,0
,77.31175,12.7456,0
,77.3109,12.74517,0
,77.31082,12.74514,0
,77.31046,12.74496,0
,77.31009,12.7448,0
,77.30961,12.74463,0
,77.30877,12.74439,0
,77.30818,12.7442,0
,77.30687,12.74385,0
,77.30552,12.74352,0
,77.3036,12.74298,0
,77.30248,12.74271,0
,77.30113,12.74234,0
,77.30111,12.74233,0
,77.295,12.74069,0
,77.29381,12.74036,0
,77.29365,12.74033,0
,77.2933,12.74023,0
,77.29267,12.74006,0
,77.29209,12.73994,0
,77.29159,12.73988,0
,77.29124,12.73985,0
,77.29093,12.73984,0
,77.29018,12.73985,0
,77.29013,12.73986,0
,77.28944,12.73994,0
,77.28904,12.74002,0
,77.28858,12.74015,0
,77.2872,12.74066,0
,77.28714,12.74069,0
,77.28628,12.74103,0
,77.28622,12.74106,0
,77.28056,12.74334,0
,77.28044,12.74338,0
,77.27857,12.74414,0
,77.27856,12.74415,0
,77.27447,12.74577,0
,77.27447,12.74578,0
,77.27244,12.74662,0
,77.27111,12.74715,0
,77.27057,12.74735,0
,77.26732,12.74867,0
,77.26725,12.74869,0
,77.26606,12.74918,0
,77.26404,12.74995,0
,77.26345,12.7501,0
,77.26278,12.75024,0
,77.26204,12.75033,0
,77.26142,12.75037,0
,77.2606,12.75031,0
,77.25988,12.7502,0
,77.25985,12.7502,0
,77.25944,12.75013,0
,77.2585,12.74987,0
,77.25756,12.74951,0
,77.25729,12.74939,0
,77.25644,12.7489,0
,77.25607,12.74864,0
,77.25563,12.74831,0
,77.25537,12.7481,0
,77.25466,12.74742,0
,77.25448,12.74722,0
,77.25416,12.74683,0
,77.25308,12.74543,0
,77.25298,12.74528,0
,77.25282,12.74508,0
,77.2528,12.74504,0
,77.25176,12.7437,0
,77.2511,12.74283,0
,77.25076,12.74241,0
,77.24859,12.73958,0
,77.24832,12.73921,0
,77.24764,12.73835,0
,77.24762,12.73833,0
,77.24722,12.73778,0
,77.24694,12.73742,0
,77.24628,12.73669,0
,77.24604,12.73645,0
,77.24509,12.73562,0
,77.24503,12.73558,0
,77.24441,12.73501,0
,77.24422,12.73485,0
,77.24401,12.73465,0
,77.24127,12.73223,0
,77.24114,12.7321,0
,77.24086,12.73186,0
,77.23962,12.73079,0
,77.23954,12.73071,0
,77.23574,12.72736,0
,77.23499,12.72665,0
,77.23475,12.72636,0
,77.23437,12.72587,0
,77.23368,12.72488,0
,77.23326,12.72422,0
,77.23242,12.72299,0
,77.23206,12.72242,0
,77.23046,12.7201,0
,77.23021,12.7197,0
,77.22686,12.71471,0
,77.22615,12.71369,0
,77.22523,12.71231,0
,77.22485,12.71177,0
,77.22334,12.7095,0
,77.22222,12.70787,0
,77.22128,12.7064,0
,77.22083,12.70561,0
,77.2206,12.70518,0
,77.22035,12.70475,0
,77.22031,12.70469,0
,77.21939,12.70306,0
,77.21908,12.70248,0
,77.21894,12.70225,0
,77.21871,12.70182,0
,77.21765,12.70002,0
,77.21694,12.69873,0
,77.2167,12.69835,0
,77.2166,12.69823,0
,77.2164,12.69802,0
,77.21638,12.69799,0
,77.21618,12.69781,0
,77.21601,12.69763,0
,77.21582,12.69745,0
,77.21563,12.69724,0
,77.21295,12.69448,0
,77.21293,12.69445,0
,77.21096,12.69246,0
,77.21053,12.69208,0
,77.20949,12.69131,0
,77.20843,12.69061,0
,77.20789,12.69021,0
,77.20739,12.68988,0
,77.20559,12.68862,0
,77.20556,12.68859,0
,77.20545,12.68851,0
,77.20501,12.68812,0
,77.20464,12.68776,0
,77.20421,12.68728,0
,77.20393,12.68693,0
,77.20334,12.68603,0
,77.20325,12.68587,0
,77.20312,12.68568,0
,77.20196,12.68382,0
,77.20185,12.68367,0
,77.2018,12.68358,0
,77.20147,12.68308,0
,77.20088,12.68228,0
,77.20037,12.68164,0
,77.19965,12.68085,0
,77.19722,12.67839,0
,77.196,12.67724,0
,77.19533,12.67666,0
,77.19427,12.67569,0
,77.19353,12.67495,0
,77.19349,12.6749,0
,77.19302,12.67444,0
,77.19288,12.67432,0
,77.19155,12.67299,0
,77.1907,12.6721,0
,77.19012,12.67142,0
,77.18977,12.67095,0
,77.18957,12.67065,0
,77.18933,12.6702,0
,77.18915,12.66983,0
,77.189,12.66946,0
,77.18875,12.66871,0
,77.18858,12.66804,0
,77.18837,12.6671,0
,77.18827,12.66673,0
,77.18811,12.66621,0
,77.18796,12.66563,0
,77.1879,12.66543,0
,77.18762,12.66468,0
,77.18723,12.66384,0
,77.18692,12.66332,0
,77.18659,12.66282,0
,77.18637,12.66251,0
,77.18598,12.66202,0
,77.18575,12.66175,0
,77.18573,12.66174,0
,77.18564,12.66164,0
,77.18563,12.66162,0
,77.18546,12.66144,0
,77.18527,12.66122,0
,77.18453,12.66058,0
,77.18361,12.65996,0
,77.18299,12.6596,0
,77.18274,12.65947,0
,77.17902,12.65773,0
,77.17894,12.6577,0
,77.17824,12.65737,0
,77.17788,12.65718,0
,77.17779,12.65712,0
,77.17763,12.65703,0
,77.17745,12.65691,0
,77.17706,12.65659,0
,77.17686,12.65641,0
,77.17662,12.65615,0
,77.17643,12.65591,0
,77.1762,12.65557,0
,77.17616,12.65549,0
,77.17599,12.65521,0
,77.17579,12.65473,0
,77.17573,12.65455,0
,77.17557,12.65387,0
,77.17533,12.65175,0
,77.17531,12.65157,0
,77.17529,12.65147,0
,77.17509,12.6496,0
,77.17508,12.64958,0
,77.17503,12.64922,0
,77.17491,12.64872,0
,77.17476,12.64824,0
,77.17462,12.64787,0
,77.17461,12.64786,0
,77.17436,12.64739,0
,77.17417,12.64709,0
,77.17416,12.64709,0
,77.17406,12.64694,0
,77.17403,12.64691,0
,77.17386,12.64669,0
,77.17365,12.64646,0
,77.1734,12.6462,0
,77.17332,12.64613,0
,77.17327,12.64607,0
,77.17293,12.64579,0
,77.17257,12.64554,0
,77.17177,12.6451,0
,77.17142,12.64495,0
,77.17089,12.64479,0
,77.17038,12.64467,0
,77.16976,12.64455,0
,77.16937,12.6445,0
,77.1693,12.64448,0
,77.1692,12.64447,0
,77.16782,12.64422,0
,77.16775,12.6442,0
,77.16542,12.64384,0
,77.16455,12.64376,0
,77.16431,12.64375,0
,77.16408,12.64373,0
,77.16106,12.64362,0
,77.16061,12.64358,0
,77.16026,12.64351,0
,77.15974,12.64337,0
,77.15962,12.64333,0
,77.1595,12.6433,0
,77.15864,12.64302,0
,77.1584,12.64296,0
,77.1577,12.64272,0
,77.15755,12.64266,0
,77.15725,12.64249,0
,77.1558,12.64183,0
,77.15548,12.64171,0
,77.15502,12.64156,0
,77.1536,12.64117,0
,77.15359,12.64116,0
,77.15343,12.64112,0
,77.15343,12.64111,0
,77.15291,12.64098,0
,77.15217,12.64084,0
,77.15158,12.64078,0
,77.14959,12.64069,0
,77.14941,12.64069,0
,77.14912,12.64067,0
,77.14859,12.64061,0
,77.14804,12.64053,0
,77.14505,12.63996,0
,77.14457,12.63984,0
,77.14381,12.63961,0
,77.1438,12.63961,0
,77.14362,12.63955,0
,77.14136,12.63884,0
,77.14134,12.63884,0
,77.14011,12.63846,0
,77.13995,12.63845,0
,77.13918,12.63831,0
,77.13648,12.63821,0
,77.13584,12.63815,0
,77.13398,12.63783,0
,77.13309,12.63761,0
,77.13285,12.63756,0
,77.13201,12.63742,0
,77.13135,12.63729,0
,77.1311,12.63723,0
,77.13035,12.63709,0
,77.12998,12.63702,0
,77.12908,12.63682,0
,77.12839,12.63669,0
,77.12796,12.63657,0
,77.12551,12.63603,0
,77.1239,12.63551,0
,77.12339,12.63536,0
,77.12322,12.6353,0
,77.12303,12.63522,0
,77.12273,12.63507,0
,77.11462,12.62999,0
,77.11389,12.62955,0
,77.11349,12.62934,0
,77.11316,12.62919,0
,77.11279,12.62906,0
,77.11248,12.62898,0
,77.11216,12.62891,0
,77.11196,12.62889,0
,77.11179,12.62886,0
,77.11152,12.62883,0
,77.11147,12.62883,0
,77.11137,12.62882,0
,77.11092,12.62882,0
,77.11008,12.62878,0
,77.10931,12.62867,0
,77.10897,12.62862,0
,77.10895,12.62861,0
,77.10879,12.62859,0
,77.10877,12.62858,0
,77.10861,12.62856,0
,77.10841,12.62852,0
,77.10835,12.62852,0
,77.10783,12.6284,0
,77.1077,12.62836,0
,77.10716,12.62822,0
,77.10655,12.62803,0
,77.10577,12.62772,0
,77.10547,12.62759,0
,77.10473,12.62722,0
,77.10432,12.62696,0
,77.10422,12.62691,0
,77.10415,12.62686,0
,77.10384,12.62669,0
,77.10354,12.62654,0
,77.1033,12.62643,0
,77.10315,12.62634,0
,77.10298,12.62625,0
,77.10268,12.62607,0
,77.10251,12.62599,0
,77.10098,12.62511,0
,77.10091,12.62506,0
,77.10069,12.62493,0
,77.1006,12.62489,0
,77.09811,12.62348,0
,77.09728,12.62295,0
,77.09658,12.62243,0
,77.09375,12.6201,0
,77.09319,12.61962,0
,77.09286,12.61937,0
,77.09249,12.61911,0
,77.09218,12.61891,0
,77.09081,12.61814,0
,77.09063,12.61805,0
,77.08952,12.61744,0
,77.08938,12.61735,0
,77.08935,12.61734,0
,77.08868,12.61689,0
,77.0883,12.61659,0
,77.08804,12.61637,0
,77.0878,12.61615,0
,77.08761,12.61596,0
,77.08705,12.61535,0
,77.08674,12.61499,0
,77.08668,12.61493,0
,77.08419,12.61207,0
,77.08382,12.61168,0
,77.0772,12.60407,0
,77.07634,12.60314,0
,77.07573,12.60258,0
,77.07559,12.60247,0
,77.07552,12.60241,0
,77.07529,12.60225,0
,77.0752,12.60217,0
,77.07468,12.60182,0
,77.0741,12.6015,0
,77.07392,12.60141,0
,77.07358,12.60125,0
,77.07291,12.60097,0
,77.07287,12.60096,0
,77.07261,12.60086,0
,77.0726,12.60086,0
,77.07168,12.60059,0
,77.07154,12.60054,0
,77.07097,12.60038,0
,77.0708,12.60032,0
,77.06158,12.59759,0
,77.06156,12.59758,0
,77.06122,12.59749,0
,77.05902,12.59683,0
,77.05893,12.59681,0
,77.05801,12.59653,0
,77.05705,12.59626,0
,77.05692,12.59621,0
,77.05643,12.59607,0
,77.05625,12.59601,0
,77.05572,12.59586,0
,77.05571,12.59585,0
,77.05554,12.59581,0
,77.05537,12.59575,0
,77.05527,12.59573,0
,77.05344,12.59519,0
,77.05266,12.59493,0
,77.0524,12.59483,0
,77.05213,12.5947,0
,77.05188,12.59455,0
,77.05139,12.59421,0
,77.04981,12.593,0
,77.04882,12.59221,0
,77.04753,12.59124,0
,77.04639,12.59032,0
,77.04631,12.59027,0
,77.04465,12.58894,0
,77.04454,12.58884,0
,77.04254,12.5872,0
,77.0405,12.58541,0
,77.0404,12.58531,0
,77.03899,12.58409,0
,77.0389,12.584,0
,77.03793,12.58317,0
,77.03753,12.58287,0
,77.03671,12.5824,0
,77.03652,12.58231,0
,77.0349,12.58168,0
,77.03432,12.5815,0
,77.03426,12.58149,0
,77.03273,12.58106,0
,77.03181,12.58083,0
,77.03091,12.58057,0
,77.03084,12.58054,0
,77.03066,12.58048,0
,77.03065,12.58047,0
,77.03019,12.58028,0
,77.03016,12.58026,0
,77.02965,12.58003,0
,77.02849,12.5795,0
,77.02834,12.57942,0
,77.02762,12.57912,0
,77.0273,12.579,0
,77.02721,12.57896,0
,77.02574,12.57845,0
,77.02567,12.57842,0
,77.02477,12.57812,0
,77.02475,12.57812,0
,77.02407,12.57788,0
,77.01817,12.57535,0
,77.01637,12.57449,0
,77.01623,12.57443,0
,77.01619,12.5744,0
,77.0148,12.57368,0
,77.00971,12.57121,0
,77.00958,12.57114,0
,77.00941,12.57106,0
,77.00939,12.57106,0
,77.00914,12.57093,0
,77.00904,12.57089,0
,77.00858,12.57067,0
,77.00604,12.56953,0
,77.00545,12.56932,0
,77.00501,12.56918,0
,77.00492,12.56915,0
,77.00422,12.56899,0
,77.00379,12.56892,0
,77.00331,12.56886,0
,77.00322,12.56884,0
,77.00122,12.56876,0
,77.00112,12.56875,0
,77.0006,12.56873,0
,77.00011,12.56867,0
,76.9994,12.56849,0
,76.99851,12.56811,0
,76.99183,12.56473,0
,76.99167,12.56464,0
,76.98926,12.56348,0
,76.98828,12.56297,0
,76.9879,12.56279,0
,76.98767,12.56266,0
,76.98744,12.56256,0
,76.9859,12.56182,0
,76.98545,12.56159,0
,76.98337,12.56059,0
,76.98283,12.56031,0
,76.97945,12.55856,0
,76.97472,12.55602,0
,76.97218,12.55452,0
,76.97208,12.55445,0
,76.96865,12.55236,0
,76.96849,12.55227,0
,76.96636,12.55095,0
,76.9654,12.55032,0
,76.96524,12.55023,0
,76.96523,12.55023,0
,76.96504,12.55011,0
,76.96493,12.55003,0
,76.96492,12.55003,0
,76.96358,12.54926,0
,76.96198,12.54852,0
,76.96122,12.54819,0
,76.96078,12.54798,0
,76.96054,12.54788,0
,76.96004,12.54765,0
,76.95961,12.54747,0
,76.95953,12.54743,0
,76.95877,12.54714,0
,76.95856,12.54706,0
,76.95824,12.54697,0
,76.95772,12.5468,0
,76.95736,12.5467,0
,76.95726,12.54666,0
,76.95538,12.54608,0
,76.95512,12.54602,0
,76.95485,12.54598,0
,76.95463,12.54596,0
,76.9539,12.54596,0
,76.95372,12.54598,0
,76.95346,12.54598,0
,76.9531,12.546,0
,76.95181,12.54603,0
,76.95169,12.54604,0
,76.9515,12.54604,0
,76.95144,12.54605,0
,76.94904,12.54611,0
,76.94893,12.54612,0
,76.94874,12.54612,0
,76.94817,12.54619,0
,76.94782,12.54621,0
,76.9478,12.54622,0
,76.94762,12.54624,0
,76.94726,12.54632,0
,76.94724,12.54632,0
,76.94691,12.54643,0
,76.94674,12.5465,0
,76.94604,12.54675,0
,76.9441,12.54736,0
,76.94359,12.54748,0
,76.94269,12.54761,0
,76.94156,12.54767,0
,76.9414,12.54766,0
,76.94121,12.54766,0
,76.94048,12.54761,0
,76.93926,12.54746,0
,76.93902,12.54742,0
,76.93884,12.54738,0
,76.93811,12.54726,0
,76.93793,12.54722,0
,76.93686,12.54704,0
,76.93684,12.54703,0
,76.93297,12.54631,0
,76.93274,12.54626,0
,76.93212,12.54617,0
,76.93119,12.54608,0
,76.93022,12.54609,0
,76.92957,12.54615,0
,76.92886,12.54628,0
,76.92512,12.54719,0
,76.92441,12.54734,0
,76.92397,12.54742,0
,76.92337,12.54747,0
,76.92262,12.54746,0
,76.92204,12.5474,0
,76.92158,12.54733,0
,76.92106,12.54721,0
,76.92019,12.54697,0
,76.92001,12.54693,0
,76.91751,12.54625,0
,76.91639,12.54601,0
,76.91624,12.54599,0
,76.91564,12.54588,0
,76.91502,12.54579,0
,76.90836,12.54508,0
,76.90832,12.54508,0
,76.89745,12.54391,0
,76.89724,12.54388,0
,76.89483,12.54364,0
,76.89477,12.54364,0
,76.89449,12.54362,0
,76.89307,12.54361,0
,76.89198,12.54369,0
,76.89121,12.54377,0
,76.89,12.54396,0
,76.88961,12.54404,0
,76.88837,12.54436,0
,76.88679,12.54487,0
,76.88553,12.54521,0
,76.88535,12.54524,0
,76.88492,12.54534,0
,76.88387,12.54552,0
,76.88357,12.54556,0
,76.88277,12.54564,0
,76.88219,12.54567,0
,76.88192,12.54567,0
,76.88175,12.54568,0
,76.88083,12.54568,0
,76.88027,12.54565,0
,76.8801,12.54565,0
,76.87918,12.54557,0
,76.8776,12.54532,0
,76.87638,12.54503,0
,76.87566,12.54482,0
,76.87519,12.54466,0
,76.87438,12.54436,0
,76.87346,12.54396,0
,76.87246,12.54346,0
,76.87131,12.54278,0
,76.87047,12.5422,0
,76.86973,12.54163,0
,76.86907,12.54108,0
,76.86831,12.54037,0
,76.86826,12.54031,0
,76.86818,12.54024,0
,76.86771,12.53974,0
,76.86702,12.53895,0
,76.86629,12.53801,0
,76.86626,12.53795,0
,76.86571,12.53714,0
,76.86537,12.53656,0
,76.86496,12.53581,0
,76.86483,12.53553,0
,76.86456,12.53498,0
,76.86428,12.53433,0
,76.86406,12.53377,0
,76.86377,12.5329,0
,76.86362,12.53239,0
,76.86338,12.5314,0
,76.86313,12.52995,0
,76.86292,12.52831,0
,76.86292,12.52829,0
,76.86289,12.52813,0
,76.86257,12.52566,0
,76.86228,12.52407,0
,76.86225,12.52398,0
,76.86223,12.52388,0
,76.86196,12.52284,0
,76.86194,12.52273,0
,76.86185,12.52239,0
,76.86161,12.52157,0
,76.86139,12.52069,0
,76.86123,12.52017,0
,76.86079,12.51913,0
,76.86071,12.51897,0
,76.86015,12.51813,0
,76.86006,12.51801,0
,76.85973,12.51761,0
,76.85955,12.51744,0
,76.85926,12.51714,0
,76.85911,12.517,0
,76.85866,12.51664,0
,76.85829,12.51639,0
,76.85739,12.51585,0
,76.8571,12.51571,0
,76.85645,12.51536,0
,76.8564,12.51534,0
,76.85531,12.51479,0
,76.85404,12.51418,0
,76.85356,12.51397,0
,76.85317,12.51381,0
,76.85276,12.51361,0
,76.85231,12.51341,0
,76.85107,12.5129,0
,76.85016,12.51255,0
,76.84977,12.51242,0
,76.84953,12.51232,0
,76.84919,12.5122,0
,76.84918,12.51219,0
,76.84578,12.511,0
,76.84491,12.51067,0
,76.84439,12.5105,0
,76.84145,12.50945,0
,76.83885,12.50837,0
,76.83878,12.50833,0
,76.83866,12.50829,0
,76.83849,12.50821,0
,76.83477,12.50664,0
,76.83472,12.50661,0
,76.83393,12.50625,0
,76.83274,12.50564,0
,76.83182,12.50514,0
,76.83076,12.5046,0
,76.83064,12.50453,0
,76.82995,12.50418,0
,76.82979,12.50409,0
,76.82852,12.50344,0
,76.82804,12.50318,0
,76.82767,12.503,0
,76.82759,12.50295,0
,76.826,12.50211,0
,76.82591,12.50205,0
,76.82431,12.50122,0
,76.82397,12.50106,0
,76.82173,12.4999,0
,76.82149,12.49979,0
,76.82125,12.49966,0
,76.82074,12.49947,0
,76.82052,12.4994,0
,76.82008,12.49928,0
,76.81967,12.4992,0
,76.81925,12.49914,0
,76.81696,12.49895,0
,76.81641,12.49886,0
,76.81575,12.49867,0
,76.81537,12.49853,0
,76.8148,12.49827,0
,76.81426,12.49796,0
,76.81414,12.49788,0
,76.81332,12.49744,0
,76.81236,12.49704,0
,76.81169,12.49688,0
,76.81128,12.49681,0
,76.81054,12.49673,0
,76.8098,12.49667,0
,76.80946,12.49663,0
,76.80888,12.49659,0
,76.80882,12.49658,0
,76.80852,12.49656,0
,76.80838,12.49654,0
,76.80761,12.49647,0
,76.80676,12.49642,0
,76.80633,12.49635,0
,76.80564,12.4963,0
,76.80491,12.49622,0
,76.80404,12.49608,0
,76.80386,12.49606,0
,76.79863,12.49524,0
,76.79853,12.49523,0
,76.79632,12.49489,0
,76.79607,12.49484,0
,76.79467,12.49463,0
,76.79371,12.49446,0
,76.79361,12.49445,0
,76.79307,12.49435,0
,76.79297,12.49434,0
,76.79242,12.49424,0
,76.79171,12.49404,0
,76.79157,12.49401,0
,76.79142,12.49396,0
,76.79069,12.49368,0
,76.78971,12.49322,0
,76.78934,12.49301,0
,76.78614,12.49139,0
,76.78515,12.49087,0
,76.78446,12.49053,0
,76.78366,12.49009,0
,76.78332,12.48987,0
,76.7829,12.48954,0
,76.78269,12.4894,0
,76.78211,12.48889,0
,76.7819,12.48868,0
,76.78139,12.4881,0
,76.78119,12.48784,0
,76.78027,12.48655,0
,76.77999,12.48619,0
,76.77959,12.48573,0
,76.77939,12.48554,0
,76.77907,12.48528,0
,76.7788,12.48509,0
,76.77526,12.48318,0
,76.77464,12.48283,0
,76.77214,12.48128,0
,76.77183,12.48107,0
,76.7712,12.4807,0
,76.77109,12.48062,0
,76.77026,12.48008,0
,76.76774,12.47832,0
,76.76747,12.47811,0
,76.76569,12.47688,0
,76.76553,12.47678,0
,76.76511,12.47647,0
,76.76504,12.47643,0
,76.76379,12.47555,0
,76.76353,12.47535,0
,76.76344,12.47527,0
,76.76329,12.47516,0
,76.7627,12.47464,0
,76.76226,12.47419,0
,76.76189,12.47379,0
,76.76188,12.47377,0
,76.76124,12.47321,0
,76.76121,12.47319,0
,76.76108,12.47306,0
,76.76069,12.47272,0
,76.76039,12.47242,0
,76.75998,12.47211,0
,76.75939,12.47172,0
,76.75711,12.4699,0
,76.75679,12.46963,0
,76.75602,12.46904,0
,76.75596,12.469,0
,76.75592,12.46898,0
,76.75521,12.4685,0
,76.75488,12.46831,0
,76.75455,12.46815,0
,76.75439,12.46806,0
,76.75406,12.46791,0
,76.75367,12.46775,0
,76.75255,12.46725,0
,76.75204,12.46699,0
,76.74935,12.46539,0
,76.74867,12.46496,0
,76.74793,12.46445,0
,76.74726,12.46388,0
,76.74707,12.46369,0
,76.74691,12.46351,0
,76.7464,12.46287,0
,76.74623,12.46262,0
,76.74594,12.46213,0
,76.7457,12.46166,0
,76.74406,12.45811,0
,76.74328,12.45662,0
,76.74314,12.45641,0
,76.74295,12.45609,0
,76.74275,12.4558,0
,76.74274,12.45578,0
,76.74253,12.45551,0
,76.74232,12.45527,0
,76.74202,12.45498,0
,76.74161,12.45465,0
,76.74066,12.45395,0
,76.74018,12.45357,0
,76.73988,12.45331,0
,76.73975,12.45318,0
,76.73957,12.45298,0
,76.73925,12.45258,0
,76.73813,12.45068,0
,76.73811,12.45066,0
,76.73797,12.4504,0
,76.73793,12.45035,0
,76.7379,12.45029,0
,76.73768,12.44995,0
,76.7371,12.4492,0
,76.73656,12.4486,0
,76.73649,12.44853,0
,76.73633,12.44833,0
,76.73498,12.44688,0
,76.73476,12.44662,0
,76.73473,12.44657,0
,76.73431,12.4461,0
,76.73424,12.44601,0
,76.73411,12.44589,0
,76.73408,12.44585,0
,76.73391,12.44568,0
,76.73382,12.4456,0
,76.73363,12.44545,0
,76.73357,12.44539,0
,76.73335,12.44522,0
,76.73275,12.4448,0
,76.73268,12.44474,0
,76.73163,12.44399,0
,76.7311,12.44364,0
,76.73031,12.44304,0
,76.73006,12.44289,0
,76.72983,12.44273,0
,76.7294,12.44241,0
,76.72939,12.4424,0
,76.72908,12.44221,0
,76.72889,12.44208,0
,76.72868,12.44196,0
,76.72823,12.44175,0
,76.72795,12.44164,0
,76.72794,12.44164,0
,76.72765,12.44154,0
,76.72717,12.44142,0
,76.727,12.44137,0
,76.72688,12.44133,0
,76.72617,12.44113,0
,76.72614,12.44113,0
,76.72599,12.44108,0
,76.7258,12.44103,0
,76.72576,12.44101,0
,76.72553,12.44093,0
,76.72497,12.44068,0
,76.72492,12.44065,0
,76.72483,12.44061,0
,76.72476,12.44056,0
,76.72465,12.4405,0
,76.72423,12.44021,0
,76.724,12.44001,0
,76.72384,12.43985,0
,76.72364,12.43963,0
,76.72363,12.43961,0
,76.7234,12.43936,0
,76.72339,12.43934,0
,76.72328,12.43922,0
,76.72296,12.43883,0
,76.7227,12.43854,0
,76.72265,12.43847,0
,76.72186,12.43757,0
,76.7218,12.43749,0
,76.7206,12.43609,0
,76.72049,12.43595,0
,76.72025,12.43568,0
,76.71977,12.43509,0
,76.71918,12.43443,0
,76.71908,12.43433,0
,76.71879,12.43399,0
,76.71878,12.43399,0
,76.71847,12.43361,0
,76.71716,12.43209,0
,76.71713,12.43205,0
,76.71711,12.43204,0
,76.71692,12.43182,0
,76.71676,12.43165,0
,76.71668,12.43155,0
,76.71631,12.43115,0
,76.71628,12.43111,0
,76.71628,12.4311,0
,76.71563,12.43032,0
,76.71504,12.42971,0
,76.71468,12.42939,0
,76.7145,12.42921,0
,76.71413,12.42889,0
,76.71404,12.4288,0
,76.71376,12.42857,0
,76.71358,12.42841,0
,76.71348,12.42833,0
,76.71345,12.42829,0
,76.71344,12.42829,0
,76.71335,12.4282,0
,76.71333,12.42819,0
,76.71294,12.42785,0
,76.71294,12.42784,0
,76.71282,12.42774,0
,76.71275,12.42767,0
,76.71264,12.42758,0
,76.71238,12.42733,0
,76.71224,12.42721,0
,76.71224,12.4272,0
,76.71218,12.42716,0
,76.70942,12.42464,0
,76.70932,12.42454,0
,76.70919,12.42443,0
,76.70829,12.42359,0
,76.7082,12.42352,0
,76.70811,12.42343,0
,76.70722,12.42265,0
,76.70652,12.42198,0
,76.70593,12.42147,0
,76.70583,12.42137,0
,76.70553,12.42111,0
,76.70552,12.42111,0
,76.70538,12.42097,0
,76.70444,12.42014,0
,76.70435,12.42007,0
,76.7043,12.42002,0
,76.70429,12.42,0
,76.70417,12.41989,0
,76.70415,12.41988,0
,76.70366,12.41937,0
,76.70365,12.41937,0
,76.70318,12.41896,0
,76.70273,12.41848,0
,76.70263,12.41835,0
,76.70242,12.41807,0
,76.70232,12.41792,0
,76.70214,12.41759,0
,76.70198,12.41726,0
,76.70148,12.41629,0
,76.70143,12.41619,0
,76.70139,12.41609,0
,76.70117,12.41564,0
,76.70102,12.41531,0
,76.701,12.41525,0
,76.70036,12.41403,0
,76.69984,12.41301,0
,76.69963,12.41253,0
,76.69939,12.41206,0
,76.69923,12.41178,0
,76.69901,12.41145,0
,76.69901,12.41144,0
,76.69891,12.41129,0
,76.6989,12.41129,0
,76.69879,12.41112,0
,76.69863,12.41091,0
,76.69826,12.41047,0
,76.69782,12.41005,0
,76.6976,12.40987,0
,76.69719,12.40957,0
,76.69697,12.40943,0
,76.69679,12.40933,0
,76.69668,12.40926,0
,76.69613,12.40898,0
,76.69565,12.40877,0
,76.69483,12.40849,0
,76.68771,12.4065,0
,76.68683,12.40628,0
,76.68588,12.406,0
,76.68571,12.40594,0
,76.68466,12.40567,0
,76.68454,12.40563,0
,76.68389,12.40545,0
,76.68376,12.4054,0
,76.68276,12.40511,0
,76.68275,12.40511,0
,76.68201,12.4049,0
,76.6815,12.40477,0
,76.68141,12.40474,0
,76.68137,12.40474,0
,76.67952,12.40422,0
,76.67884,12.40401,0
,76.67882,12.40401,0
,76.67855,12.40392,0
,76.67761,12.40355,0
,76.67736,12.40343,0
,76.67679,12.40311,0
,76.67652,12.40294,0
,76.67602,12.40265,0
,76.67494,12.40197,0
,76.6737,12.40125,0
,76.6732,12.40093,0
,76.67222,12.40035,0
,76.67184,12.4001,0
,76.67059,12.39936,0
,76.67026,12.39914,0
,76.66998,12.39892,0
,76.66979,12.39875,0
,76.66958,12.39853,0
,76.66934,12.39826,0
,76.66914,12.39797,0
,76.66892,12.39758,0
,76.66889,12.39749,0
,76.66885,12.39742,0
,76.66853,12.39653,0
,76.66843,12.39618,0
,76.66826,12.39568,0
,76.66762,12.39357,0
,76.66741,12.39296,0
,76.6672,12.39223,0
,76.66711,12.39182,0
,76.66711,12.39181,0
,76.66708,12.39171,0
,76.66707,12.39163,0
,76.66706,12.39163,0
,76.66706,12.39161,0
,76.66702,12.39131,0
,76.66699,12.39091,0
,76.66699,12.39074,0
,76.66692,12.38891,0
,76.66693,12.38822,0
,76.66691,12.38691,0
,76.66689,12.38656,0
,76.66686,12.38524,0
,76.66687,12.38484,0
,76.66698,12.38385,0
,76.66724,12.38215,0
,76.66725,12.38202,0
,76.66727,12.38193,0
,76.66729,12.38175,0
,76.66729,12.38169,0
,76.66735,12.38117,0
,76.66738,12.38032,0
,76.66737,12.37996,0
,76.66731,12.3792,0
,76.66727,12.37886,0
,76.66713,12.37804,0
,76.66696,12.37735,0
,76.66683,12.37691,0
,76.66667,12.37645,0
,76.66643,12.37583,0
,76.66635,12.37566,0
,76.66609,12.37501,0
,76.66597,12.37474,0
,76.66594,12.37464,0
,76.66557,12.37374,0
,76.66549,12.37357,0
,76.66528,12.37322,0
,76.66509,12.37295,0
,76.66483,12.37267,0
,76.66466,12.37251,0
,76.66434,12.37224,0
,76.66328,12.37128,0
,76.6628,12.37078,0
,76.66269,12.37064,0
,76.66267,12.37062,0
,76.66258,12.37049,0
,76.66238,12.37012,0
,76.66215,12.36954,0
,76.66204,12.36901,0
,76.662,12.36866,0
,76.66184,12.36615,0
,76.66182,12.36596,0
,76.66178,12.36533,0
,76.66178,12.36526,0
,76.66175,12.36495,0
,76.66159,12.3626,0
,76.66159,12.36212,0
,76.66163,12.36179,0
,76.66168,12.36152,0
,76.66172,12.36124,0
,76.66177,12.36105,0
,76.662,12.3599,0
,76.66205,12.35938,0
,76.66205,12.359,0
,76.6619,12.35746,0
,76.66164,12.35548,0
,76.66163,12.35548,0
,76.66162,12.35533,0
,76.66149,12.35431,0
,76.66142,12.3532,0
,76.66134,12.35235,0
,76.66129,12.35157,0
,76.66123,12.35113,0
,76.66117,12.35087,0
,76.66106,12.35049,0
,76.66095,12.35039,0
,76.66088,12.35014,0
,76.6607,12.34963,0
,76.66016,12.3478,0
,76.65998,12.34733,0
,76.6596,12.34616,0
,76.65951,12.34575,0
,76.65936,12.34524,0
,76.65891,12.34417,0
,76.65853,12.34337,0
,76.65845,12.34322,0
,76.65839,12.34306,0
,76.65825,12.34281,0
,76.65808,12.34244,0
,76.65802,12.34228,0
,76.65799,12.34208,0
,76.65799,12.342,0
,76.65801,12.34177,0
,76.65804,12.3411,0
,76.6581,12.34048,0
,76.65808,12.33981,0
,76.65798,12.33903,0
,76.65785,12.33822,0
,76.65781,12.33751,0
,76.65775,12.33417,0
,76.6578,12.33263,0
,76.65707,12.33285,0
,76.65669,12.33299,0
,76.65647,12.33299,0
,76.65643,12.33295,0
,76.65643,12.33278,0
,76.65646,12.33242,0
,76.65644,12.33236,0
,76.65647,12.3323,0
,76.65647,12.33224,0
,76.65646,12.33221,0
,76.65646,12.33219,0
,76.65644,12.33215,0
,76.65643,12.33212,0
,76.65641,12.33211,0
,76.6564,12.33209,0
,76.65638,12.33207,0
,76.65629,12.33203,0
,76.65627,12.33202,0
,76.6562,12.33202,0
,76.65617,12.33203,0
,76.65615,12.33204,0
,76.65613,12.33204,0
,76.65611,12.33205,0
,76.6561,12.33207,0
,76.65609,12.33208,0
,76.65607,12.33209,0
,76.65606,12.3321,0
,76.65604,12.33214,0
,76.65593,12.33227,0
,76.65587,12.33233,0
,76.65576,12.3324,0
,76.65566,12.33245,0
,76.65459,12.33238,0
,76.65442,12.33236,0
,76.65391,12.33238,0
,76.6532,12.33238,0
,76.65102,12.33222,0
,76.64969,12.3321,0
,76.64919,12.33204,0
,76.6486,12.33199,0
,76.64821,12.33194,0
,76.64795,12.33188,0
,76.64782,12.33184,0
,76.64767,12.33177,0
,76.64734,12.33166,0
,76.64625,12.33111,0
,76.64564,12.33072,0
,76.64565,12.33072,0
,76.64566,12.3307,0
,76.64566,12.33067,0
,76.64567,12.33067,0
,76.64567,12.33063,0
,76.64565,12.33059,0
,76.64565,12.33057,0
,76.64564,12.33057,0
,76.64564,12.33056,0
,76.64562,12.33054,0
,76.64562,12.33053,0
,76.64561,12.33053,0
,76.64561,12.33052,0
,76.64558,12.33051,0
,76.64557,12.3305,0
,76.64555,12.3305,0
,76.64554,12.33049,0
,76.64551,12.33049,0
,76.6455,12.3305,0
,76.64547,12.3305,0
,76.64547,12.33051,0
,76.64545,12.33051,0
,76.64541,12.33046,0
,76.64518,12.33004,0
,76.64508,12.3298,0
,76.64499,12.32944,0
,76.64493,12.32931,0
,76.64478,12.32877,0
,76.64472,12.3285,0
,76.64464,12.32803,0
,76.64459,12.32709,0
,76.64461,12.32665,0
,76.64464,12.32642,0
,76.64467,12.32629,0
,76.64467,12.32625,0
,76.64478,12.32562,0
,76.645,12.32488,0
,76.64527,12.32407,0
,76.64516,12.32401,0
,76.64421,12.32366,0
,76.64407,12.3236,0
,76.64363,12.32345,0
,76.64345,12.3234,0
,76.64322,12.3233,0
,76.64319,12.32328,0
,76.64293,12.32317,0
,76.64288,12.32314,0
,76.64271,12.32308,0
,76.64256,12.32304,0
,76.64242,12.32304,0
,76.64237,12.32306,0
,76.64232,12.32307,0
,76.64216,12.32314,0
,76.64186,12.32329,0
,76.64189,12.32316,0
,76.64207,12.32208,0
,76.64217,12.32179,0
,76.64218,12.32177,0
,76.64221,12.32156,0
,76.64224,12.32148,0
,76.64225,12.32144,0
,76.6423,12.319,0
,76.64232,12.31883,0
,76.64246,12.31874,0
,76.64263,12.31865,0
,76.64277,12.31856,0
,76.64295,12.31842,0
,76.64303,12.31832,0
,76.64309,12.31821,0
,76.64315,12.31808,0
,76.64319,12.31786,0
,76.64323,12.31747,0
,76.64323,12.3166,0
,76.64337,12.31653,0
,76.64339,12.3165,0
,76.64356,12.3165,0
,76.64367,12.31655,0
,76.64387,12.31671,0
,76.64473,12.31735,0
,76.6449,12.31749,0
,76.64501,12.31754,0
,76.64499,12.31759,0
,76.64499,12.31765,0
,76.64502,12.31771,0
,76.64504,12.31773,0
,76.64506,12.31773,0
,76.64508,12.31774,0
,76.6451,12.31773,0
,76.64512,12.31773,0
,76.64513,12.31771,0
,76.64514,12.31769,0
,76.64514,12.31762,0
,76.64513,12.31762,0
,76.6451,12.31757,0
,76.64507,12.31755,0
,76.64501,12.31754,0
,76.6449,12.31749,0
,76.64473,12.31735,0
,76.64387,12.31671,0
,76.64367,12.31655,0
,76.64356,12.3165,0
,76.64339,12.3165,0
,76.64334,12.31645,0
,76.64324,12.31645,0
,76.64325,12.31556,0
,76.64327,12.31534,0
,76.64327,12.31506,0
,76.64329,12.31478,0
,76.64333,12.31464,0
,76.64341,12.3145,0
,76.64354,12.31431,0
,76.64392,12.31394,0
,76.64403,12.31385,0
,76.64418,12.31375,0
,76.64427,12.31371,0
,76.64433,12.31369,0
,76.64447,12.31363,0
,76.64536,12.31332,0
,76.64629,12.31303,0
,76.6473,12.31275,0
,76.6476,12.31268,0
,76.64774,12.31262,0
,76.64786,12.31258,0
,76.64843,12.31246,0
,76.6485,12.31246,0
,76.64854,12.31245,0
,76.64858,12.31245,0
,76.64867,12.31242,0
,76.64879,12.31236,0
,76.64892,12.31227,0
,76.64893,12.31226,0
,76.64891,12.31219,0
,76.64889,12.3122,0
,76.64874,12.31222,0

,76.64874,12.31222,0
,76.6487,12.31224,0
,76.64861,12.31226,0
,76.64852,12.3123,0
,76.64848,12.31233,0
,76.64838,12.31238,0
,76.64765,12.31256,0
,76.64753,12.31259,0
,76.6477,12.31282,0
,76.64774,12.31295,0
,76.64779,12.3132,0
,76.6478,12.31332,0
,76.64778,12.31477,0
,76.64779,12.31489,0
,76.64786,12.31498,0
,76.64789,12.31535,0
,76.64792,12.31704,0
,76.64783,12.31936,0
,76.64783,12.31985,0
,76.6478,12.31985,0
,76.64778,12.31986,0
,76.64775,12.31992,0
,76.64778,12.31998,0
,76.64775,12.32001,0
,76.64773,12.32004,0
,76.64761,12.32012,0
,76.6476,12.32014,0
,76.64701,12.32088,0
,76.64641,12.32181,0
,76.6459,12.32255,0
,76.6456,12.32311,0
,76.64538,12.32369,0
,76.64527,12.32407,0
,76.645,12.32488,0
,76.64478,12.32562,0
,76.64467,12.32625,0
,76.64467,12.32629,0
,76.64464,12.32642,0
,76.64461,12.32665,0
,76.64459,12.32709,0
,76.64464,12.32803,0
,76.64472,12.3285,0
,76.64478,12.32877,0
,76.64493,12.32931,0
,76.64499,12.32944,0
,76.64508,12.3298,0
,76.64518,12.33004,0
,76.64541,12.33046,0
,76.64545,12.33051,0
,76.64545,12.33052,0
,76.64544,12.33052,0
,76.6454,12.33056,0
,76.64539,12.33059,0
,76.64538,12.3306,0
,76.64539,12.33061,0
,76.64539,12.33064,0
,76.6454,12.33065,0
,76.6454,12.33067,0
,76.64542,12.3307,0
,76.64542,12.33071,0
,76.64545,12.33074,0
,76.64545,12.33075,0
,76.64546,12.33075,0
,76.64546,12.33076,0
,76.64547,12.33076,0
,76.64548,12.33077,0
,76.64551,12.33077,0
,76.64551,12.33078,0
,76.64556,12.33078,0
,76.64556,12.33077,0
,76.64559,12.33077,0
,76.6456,12.33076,0
,76.64561,12.33076,0
,76.64562,12.33074,0
,76.64563,12.33074,0
,76.64563,12.33073,0
,76.64564,12.33072,0
,76.64625,12.33111,0
,76.64734,12.33166,0
,76.64767,12.33177,0
,76.64782,12.33184,0
,76.64795,12.33188,0
,76.64821,12.33194,0
,76.64969,12.3321,0
,76.6532,12.33238,0
,76.65391,12.33238,0
,76.65442,12.33236,0
,76.65459,12.33238,0
,76.65566,12.33245,0
,76.65576,12.3325,0
,76.65602,12.33251,0
,76.65608,12.33249,0
,76.65613,12.33246,0
,76.65617,12.33248,0
,76.65626,12.33248,0
,76.65628,12.33247,0
,76.65631,12.33247,0
,76.65633,12.33246,0
,76.65635,12.33244,0
,76.65638,12.33243,0
,76.65643,12.33238,0
,76.65647,12.3323,0
,76.65647,12.33224,0
,76.65646,12.33219,0
,76.65643,12.33212,0
,76.65641,12.33211,0
,76.65638,12.33207,0
,76.65627,12.33202,0
,76.6562,12.33202,0
,76.65615,12.33204,0
,76.65613,12.33204,0
,76.65611,12.33205,0
,76.6561,12.33207,0
,76.65609,12.33208,0
,76.65607,12.33209,0
,76.65606,12.3321,0
,76.65604,12.33214,0
,76.65593,12.33227,0
,76.65587,12.33233,0
,76.65576,12.3324,0
,76.65566,12.33245,0
,76.65459,12.33238,0
,76.65442,12.33236,0
,76.65442,12.33224,0
,76.65446,12.33194,0
,76.65444,12.33154,0
,76.65392,12.33148,0
,76.65444,12.33154,0
,76.65448,12.33118,0
,76.65662,12.33143,0
,76.65642,12.33173,0
,76.65622,12.33194,0
,76.65619,12.33198,0
,76.65613,12.33204,0
,76.65611,12.33205,0
,76.6561,12.33207,0
,76.65609,12.33208,0
,76.65607,12.33209,0
,76.65606,12.3321,0
,76.65603,12.33215,0
,76.65601,12.3322,0
,76.65601,12.33232,0
,76.65605,12.3324,0
,76.65607,12.33242,0
,76.65614,12.33247,0
,76.65617,12.33248,0
,76.65626,12.33248,0
,76.65628,12.33247,0
,76.65631,12.33247,0
,76.65633,12.33246,0
,76.65635,12.33244,0
,76.65638,12.33243,0
,76.65643,12.33238,0
,76.65646,12.33232,0
,76.65647,12.3323,0
,76.65647,12.33224,0
,76.6566,12.33164,0
,76.65663,12.33155,0
,76.65706,12.33076,0
,76.65746,12.3301,0
,76.65777,12.32953,0
,76.65796,12.32881,0
,76.65805,12.32834,0
,76.65831,12.3263,0
,76.65832,12.32626,0
,76.65833,12.32609,0
,76.65842,12.32554,0
,76.65848,12.3254,0
,76.65858,12.32524,0
,76.65864,12.32521,0
,76.65865,12.32521,0
,76.65866,12.32519,0
,76.65866,12.32518,0
,76.65867,12.32518,0
,76.65867,12.3251,0
,76.65866,12.3251,0
,76.65865,12.32508,0
,76.65865,12.32507,0
,76.65862,12.32506,0
,76.65862,12.32505,0
,76.65859,12.32505,0
,76.65857,12.32504,0
,76.65856,12.32505,0
,76.65825,12.32306,0
,76.6582,12.32281,0
,76.65816,12.32276,0
,76.65806,12.32209,0
,76.6579,12.32134,0
,76.65779,12.32067,0
,76.65782,12.32065,0
,76.65797,12.32059,0
,76.65804,12.32055,0
,76.65818,12.32045,0
,76.65828,12.32035,0
,76.65831,12.3203,0
,76.65839,12.32013,0
,76.6584,12.32007,0
,76.65842,12.32001,0
,76.65848,12.31938,0
,76.65854,12.31925,0
,76.65864,12.31909,0
,76.65909,12.31854,0
,76.65948,12.31812,0
,76.65949,12.31812,0
,76.6595,12.31813,0
,76.65952,12.31812,0
,76.65955,12.31812,0
,76.65955,12.31811,0
,76.65957,12.3181,0
,76.65958,12.31809,0
,76.65958,12.31808,0
,76.65959,12.31808,0
,76.65959,12.31806,0
,76.6596,12.31806,0
,76.6596,12.31802,0
,76.65959,12.31802,0
,76.65959,12.318,0
,76.65958,12.318,0
,76.65958,12.31799,0
,76.65954,12.31796,0
,76.65949,12.31796,0
,76.65938,12.31696,0
,76.65937,12.31692,0
,76.65937,12.31683,0
,76.65938,12.31678,0
,76.65945,12.31658,0
,76.6592,12.31391,0
,76.65922,12.3139,0
,76.65926,12.31385,0
,76.65927,12.31382,0
,76.65996,12.31355,0
,76.66018,12.31348,0
,76.66019,12.31348,0
,76.6602,12.31347,0
,76.66082,12.31326,0
,76.66104,12.31314,0
,76.66151,12.31283,0
,76.6615,12.31252,0
,76.66143,12.31164,0
,76.66141,12.31071,0
,76.66135,12.30975,0
,76.66127,12.30929,0
,76.66127,12.30925,0
,76.66131,12.30917,0
,76.66131,12.30914,0
,76.66124,12.30896,0
,76.66086,12.30812,0
,76.66084,12.30806,0
,76.66072,12.30785,0
,76.66053,12.30766,0
,76.66036,12.30747,0
,76.66044,12.30738,0
,76.66047,12.30731,0
,76.66047,12.30728,0
,76.66048,12.30725,0
,76.66048,12.30718,0
,76.66047,12.30715,0
,76.66047,12.30711,0
,76.66044,12.30705,0
,76.6604,12.30699,0
,76.66037,12.30697,0
,76.66033,12.30693,0
,76.6603,12.30691,0
,76.66017,12.30687,0
,76.66016,12.30687,0
,76.65988,12.30626,0
,76.65833,12.30341,0
,76.65807,12.30302,0
,76.65789,12.30278,0
,76.65777,12.30267,0
,76.6577,12.30262,0
,76.65669,12.30207,0
,76.65662,12.30204,0
,76.65649,12.30179,0
,76.65642,12.30163,0
,76.65641,12.30156,0
,76.65642,12.3014,0
,76.65655,12.30095,0
,76.65662,12.30088,0
,76.65672,12.30076,0
,76.65728,12.29958,0
,76.65807,12.29763,0
,76.65811,12.29755,0
,76.65817,12.29739,0
,76.65828,12.29697,0
,76.65874,12.29573,0
,76.65878,12.29559,0
,76.65881,12.29518,0
,76.65878,12.29465,0
,76.65881,12.29348,0
,76.65888,12.29227,0
,76.65883,12.29211,0
,76.65892,12.291,0
,76.659,12.28935,0
,76.65907,12.28875,0
,76.65913,12.28785,0
,76.65912,12.28749,0
,76.65913,12.28673,0
,76.65916,12.28667,0
,76.65917,12.28661,0
,76.65916,12.28551,0
,76.65915,12.28543,0
,76.65916,12.28286,0
,76.65917,12.28266,0
,76.65915,12.28038,0
,76.65917,12.27994,0
,76.65916,12.27979,0
,76.65916,12.27951,0
,76.65915,12.27935,0
,76.65913,12.27923,0
,76.65909,12.27912,0
,76.65906,12.27898,0
,76.65891,12.27849,0
,76.65883,12.27814,0
,76.65883,12.27807,0
,76.65879,12.27774,0
,76.65875,12.27708,0
,76.65858,12.27565,0
,76.65853,12.27487,0
,76.65852,12.27481,0
,76.6585,12.27433,0
,76.65846,12.27391,0
,76.65842,12.27307,0
,76.65841,12.27189,0
,76.65833,12.27142,0
,76.6583,12.27098,0
,76.65831,12.27071,0
,76.6583,12.27059,0
,76.6583,12.27041,0
,76.65826,12.27019,0
,76.65823,12.26994,0
,76.65807,12.26909,0
,76.65802,12.26905,0
,76.65798,12.26898,0
,76.65785,12.26824,0
,76.65773,12.26736,0
,76.6577,12.26723,0
,76.65769,12.26713,0
,76.65767,12.26703,0
,76.65759,12.26639,0
,76.65752,12.26559,0
,76.65727,12.26338,0
,76.65721,12.26301,0
,76.65697,12.2619,0
,76.65683,12.26018,0
,76.65684,12.25969,0
,76.65713,12.25747,0
,76.65724,12.25711,0
,76.65739,12.25675,0
,76.65755,12.25646,0
,76.65775,12.25619,0
,76.65775,12.25618,0
,76.658,12.25588,0
,76.65814,12.25573,0
,76.65834,12.25549,0
,76.65837,12.25544,0
,76.65847,12.25532,0
,76.6586,12.25511,0
,76.65872,12.25489,0
,76.65885,12.2546,0
,76.65896,12.25424,0
,76.65899,12.2541,0
,76.65899,12.25407,0
,76.65903,12.25391,0
,76.65904,12.25381,0
,76.65906,12.25372,0
,76.65906,12.25364,0
,76.65909,12.25336,0
,76.65909,12.25305,0
,76.65908,12.25291,0
,76.65888,12.25152,0
,76.65875,12.25041,0
,76.65876,12.24997,0
,76.65878,12.24981,0
,76.65885,12.24943,0
,76.6591,12.24841,0
,76.65915,12.24805,0
,76.65916,12.24804,0
,76.65934,12.24568,0
,76.65936,12.24555,0
,76.65939,12.24499,0
,76.6594,12.24494,0
,76.65941,12.24464,0
,76.65942,12.24463,0
,76.65944,12.24417,0
,76.65949,12.24363,0
,76.65957,12.24322,0
,76.65978,12.24245,0
,76.65983,12.24232,0
,76.6599,12.24209,0
,76.65999,12.24187,0
,76.66035,12.24079,0
,76.66044,12.24043,0
,76.66049,12.24014,0
,76.66052,12.23984,0
,76.66057,12.23951,0
,76.66062,12.23935,0
,76.66088,12.23883,0
,76.66097,12.23868,0
,76.66103,12.23856,0
,76.66168,12.23776,0
,76.66181,12.23756,0
,76.66189,12.23741,0
,76.66205,12.23698,0
,76.66211,12.23663,0
,76.66213,12.23636,0
,76.66221,12.23242,0
,76.66219,12.23194,0
,76.66239,12.2267,0
,76.6624,12.22663,0
,76.6624,12.22652,0
,76.66249,12.22552,0
,76.66278,12.22296,0
,76.66279,12.22274,0
,76.66277,12.22186,0
,76.66272,12.22126,0
,76.66269,12.2205,0
,76.66267,12.21441,0
,76.66271,12.21406,0
,76.66281,12.21367,0
,76.66281,12.21366,0
,76.66295,12.21337,0
,76.66377,12.21071,0
,76.66415,12.20964,0
,76.66417,12.20954,0
,76.66434,12.20892,0
,76.66441,12.20859,0
,76.6645,12.20798,0
,76.66466,12.20715,0
,76.66475,12.20629,0
,76.66482,12.20517,0
,76.66492,12.20027,0
,76.66495,12.19984,0
,76.66498,12.19961,0
,76.66506,12.19927,0
,76.66509,12.19918,0
,76.66515,12.19906,0
,76.6653,12.1987,0
,76.66622,12.19704,0
,76.6664,12.19659,0
,76.66649,12.19628,0
,76.66674,12.19522,0
,76.66675,12.19504,0
,76.66674,12.19475,0
,76.66672,12.19455,0
,76.66664,12.19422,0
,76.6665,12.19384,0
,76.66704,12.19374,0
,76.66785,12.19365,0
,76.66919,12.19367,0
,76.66935,12.19366,0
,76.6696,12.19366,0
,76.67086,12.19351,0
,76.67187,12.19332,0
,76.67264,12.19324,0
,76.67334,12.19321,0
,76.67404,12.19306,0
,76.67566,12.19298,0
,76.6774,12.19298,0
,76.679,12.19294,0
,76.67902,12.19286,0
,76.67892,12.1889,0
,76.68141,12.18894,0
,76.68143,12.18919,0
,76.68145,12.18924,0
,76.68146,12.18928,0
,76.68178,12.1899,0
,76.68187,12.19005,0
,76.68194,12.19012,0
,76.68196,12.19016,0
,76.68196,12.19019,0
,76.68206,12.19024,0
,76.68209,12.19025,0
,76.68215,12.19025,0
,76.68219,12.19024,0
,76.68224,12.19022,0
,76.68253,12.18991,0
,76.68254,12.18991,0
,76.6828,12.18965,0
,76.68343,12.18917,0
,76.68357,12.18908,0
,76.68383,12.18896,0
,76.68387,12.18893,0
,76.68425,12.1887,0
,76.68387,12.18893,0
,76.68383,12.18896,0
,76.68357,12.18908,0
,76.68343,12.18917,0
,76.6828,12.18965,0
,76.68254,12.18991,0
,76.68253,12.18991,0
,76.68224,12.19022,0
,76.68219,12.19024,0
,76.68215,12.19025,0
,76.68209,12.19025,0
,76.68206,12.19024,0
,76.68196,12.19019,0
,76.68197,12.19022,0
,76.68195,12.19036,0
,76.68192,12.19163,0
,76.6819,12.19185,0
,76.68186,12.19275,0
,76.68189,12.1928,0
,76.68196,12.19284,0
,76.68199,12.19285,0
,76.68214,12.19287,0
,76.68323,12.19288,0
,76.6833,12.19289,0
,76.68333,12.1929,0
,76.6834,12.19298,0
,76.68342,12.19309,0
,76.68186,12.19303,0
,76.6806,12.19295,0
,76.68049,12.19295,0
,76.67902,12.19286,0
,76.6786,12.19285,0
,76.6774,12.19289,0
,76.67565,12.19289,0
,76.67556,12.1929,0
,76.67402,12.19296,0
,76.67333,12.19311,0
,76.67243,12.19317,0
,76.67184,12.19323,0
,76.67123,12.19336,0
,76.66992,12.19354,0
,76.66932,12.19358,0
,76.66834,12.19357,0
,76.668,12.19355,0
,76.66773,12.19356,0
,76.66685,12.19367,0
,76.66644,12.19375,0
,76.66636,12.19379,0
,76.66639,12.19387,0
,76.6665,12.19407,0
,76.66665,12.19454,0
,76.66667,12.19474,0
,76.66667,12.19491,0
,76.66665,12.1952,0
,76.66653,12.1958,0
,76.66647,12.19606,0
,76.66632,12.19658,0
,76.66619,12.19694,0
,76.66554,12.19807,0
,76.66548,12.1982,0
,76.66524,12.19863,0
,76.66513,12.19886,0
,76.66504,12.19908,0
,76.66497,12.19929,0
,76.66486,12.19981,0
,76.66482,12.20022,0
,76.66478,12.20359,0
,76.66474,12.20457,0
,76.66475,12.20479,0
,76.66469,12.20599,0
,76.66464,12.2066,0
,76.66456,12.20722,0
,76.66431,12.20867,0
,76.66419,12.20916,0
,76.66406,12.20961,0
,76.66371,12.21062,0
,76.66347,12.21139,0
,76.66323,12.21207,0
,76.66309,12.21236,0
,76.66285,12.21298,0
,76.66283,12.21309,0
,76.66261,12.21397,0
,76.66259,12.21427,0
,76.66259,12.21645,0
,76.66261,12.21695,0
,76.6626,12.21791,0
,76.66261,12.21809,0
,76.66263,12.22107,0
,76.66268,12.22182,0
,76.66269,12.22188,0
,76.66271,12.22264,0
,76.6627,12.22282,0
,76.66263,12.22333,0
,76.66261,12.22369,0
,76.66239,12.22552,0
,76.66233,12.22624,0
,76.66211,12.23196,0
,76.66212,12.2324,0
,76.66205,12.23644,0
,76.66202,12.23664,0
,76.66195,12.23695,0
,76.66182,12.23734,0
,76.66167,12.2376,0
,76.66151,12.23784,0
,76.66112,12.23833,0
,76.66075,12.23889,0
,76.66055,12.23927,0
,76.66049,12.23945,0
,76.66044,12.23974,0
,76.66039,12.2402,0
,76.66034,12.24049,0
,76.66027,12.24074,0
,76.6597,12.24243,0
,76.65947,12.24324,0
,76.65941,12.24358,0
,76.65936,12.24406,0
,76.65919,12.2468,0
,76.65907,12.24803,0
,76.65876,12.24942,0
,76.65869,12.24989,0
,76.65867,12.25011,0
,76.65867,12.25047,0
,76.65898,12.25305,0
,76.65898,12.25344,0
,76.65896,12.25376,0
,76.65892,12.25398,0
,76.65883,12.25436,0
,76.65876,12.25455,0
,76.65862,12.25487,0
,76.65853,12.25503,0
,76.65837,12.25527,0
,76.65833,12.25536,0
,76.6581,12.25565,0
,76.65779,12.256,0
,76.65749,12.2564,0
,76.65733,12.25669,0
,76.65716,12.25709,0
,76.65707,12.25736,0
,76.65699,12.25774,0
,76.65677,12.25957,0
,76.65674,12.26003,0
,76.65674,12.26032,0
,76.65685,12.26152,0
,76.6569,12.2619,0
,76.6569,12.26194,0
,76.65717,12.26321,0
,76.6576,12.26708,0
,76.6576,12.26713,0
,76.65764,12.26737,0
,76.6577,12.26792,0
,76.65771,12.26794,0
,76.65804,12.26985,0
,76.65814,12.27038,0
,76.65822,12.27124,0
,76.65821,12.2723,0
,76.65823,12.27289,0
,76.65829,12.27303,0
,76.6584,12.27459,0
,76.65847,12.275,0
,76.65857,12.27624,0
,76.65858,12.27629,0
,76.65869,12.27748,0
,76.65878,12.27807,0
,76.65889,12.27854,0
,76.65892,12.27863,0
,76.65905,12.27914,0
,76.65909,12.27939,0
,76.65911,12.27979,0
,76.6591,12.28266,0
,76.65911,12.28287,0
,76.6591,12.28665,0
,76.65913,12.28673,0
,76.65912,12.28749,0
,76.65913,12.28785,0
,76.65907,12.28875,0
,76.659,12.28935,0
,76.65892,12.291,0
,76.65883,12.29211,0
,76.65879,12.29226,0
,76.65877,12.29302,0
,76.65874,12.29348,0
,76.65872,12.29472,0
,76.65874,12.29518,0
,76.65871,12.29559,0
,76.65867,12.29572,0
,76.65818,12.29702,0
,76.65795,12.29757,0
,76.6578,12.29799,0
,76.65716,12.29954,0
,76.6566,12.30069,0
,76.65655,12.30085,0
,76.65652,12.30085,0
,76.65648,12.30087,0
,76.65643,12.30093,0
,76.6563,12.30104,0
,76.65614,12.30115,0
,76.65593,12.30126,0
,76.65523,12.3017,0
,76.65521,12.30169,0
,76.65519,12.30167,0
,76.65518,12.30167,0
,76.65517,12.30166,0
,76.65506,12.30166,0
,76.65503,12.30167,0
,76.65495,12.30175,0
,76.65494,12.30177,0
,76.65494,12.30181,0
,76.65493,12.30182,0
,76.65493,12.30184,0
,76.65494,12.30185,0
,76.65494,12.30188,0
,76.65498,12.30194,0
,76.65499,12.30196,0
,76.65504,12.30242,0
,76.65509,12.30273,0
,76.65452,12.30276,0
,76.65307,12.30279,0
,76.65307,12.30277,0
,76.65306,12.30277,0
,76.65306,12.30275,0
,76.65305,12.30274,0
,76.65305,12.30273,0
,76.65304,12.30273,0
,76.65304,12.30272,0
,76.65302,12.30271,0
,76.653,12.30271,0
,76.653,12.3027,0
,76.65297,12.3027,0
,76.65297,12.30271,0
,76.65294,12.30271,0
,76.65294,12.30272,0
,76.65292,12.30272,0
,76.65292,12.30273,0
,76.65291,12.30273,0
,76.65289,12.30275,0
,76.65289,12.30276,0
,76.65288,12.30277,0
,76.65288,12.30284,0
,76.65289,12.30284,0
,76.65289,12.30286,0
,76.6529,12.30286,0
,76.6529,12.30287,0
,76.65292,12.30288,0
,76.65294,12.3029,0
,76.65296,12.3029,0
,76.65293,12.30309,0
,76.65284,12.30329,0
,76.65277,12.30342,0
,76.65258,12.30372,0
,76.65236,12.30412,0
,76.6523,12.30431,0
,76.65227,12.30438,0
,76.65224,12.30449,0
,76.65221,12.30477,0
,76.65221,12.30496,0
,76.65222,12.3051,0
,76.65232,12.30575,0
,76.65271,12.30731,0
,76.65287,12.30781,0
,76.65304,12.30844,0
,76.65304,12.30852,0
,76.65303,12.3086,0
,76.653,12.30862,0
,76.65296,12.30864,0
,76.65292,12.30868,0
,76.65289,12.30874,0
,76.65288,12.30878,0
,76.65288,12.30883,0
,76.65289,12.30884,0
,76.6529,12.30888,0
,76.6529,12.30889,0
,76.65293,12.30892,0
,76.65293,12.30893,0
,76.65295,12.30895,0
,76.65295,12.30907,0
,76.65293,12.30917,0
,76.65288,12.30933,0
,76.65285,12.30947,0
,76.65242,12.31087,0
,76.65242,12.31089,0
,76.65237,12.31104,0
,76.65237,12.31106,0
,76.65231,12.31122,0
,76.65206,12.31207,0
,76.65202,12.31218,0
,76.65135,12.312,0
,76.65058,12.31197,0
,76.64891,12.31219,0
,76.64889,12.3122,0
,76.64875,12.31222,0
,76.6487,12.31224,0
,76.64861,12.31226,0
,76.64852,12.3123,0
,76.64848,12.31233,0
,76.6484,12.31237,0
,76.64836,12.31224,0

,76.64836,12.31224,0
,76.64829,12.31203,0
,76.64828,12.31194,0
,76.6481,12.31101,0
,76.64805,12.31055,0
,76.64793,12.3098,0
,76.64792,12.30966,0
,76.64787,12.30932,0
,76.64629,12.30941,0
,76.64622,12.30942,0
,76.64626,12.30998,0
,76.64634,12.3107,0
,76.64635,12.31095,0
,76.64645,12.31136,0
,76.64653,12.31156,0
,76.6467,12.31178,0
,76.64674,12.31181,0
,76.64677,12.31185,0
,76.64736,12.3123,0
,76.64738,12.31233,0
,76.64742,12.31237,0
,76.64753,12.31259,0
,76.6477,12.31282,0
,76.64774,12.31295,0
,76.64779,12.3132,0
,76.6478,12.31332,0
,76.64778,12.31477,0
,76.64779,12.31489,0
,76.64786,12.31498,0
,76.64789,12.31535,0
,76.64792,12.31637,0
,76.64792,12.31704,0
,76.64783,12.31936,0
,76.64783,12.31985,0
,76.6478,12.31985,0
,76.64778,12.31986,0
,76.64775,12.31992,0
,76.64778,12.31998,0
,76.64775,12.32001,0
,76.64773,12.32004,0
,76.64761,12.32012,0
,76.6476,12.32014,0
,76.64701,12.32088,0
,76.64641,12.32181,0
,76.6459,12.32255,0
,76.6456,12.32311,0
,76.64538,12.32369,0
,76.64527,12.32407,0
,76.645,12.32488,0
,76.64478,12.32562,0
,76.64467,12.32625,0
,76.64467,12.32629,0
,76.64464,12.32642,0
,76.64461,12.32665,0
,76.64459,12.32709,0
,76.64464,12.32803,0
,76.64472,12.3285,0
,76.64478,12.32877,0
,76.64493,12.32931,0
,76.64499,12.32944,0
,76.64508,12.3298,0
,76.64518,12.33004,0
,76.64541,12.33046,0
,76.64545,12.33051,0
,76.64545,12.33052,0
,76.64544,12.33052,0
,76.6454,12.33056,0
,76.64539,12.33059,0
,76.64538,12.3306,0
,76.64539,12.33061,0
,76.64539,12.33064,0
,76.6454,12.33065,0
,76.6454,12.33067,0
,76.64542,12.3307,0
,76.64542,12.33071,0
,76.64545,12.33074,0
,76.64545,12.33075,0
,76.64546,12.33075,0
,76.64546,12.33076,0
,76.64548,12.33077,0
,76.64551,12.33077,0
,76.64551,12.33078,0
,76.64556,12.33078,0
,76.64556,12.33077,0
,76.64559,12.33077,0
,76.6456,12.33076,0
,76.64561,12.33076,0
,76.64562,12.33074,0
,76.64563,12.33074,0
,76.64563,12.33073,0
,76.64564,12.33072,0
,76.64625,12.33111,0
,76.64734,12.33166,0
,76.64767,12.33177,0
,76.64782,12.33184,0
,76.64795,12.33188,0
,76.64821,12.33194,0
,76.6486,12.33199,0
,76.64919,12.33204,0
,76.64969,12.3321,0
,76.6532,12.33238,0
,76.65391,12.33238,0
,76.65442,12.33236,0
,76.65459,12.33238,0
,76.65566,12.33245,0
,76.65576,12.3325,0
,76.65602,12.33251,0
,76.65608,12.33249,0
,76.65613,12.33246,0
,76.65617,12.33248,0
,76.65626,12.33248,0
,76.65628,12.33247,0
,76.65631,12.33247,0
,76.65633,12.33246,0
,76.65635,12.33244,0
,76.65638,12.33243,0
,76.65643,12.33238,0
,76.65647,12.3323,0
,76.65647,12.33224,0
,76.65646,12.33221,0
,76.65646,12.33219,0
,76.65644,12.33215,0
,76.65643,12.33212,0
,76.65641,12.33211,0
,76.6564,12.33209,0
,76.65638,12.33207,0
,76.65627,12.33202,0
,76.6562,12.33202,0
,76.65615,12.33204,0
,76.65613,12.33204,0
,76.65611,12.33205,0
,76.6561,12.33207,0
,76.65609,12.33208,0
,76.65607,12.33209,0
,76.65606,12.3321,0
,76.65604,12.33214,0
,76.65593,12.33227,0
,76.65587,12.33233,0
,76.65576,12.3324,0
,76.65566,12.33245,0
,76.65459,12.33238,0
,76.65442,12.33236,0
,76.65442,12.33224,0
,76.65446,12.33194,0
,76.65444,12.33154,0
,76.65392,12.33148,0
,76.65444,12.33154,0
,76.65446,12.33194,0
,76.65442,12.33224,0
,76.65442,12.33236,0
,76.65391,12.33238,0
,76.6532,12.33238,0
,76.64969,12.3321,0
,76.64919,12.33204,0
,76.6486,12.33199,0
,76.64821,12.33194,0
,76.64795,12.33188,0
,76.64782,12.33184,0
,76.64767,12.33177,0
,76.64734,12.33166,0
,76.64625,12.33111,0
,76.64564,12.33072,0
,76.64565,12.33072,0
,76.64565,12.33071,0
,76.64566,12.3307,0
,76.64566,12.33067,0
,76.64567,12.33067,0
,76.64567,12.33063,0
,76.64565,12.33059,0
,76.64565,12.33057,0
,76.64564,12.33057,0
,76.64564,12.33056,0
,76.64562,12.33054,0
,76.64562,12.33053,0
,76.64561,12.33053,0
,76.64561,12.33052,0
,76.64558,12.33051,0
,76.64557,12.3305,0
,76.64555,12.3305,0
,76.64554,12.33049,0
,76.64551,12.33049,0
,76.6455,12.3305,0
,76.64547,12.3305,0
,76.64547,12.33051,0
,76.64545,12.33051,0
,76.64545,12.33052,0
,76.64544,12.33052,0
,76.6454,12.33056,0
,76.64539,12.33059,0
,76.64538,12.3306,0
,76.6453,12.33059,0
,76.64389,12.33089,0
,76.64382,12.33092,0
,76.64377,12.33092,0
,76.64372,12.33093,0
,76.64354,12.33102,0
,76.64334,12.33116,0
,76.64322,12.3312,0
,76.64313,12.33122,0
,76.64286,12.3313,0
,76.64275,12.33132,0
,76.64271,12.33132,0
,76.64264,12.33133,0
,76.64244,12.33132,0
,76.64208,12.33134,0
,76.642,12.3311,0
,76.64194,12.33063,0
,76.64193,12.33025,0
,76.64199,12.3293,0
,76.64126,12.32888,0
,76.64123,12.32887,0
,76.64049,12.32845,0
,76.64051,12.32611,0
,76.6405,12.32606,0
,76.64049,12.32604,0
,76.64042,12.32595,0
,76.6383,12.32394,0
,76.63775,12.32337,0
,76.63686,12.32257,0
,76.63683,12.32253,0
,76.63684,12.32253,0
,76.63685,12.32251,0
,76.63686,12.3225,0
,76.63686,12.32248,0
,76.63687,12.32247,0
,76.63685,12.32241,0
,76.63684,12.3224,0
,76.63681,12.32239,0
,76.63679,12.32238,0
,76.63674,12.32239,0
,76.63671,12.32242,0
,76.63577,12.32154,0
,76.63564,12.3214,0
,76.63547,12.32125,0
,76.6354,12.32116,0
,76.63518,12.32121,0
,76.63379,12.32161,0
,76.63373,12.32138,0
,76.63321,12.31886,0
,76.63314,12.31866,0
,76.63287,12.31724,0
,76.63282,12.31656,0
,76.63281,12.31609,0
,76.63285,12.31604,0
,76.63286,12.31602,0
,76.63287,12.31594,0
,76.63291,12.3155,0
,76.63295,12.3153,0
,76.633,12.31516,0
,76.63316,12.31506,0
,76.63327,12.31496,0
,76.63377,12.31422,0
,76.63413,12.3136,0
,76.63419,12.31352,0
,76.6343,12.31341,0
,76.6345,12.31325,0
,76.63456,12.31322,0
,76.63493,12.31312,0
,76.63564,12.313,0
,76.63811,12.31242,0
,76.63848,12.31236,0
,76.63844,12.31227,0
,76.63835,12.31189,0
,76.63826,12.31138,0
,76.63751,12.30818,0
,76.63744,12.308,0
,76.63738,12.30792,0
,76.63733,12.30787,0
,76.63726,12.30778,0
,76.63697,12.30751,0
,76.63691,12.30748,0
,76.63605,12.30723,0
,76.63568,12.30717,0
,76.63531,12.30714,0
,76.63171,12.30666,0
,76.62815,12.30628,0
,76.62791,12.30619,0
,76.62725,12.30615,0
,76.62581,12.30645,0
,76.6256,12.30653,0
,76.62349,12.3079,0
,76.62325,12.30797,0
,76.62318,12.30798,0
,76.62306,12.30798,0
,76.62186,12.30774,0
,76.62143,12.30767,0
,76.62067,12.30747,0
,76.62011,12.30737,0
,76.61902,12.30721,0
,76.61898,12.3072,0
,76.61824,12.30712,0
,76.61712,12.30711,0
,76.61667,12.30713,0
,76.61604,12.30719,0
,76.6159,12.30719,0
,76.6156,12.30712,0
,76.61441,12.3067,0
,76.61406,12.30659,0
,76.61401,12.30658,0
,76.61291,12.30655,0
,76.61263,12.30649,0
,76.61223,12.30637,0
,76.61137,12.30605,0
,76.61112,12.30597,0
,76.61096,12.30593,0
,76.61068,12.3059,0
,76.60931,12.30588,0
,76.60925,12.30587,0
,76.60907,12.30587,0
,76.60808,12.30581,0
,76.60787,12.30577,0
,76.6078,12.30577,0
,76.60747,12.30571,0
,76.60464,12.30474,0
,76.60433,12.30465,0
,76.60405,12.30455,0
,76.60386,12.30451,0
,76.60376,12.3045,0
,76.60348,12.30451,0
,76.60197,12.30475,0
,76.60154,12.30484,0
,76.60141,12.30485,0
,76.60038,12.30502,0
,76.59929,12.30537,0
,76.59917,12.30542,0
,76.59894,12.30546,0
,76.59878,12.30547,0
,76.59774,12.30561,0
,76.5976,12.30562,0
,76.59684,12.30577,0
,76.59673,12.3058,0
,76.59606,12.30604,0
,76.5955,12.30621,0
,76.59545,12.30623,0
,76.59489,12.30637,0
,76.59451,12.30645,0
,76.59433,12.30648,0
,76.59419,12.3065,0
,76.59412,12.3065,0
,76.59408,12.30651,0
,76.59379,12.30651,0
,76.59362,12.3065,0
,76.59251,12.30628,0
,76.59051,12.30589,0
,76.59006,12.30577,0
,76.58943,12.30563,0
,76.58925,12.30561,0
,76.58718,12.30548,0
,76.58698,12.30545,0
,76.58172,12.305,0
,76.58046,12.30483,0
,76.58023,12.30478,0
,76.57954,12.30467,0
,76.5791,12.30458,0
,76.57857,12.3045,0
,76.57838,12.3045,0
,76.57821,12.30454,0
,76.57806,12.30456,0
,76.57593,12.30508,0
,76.57584,12.30511,0
,76.57473,12.3054,0
,76.57437,12.30551,0
,76.57406,12.30557,0
,76.574,12.30557,0
,76.57383,12.30555,0
,76.57369,12.30551,0
,76.57183,12.30476,0
,76.57166,12.30465,0
,76.57148,12.30461,0
,76.57111,12.30455,0
,76.57033,12.30455,0
,76.5703,12.30456,0
,76.56649,12.30514,0
,76.56613,12.30516,0
,76.56587,12.30516,0
,76.56569,12.30512,0
,76.56567,12.30512,0
,76.56562,12.3051,0
,76.56553,12.30508,0
,76.56545,12.30505,0
,76.56534,12.30502,0
,76.56533,12.30501,0
,76.56348,12.3044,0
,76.56342,12.30439,0
,76.56245,12.30404,0
,76.56163,12.30384,0
,76.56088,12.30369,0
,76.56039,12.30361,0
,76.56012,12.30353,0
,76.55994,12.30345,0
,76.55975,12.30334,0
,76.55949,12.30317,0
,76.5575,12.30203,0
,76.55723,12.30186,0
,76.55723,12.30185,0
,76.55657,12.30135,0
,76.55607,12.30094,0
,76.55423,12.29957,0
,76.55421,12.29956,0
,76.55378,12.29917,0
,76.55352,12.29885,0
,76.55343,12.2987,0
,76.55332,12.29854,0
,76.5532,12.29828,0
,76.55316,12.29797,0
,76.55315,12.29775,0
,76.55316,12.29659,0
,76.55317,12.29646,0
,76.55324,12.29253,0
,76.55336,12.29152,0
,76.55354,12.29029,0
,76.55352,12.28881,0
,76.55346,12.28725,0
,76.55345,12.28723,0
,76.55345,12.28691,0
,76.55342,12.28661,0
,76.55338,12.28644,0
,76.55329,12.28625,0
,76.55322,12.28613,0
,76.55308,12.28595,0
,76.55275,12.28562,0
,76.55231,12.28529,0
,76.55224,12.28526,0
,76.55089,12.28485,0
,76.55085,12.28483,0
,76.54986,12.28453,0
,76.54955,12.28441,0
,76.54704,12.2836,0
,76.54467,12.28275,0
,76.54449,12.28265,0
,76.54426,12.2825,0
,76.54414,12.28241,0
,76.54414,12.2824,0
,76.54323,12.28172,0
,76.54303,12.28155,0
,76.54279,12.28137,0
,76.5425,12.28113,0
,76.54115,12.27987,0
,76.5409,12.27962,0
,76.54079,12.27956,0
,76.54066,12.27943,0
,76.54059,12.27938,0
,76.54047,12.27933,0
,76.54032,12.27928,0
,76.54013,12.27926,0
,76.5393,12.27911,0
,76.53899,12.27908,0
,76.53871,12.27907,0
,76.5368,12.27908,0
,76.53658,12.27906,0
,76.53644,12.27903,0
,76.53633,12.27896,0
,76.53624,12.27887,0
,76.53599,12.27846,0
,76.53584,12.27826,0
,76.5358,12.27822,0
,76.53552,12.27807,0
,76.535,12.27784,0
,76.53453,12.27766,0
,76.53352,12.27723,0
,76.53273,12.27684,0
,76.5322,12.27652,0
,76.53205,12.27644,0
,76.53188,12.27638,0
,76.53173,12.27634,0
,76.53101,12.27621,0
,76.52994,12.27605,0
,76.528,12.27581,0
,76.5235,12.27583,0
,76.52329,12.27582,0
,76.5229,12.27578,0
,76.52241,12.2757,0
,76.52141,12.2755,0
,76.51805,12.27471,0
,76.51751,12.2746,0
,76.51702,12.27447,0
,76.51681,12.2744,0
,76.51663,12.27432,0
,76.51656,12.2743,0
,76.51612,12.27411,0
,76.51603,12.27406,0
,76.5159,12.274,0
,76.5157,12.27385,0
,76.51538,12.2735,0
,76.51524,12.27331,0
,76.51501,12.27295,0
,76.51478,12.27262,0
,76.51448,12.27212,0
,76.51437,12.27179,0
,76.51431,12.27151,0
,76.51428,12.27128,0
,76.51428,12.27073,0
,76.51435,12.26836,0
,76.51434,12.26813,0
,76.5143,12.26793,0
,76.51421,12.26772,0
,76.51409,12.26752,0
,76.51397,12.26738,0
,76.51355,12.26703,0
,76.5135,12.26698,0
,76.51341,12.26691,0
,76.51221,12.26586,0
,76.51094,12.26485,0
,76.51082,12.26478,0
,76.5107,12.26473,0
,76.51068,12.26473,0
,76.51052,12.2647,0
,76.51039,12.26469,0
,76.51018,12.26469,0
,76.50811,12.26487,0
,76.50779,12.26488,0
,76.50772,12.26486,0
,76.50769,12.26486,0
,76.50756,12.26477,0
,76.5075,12.26469,0
,76.50744,12.26457,0
,76.50732,12.26437,0
,76.50726,12.26429,0
,76.50718,12.26421,0
,76.50708,12.26416,0
,76.50693,12.2641,0
,76.50604,12.26393,0
,76.50571,12.26388,0
,76.50517,12.26384,0
,76.50512,12.26383,0
,76.50358,12.26379,0
,76.50329,12.26374,0
,76.50329,12.26373,0
,76.5032,12.26371,0
,76.50276,12.26356,0
,76.49584,12.26049,0
,76.49575,12.26044,0
,76.49561,12.26032,0
,76.49525,12.25996,0
,76.49466,12.25948,0
,76.49296,12.25829,0
,76.49213,12.25757,0
,76.49152,12.25695,0
,76.49145,12.25685,0
,76.49136,12.2567,0
,76.49069,12.25499,0
,76.4905,12.25459,0
,76.49035,12.25422,0
,76.48945,12.25159,0
,76.4894,12.25151,0
,76.48937,12.25145,0
,76.48919,12.25127,0
,76.48817,12.25034,0
,76.48754,12.2498,0
,76.48745,12.24971,0
,76.4873,12.24945,0
,76.48705,12.24857,0
,76.48698,12.24821,0
,76.48687,12.24779,0
,76.48682,12.2477,0
,76.48661,12.24721,0
,76.48645,12.24688,0
,76.48635,12.24672,0
,76.48629,12.24665,0
,76.484,12.24479,0
,76.48344,12.24437,0
,76.48326,12.24425,0
,76.4827,12.24399,0
,76.4815,12.24351,0
,76.48084,12.24325,0
,76.48083,12.24324,0
,76.47991,12.24288,0
,76.47897,12.24242,0
,76.47886,12.24235,0
,76.47877,12.24228,0
,76.4786,12.24208,0
,76.47825,12.24141,0
,76.47824,12.24138,0
,76.47801,12.24089,0
,76.47801,12.24088,0
,76.47714,12.23892,0
,76.47713,12.23891,0
,76.47706,12.23874,0
,76.47704,12.23872,0
,76.47634,12.23728,0
,76.47637,12.23717,0
,76.47712,12.23727,0
,76.47726,12.2373,0
,76.47755,12.23735,0
,76.47769,12.2374,0
,76.47781,12.23746,0
,76.47792,12.23753,0
,76.47806,12.23759,0
,76.47817,12.23765,0
,76.47843,12.23774,0
,76.4785,12.23773,0
,76.47864,12.23773,0
,76.47941,12.23764,0
,76.4803,12.23759,0
,76.48035,12.23758,0
,76.48081,12.23757,0
,76.48133,12.23749,0
,76.48138,12.23749,0
,76.4815,12.23747,0
,76.48226,12.23748,0
,76.48257,12.23744,0
,76.48296,12.23743,0
,76.4832,12.23747,0
,76.48328,12.2375,0
,76.48332,12.23753,0
,76.48334,12.23756,0
,76.48337,12.23757,0
,76.48355,12.23758,0
,76.48365,12.23757,0
,76.48361,12.2371,0
,76.48351,12.23671,0
,76.48361,12.2371,0
,76.48365,12.23757,0
,76.48355,12.23758,0
,76.48346,12.23757,0
,76.48337,12.23757,0
,76.48334,12.23756,0
,76.48332,12.23753,0
,76.48328,12.2375,0
,76.4832,12.23747,0
,76.48296,12.23743,0
,76.48257,12.23744,0
,76.48226,12.23748,0
,76.4815,12.23747,0
,76.48138,12.23749,0
,76.48133,12.23749,0
,76.48081,12.23757,0
,76.48035,12.23758,0
,76.4803,12.23759,0
,76.47941,12.23764,0
,76.47864,12.23773,0
,76.4785,12.23773,0
,76.47843,12.23774,0
,76.47817,12.23765,0
,76.47816,12.23765,0
,76.47806,12.23759,0
,76.47792,12.23753,0
,76.47781,12.23746,0
,76.47769,12.2374,0
,76.47755,12.23735,0
,76.47724,12.2373,0
,76.47712,12.23727,0
,76.47637,12.23717,0
,76.47634,12.23728,0
,76.4758,12.23688,0
,76.47516,12.23647,0
,76.47482,12.2363,0
,76.47474,12.23627,0
,76.47469,12.23626,0
,76.4746,12.23626,0
,76.47435,12.23629,0
,76.47299,12.23656,0
,76.47259,12.23662,0
,76.47181,12.23677,0
,76.47126,12.23694,0
,76.47081,12.23703,0
,76.47056,12.23704,0
,76.47016,12.23702,0
,76.4701,12.23701,0
,76.46906,12.237,0
,76.4687,12.23697,0
,76.46832,12.23698,0
,76.46788,12.23701,0
,76.46777,12.23701,0
,76.46736,12.23696,0
,76.46706,12.23689,0
,76.46674,12.23679,0
,76.46645,12.23673,0
,76.46551,12.23662,0
,76.46547,12.23661,0
,76.46512,12.23656,0
,76.46469,12.23654,0
,76.46452,12.23655,0
,76.46407,12.23655,0
,76.46361,12.23652,0
,76.46287,12.23661,0
,76.46282,12.23661,0
,76.46269,12.23663,0
,76.46252,12.23664,0
,76.46207,12.23663,0
,76.46191,12.23661,0
,76.46178,12.23657,0
,76.46177,12.23657,0
,76.46127,12.23638,0
,76.46112,12.23634,0
,76.45834,12.23589,0
,76.458,12.23582,0
,76.45783,12.2358,0
,76.45757,12.2358,0
,76.45688,12.23585,0
,76.45638,12.23586,0
,76.45606,12.23588,0
,76.4556,12.23588,0
,76.45559,12.23587,0
,76.45545,12.23587,0
,76.45514,12.23583,0
,76.45459,12.23571,0
,76.45361,12.23546,0
,76.45299,12.23531,0
,76.45279,12.23524,0
,76.45204,12.23502,0
,76.45195,12.235,0
,76.45152,12.23485,0
,76.45122,12.23471,0
,76.4512,12.23469,0
,76.45088,12.23448,0
,76.45063,12.23428,0
,76.45014,12.23381,0
,76.44982,12.23345,0
,76.44981,12.23345,0
,76.44962,12.23321,0
,76.44944,12.23301,0
,76.44936,12.2329,0
,76.44923,12.23275,0
,76.44911,12.23264,0
,76.44903,12.2326,0
,76.44893,12.23257,0
,76.44873,12.23253,0
,76.44696,12.23234,0
,76.44586,12.23229,0
,76.44405,12.23226,0
,76.4437,12.23223,0
,76.443,12.2322,0
,76.44134,12.23223,0
,76.43888,12.2322,0
,76.43756,12.23215,0
,76.43729,12.23216,0
,76.43596,12.23229,0
,76.43545,12.23229,0
,76.43502,12.23226,0
,76.43458,12.23215,0
,76.43405,12.23195,0
,76.43258,12.23126,0
,76.43149,12.23063,0
,76.43145,12.2306,0
,76.42931,12.22942,0
,76.42865,12.229,0
,76.42705,12.22814,0
,76.42701,12.22811,0
,76.42598,12.22758,0
,76.42522,12.22723,0
,76.42491,12.22706,0
,76.42448,12.22684,0
,76.42428,12.22672,0
,76.42313,12.2261,0
,76.42309,12.22607,0
,76.42216,12.22559,0
,76.42216,12.22558,0
,76.42203,12.22552,0
,76.42109,12.22496,0
,76.42041,12.22459,0
,76.42041,12.22458,0
,76.42025,12.2245,0
,76.42014,12.22443,0
,76.41969,12.22419,0
,76.41951,12.22408,0
,76.41921,12.22392,0
,76.41892,12.22383,0
,76.41804,12.22364,0
,76.41769,12.22358,0
,76.41694,12.2234,0
,76.41676,12.22334,0
,76.41643,12.22325,0
,76.41393,12.22248,0
,76.41392,12.22247,0
,76.41365,12.22238,0
,76.413,12.22212,0
,76.41299,12.22212,0
,76.41099,12.22148,0
,76.41054,12.22136,0
,76.41052,12.22135,0
,76.40824,12.22103,0
,76.40821,12.22102,0
,76.40513,12.22055,0
,76.4051,12.22054,0
,76.40469,12.22049,0
,76.40437,12.22043,0
,76.40176,12.22005,0
,76.40052,12.2199,0
,76.40036,12.21987,0
,76.40033,12.21986,0
,76.39979,12.21977,0
,76.39938,12.21968,0
,76.3988,12.21953,0
,76.39875,12.21951,0
,76.39853,12.21945,0
,76.39827,12.21936,0
,76.39784,12.21919,0
,76.3976,12.21908,0
,76.39738,12.21896,0
,76.39721,12.21884,0
,76.39697,12.21863,0
,76.39683,12.21846,0
,76.39677,12.21835,0
,76.39669,12.21813,0
,76.39659,12.2177,0
,76.39654,12.21738,0
,76.39647,12.21716,0
,76.39644,12.21708,0
,76.3964,12.21699,0
,76.39633,12.2169,0
,76.39628,12.21686,0
,76.39621,12.21682,0
,76.39609,12.2168,0
,76.39598,12.2168,0
,76.39593,12.21681,0
,76.39583,12.21681,0
,76.3955,12.21685,0
,76.39527,12.2169,0
,76.39489,12.21695,0
,76.39465,12.21695,0
,76.39459,12.21693,0
,76.39453,12.21692,0
,76.39412,12.21678,0
,76.39395,12.21674,0
,76.39372,12.21666,0
,76.39358,12.21659,0
,76.39351,12.21654,0
,76.39346,12.21648,0
,76.39342,12.2164,0
,76.39339,12.21628,0
,76.39338,12.21619,0
,76.39334,12.216,0
,76.39325,12.21579,0
,76.39319,12.21571,0
,76.39298,12.21547,0
,76.39271,12.21521,0
,76.39267,12.21516,0
,76.39249,12.21498,0
,76.3921,12.21464,0
,76.39168,12.21433,0
,76.39139,12.21418,0
,76.39094,12.21397,0
,76.39086,12.21394,0
,76.38863,12.21286,0
,76.38675,12.21199,0
,76.38664,12.21195,0
,76.38642,12.21182,0
,76.38635,12.21176,0
,76.38622,12.21163,0
,76.38624,12.21198,0
,76.38627,12.21552,0
,76.38626,12.21561,0
,76.38621,12.21744,0
,76.3862,12.2175,0
,76.38619,12.21789,0
,76.38616,12.21835,0
,76.38608,12.22094,0
,76.38607,12.221,0
,76.38606,12.22145,0
,76.38598,12.22295,0
,76.3859,12.22389,0
,76.38585,12.22429,0
,76.38579,12.22459,0
,76.38555,12.22582,0
,76.38554,12.2259,0
,76.38542,12.22643,0
,76.385,12.22794,0
,76.38482,12.22852,0
,76.38469,12.22888,0
,76.38453,12.22923,0
,76.38422,12.22978,0
,76.38406,12.23002,0
,76.38342,12.23123,0
,76.38332,12.23145,0
,76.38324,12.23176,0
,76.38317,12.2321,0
,76.38278,12.23441,0
,76.3824,12.23675,0
,76.38216,12.23688,0
,76.38204,12.23688,0
,76.38166,12.23692,0
,76.38145,12.23695,0
,76.38079,12.23701,0
,76.38074,12.23702,0
,76.37995,12.23709,0
,76.37982,12.23708,0
,76.37948,12.237,0
,76.37943,12.23697,0
,76.37935,12.23694,0
,76.3792,12.23684,0
,76.37902,12.23662,0
,76.37886,12.23637,0
,76.37873,12.23607,0
,76.37846,12.2352,0
,76.37842,12.2351,0
,76.37838,12.23502,0
,76.37733,12.23325,0
,76.3773,12.23319,0
,76.37631,12.2317,0
,76.37614,12.2314,0
,76.37608,12.23131,0
,76.37599,12.23121,0
,76.3759,12.23114,0
,76.37574,12.23108,0
,76.37555,12.23105,0
,76.37467,12.23104,0
,76.37429,12.23102,0
,76.37411,12.231,0
,76.37379,12.23093,0
,76.37368,12.23089,0
,76.37354,12.23082,0
,76.37293,12.23047,0
,76.37277,12.2304,0
,76.37261,12.23037,0
,76.37247,12.23036,0
,76.36974,12.23034,0
,76.36942,12.23031,0
,76.36919,12.2303,0
,76.36894,12.23027,0
,76.36864,12.23025,0
,76.36732,12.23011,0
,76.3671,12.23011,0
,76.36693,12.23014,0
,76.36628,12.23041,0
,76.36615,12.23048,0
,76.36583,12.23063,0
,76.36527,12.23092,0
,76.36516,12.23099,0
,76.36453,12.23134,0
,76.36446,12.23141,0
,76.36435,12.23149,0
,76.36424,12.2316,0
,76.36343,12.23229,0
,76.36337,12.23229,0
,76.36305,12.23256,0
,76.36278,12.23267,0
,76.36235,12.2327,0
,76.36177,12.23271,0
,76.36131,12.23276,0
,76.36053,12.23289,0
,76.36042,12.2329,0
,76.35911,12.23293,0
,76.35003,12.23276,0
,76.34956,12.23271,0
,76.34928,12.23279,0
,76.34925,12.23281,0
,76.34923,12.23283,0
,76.34921,12.23288,0
,76.3492,12.23296,0
,76.34922,12.23315,0
,76.34923,12.23388,0
,76.34918,12.23404,0
,76.34905,12.23422,0
,76.34855,12.2347,0
,76.34825,12.23491,0
,76.34822,12.23493,0
,76.34557,12.23562,0
,76.34552,12.23564,0
,76.34548,12.23567,0
,76.34495,12.23628,0
,76.34461,12.23652,0
,76.34451,12.23655,0
,76.34408,12.23662,0
,76.34381,12.23668,0
,76.34337,12.23686,0
,76.34321,12.23694,0
,76.34315,12.23695,0
,76.34248,12.23725,0
,76.34134,12.23788,0
,76.34128,12.23794,0
,76.34097,12.23809,0
,76.34005,12.23864,0
,76.33994,12.23873,0
,76.3398,12.23882,0
,76.33959,12.23899,0
,76.33888,12.23947,0
,76.33886,12.23949,0
,76.33836,12.23984,0
,76.33814,12.24006,0
,76.33761,12.24068,0
,76.33748,12.24081,0
,76.33731,12.24066,0
,76.33738,12.24056,0
,76.33731,12.24066,0
,76.33748,12.24081,0
,76.33761,12.24068,0
,76.33814,12.24006,0
,76.33836,12.23984,0
,76.33888,12.23947,0
,76.33906,12.23935,0
,76.33892,12.2391,0
,76.33854,12.23852,0
,76.33838,12.23831,0
,76.33804,12.23777,0
,76.33788,12.23742,0
,76.33753,12.23655,0
,76.33746,12.23634,0
,76.33741,12.23627,0
,76.33727,12.23594,0
,76.33706,12.23527,0
,76.33702,12.2352,0
,76.33609,12.23412,0
,76.33603,12.23408,0
,76.33596,12.23407,0
,76.33588,12.23407,0
,76.33567,12.23411,0
,76.33547,12.23416,0
,76.3351,12.23428,0
,76.33493,12.23435,0
,76.33449,12.23457,0
,76.33433,12.23464,0
,76.33396,12.23472,0
,76.33374,12.23472,0
,76.33346,12.23469,0
,76.3331,12.23462,0
,76.33284,12.23455,0
,76.33256,12.23453,0
,76.33219,12.23453,0
,76.332,12.23451,0
,76.33196,12.23451,0
,76.33174,12.23439,0
,76.33136,12.23413,0
,76.33103,12.23396,0
,76.3299,12.23349,0
,76.32847,12.233,0
,76.32843,12.23298,0
,76.32699,12.23251,0
,76.3261,12.23227,0
,76.32467,12.23197,0
,76.32463,12.23197,0
,76.3232,12.23176,0
,76.32301,12.23169,0
,76.32298,12.23168,0
,76.32286,12.23159,0
,76.32254,12.23114,0
,76.32243,12.23096,0
,76.32234,12.23089,0
,76.32233,12.23089,0
,76.32231,12.23088,0
,76.32223,12.23088,0
,76.32214,12.23093,0
,76.32206,12.23096,0
,76.32174,12.23113,0
,76.32152,12.23122,0
,76.32131,12.23122,0
,76.3213,12.23121,0
,76.32104,12.23118,0
,76.32079,12.23104,0
,76.32062,12.23084,0
,76.32028,12.23015,0
,76.3199,12.22967,0
,76.31946,12.22935,0
,76.31937,12.2293,0
,76.31912,12.22928,0
,76.31857,12.22906,0
,76.31808,12.22896,0
,76.31761,12.2289,0
,76.31609,12.22877,0
,76.31599,12.22877,0
,76.31404,12.22865,0
,76.31348,12.2286,0
,76.31273,12.22849,0
,76.31123,12.22817,0
,76.31081,12.22804,0
,76.30938,12.2274,0
,76.30904,12.2273,0
,76.30878,12.2273,0
,76.30849,12.22737,0
,76.30848,12.22738,0
,76.30822,12.22753,0
,76.30722,12.22821,0
,76.30652,12.22874,0
,76.30586,12.22916,0
,76.3055,12.22935,0
,76.30548,12.22935,0
,76.30524,12.22944,0
,76.30299,12.22965,0
,76.30234,12.22969,0
,76.30211,12.22969,0
,76.30045,12.22907,0
,76.30041,12.22907,0
,76.30012,12.22901,0
,76.29965,12.22899,0
,76.29912,12.22906,0
,76.29813,12.22927,0
,76.29664,12.2298,0
,76.29646,12.22985,0
,76.29629,12.22991,0
,76.29582,12.23005,0
,76.29565,12.23014,0
,76.29562,12.23015,0
,76.29551,12.23032,0
,76.29511,12.23082,0
,76.29501,12.2309,0
,76.2948,12.23095,0
,76.29401,12.23108,0
,76.2933,12.23122,0
,76.29288,12.23128,0
,76.28555,12.23158,0
,76.28513,12.23164,0
,76.28398,12.23192,0
,76.28359,12.232,0
,76.28336,12.23207,0
,76.28289,12.23228,0
,76.28278,12.23234,0
,76.28249,12.23244,0
,76.28177,12.2326,0
,76.2814,12.23266,0
,76.27957,12.23256,0
,76.27905,12.23251,0
,76.27842,12.23248,0
,76.27804,12.23244,0
,76.27656,12.23219,0
,76.27601,12.23203,0
,76.27596,12.23202,0
,76.27521,12.23177,0
,76.27519,12.23177,0
,76.27503,12.23171,0
,76.27465,12.23162,0
,76.27448,12.2316,0
,76.27392,12.23149,0
,76.27333,12.23257,0
,76.27323,12.23272,0
,76.27295,12.23308,0
,76.27212,12.23406,0
,76.27209,12.23411,0
,76.27196,12.23426,0
,76.27157,12.23478,0
,76.27129,12.23513,0
,76.27109,12.23533,0
,76.27107,12.23534,0
,76.27092,12.23552,0
,76.27087,12.23561,0
,76.27078,12.23573,0
,76.27069,12.23588,0
,76.2706,12.23608,0
,76.2705,12.23641,0
,76.27047,12.23658,0
,76.27046,12.23672,0
,76.27046,12.23708,0
,76.27048,12.23719,0
,76.26935,12.23733,0
,76.26826,12.23734,0
,76.26683,12.23743,0
,76.26581,12.23745,0
,76.26521,12.23743,0
,76.26485,12.23738,0
,76.26476,12.23734,0
,76.26538,12.23628,0
,76.26543,12.23617,0
,76.26547,12.236,0
,76.26548,12.23585,0
,76.26542,12.2356,0
,76.26533,12.23542,0
,76.26518,12.23517,0
,76.26481,12.23449,0
,76.26472,12.23435,0
,76.26462,12.23425,0
,76.26443,12.23414,0
,76.26349,12.23368,0
,76.26348,12.23368,0
,76.26334,12.23359,0
,76.26326,12.23355,0
,76.26158,12.2323,0
,76.25939,12.23082,0
,76.25833,12.23005,0
,76.25797,12.22981,0
,76.25795,12.22979,0
,76.25699,12.22921,0
,76.25649,12.22895,0
,76.2561,12.22872,0
,76.25599,12.22864,0
,76.25585,12.22851,0
,76.25556,12.22817,0
,76.2554,12.22796,0
,76.25471,12.22729,0
,76.25434,12.22689,0
,76.25414,12.22672,0
,76.25413,12.22672,0
,76.25401,12.22664,0
,76.25382,12.22653,0
,76.25345,12.22636,0
,76.25322,12.22622,0
,76.25198,12.22535,0
,76.25106,12.22463,0
,76.2508,12.22435,0
,76.2507,12.22415,0
,76.25067,12.22404,0
,76.25065,12.2239,0
,76.25063,12.22356,0
,76.25063,12.22333,0
,76.25065,12.22291,0
,76.25064,12.22279,0
,76.25062,12.22266,0
,76.25057,12.22248,0
,76.25053,12.22238,0
,76.2504,12.22217,0
,76.25033,12.22208,0
,76.25026,12.22203,0
,76.25003,12.2219,0
,76.24851,12.22142,0
,76.24805,12.22133,0
,76.2476,12.22127,0
,76.24722,12.22126,0
,76.24674,12.22129,0
,76.24636,12.22133,0
,76.24603,12.22135,0
,76.24568,12.22132,0
,76.24555,12.22129,0
,76.24543,12.22125,0
,76.24496,12.22103,0
,76.24403,12.22066,0
,76.24384,12.22053,0
,76.24313,12.21982,0
,76.24283,12.21957,0
,76.24172,12.21883,0
,76.24115,12.21848,0
,76.24092,12.2183,0
,76.24015,12.21764,0
,76.23996,12.21746,0
,76.23992,12.21743,0
,76.23932,12.2168,0
,76.23911,12.2165,0
,76.23883,12.21605,0
,76.23841,12.21529,0
,76.23778,12.21398,0
,76.2373,12.2127,0
,76.23722,12.21257,0
,76.23712,12.21245,0
,76.23694,12.21226,0
,76.23574,12.21116,0
,76.23552,12.21098,0
,76.2354,12.21085,0
,76.2351,12.21043,0
,76.23369,12.20814,0
,76.23296,12.20704,0
,76.23292,12.20699,0
,76.23222,12.20557,0
,76.2312,12.20372,0
,76.23105,12.20347,0
,76.23039,12.20225,0
,76.22972,12.20067,0
,76.22919,12.19872,0
,76.22906,12.19847,0
,76.22888,12.19818,0
,76.22865,12.19792,0
,76.22841,12.19768,0
,76.22804,12.19739,0
,76.22373,12.19449,0
,76.22356,12.19435,0
,76.22343,12.19419,0
,76.22337,12.19413,0
,76.22297,12.19342,0
,76.22291,12.19333,0
,76.22288,12.19326,0
,76.22255,12.19262,0
,76.22238,12.19224,0
,76.22231,12.19199,0
,76.22225,12.19167,0
,76.22212,12.19125,0
,76.22171,12.19083,0
,76.22079,12.19003,0
,76.22061,12.18991,0
,76.22049,12.18981,0
,76.2204,12.18971,0
,76.22031,12.18959,0
,76.22022,12.1894,0
,76.22014,12.1892,0
,76.22003,12.18888,0
,76.21992,12.18868,0
,76.21983,12.18856,0
,76.21969,12.18844,0
,76.21942,12.18824,0
,76.21846,12.18766,0
,76.21823,12.18755,0
,76.21776,12.1874,0
,76.21722,12.18732,0
,76.21651,12.18719,0
,76.21616,12.18708,0
,76.21589,12.18694,0
,76.21576,12.18683,0
,76.2153,12.18627,0
,76.2151,12.18606,0
,76.21486,12.18587,0
,76.21469,12.18577,0
,76.21386,12.18536,0
,76.21362,12.18528,0
,76.21345,12.18524,0
,76.21318,12.18524,0
,76.2127,12.18529,0
,76.21216,12.18528,0
,76.21192,12.18526,0
,76.21173,12.18523,0
,76.21163,12.18519,0
,76.21158,12.18518,0
,76.21125,12.185,0
,76.211,12.18482,0
,76.21086,12.1847,0
,76.21075,12.18455,0
,76.21049,12.18407,0
,76.2098,12.18247,0
,76.20938,12.18175,0
,76.20928,12.18162,0
,76.20916,12.1815,0
,76.20858,12.18111,0
,76.20846,12.18105,0
,76.20826,12.18097,0
,76.20789,12.18088,0
,76.20784,12.18086,0
,76.20699,12.18061,0
,76.2066,12.18041,0
,76.20639,12.18014,0
,76.2061,12.17966,0
,76.20582,12.17909,0
,76.20571,12.17895,0
,76.20561,12.17884,0
,76.20559,12.17881,0
,76.2051,12.17833,0
,76.20498,12.17818,0
,76.20491,12.17805,0
,76.20486,12.17791,0
,76.20477,12.17728,0
,76.20451,12.17609,0
,76.20442,12.17588,0
,76.20425,12.17559,0
,76.20359,12.17494,0
,76.20266,12.17409,0
,76.2016,12.17303,0
,76.2014,12.17291,0
,76.20055,12.17258,0
,76.19964,12.17227,0
,76.19922,12.1721,0
,76.19903,12.17199,0
,76.19889,12.17187,0
,76.19816,12.17101,0
,76.19671,12.16896,0
,76.19605,12.16807,0
,76.19671,12.16896,0
,76.19816,12.17101,0
,76.19889,12.17187,0
,76.19903,12.17199,0
,76.19909,12.17202,0
,76.19922,12.1721,0
,76.19964,12.17227,0
,76.20055,12.17258,0
,76.2014,12.17291,0
,76.2016,12.17303,0
,76.20266,12.17409,0
,76.20359,12.17494,0
,76.20425,12.17559,0
,76.20442,12.17588,0
,76.20451,12.17609,0
,76.20477,12.17728,0
,76.20486,12.17791,0
,76.20491,12.17805,0
,76.20498,12.17818,0
,76.2051,12.17833,0
,76.20559,12.17881,0
,76.20571,12.17895,0
,76.20582,12.17909,0
,76.2061,12.17966,0
,76.20639,12.18014,0
,76.2066,12.18041,0
,76.20699,12.18061,0
,76.20784,12.18086,0
,76.20789,12.18088,0
,76.20826,12.18097,0
,76.20846,12.18105,0
,76.20858,12.18111,0
,76.20916,12.1815,0
,76.20928,12.18162,0
,76.20938,12.18175,0
,76.2098,12.18247,0
,76.21049,12.18407,0
,76.21075,12.18455,0
,76.21086,12.1847,0
,76.211,12.18482,0
,76.21125,12.185,0
,76.21158,12.18518,0
,76.21163,12.18519,0
,76.21173,12.18523,0
,76.21192,12.18526,0
,76.21216,12.18528,0
,76.2127,12.18529,0
,76.21318,12.18524,0
,76.21345,12.18524,0
,76.21362,12.18528,0
,76.21386,12.18536,0
,76.21469,12.18577,0
,76.21486,12.18587,0
,76.2151,12.18606,0
,76.2153,12.18627,0
,76.21576,12.18683,0
,76.21589,12.18694,0
,76.21616,12.18708,0
,76.21651,12.18719,0
,76.21722,12.18732,0
,76.21776,12.1874,0
,76.21823,12.18755,0
,76.21846,12.18766,0
,76.21942,12.18824,0
,76.21969,12.18844,0
,76.21983,12.18856,0
,76.21992,12.18868,0
,76.22003,12.18888,0
,76.22014,12.1892,0
,76.22022,12.1894,0
,76.22031,12.18959,0
,76.2204,12.18971,0
,76.22049,12.18981,0
,76.22061,12.18991,0
,76.22079,12.19003,0
,76.22171,12.19083,0
,76.22212,12.19125,0
,76.22225,12.19167,0
,76.22231,12.19199,0
,76.22238,12.19224,0
,76.22255,12.19262,0
,76.22288,12.19326,0
,76.22291,12.19333,0
,76.22297,12.19342,0
,76.22337,12.19413,0
,76.22343,12.19419,0
,76.22356,12.19435,0
,76.22373,12.19449,0
,76.22804,12.19739,0
,76.22841,12.19768,0
,76.22865,12.19792,0
,76.22888,12.19818,0
,76.22906,12.19847,0
,76.22919,12.19872,0
,76.22972,12.20067,0
,76.23039,12.20225,0
,76.23105,12.20347,0
,76.2312,12.20372,0
,76.23222,12.20557,0
,76.23292,12.20699,0
,76.23296,12.20704,0
,76.23369,12.20814,0
,76.2351,12.21043,0
,76.2354,12.21085,0
,76.23552,12.21098,0
,76.23574,12.21116,0
,76.23694,12.21226,0
,76.23712,12.21245,0
,76.23722,12.21257,0
,76.2373,12.2127,0
,76.23778,12.21398,0
,76.23841,12.21529,0
,76.23883,12.21605,0
,76.23911,12.2165,0
,76.23932,12.2168,0
,76.23992,12.21743,0
,76.23996,12.21746,0
,76.24015,12.21764,0
,76.24092,12.2183,0
,76.24115,12.21848,0
,76.24172,12.21883,0
,76.24283,12.21957,0
,76.24313,12.21982,0
,76.24384,12.22053,0
,76.24403,12.22066,0
,76.24496,12.22103,0
,76.24543,12.22125,0
,76.24555,12.22129,0
,76.24568,12.22132,0
,76.24603,12.22135,0
,76.24636,12.22133,0
,76.24674,12.22129,0
,76.24722,12.22126,0
,76.2476,12.22127,0
,76.24805,12.22133,0
,76.24851,12.22142,0
,76.25003,12.2219,0
,76.25026,12.22203,0
,76.25033,12.22208,0
,76.2504,12.22217,0
,76.25053,12.22238,0
,76.25057,12.22248,0
,76.25062,12.22266,0
,76.25064,12.22279,0
,76.25065,12.22291,0
,76.25063,12.22333,0
,76.25063,12.22356,0
,76.25065,12.2239,0
,76.25067,12.22404,0
,76.2507,12.22415,0
,76.2508,12.22435,0
,76.25106,12.22463,0
,76.25198,12.22535,0
,76.25322,12.22622,0
,76.25345,12.22636,0
,76.25382,12.22653,0
,76.25401,12.22664,0
,76.25413,12.22672,0
,76.25414,12.22672,0
,76.25434,12.22689,0
,76.25471,12.22729,0
,76.2554,12.22796,0
,76.25556,12.22817,0
,76.25585,12.22851,0
,76.25599,12.22864,0
,76.2561,12.22872,0
,76.25649,12.22895,0
,76.25699,12.22921,0
,76.25795,12.22979,0
,76.25797,12.22981,0
,76.25833,12.23005,0
,76.25939,12.23082,0
,76.26158,12.2323,0
,76.26326,12.23355,0
,76.26334,12.23359,0
,76.26348,12.23368,0
,76.26349,12.23368,0
,76.26443,12.23414,0
,76.26462,12.23425,0
,76.26472,12.23435,0
,76.26481,12.23449,0
,76.26518,12.23517,0
,76.26533,12.23542,0
,76.26542,12.2356,0
,76.26548,12.23585,0
,76.26547,12.236,0
,76.26543,12.23617,0
,76.26538,12.23628,0
,76.26448,12.23782,0
,76.26434,12.23812,0
,76.26423,12.23845,0
,76.26418,12.23866,0
,76.26416,12.23883,0
,76.26418,12.23906,0
,76.26436,12.23992,0
,76.26452,12.24041,0
,76.2651,12.24181,0
,76.26532,12.24221,0
,76.26559,12.24266,0
,76.26582,12.24299,0
,76.26654,12.24375,0
,76.26667,12.24391,0
,76.26674,12.24403,0
,76.26683,12.24425,0
,76.26688,12.2444,0
,76.26688,12.24443,0
,76.26706,12.24502,0
,76.26705,12.24532,0
,76.26704,12.24538,0
,76.26701,12.24584,0
,76.26708,12.24646,0
,76.26717,12.24689,0
,76.26726,12.24719,0
,76.26769,12.2483,0
,76.26786,12.24856,0
,76.26788,12.24876,0
,76.26792,12.24969,0
,76.26792,12.25003,0
,76.26795,12.25047,0
,76.268,12.25093,0
,76.26808,12.25143,0
,76.26859,12.25358,0
,76.26859,12.2536,0
,76.26911,12.25549,0
,76.26916,12.25564,0
,76.26917,12.2557,0
,76.26926,12.25601,0
,76.27005,12.25897,0
,76.27015,12.2594,0
,76.27018,12.2596,0
,76.27023,12.25988,0
,76.27024,12.26,0
,76.27026,12.26011,0
,76.27034,12.26092,0
,76.27055,12.26258,0
,76.27057,12.26288,0
,76.2706,12.26304,0
,76.2706,12.26306,0
,76.27064,12.26321,0
,76.2709,12.26388,0
,76.27116,12.26439,0
,76.27121,12.26446,0
,76.2713,12.26463,0
,76.27216,12.26644,0
,76.27247,12.26716,0
,76.27253,12.26728,0
,76.27263,12.26742,0
,76.27286,12.26767,0
,76.27288,12.26768,0
,76.27463,12.2694,0
,76.27467,12.26945,0
,76.27635,12.27098,0
,76.27644,12.27104,0
,76.27656,12.2711,0
,76.27668,12.2712,0
,76.27753,12.27171,0
,76.27774,12.27187,0
,76.27798,12.2721,0
,76.27824,12.2724,0
,76.27847,12.27271,0
,76.28042,12.27516,0
,76.28146,12.27655,0
,76.28162,12.2768,0
,76.28175,12.27705,0
,76.2818,12.27713,0
,76.28232,12.27813,0
,76.28325,12.27978,0
,76.28352,12.2802,0
,76.28402,12.28104,0
,76.28445,12.2818,0
,76.28525,12.28303,0
,76.28595,12.28401,0
,76.28677,12.28528,0
,76.28723,12.28595,0
,76.28743,12.2863,0
,76.28744,12.28634,0
,76.28772,12.28704,0
,76.28776,12.28712,0
,76.28797,12.28769,0
,76.28904,12.29023,0
,76.28964,12.29181,0
,76.28983,12.29247,0
,76.28991,12.29279,0
,76.28993,12.29291,0
,76.28994,12.29308,0
,76.28995,12.29311,0
,76.28995,12.29446,0
,76.28997,12.29523,0
,76.29008,12.29701,0
,76.29016,12.29743,0
,76.29052,12.29885,0
,76.2906,12.29929,0
,76.29064,12.2996,0
,76.29065,12.29995,0
,76.29064,12.30007,0
,76.29057,12.30055,0
,76.29053,12.30074,0
,76.2905,12.30098,0
,76.2905,12.30112,0
,76.29056,12.30134,0
,76.29064,12.30198,0
,76.29067,12.30215,0
,76.29067,12.30231,0
,76.29085,12.30368,0
,76.2909,12.30422,0
,76.29088,12.30448,0
,76.29072,12.30492,0
,76.29069,12.30503,0
,76.29063,12.30561,0
,76.29062,12.30597,0
,76.29058,12.3064,0
,76.29058,12.30659,0
,76.29056,12.30698,0
,76.29052,12.30735,0
,76.29041,12.30885,0
,76.29178,12.30885,0
,76.29212,12.30882,0
,76.2922,12.30882,0
,76.29313,12.30874,0
,76.29336,12.30866,0
,76.29354,12.30857,0
,76.29433,12.3081,0
,76.29459,12.30797,0
,76.29551,12.3087,0
,76.29613,12.30928,0
,76.29624,12.3094,0
,76.2963,12.30949,0
,76.29636,12.30955,0
,76.29561,12.31008,0
,76.295,12.31047,0
,76.29421,12.31084,0
,76.2941,12.3109,0
,76.29345,12.3112,0
,76.29336,12.31125,0
,76.29241,12.31169,0

,76.29241,12.31169,0
,76.29158,12.31208,0
,76.29112,12.31224,0
,76.29084,12.31232,0
,76.29014,12.31247,0
,76.28911,12.31263,0
,76.28613,12.31317,0
,76.28256,12.31374,0
,76.28236,12.31374,0
,76.28212,12.31372,0
,76.28191,12.31367,0
,76.28163,12.31358,0
,76.28014,12.31292,0
,76.27966,12.31274,0
,76.27905,12.31247,0
,76.27867,12.31227,0
,76.2784,12.3122,0
,76.27829,12.31219,0
,76.27765,12.31225,0
,76.27544,12.31274,0
,76.27538,12.31274,0
,76.27294,12.3131,0
,76.27268,12.3131,0
,76.27235,12.31305,0
,76.27187,12.31291,0
,76.27107,12.31263,0
,76.26982,12.31226,0
,76.26894,12.31193,0
,76.26741,12.31144,0
,76.26728,12.31143,0
,76.26724,12.31141,0
,76.26704,12.31134,0
,76.26629,12.31099,0
,76.26621,12.31094,0
,76.26594,12.31081,0
,76.26574,12.31073,0
,76.26565,12.31068,0
,76.26496,12.31048,0
,76.26448,12.3104,0
,76.26388,12.31036,0
,76.26325,12.31041,0
,76.26265,12.31053,0
,76.26208,12.3107,0
,76.25826,12.31207,0
,76.25773,12.31219,0
,76.25674,12.31229,0
,76.25648,12.3123,0
,76.25646,12.31229,0
,76.25634,12.31228,0
,76.25487,12.31239,0
,76.25433,12.31247,0
,76.25404,12.31255,0
,76.2536,12.31273,0
,76.25321,12.31292,0
,76.25277,12.31318,0
,76.25246,12.31333,0
,76.2521,12.31347,0
,76.2515,12.31363,0
,76.25001,12.31394,0
,76.24998,12.31396,0
,76.24996,12.31397,0
,76.24955,12.31407,0
,76.2494,12.31413,0
,76.24906,12.31431,0
,76.24824,12.31485,0
,76.24764,12.3152,0
,76.24704,12.31545,0
,76.24638,12.31563,0
,76.24562,12.31574,0
,76.2428,12.31595,0
,76.24212,12.3159,0
,76.24181,12.31583,0
,76.24142,12.3157,0
,76.24116,12.31559,0
,76.2405,12.31518,0
,76.24017,12.31501,0
,76.23994,12.31494,0
,76.23959,12.31488,0
,76.23943,12.31487,0
,76.23647,12.31491,0
,76.23549,12.3148,0
,76.23412,12.31454,0
,76.23364,12.3145,0
,76.23274,12.31454,0
,76.23229,12.31453,0
,76.2308,12.31441,0
,76.23015,12.31441,0
,76.22978,12.31446,0
,76.2295,12.31454,0
,76.2292,12.31466,0
,76.22896,12.31478,0
,76.22877,12.3149,0
,76.22854,12.31507,0
,76.2283,12.3153,0
,76.22479,12.31932,0
,76.22383,12.32035,0
,76.2236,12.32053,0
,76.22337,12.32066,0
,76.22238,12.32103,0
,76.22177,12.32134,0
,76.22151,12.32152,0
,76.22124,12.32166,0
,76.22124,12.32167,0
,76.22117,12.32177,0
,76.22114,12.32183,0
,76.2211,12.32189,0
,76.22104,12.32202,0
,76.22101,12.32212,0
,76.22081,12.32246,0
,76.2208,12.32249,0
,76.22079,12.32249,0
,76.22078,12.32251,0
,76.22061,12.3226,0
,76.21896,12.32331,0
,76.21895,12.32331,0
,76.21876,12.32341,0
,76.21695,12.3242,0
,76.21694,12.3242,0
,76.21679,12.32426,0
,76.21669,12.32428,0
,76.21654,12.32429,0
,76.21628,12.32435,0
,76.2162,12.32439,0
,76.21611,12.32442,0
,76.21601,12.32447,0
,76.21592,12.3245,0
,76.21528,12.32481,0
,76.21521,12.32486,0
,76.21518,12.32487,0
,76.21469,12.32513,0
,76.21439,12.32525,0
,76.21425,12.32529,0
,76.2141,12.32535,0
,76.21408,12.32535,0
,76.21406,12.32536,0
,76.21402,12.32536,0
,76.214,12.32535,0
,76.21398,12.32535,0
,76.21322,12.32576,0
,76.21123,12.32665,0
,76.20983,12.32744,0
,76.20858,12.32801,0
,76.20835,12.32816,0
,76.20821,12.32828,0
,76.20813,12.32837,0
,76.20794,12.32863,0
,76.20768,12.32908,0
,76.20743,12.32956,0
,76.20722,12.32988,0
,76.20718,12.32992,0
,76.20712,12.33,0
,76.207,12.33011,0
,76.20677,12.33024,0
,76.20638,12.3304,0
,76.20587,12.33057,0
,76.20562,12.33067,0
,76.20544,12.33079,0
,76.20516,12.33102,0
,76.20428,12.33191,0
,76.20399,12.33215,0
,76.20353,12.33246,0
,76.20218,12.33345,0
,76.20187,12.33361,0
,76.20041,12.33424,0
,76.20034,12.33429,0
,76.19994,12.33451,0
,76.19837,12.3355,0
,76.19555,12.3371,0
,76.1942,12.33799,0
,76.19412,12.33803,0
,76.19378,12.33825,0
,76.19309,12.33858,0
,76.19299,12.33859,0
,76.19234,12.33881,0
,76.19077,12.33914,0
,76.18812,12.33961,0
,76.18786,12.33963,0
,76.18778,12.33929,0
,76.18777,12.33917,0
,76.18774,12.33899,0
,76.18768,12.33826,0
,76.18766,12.33823,0
,76.18764,12.33821,0
,76.18761,12.33819,0
,76.18759,12.33818,0
,76.18755,12.33817,0
,76.18709,12.33807,0
,76.18719,12.33765,0
,76.18729,12.33741,0
,76.18733,12.33725,0
,76.18734,12.33705,0
,76.18731,12.3369,0
,76.1873,12.33688,0
,76.18721,12.33655,0
,76.18722,12.3362,0
,76.18724,12.33606,0
,76.18743,12.33519,0
,76.18747,12.33507,0
,76.1876,12.33476,0
,76.18785,12.33433,0
,76.18811,12.33383,0
,76.18833,12.33347,0
,76.18851,12.33323,0
,76.18852,12.33323,0
,76.18868,12.33294,0
,76.18894,12.33223,0
,76.18922,12.3317,0
,76.18925,12.33162,0
,76.1894,12.33131,0
,76.18953,12.33099,0
,76.19048,12.32751,0
,76.1905,12.3273,0
,76.19048,12.32707,0
,76.19019,12.32579,0
,76.19003,12.32527,0
,76.18983,12.32446,0
,76.1898,12.32411,0
,76.18978,12.32349,0
,76.18979,12.32252,0
,76.18988,12.32028,0
,76.18985,12.31716,0
,76.18981,12.31653,0
,76.18972,12.31584,0
,76.18972,12.31577,0
,76.18955,12.31436,0
,76.18955,12.31429,0
,76.1895,12.31377,0
,76.18949,12.31373,0
,76.18937,12.31253,0
,76.18936,12.31251,0
,76.18913,12.31116,0
,76.18906,12.30992,0
,76.18906,12.30913,0
,76.18904,12.30904,0
,76.18903,12.30889,0
,76.18899,12.3087,0
,76.18896,12.30821,0
,76.18897,12.30817,0
,76.18895,12.30751,0
,76.18893,12.30736,0
,76.18894,12.30725,0
,76.18896,12.30717,0
,76.18902,12.30703,0
,76.18945,12.30649,0
,76.1896,12.30627,0
,76.18984,12.3058,0
,76.19025,12.30472,0
,76.19041,12.30443,0
,76.19058,12.30419,0
,76.19077,12.30398,0
,76.19079,12.30394,0
,76.19087,12.30387,0
,76.19107,12.30377,0
,76.19135,12.30365,0
,76.19144,12.3036,0
,76.19151,12.30353,0
,76.19155,12.30346,0
,76.19211,12.30193,0
,76.18966,12.30205,0
,76.18905,12.30204,0
,76.18892,12.30201,0
,76.1888,12.30197,0
,76.18819,12.30168,0
,76.18814,12.30164,0
,76.18459,12.29974,0
,76.18432,12.29966,0
,76.18425,12.29963,0
,76.17848,12.29812,0
,76.17754,12.29793,0
,76.17351,12.2974,0
,76.17093,12.29705,0
,76.17088,12.29705,0
,76.1645,12.29617,0
,76.16249,12.29596,0
,76.16247,12.29595,0
,76.1623,12.29593,0
,76.16171,12.29579,0
,76.16135,12.29568,0
,76.15742,12.29467,0
,76.1573,12.29463,0
,76.15489,12.29362,0
,76.15477,12.29355,0
,76.15466,12.2935,0
,76.15443,12.29337,0
,76.15295,12.29244,0
,76.15222,12.29203,0
,76.15171,12.29169,0
,76.15122,12.29141,0
,76.15086,12.29131,0
,76.14861,12.29111,0
,76.14779,12.29101,0
,76.14767,12.29098,0
,76.14757,12.29094,0
,76.14757,12.29093,0
,76.14741,12.29085,0
,76.14702,12.2906,0
,76.14659,12.29025,0
,76.14628,12.28997,0
,76.14496,12.28893,0
,76.14394,12.28819,0
,76.14362,12.28801,0
,76.14288,12.28772,0
,76.1399,12.28667,0
,76.13896,12.2864,0
,76.13762,12.28607,0
,76.1376,12.28606,0
,76.13536,12.28556,0
,76.12746,12.28426,0
,76.12655,12.28404,0
,76.12651,12.28402,0
,76.12148,12.2827,0
,76.12146,12.2827,0
,76.12083,12.28251,0
,76.11957,12.28208,0
,76.11866,12.28171,0
,76.11823,12.2815,0
,76.11809,12.28141,0
,76.11355,12.27778,0
,76.11342,12.27769,0
,76.11321,12.27752,0
,76.11292,12.27732,0
,76.10914,12.2752,0
,76.10903,12.27515,0
,76.10894,12.27509,0
,76.10753,12.27434,0
,76.10667,12.27392,0
,76.10619,12.27365,0
,76.1061,12.27358,0
,76.1059,12.27346,0
,76.10502,12.27273,0
,76.10485,12.27261,0
,76.10396,12.27186,0
,76.10381,12.27175,0
,76.10354,12.27151,0
,76.10329,12.27136,0
,76.10322,12.27134,0
,76.10302,12.27126,0
,76.10279,12.27119,0
,76.10091,12.27073,0
,76.10088,12.27073,0
,76.10067,12.27066,0
,76.10054,12.2706,0
,76.10049,12.27057,0
,76.1004,12.27048,0
,76.1004,12.27047,0
,76.10032,12.27035,0
,76.10025,12.27008,0
,76.10006,12.26906,0
,76.09997,12.26881,0
,76.09975,12.26836,0
,76.09938,12.26786,0
,76.09904,12.26745,0
,76.0976,12.26555,0
,76.09718,12.26496,0
,76.097,12.26467,0
,76.09697,12.26458,0
,76.09692,12.26449,0
,76.09677,12.26415,0
,76.09658,12.26381,0
,76.09647,12.26367,0
,76.09629,12.26348,0
,76.09608,12.26331,0
,76.09599,12.26325,0
,76.09581,12.26317,0
,76.09287,12.26204,0
,76.0917,12.26148,0
,76.09055,12.26084,0
,76.09026,12.26066,0
,76.09018,12.26062,0
,76.08847,12.25951,0
,76.08735,12.25863,0
,76.08709,12.25846,0
,76.08641,12.25813,0
,76.08639,12.25813,0
,76.08607,12.25801,0
,76.08594,12.25798,0
,76.08575,12.25796,0
,76.08568,12.25796,0
,76.08545,12.25799,0
,76.08473,12.25816,0
,76.08397,12.25824,0
,76.08371,12.25821,0
,76.08259,12.25801,0
,76.07995,12.25744,0
,76.07888,12.25724,0
,76.07864,12.25716,0
,76.0767,12.2568,0
,76.07471,12.25646,0
,76.07437,12.25638,0
,76.07324,12.256,0
,76.07306,12.25591,0
,76.0729,12.25584,0
,76.07261,12.25565,0
,76.07236,12.25544,0
,76.0722,12.25527,0
,76.07219,12.25525,0
,76.07179,12.25469,0
,76.07137,12.25392,0
,76.07118,12.25364,0
,76.07093,12.25334,0
,76.06969,12.25212,0
,76.06945,12.25195,0
,76.06895,12.25171,0
,76.06783,12.25124,0
,76.06753,12.25114,0
,76.06705,12.25101,0
,76.06636,12.25083,0
,76.0646,12.25026,0
,76.06459,12.25026,0
,76.06322,12.24976,0
,76.06254,12.24954,0
,76.06206,12.24936,0
,76.06158,12.24912,0
,76.06141,12.24902,0
,76.05969,12.2478,0
,76.05439,12.24384,0
,76.05437,12.24383,0
,76.05132,12.24151,0
,76.04997,12.24051,0
,76.04774,12.23898,0
,76.04702,12.23853,0
,76.04697,12.23849,0
,76.04307,12.23617,0
,76.04304,12.23616,0
,76.04117,12.23506,0
,76.04102,12.23496,0
,76.03785,12.23317,0
,76.03743,12.23298,0
,76.03729,12.23293,0
,76.03728,12.23292,0
,76.03694,12.23282,0
,76.03653,12.23273,0
,76.03134,12.23215,0
,76.03131,12.23214,0
,76.02851,12.23174,0
,76.0271,12.23144,0
,76.02677,12.23133,0
,76.02645,12.23117,0
,76.02618,12.23099,0
,76.02591,12.23075,0
,76.02557,12.23048,0
,76.02511,12.23015,0
,76.02472,12.22995,0
,76.02437,12.22986,0
,76.02384,12.22982,0
,76.02325,12.22971,0
,76.02302,12.22965,0
,76.02278,12.22955,0
,76.02258,12.22945,0
,76.02211,12.22921,0
,76.02199,12.22913,0
,76.02083,12.22848,0
,76.02063,12.22835,0
,76.01923,12.22757,0
,76.01898,12.22745,0
,76.01798,12.22709,0
,76.0156,12.22636,0
,76.01461,12.22614,0
,76.01437,12.22607,0
,76.01436,12.22607,0
,76.01378,12.22588,0
,76.01366,12.22585,0
,76.01205,12.2253,0
,76.01181,12.22524,0
,76.01165,12.22522,0
,76.01076,12.22524,0
,76.01036,12.2252,0
,76.00951,12.22522,0
,76.00515,12.22486,0
,76.00477,12.22479,0
,76.00384,12.22466,0
,76.0038,12.22466,0
,76.00349,12.22461,0
,76.00338,12.22458,0
,76.00315,12.22449,0
,76.00314,12.22449,0
,76.00288,12.22438,0
,76.00276,12.22434,0
,76.00233,12.22413,0
,76.00228,12.22409,0
,76.00212,12.224,0
,76.00073,12.22306,0
,76.00045,12.22282,0
,75.99999,12.22236,0
,75.99932,12.22183,0
,75.99886,12.22153,0
,75.99868,12.22143,0
,75.99785,12.22105,0
,75.99621,12.22039,0
,75.99521,12.21994,0
,75.9949,12.21978,0
,75.9945,12.21954,0
,75.993,12.21847,0
,75.99274,12.21831,0
,75.99229,12.21809,0
,75.99202,12.21794,0
,75.99191,12.21789,0
,75.99048,12.217,0
,75.98931,12.21637,0
,75.98866,12.21606,0
,75.98816,12.21579,0
,75.98687,12.21494,0
,75.98634,12.21455,0
,75.98588,12.21428,0
,75.98541,12.21404,0
,75.98412,12.2135,0
,75.98405,12.21348,0
,75.98385,12.21339,0
,75.98343,12.21324,0
,75.98319,12.21318,0
,75.98318,12.21317,0
,75.98308,12.21315,0
,75.98256,12.213,0
,75.98175,12.2128,0
,75.98158,12.21277,0
,75.98128,12.21267,0
,75.98102,12.21261,0
,75.98053,12.21243,0
,75.97864,12.21187,0
,75.97752,12.21157,0
,75.97731,12.2115,0
,75.97669,12.21133,0
,75.97644,12.21124,0
,75.97559,12.21096,0
,75.97489,12.2107,0
,75.97488,12.21069,0
,75.97424,12.21047,0
,75.97314,12.21017,0
,75.97312,12.21017,0
,75.97247,12.21,0
,75.97165,12.20985,0
,75.97145,12.20978,0
,75.97097,12.20955,0
,75.97063,12.20934,0
,75.97036,12.20913,0
,75.9702,12.20896,0
,75.96987,12.20854,0
,75.96931,12.20765,0
,75.96909,12.20736,0
,75.96906,12.20731,0
,75.9688,12.20704,0
,75.96807,12.20619,0
,75.96717,12.20498,0
,75.96672,12.20442,0
,75.96661,12.20432,0
,75.96641,12.20418,0
,75.96629,12.20411,0
,75.96627,12.20409,0
,75.96615,12.20404,0
,75.9652,12.20353,0
,75.96467,12.2033,0
,75.96451,12.20328,0
,75.96433,12.20328,0
,75.96223,12.20309,0
,75.96131,12.20292,0
,75.96115,12.20288,0
,75.96101,12.20283,0
,75.96088,12.20276,0
,75.96078,12.20269,0
,75.96063,12.20251,0
,75.96056,12.20237,0
,75.96053,12.20227,0
,75.96052,12.2022,0
,75.96053,12.20214,0
,75.96053,12.20196,0
,75.96058,12.20166,0
,75.96072,12.20104,0
,75.96072,12.20096,0
,75.96074,12.20085,0
,75.96074,12.20074,0
,75.96065,12.20057,0
,75.96036,12.19989,0
,75.96034,12.19982,0
,75.96014,12.19931,0
,75.95996,12.19893,0
,75.95995,12.19889,0
,75.95986,12.19873,0
,75.95947,12.19778,0
,75.95927,12.19716,0
,75.95918,12.19697,0
,75.95914,12.19692,0
,75.95901,12.19679,0
,75.95891,12.19672,0
,75.95852,12.19658,0
,75.95833,12.19653,0
,75.95804,12.19651,0
,75.95744,12.19654,0
,75.9569,12.19659,0
,75.95679,12.19659,0
,75.95669,12.19657,0
,75.95657,12.19652,0
,75.95634,12.19636,0
,75.9561,12.19606,0
,75.95518,12.19468,0
,75.95491,12.19422,0
,75.9548,12.19397,0
,75.95472,12.19372,0
,75.95446,12.19265,0
,75.95439,12.19246,0
,75.95424,12.19214,0
,75.95412,12.19193,0
,75.954,12.19176,0
,75.95361,12.19136,0
,75.95328,12.19109,0
,75.95305,12.19094,0
,75.95296,12.19087,0
,75.95113,12.18979,0
,75.95007,12.18929,0
,75.94933,12.18905,0
,75.94778,12.18873,0
,75.94738,12.18868,0
,75.9471,12.18868,0
,75.94691,12.1887,0
,75.94674,12.18873,0
,75.94651,12.1888,0
,75.9465,12.1888,0
,75.94592,12.18905,0
,75.94566,12.18913,0
,75.9444,12.18931,0
,75.94431,12.18931,0
,75.94422,12.1893,0
,75.94392,12.18921,0
,75.94355,12.18905,0
,75.94343,12.18897,0
,75.9432,12.18872,0
,75.94307,12.18855,0
,75.94296,12.18844,0
,75.94284,12.18835,0
,75.94268,12.18827,0
,75.94258,12.18824,0
,75.94247,12.18822,0
,75.94226,12.18821,0
,75.94179,12.18824,0
,75.94166,12.18823,0
,75.94134,12.18808,0
,75.94114,12.18794,0
,75.94096,12.18778,0
,75.94082,12.18762,0
,75.94063,12.18734,0
,75.94043,12.18697,0
,75.94025,12.1867,0
,75.94018,12.18663,0
,75.94016,12.1866,0
,75.94002,12.18647,0
,75.9399,12.18639,0
,75.93966,12.18628,0
,75.93877,12.186,0
,75.93687,12.18557,0
,75.93649,12.18546,0
,75.93643,12.18545,0
,75.93619,12.18536,0
,75.93611,12.18534,0
,75.93562,12.18512,0
,75.93452,12.18471,0
,75.93401,12.18456,0
,75.93352,12.18444,0
,75.93309,12.18437,0
,75.93287,12.18436,0
,75.93216,12.18437,0
,75.9318,12.18435,0
,75.93157,12.18432,0
,75.93051,12.18402,0
,75.92991,12.18389,0
,75.92881,12.1838,0
,75.9287,12.1838,0
,75.92818,12.18385,0
,75.92777,12.18393,0
,75.92743,12.18402,0
,75.92692,12.18419,0
,75.92644,12.18431,0
,75.92549,12.18443,0
,75.92459,12.18446,0
,75.92327,12.18455,0
,75.92304,12.18458,0
,75.9232,12.18545,0
,75.92318,12.1859,0
,75.92311,12.18609,0
,75.92292,12.18648,0
,75.92292,12.1865,0
,75.92282,12.18674,0
,75.92272,12.18694,0
,75.9227,12.18696,0
,75.92252,12.18734,0
,75.92227,12.18772,0
,75.92217,12.18799,0
,75.92193,12.18835,0
,75.92181,12.18861,0
,75.92096,12.18974,0
,75.9207,12.19002,0
,75.92062,12.19015,0
,75.92054,12.19062,0
,75.92047,12.19145,0
,75.9204,12.19185,0
,75.92032,12.19199,0
,75.91955,12.19279,0
,75.9192,12.1931,0
,75.91893,12.19325,0
,75.91891,12.19327,0
,75.91838,12.19343,0
,75.91825,12.19349,0
,75.91803,12.19362,0
,75.91787,12.19376,0
,75.91756,12.19417,0
,75.91727,12.19404,0
,75.91712,12.19387,0
,75.91716,12.19321,0
,75.91714,12.19314,0
,75.91712,12.19313,0
,75.91677,12.19308,0
,75.91648,12.19306,0
,75.91634,12.19302,0
,75.91555,12.19264,0
,75.91634,12.19302,0
,75.91648,12.19306,0
,75.91677,12.19308,0
,75.91712,12.19313,0
,75.91714,12.19314,0
,75.91716,12.19321,0
,75.91712,12.19387,0
,75.91727,12.19404,0
,75.91756,12.19417,0
,75.91787,12.19376,0
,75.91803,12.19362,0
,75.91825,12.19349,0
,75.91838,12.19343,0
,75.91891,12.19327,0
,75.91893,12.19325,0
,75.9192,12.1931,0
,75.91955,12.19279,0
,75.92032,12.19199,0
,75.9204,12.19185,0
,75.92047,12.19145,0
,75.92054,12.19062,0
,75.92062,12.19015,0
,75.9207,12.19002,0
,75.92096,12.18974,0
,75.92181,12.18861,0
,75.92193,12.18835,0
,75.92217,12.18799,0
,75.92227,12.18772,0
,75.92252,12.18734,0
,75.9227,12.18696,0
,75.92272,12.18694,0
,75.92282,12.18674,0
,75.92292,12.1865,0
,75.92292,12.18648,0
,75.92311,12.18609,0
,75.92318,12.1859,0
,75.9232,12.18545,0
,75.92304,12.18458,0
,75.92293,12.18459,0
,75.92225,12.1846,0
,75.92176,12.18456,0
,75.92164,12.18454,0
,75.92149,12.1845,0
,75.92128,12.18441,0
,75.92096,12.18424,0
,75.92092,12.18424,0
,75.92057,12.18409,0
,75.91991,12.18388,0
,75.91845,12.1836,0
,75.91722,12.18328,0
,75.91721,12.18328,0
,75.91643,12.18304,0
,75.91622,12.18295,0
,75.91612,12.18292,0
,75.91585,12.18277,0
,75.91553,12.18256,0
,75.91516,12.18234,0
,75.91464,12.18199,0
,75.91421,12.18174,0
,75.91383,12.18148,0
,75.91343,12.18124,0
,75.91263,12.18065,0
,75.91228,12.18032,0
,75.9117,12.17985,0
,75.91069,12.17909,0
,75.90956,12.17806,0
,75.90953,12.17804,0
,75.90939,12.17791,0
,75.90887,12.17751,0
,75.90869,12.1774,0
,75.90816,12.17716,0
,75.90786,12.17707,0
,75.90764,12.17705,0
,75.90748,12.17706,0
,75.90726,12.17711,0
,75.90648,12.17723,0
,75.90604,12.17722,0
,75.90592,12.1772,0
,75.90582,12.1772,0
,75.90572,12.17721,0
,75.90565,12.17723,0
,75.90551,12.17731,0
,75.90533,12.17744,0
,75.905,12.17761,0
,75.90473,12.17773,0
,75.90347,12.17813,0
,75.90324,12.17818,0
,75.90265,12.17816,0
,75.90252,12.17818,0
,75.90188,12.17836,0
,75.90173,12.17839,0
,75.90131,12.17843,0
,75.90115,12.17843,0
,75.90079,12.17846,0
,75.90054,12.17851,0
,75.89981,12.17852,0
,75.89838,12.17841,0
,75.8977,12.17838,0
,75.89696,12.17831,0
,75.8961,12.17816,0
,75.89588,12.1781,0
,75.89547,12.17791,0
,75.89527,12.1778,0
,75.89503,12.17762,0
,75.89465,12.17723,0
,75.89452,12.17708,0
,75.8942,12.17676,0
,75.89386,12.17648,0
,75.89363,12.17632,0
,75.89273,12.17582,0
,75.89225,12.1756,0
,75.88846,12.17428,0
,75.88797,12.17406,0
,75.8875,12.17375,0
,75.88665,12.17312,0
,75.88645,12.17295,0
,75.88575,12.17246,0
,75.88525,12.1722,0
,75.88501,12.17211,0
,75.88452,12.17201,0
,75.88441,12.172,0
,75.88433,12.17198,0
,75.8835,12.17193,0
,75.88241,12.17193,0
,75.88193,12.1719,0
,75.88158,12.17183,0
,75.88134,12.17175,0
,75.88085,12.17152,0
,75.88042,12.17125,0
,75.88019,12.17107,0
,75.88012,12.17103,0
,75.88007,12.17101,0
,75.88005,12.17101,0
,75.88001,12.17099,0
,75.87997,12.17099,0
,75.87994,12.17098,0
,75.87985,12.17098,0
,75.87982,12.17099,0
,75.87977,12.17099,0
,75.87965,12.17102,0
,75.8794,12.17106,0
,75.87914,12.17112,0
,75.87869,12.17119,0
,75.87841,12.1712,0
,75.87827,12.17116,0
,75.87814,12.17111,0
,75.878,12.17103,0
,75.87756,12.17069,0
,75.87756,12.17068,0
,75.87708,12.17027,0
,75.877,12.17022,0
,75.87661,12.16992,0
,75.87639,12.16972,0
,75.87618,12.1695,0
,75.87618,12.16949,0
,75.87617,12.16949,0
,75.87599,12.1693,0
,75.87567,12.169,0
,75.87565,12.169,0
,75.87549,12.16893,0
,75.87515,12.1689,0
,75.87493,12.16891,0
,75.87449,12.16897,0
,75.87427,12.16905,0
,75.87364,12.16943,0
,75.87336,12.16963,0
,75.87304,12.1699,0
,75.87276,12.17017,0
,75.87269,12.17022,0
,75.87249,12.1704,0
,75.87195,12.17074,0
,75.87168,12.17087,0
,75.87137,12.17098,0
,75.87119,12.17102,0
,75.87108,12.17102,0
,75.87081,12.17099,0
,75.87047,12.17091,0
,75.87032,12.17089,0
,75.8694,12.17084,0
,75.8691,12.17085,0
,75.86839,12.17098,0
,75.86796,12.1711,0
,75.86754,12.17124,0
,75.86673,12.17147,0
,75.86648,12.17151,0
,75.86608,12.17161,0
,75.86557,12.17178,0
,75.86542,12.17185,0
,75.86458,12.17241,0
,75.8641,12.17262,0
,75.86336,12.1729,0
,75.86295,12.17302,0
,75.86278,12.17307,0
,75.86262,12.17315,0
,75.86261,12.17315,0
,75.86255,12.1732,0
,75.86234,12.17347,0
,75.86224,12.17355,0
,75.86219,12.17358,0
,75.86203,12.17363,0
,75.86189,12.17363,0
,75.86184,12.17362,0
,75.86162,12.17352,0
,75.86155,12.17346,0
,75.86143,12.17329,0
,75.8614,12.17327,0
,75.86138,12.17325,0
,75.86131,12.17322,0
,75.86128,12.1732,0
,75.8602,12.173,0
,75.8591,12.17275,0
,75.85862,12.17268,0
,75.85836,12.17262,0
,75.85804,12.17252,0
,75.85774,12.17245,0
,75.85752,12.17237,0
,75.85657,12.17217,0
,75.85644,12.17216,0
,75.85606,12.17216,0
,75.85602,12.17214,0
,75.85593,12.17212,0
,75.85573,12.17201,0
,75.85548,12.17184,0
,75.85534,12.17165,0
,75.85531,12.17159,0
,75.85518,12.17133,0
,75.85508,12.17103,0
,75.85504,12.17087,0
,75.85501,12.17069,0
,75.85498,12.17057,0
,75.85487,12.17012,0
,75.85475,12.16987,0
,75.85461,12.16964,0
,75.85443,12.16941,0
,75.85422,12.16918,0
,75.85395,12.16902,0
,75.85384,12.16898,0
,75.85383,12.16897,0
,75.85372,12.16895,0
,75.85359,12.1689,0
,75.85332,12.16886,0
,75.85288,12.16885,0
,75.85265,12.16887,0
,75.85198,12.16899,0
,75.85188,12.169,0
,75.85165,12.16899,0
,75.84876,12.16841,0
,75.8483,12.1684,0
,75.84814,12.16836,0
,75.84797,12.1683,0
,75.84711,12.16789,0
,75.84693,12.16785,0
,75.84678,12.16785,0
,75.8467,12.16784,0
,75.8441,12.16801,0
,75.84399,12.16799,0
,75.84384,12.16792,0
,75.84375,12.16786,0
,75.84363,12.16775,0
,75.84308,12.1671,0
,75.84296,12.16701,0
,75.84238,12.1668,0
,75.8417,12.1665,0
,75.84112,12.16629,0
,75.84095,12.16625,0
,75.84021,12.16615,0
,75.83936,12.16609,0
,75.83911,12.16613,0
,75.83884,12.16621,0
,75.83836,12.16638,0
,75.83761,12.16661,0
,75.83726,12.1667,0
,75.83693,12.16682,0
,75.83423,12.16768,0
,75.834,12.16774,0
,75.83311,12.16787,0
,75.83287,12.16792,0
,75.83276,12.16793,0
,75.83251,12.16792,0
,75.83223,12.16793,0
,75.83149,12.16801,0
,75.83083,12.16812,0
,75.83056,12.16818,0
,75.8304,12.16819,0
,75.82869,12.16853,0
,75.82861,12.16856,0
,75.82817,12.16864,0
,75.82808,12.16867,0
,75.82744,12.1688,0
,75.82689,12.16888,0
,75.82688,12.16889,0
,75.82671,12.1689,0
,75.82649,12.16893,0
,75.82625,12.16893,0
,75.82594,12.1689,0
,75.82583,12.16887,0
,75.825,12.16886,0
,75.82472,12.16888,0
,75.82438,12.16888,0
,75.8241,12.16884,0
,75.82359,12.16869,0
,75.82274,12.16851,0
,75.82209,12.16843,0
,75.82203,12.16843,0
,75.82186,12.16841,0
,75.82163,12.16836,0
,75.82145,12.1683,0
,75.82095,12.16807,0
,75.82077,12.16793,0
,75.82042,12.16756,0
,75.82034,12.16746,0
,75.82028,12.1673,0
,75.82022,12.16671,0
,75.82022,12.16664,0
,75.8202,12.16645,0
,75.82011,12.16626,0
,75.81994,12.16602,0
,75.81986,12.16588,0
,75.81982,12.16576,0
,75.8198,12.16564,0
,75.81984,12.16502,0
,75.81963,12.16461,0
,75.81953,12.16434,0
,75.81949,12.16431,0
,75.8194,12.16427,0
,75.81934,12.16426,0
,75.81922,12.16428,0
,75.81913,12.16431,0
,75.81882,12.16446,0
,75.8187,12.16449,0
,75.81859,12.16448,0
,75.81829,12.16436,0
,75.81814,12.16437,0
,75.81793,12.16441,0
,75.81779,12.16448,0
,75.81778,12.16448,0
,75.8176,12.16458,0
,75.81752,12.16461,0
,75.81723,12.16465,0
,75.817,12.16472,0
,75.81676,12.16481,0
,75.81661,12.16485,0
,75.81649,12.16485,0
,75.81612,12.16478,0
,75.81589,12.16477,0
,75.81565,12.16481,0
,75.81564,12.16482,0
,75.81553,12.16484,0
,75.81548,12.16482,0
,75.81547,12.16482,0
,75.81507,12.1645,0
,75.8147,12.16432,0
,75.81465,12.16428,0
,75.81461,12.16422,0
,75.81461,12.16417,0
,75.81463,12.16411,0
,75.81466,12.16406,0
,75.8147,12.16403,0
,75.81496,12.16389,0
,75.8151,12.16371,0
,75.81518,12.16353,0
,75.8152,12.16345,0
,75.81518,12.16333,0
,75.81515,12.16329,0
,75.81486,12.16301,0
,75.81482,12.16295,0
,75.8148,12.16287,0
,75.81481,12.16281,0
,75.81483,12.16279,0
,75.81488,12.1627,0
,75.81499,12.16255,0
,75.81502,12.16248,0
,75.81503,12.16227,0
,75.81501,12.1621,0
,75.81495,12.16189,0
,75.81494,12.16179,0
,75.81493,12.16176,0
,75.81493,12.16174,0
,75.81491,12.16169,0
,75.81488,12.16165,0
,75.81484,12.16162,0
,75.81478,12.16159,0
,75.8147,12.16157,0
,75.81462,12.16158,0
,75.8145,12.16159,0
,75.81428,12.16165,0
,75.81421,12.16167,0
,75.81406,12.16169,0
,75.81397,12.16167,0
,75.81388,12.16164,0
,75.81379,12.16157,0
,75.81377,12.16154,0
,75.81375,12.16149,0
,75.81374,12.16137,0
,75.81375,12.16107,0
,75.81373,12.16102,0
,75.81369,12.16097,0
,75.81365,12.16094,0
,75.8136,12.16092,0
,75.8131,12.16084,0
,75.81305,12.16084,0
,75.81298,12.16086,0
,75.81295,12.16088,0
,75.81291,12.16097,0
,75.81287,12.16112,0
,75.81284,12.16116,0
,75.81279,12.16118,0
,75.81278,12.16118,0
,75.8126,12.1611,0
,75.81253,12.16109,0
,75.81248,12.16109,0
,75.81236,12.16111,0
,75.81214,12.16119,0
,75.8121,12.16122,0
,75.81194,12.16131,0
,75.81157,12.16161,0
,75.81149,12.16171,0
,75.81146,12.16181,0
,75.81143,12.162,0
,75.81141,12.16207,0
,75.81142,12.16234,0
,75.81141,12.16236,0
,75.81141,12.16237,0
,75.81137,12.16241,0
,75.81132,12.16243,0
,75.81128,12.16241,0
,75.81118,12.16228,0
,75.81108,12.16208,0
,75.81099,12.16197,0
,75.81079,12.16185,0
,75.81017,12.16164,0
,75.80991,12.16157,0
,75.80981,12.16156,0
,75.80968,12.16159,0
,75.80956,12.16165,0
,75.80936,12.1618,0
,75.80927,12.16182,0
,75.80918,12.16182,0
,75.80915,12.16181,0
,75.80911,12.16175,0
,75.80911,12.1617,0
,75.80924,12.1615,0
,75.80927,12.16138,0
,75.80927,12.16126,0
,75.80923,12.16098,0
,75.80931,12.16061,0
,75.80931,12.16053,0
,75.8093,12.16048,0
,75.80927,12.1604,0
,75.80916,12.1602,0
,75.80915,12.16015,0
,75.80916,12.16008,0
,75.80922,12.15987,0
,75.80925,12.15972,0
,75.80926,12.15956,0
,75.80925,12.15941,0
,75.80907,12.15898,0
,75.80904,12.15888,0
,75.80885,12.15808,0
,75.80874,12.15778,0
,75.80851,12.15736,0
,75.80811,12.15675,0
,75.80778,12.15615,0
,75.80773,12.15608,0
,75.80768,12.15603,0
,75.80759,12.15596,0
,75.80751,12.15592,0
,75.80742,12.15589,0
,75.80706,12.15584,0
,75.80692,12.15586,0
,75.80687,12.15586,0
,75.80675,12.15591,0
,75.80633,12.15624,0
,75.80621,12.15641,0
,75.80605,12.15677,0
,75.806,12.15675,0
,75.80596,12.15672,0
,75.80594,12.15668,0
,75.80593,12.15664,0
,75.80592,12.15654,0
,75.80579,12.15594,0
,75.80576,12.15584,0
,75.80565,12.15529,0
,75.80562,12.15522,0
,75.80552,12.15512,0
,75.80529,12.15501,0
,75.80466,12.15477,0
,75.80446,12.15466,0
,75.80441,12.15461,0
,75.80439,12.1546,0
,75.804,12.15424,0
,75.80342,12.15379,0
,75.80316,12.15355,0
,75.80294,12.15339,0
,75.80274,12.15331,0
,75.80218,12.15322,0
,75.80201,12.15319,0
,75.80172,12.15307,0
,75.80157,12.15298,0
,75.80148,12.15289,0
,75.80083,12.1518,0
,75.80059,12.15145,0
,75.80032,12.15099,0
,75.80015,12.15062,0
,75.80015,12.1506,0
,75.80003,12.15019,0
,75.79995,12.15008,0
,75.79958,12.14976,0
,75.79935,12.14946,0
,75.7992,12.14907,0
,75.79904,12.14847,0
,75.79886,12.1481,0
,75.79883,12.14802,0
,75.79859,12.14763,0
,75.79827,12.14693,0
,75.79753,12.14513,0
,75.7975,12.1451,0
,75.79744,12.14499,0
,75.79743,12.14499,0
,75.79736,12.14492,0
,75.79725,12.14485,0
,75.79712,12.14479,0
,75.79659,12.14464,0
,75.79642,12.14461,0
,75.79622,12.14459,0
,75.79572,12.14458,0
,75.7955,12.14448,0
,75.79522,12.14439,0
,75.79507,12.14433,0
,75.79491,12.14422,0
,75.79482,12.14413,0
,75.79469,12.14395,0
,75.79467,12.14391,0
,75.79466,12.14386,0
,75.79466,12.14378,0
,75.79472,12.14361,0
,75.79474,12.14358,0
,75.79481,12.14343,0
,75.79487,12.14335,0
,75.79492,12.1433,0
,75.79499,12.14328,0
,75.79512,12.14328,0
,75.79521,12.14329,0
,75.79529,12.14329,0
,75.79534,12.14328,0
,75.79548,12.14323,0
,75.79552,12.1432,0
,75.79565,12.14313,0
,75.79574,12.14306,0
,75.79579,12.14301,0
,75.79582,12.14297,0
,75.79585,12.1429,0
,75.79585,12.14283,0
,75.79583,12.14277,0
,75.79577,12.14268,0
,75.79539,12.14228,0
,75.79527,12.14219,0
,75.7951,12.14211,0
,75.79491,12.14204,0
,75.79483,12.14199,0
,75.79476,12.14193,0
,75.79466,12.14181,0
,75.79462,12.14174,0
,75.7946,12.14164,0
,75.79458,12.1416,0
,75.79454,12.14133,0
,75.79448,12.14113,0
,75.79429,12.1408,0
,75.79422,12.14067,0
,75.79403,12.14041,0
,75.79359,12.13997,0
,75.79348,12.13991,0
,75.79331,12.13986,0
,75.79324,12.1398,0
,75.79321,12.13975,0
,75.79316,12.13956,0
,75.79316,12.13946,0
,75.79318,12.13938,0
,75.79322,12.1393,0
,75.79336,12.13918,0
,75.79359,12.13901,0
,75.79363,12.13897,0
,75.79366,12.13891,0
,75.79366,12.13885,0
,75.79365,12.1388,0
,75.79362,12.13874,0
,75.79336,12.1385,0
,75.79333,12.13844,0
,75.79326,12.13823,0
,75.79321,12.13814,0
,75.79319,12.13804,0
,75.7932,12.13792,0
,75.79325,12.13785,0
,75.79337,12.13778,0
,75.79355,12.13772,0
,75.79392,12.13765,0
,75.79406,12.1376,0
,75.79414,12.13758,0
,75.79423,12.13758,0
,75.7943,12.13759,0
,75.79438,12.13762,0
,75.79443,12.13767,0
,75.79449,12.13781,0
,75.79452,12.13786,0
,75.79456,12.13789,0
,75.7946,12.1379,0
,75.79464,12.13791,0
,75.79482,12.13791,0
,75.79515,12.13784,0
,75.79533,12.13778,0
,75.79542,12.13774,0
,75.79548,12.1377,0
,75.79554,12.13763,0
,75.79558,12.13752,0
,75.7956,12.13741,0
,75.79568,12.13727,0
,75.79602,12.13691,0
,75.79605,12.13685,0
,75.79606,12.1368,0
,75.79605,12.13675,0
,75.79605,12.1367,0
,75.79584,12.13641,0
,75.7958,12.13634,0
,75.79579,12.13627,0
,75.79579,12.13622,0
,75.79581,12.13617,0
,75.79582,12.13617,0
,75.79584,12.13614,0
,75.79588,12.13611,0
,75.79611,12.13608,0
,75.7969,12.13604,0
,75.79706,12.136,0
,75.79714,12.13599,0
,75.79731,12.13592,0
,75.79736,12.13588,0
,75.79745,12.13578,0
,75.79752,12.13563,0
,75.79757,12.13556,0
,75.79765,12.13548,0
,75.79803,12.13524,0
,75.79813,12.13516,0
,75.79828,12.13499,0
,75.79828,12.13497,0
,75.7983,12.13492,0
,75.79838,12.13478,0
,75.79854,12.13459,0
,75.79873,12.1344,0
,75.79875,12.13437,0
,75.79893,12.13421,0
,75.799,12.13416,0
,75.79987,12.13343,0
,75.79996,12.13332,0
,75.80012,12.13309,0
,75.80015,12.13302,0
,75.80016,12.13297,0
,75.80016,12.13291,0
,75.80013,12.13284,0
,75.80009,12.13278,0
,75.80002,12.1327,0
,75.79999,12.13263,0
,75.79998,12.13255,0
,75.79998,12.13219,0
,75.79995,12.13213,0
,75.79993,12.13211,0
,75.7999,12.1321,0
,75.79982,12.1321,0
,75.79974,12.13214,0
,75.79963,12.13221,0
,75.79956,12.13224,0
,75.79951,12.13225,0
,75.79945,12.13225,0
,75.79935,12.13223,0
,75.79914,12.13216,0
,75.79913,12.13216,0
,75.79902,12.13209,0
,75.79898,12.13204,0
,75.79896,12.132,0
,75.79895,12.13196,0
,75.79896,12.1319,0
,75.79904,12.13178,0
,75.79913,12.13161,0
,75.79915,12.13147,0
,75.79914,12.13142,0
,75.79914,12.13138,0
,75.79912,12.13136,0
,75.79911,12.13132,0
,75.79904,12.13128,0
,75.79879,12.13129,0
,75.79867,12.13127,0
,75.79861,12.13122,0
,75.79862,12.1311,0
,75.79867,12.13089,0
,75.79868,12.13079,0
,75.79867,12.13076,0
,75.79867,12.13074,0
,75.79859,12.13055,0
,75.79858,12.13051,0
,75.79858,12.13047,0
,75.79859,12.1304,0
,75.7986,12.13036,0
,75.79863,12.13031,0
,75.79867,12.13026,0
,75.79867,12.13024,0
,75.79869,12.13021,0
,75.79871,12.13014,0
,75.79871,12.13005,0
,75.79869,12.13003,0
,75.79867,12.12999,0
,75.79863,12.12997,0
,75.79855,12.12997,0
,75.79837,12.13005,0
,75.79821,12.13016,0
,75.7981,12.13019,0
,75.79792,12.13019,0
,75.7979,12.13018,0
,75.79769,12.13012,0
,75.79753,12.13009,0
,75.79749,12.13009,0
,75.79722,12.13019,0
,75.79715,12.1302,0
,75.79706,12.1302,0
,75.79699,12.13019,0
,75.79693,12.13017,0
,75.79683,12.13011,0
,75.79667,12.13005,0
,75.79617,12.13001,0
,75.7958,12.12993,0
,75.79561,12.12977,0
,75.79544,12.12955,0
,75.79533,12.12935,0
,75.79475,12.12822,0
,75.79474,12.12819,0
,75.79462,12.12798,0
,75.79456,12.12791,0
,75.79445,12.12785,0
,75.7942,12.12777,0
,75.79402,12.12773,0
,75.79381,12.12773,0
,75.79375,12.12774,0
,75.79367,12.12778,0
,75.79366,12.12778,0
,75.79319,12.12812,0
,75.7931,12.12817,0
,75.79305,12.12817,0
,75.79304,12.12818,0
,75.79296,12.12818,0
,75.79289,12.12817,0
,75.79287,12.12816,0
,75.79247,12.12807,0
,75.79239,12.12804,0
,75.79218,12.12792,0
,75.7921,12.12786,0
,75.79207,12.12781,0
,75.79207,12.12779,0
,75.79205,12.12774,0
,75.79204,12.12761,0
,75.79203,12.12757,0
,75.792,12.12755,0
,75.79197,12.12752,0
,75.79186,12.1275,0
,75.7918,12.1275,0
,75.79165,12.12746,0
,75.79156,12.12741,0
,75.79149,12.12731,0
,75.79138,12.1271,0
,75.7912,12.12679,0
,75.79119,12.12679,0
,75.79111,12.12667,0
,75.79094,12.12653,0
,75.79074,12.12645,0
,75.79065,12.12643,0
,75.79056,12.12642,0
,75.79046,12.12642,0
,75.79038,12.12644,0
,75.7903,12.12648,0
,75.7902,12.12657,0
,75.79007,12.12673,0
,75.78977,12.12704,0
,75.7897,12.12709,0
,75.78963,12.12712,0
,75.7895,12.12715,0
,75.78921,12.12715,0
,75.7891,12.12713,0
,75.78892,12.12706,0
,75.78869,12.12693,0
,75.78864,12.12689,0
,75.78852,12.12687,0
,75.78849,12.12686,0
,75.7884,12.12687,0
,75.7879,12.12698,0
,75.78761,12.12699,0
,75.78743,12.12696,0
,75.78737,12.12694,0
,75.78727,12.12689,0
,75.78713,12.1268,0
,75.78688,12.12668,0
,75.78668,12.12662,0
,75.78642,12.12656,0
,75.78634,12.12656,0
,75.78605,12.12659,0
,75.78595,12.12659,0
,75.78581,12.12656,0
,75.78575,12.12654,0
,75.78569,12.12649,0
,75.78564,12.12642,0
,75.78561,12.12635,0
,75.78556,12.12617,0
,75.78556,12.12608,0
,75.78558,12.12602,0
,75.78563,12.12596,0
,75.78571,12.12592,0
,75.78586,12.12579,0
,75.78591,12.12562,0
,75.78591,12.12556,0
,75.78587,12.12544,0
,75.78584,12.12538,0
,75.78559,12.12518,0
,75.78538,12.12505,0
,75.78532,12.12498,0
,75.78532,12.12497,0
,75.78528,12.12491,0
,75.78528,12.1249,0
,75.7853,12.12483,0
,75.78535,12.12476,0
,75.78545,12.12465,0
,75.78553,12.12454,0
,75.78554,12.1245,0
,75.78554,12.1244,0
,75.78553,12.12434,0
,75.78541,12.1241,0
,75.78541,12.12403,0
,75.78545,12.12395,0
,75.78549,12.1239,0
,75.78554,12.12382,0
,75.78558,12.12371,0
,75.78558,12.12362,0
,75.78554,12.12353,0
,75.78546,12.12343,0
,75.78528,12.12326,0
,75.78523,12.12318,0
,75.78519,12.12308,0
,75.78517,12.123,0
,75.78517,12.12293,0
,75.78518,12.12288,0
,75.78518,12.12284,0
,75.78519,12.12283,0
,75.78522,12.12271,0
,75.78524,12.12258,0
,75.78527,12.12247,0
,75.78529,12.12235,0
,75.78532,12.12225,0
,75.78541,12.12205,0
,75.78544,12.12196,0
,75.78572,12.12131,0
,75.7858,12.12127,0
,75.78596,12.12121,0
,75.78609,12.12114,0
,75.78613,12.1211,0
,75.78616,12.12105,0
,75.78618,12.121,0
,75.7862,12.12077,0
,75.78622,12.12069,0
,75.78624,12.12064,0
,75.78627,12.1206,0
,75.78633,12.12055,0
,75.7864,12.12051,0
,75.78657,12.12045,0
,75.78693,12.12047,0
,75.78696,12.12048,0
,75.78715,12.12049,0
,75.78718,12.1205,0
,75.78733,12.12048,0
,75.78766,12.1204,0
,75.78786,12.12031,0
,75.78799,12.12022,0
,75.78806,12.12014,0
,75.78813,12.11999,0
,75.78814,12.11984,0
,75.78817,12.11975,0
,75.7882,12.1197,0
,75.78822,12.1197,0
,75.78824,12.11968,0
,75.78834,12.11961,0
,75.78838,12.11957,0
,75.78842,12.1195,0
,75.78846,12.11935,0
,75.78846,12.11927,0
,75.78842,12.1192,0
,75.78831,12.11909,0
,75.78828,12.119,0
,75.78829,12.11899,0
,75.7883,12.11895,0
,75.7883,12.11894,0
,75.78832,12.11891,0
,75.78836,12.11888,0
,75.78872,12.11872,0
,75.78877,12.11869,0
,75.78886,12.11862,0
,75.78888,12.11857,0
,75.78888,12.11855,0
,75.78889,12.11853,0
,75.78891,12.11841,0
,75.78891,12.11834,0
,75.78893,12.11828,0
,75.78896,12.11823,0
,75.78924,12.11798,0
,75.78942,12.11786,0
,75.78953,12.11781,0
,75.78964,12.1178,0
,75.78981,12.1178,0
,75.78998,12.11782,0
,75.79023,12.1179,0
,75.79042,12.11799,0
,75.79045,12.11801,0
,75.79049,12.11804,0
,75.79057,12.11814,0
,75.79057,12.11815,0
,75.79068,12.11846,0
,75.79074,12.11852,0
,75.79083,12.11858,0
,75.79087,12.11858,0
,75.79094,12.11857,0
,75.79103,12.11854,0
,75.79103,12.11853,0
,75.79108,12.11851,0
,75.79114,12.11845,0
,75.79139,12.11813,0
,75.79148,12.11799,0
,75.79149,12.11799,0
,75.79182,12.11755,0
,75.79192,12.11739,0
,75.79195,12.11733,0
,75.79196,12.11725,0
,75.79195,12.11703,0
,75.79193,12.11701,0
,75.7919,12.11694,0
,75.79173,12.11677,0
,75.79173,12.11676,0
,75.79152,12.11655,0
,75.79138,12.11648,0
,75.79108,12.11639,0
,75.79096,12.1163,0
,75.79092,12.11623,0
,75.79068,12.11593,0
,75.79061,12.11587,0
,75.79059,12.11583,0
,75.79058,12.11582,0
,75.79057,12.11578,0
,75.79053,12.1157,0
,75.79048,12.11552,0
,75.79037,12.11497,0
,75.79032,12.11482,0
,75.79028,12.11473,0
,75.79022,12.1145,0
,75.79023,12.11434,0
,75.79024,12.11432,0
,75.79027,12.11422,0
,75.79034,12.11411,0
,75.79036,12.11405,0
,75.79037,12.11397,0
,75.79037,12.11391,0
,75.79035,12.11384,0
,75.79035,12.11381,0
,75.79028,12.11368,0
,75.79004,12.11343,0
,75.79,12.11341,0
,75.78998,12.1134,0
,75.78995,12.1134,0
,75.78986,12.11343,0
,75.78974,12.11354,0
,75.78951,12.11366,0
,75.78931,12.11373,0
,75.78925,12.11372,0
,75.78908,12.11367,0
,75.78867,12.11348,0
,75.78865,12.11345,0
,75.78859,12.1134,0
,75.78857,12.11335,0
,75.78856,12.1133,0
,75.78856,12.11317,0
,75.78855,12.11316,0
,75.78855,12.11314,0
,75.78849,12.11306,0
,75.78844,12.11302,0
,75.78836,12.11299,0
,75.78832,12.11299,0
,75.78824,12.11302,0
,75.78813,12.11311,0
,75.78801,12.11324,0
,75.788,12.11326,0
,75.78789,12.11337,0
,75.78785,12.11339,0
,75.78777,12.11339,0
,75.78768,12.11333,0
,75.78766,12.1133,0
,75.78762,12.11326,0
,75.7876,12.1132,0
,75.78758,12.11316,0
,75.78758,12.11311,0
,75.78761,12.11303,0
,75.78762,12.11303,0
,75.78764,12.113,0
,75.78768,12.11291,0
,75.7877,12.1128,0
,75.7877,12.11273,0
,75.78765,12.11268,0
,75.7876,12.11266,0
,75.7875,12.11265,0
,75.78717,12.11272,0
,75.78695,12.11272,0
,75.78682,12.11271,0
,75.7867,12.11269,0
,75.78657,12.11264,0
,75.78649,12.11258,0
,75.78645,12.11246,0
,75.78643,12.11235,0
,75.78643,12.11226,0
,75.78649,12.11214,0
,75.78652,12.11212,0
,75.78654,12.11206,0
,75.78654,12.11199,0
,75.78652,12.11192,0
,75.78643,12.11179,0
,75.78641,12.11174,0
,75.78641,12.11172,0
,75.7864,12.11169,0
,75.78639,12.11151,0
,75.78637,12.11142,0
,75.78628,12.11126,0
,75.78606,12.11106,0
,75.78583,12.11101,0
,75.78566,12.11099,0
,75.78549,12.11101,0
,75.78537,12.11104,0
,75.78502,12.11116,0
,75.78466,12.1112,0
,75.78431,12.11129,0
,75.78407,12.11132,0
,75.78398,12.11131,0
,75.78382,12.11126,0
,75.78363,12.11115,0
,75.78347,12.11102,0
,75.7834,12.11098,0
,75.7831,12.11103,0
,75.78306,12.11102,0
,75.78303,12.111,0
,75.78298,12.11092,0
,75.78297,12.11091,0
,75.78299,12.11046,0
,75.78301,12.11035,0
,75.78305,12.11026,0
,75.78305,12.11025,0
,75.78313,12.11014,0
,75.7832,12.1101,0
,75.78322,12.11008,0
,75.78349,12.10995,0
,75.78357,12.10989,0
,75.78367,12.10977,0
,75.7837,12.10971,0
,75.78371,12.10963,0
,75.78372,12.10962,0
,75.78371,12.10945,0
,75.78372,12.10916,0
,75.78375,12.109,0
,75.78376,12.10889,0
,75.78373,12.10881,0
,75.78367,12.10878,0
,75.78359,12.10876,0
,75.78352,12.10876,0
,75.78349,12.10878,0
,75.78334,12.10883,0
,75.78331,12.10883,0
,75.78325,12.10885,0
,75.78307,12.10886,0
,75.78293,12.10889,0
,75.78288,12.10891,0
,75.78255,12.10909,0
,75.78245,12.10912,0
,75.78227,12.10912,0
,75.78227,12.10911,0
,75.78223,12.10911,0
,75.78219,12.1091,0
,75.78215,12.10907,0
,75.78209,12.109,0
,75.78204,12.10888,0
,75.78202,12.10877,0
,75.78197,12.1087,0
,75.78191,12.10868,0
,75.78183,12.10869,0
,75.78155,12.10876,0
,75.7812,12.10874,0
,75.78087,12.10864,0
,75.78011,12.10832,0
,75.77986,12.10813,0
,75.77972,12.10807,0
,75.77966,12.10806,0
,75.77957,12.10809,0
,75.77941,12.10827,0
,75.77932,12.1084,0
,75.77927,12.10842,0
,75.77922,12.10843,0
,75.77914,12.10842,0
,75.77909,12.10838,0
,75.77907,12.10832,0
,75.77907,12.10825,0
,75.77921,12.10794,0
,75.77924,12.10781,0
,75.77924,12.10777,0
,75.77914,12.10747,0
,75.77904,12.10724,0
,75.779,12.10707,0
,75.77899,12.10705,0
,75.77899,12.10694,0
,75.779,12.10689,0
,75.77903,12.10683,0
,75.77906,12.10679,0
,75.77911,12.10675,0
,75.77917,12.10673,0
,75.77927,12.10673,0
,75.77946,12.10676,0
,75.7798,12.10685,0
,75.78003,12.10696,0
,75.78016,12.10696,0
,75.78029,12.1069,0
,75.78039,12.1068,0
,75.78056,12.10646,0
,75.7806,12.10636,0
,75.7806,12.10628,0
,75.78059,12.10623,0
,75.78057,12.10619,0
,75.78049,12.10608,0
,75.78041,12.10592,0
,75.7804,12.10589,0
,75.78045,12.10579,0
,75.78061,12.10563,0
,75.78079,12.10548,0
,75.78084,12.10542,0
,75.78086,12.10535,0
,75.78086,12.10528,0
,75.78078,12.10483,0
,75.78076,12.10476,0
,75.78071,12.10471,0
,75.78054,12.10462,0
,75.78045,12.10455,0
,75.7804,12.1045,0
,75.78037,12.10444,0
,75.78022,12.10404,0
,75.78006,12.10371,0
,75.78002,12.10365,0
,75.77998,12.10361,0
,75.77993,12.1036,0
,75.77987,12.1036,0
,75.77976,12.10365,0
,75.77966,12.10372,0
,75.77958,12.10375,0
,75.77942,12.10375,0
,75.77911,12.10368,0
,75.77893,12.10369,0
,75.77876,12.10368,0
,75.77852,12.10364,0
,75.77834,12.10355,0
,75.7783,12.10351,0
,75.77826,12.10348,0
,75.77815,12.10336,0
,75.77799,12.10314,0
,75.77786,12.10303,0
,75.7778,12.10299,0
,75.77764,12.10292,0
,75.77718,12.10279,0
,75.77698,12.1028,0
,75.77657,12.10292,0
,75.77643,12.10289,0
,75.7764,12.10289,0
,75.77625,12.10283,0
,75.77608,12.10274,0
,75.77586,12.10259,0
,75.7758,12.10251,0
,75.77578,12.10243,0
,75.77575,12.10216,0
,75.77572,12.10212,0
,75.77568,12.10209,0
,75.77549,12.10201,0
,75.77542,12.10195,0
,75.77537,12.10187,0
,75.77535,12.10182,0
,75.77532,12.10149,0
,75.7753,12.10144,0
,75.77524,12.10136,0
,75.77521,12.10134,0
,75.77516,12.10133,0
,75.77508,12.10133,0
,75.77502,12.10134,0
,75.77495,12.10138,0
,75.77491,12.10142,0
,75.77471,12.10173,0
,75.77456,12.1019,0
,75.77451,12.10192,0
,75.77434,12.10196,0
,75.77421,12.10194,0
,75.77416,12.10194,0
,75.77403,12.10183,0
,75.77398,12.10176,0
,75.77396,12.1017,0
,75.77396,12.10167,0
,75.774,12.1015,0
,75.77406,12.10136,0
,75.77409,12.10131,0
,75.77411,12.10123,0
,75.77406,12.10113,0
,75.77403,12.1011,0
,75.77393,12.10105,0
,75.77382,12.10105,0
,75.77379,12.10106,0
,75.77356,12.10119,0
,75.77341,12.10129,0
,75.77333,12.10132,0
,75.77324,12.10132,0
,75.77316,12.10126,0
,75.77307,12.10117,0
,75.773,12.10113,0
,75.77294,12.10113,0
,75.77284,12.10118,0
,75.77282,12.1012,0
,75.77279,12.10125,0
,75.77273,12.10145,0
,75.7727,12.10163,0
,75.7727,12.10191,0
,75.77273,12.10205,0
,75.77274,12.10214,0
,75.77282,12.10249,0
,75.77282,12.10257,0
,75.7728,12.10261,0
,75.77278,12.10263,0
,75.77254,12.10275,0
,75.77233,12.10282,0
,75.7723,12.10284,0
,75.77216,12.10288,0
,75.77185,12.10293,0
,75.77175,12.10293,0
,75.77168,12.10292,0
,75.77163,12.1029,0
,75.77135,12.10271,0
,75.77131,12.1027,0
,75.7713,12.10269,0
,75.77116,12.10271,0
,75.77108,12.10274,0
,75.77045,12.10322,0
,75.77036,12.10326,0
,75.77031,12.10326,0
,75.77023,12.10323,0
,75.77013,12.10316,0
,75.76999,12.10308,0
,75.76994,12.10306,0
,75.76988,12.10307,0
,75.76983,12.10307,0
,75.76975,12.1031,0
,75.769,12.10368,0
,75.76899,12.10368,0
,75.7687,12.10383,0
,75.76856,12.10389,0
,75.76832,12.10397,0
,75.76812,12.10398,0
,75.76782,12.10394,0
,75.76772,12.10396,0
,75.76763,12.10401,0
,75.76739,12.10408,0
,75.7673,12.10408,0
,75.76725,12.10407,0
,75.76723,12.10407,0
,75.76716,12.10403,0
,75.76698,12.10384,0
,75.76694,12.10375,0
,75.76691,12.10358,0
,75.76686,12.1035,0
,75.76684,12.10345,0
,75.76679,12.10341,0
,75.76665,12.10341,0
,75.76655,12.10344,0
,75.76646,12.1035,0
,75.7662,12.10374,0
,75.76616,12.10379,0
,75.76614,12.1038,0
,75.76585,12.10406,0
,75.76574,12.10412,0
,75.76569,12.10414,0
,75.76561,12.10414,0
,75.76558,12.10413,0
,75.76549,12.10405,0
,75.76542,12.10396,0
,75.7653,12.10387,0
,75.76524,12.10384,0
,75.76518,12.10383,0
,75.76512,12.10383,0
,75.76501,12.10386,0
,75.76489,12.10391,0
,75.76472,12.104,0
,75.76464,12.10403,0
,75.76459,12.10403,0
,75.76457,12.10404,0
,75.7645,12.10403,0
,75.76445,12.104,0
,75.7644,12.10395,0
,75.76437,12.1039,0
,75.76437,12.10374,0
,75.76439,12.10365,0
,75.76445,12.10354,0
,75.76474,12.10321,0
,75.76484,12.10306,0
,75.76484,12.10303,0
,75.76482,12.10297,0
,75.76478,12.10294,0
,75.76473,12.10292,0
,75.76467,12.10291,0
,75.76433,12.10291,0
,75.76403,12.10296,0
,75.76353,12.1031,0
,75.76336,12.1031,0
,75.7633,12.10309,0
,75.76322,12.10306,0
,75.76317,12.10303,0
,75.76315,12.103,0
,75.76312,12.10298,0
,75.76294,12.10279,0
,75.76288,12.10271,0
,75.76284,12.10258,0
,75.76283,12.10257,0
,75.76277,12.10231,0
,75.76276,12.10204,0
,75.7627,12.10147,0
,75.7627,12.10137,0
,75.76271,12.10132,0
,75.76274,12.10099,0
,75.76272,12.1009,0
,75.7627,12.10086,0
,75.76266,12.10083,0
,75.76261,12.10082,0
,75.7626,12.10081,0
,75.76254,12.10082,0
,75.76231,12.10092,0
,75.76215,12.10102,0
,75.76193,12.1012,0
,75.7619,12.10121,0
,75.76129,12.10116,0
,75.76107,12.10113,0
,75.76103,12.10112,0
,75.76098,12.10106,0
,75.76093,12.10102,0
,75.7607,12.10074,0
,75.76054,12.10047,0
,75.76051,12.10037,0
,75.76048,12.10023,0
,75.76045,12.10019,0
,75.76042,12.10017,0
,75.76038,12.10016,0
,75.75997,12.10012,0
,75.7588,12.10012,0
,75.7585,12.1001,0
,75.75824,12.10004,0
,75.75821,12.10002,0
,75.75797,12.09993,0
,75.75734,12.09965,0
,75.7569,12.09939,0
,75.75672,12.09925,0
,75.75621,12.0987,0
,75.75576,12.09827,0
,75.75567,12.09822,0
,75.75558,12.09819,0
,75.75545,12.09816,0
,75.75535,12.09815,0
,75.75531,12.09813,0
,75.75526,12.09812,0
,75.75519,12.09807,0
,75.75518,12.09802,0
,75.75516,12.09798,0
,75.75518,12.09785,0
,75.75538,12.09709,0
,75.75568,12.09575,0
,75.75572,12.09567,0
,75.75603,12.09516,0
,75.75616,12.09505,0
,75.75636,12.09496,0
,75.75643,12.09492,0
,75.75647,12.09486,0
,75.75648,12.09482,0
,75.7565,12.09478,0
,75.75654,12.09447,0
,75.75655,12.09446,0
,75.75671,12.09396,0
,75.75669,12.0938,0
,75.75669,12.09377,0
,75.75666,12.09366,0
,75.75657,12.0935,0
,75.75629,12.09322,0
,75.75627,12.09319,0
,75.75626,12.09313,0
,75.75626,12.09308,0
,75.75632,12.09305,0
,75.75636,12.09304,0
,75.75665,12.09304,0
,75.75673,12.09302,0
,75.75677,12.093,0
,75.75682,12.09292,0
,75.75683,12.09292,0
,75.75685,12.09289,0
,75.75687,12.09283,0
,75.75689,12.09268,0
,75.75689,12.09254,0
,75.75687,12.09235,0
,75.75682,12.09226,0
,75.75675,12.09217,0
,75.75672,12.09208,0
,75.7567,12.09205,0
,75.75657,12.09173,0
,75.75647,12.09137,0
,75.75643,12.09107,0
,75.75642,12.09105,0
,75.75638,12.09103,0
,75.75635,12.09103,0
,75.7563,12.09106,0
,75.75629,12.09109,0
,75.75628,12.09126,0
,75.75629,12.09173,0
,75.75627,12.09201,0
,75.75624,12.0921,0
,75.75621,12.09215,0
,75.75617,12.09218,0
,75.75609,12.0922,0
,75.75604,12.09219,0
,75.75552,12.09202,0
,75.75543,12.09198,0
,75.75541,12.09196,0
,75.75539,12.09192,0
,75.7554,12.0919,0
,75.7554,12.09188,0
,75.75541,12.09186,0
,75.75552,12.09177,0
,75.75555,12.09171,0
,75.75556,12.09164,0
,75.75555,12.09159,0
,75.75548,12.09146,0
,75.7554,12.09138,0
,75.75536,12.09135,0
,75.7553,12.09132,0
,75.75497,12.09125,0
,75.75494,12.09125,0
,75.75437,12.09115,0
,75.75425,12.09112,0
,75.75405,12.09103,0
,75.75369,12.09076,0
,75.75344,12.09055,0
,75.75337,12.09051,0
,75.75332,12.09049,0
,75.7533,12.09047,0
,75.75254,12.09008,0
,75.7522,12.08987,0
,75.75219,12.08987,0
,75.75201,12.08976,0
,75.75189,12.08967,0
,75.75152,12.08927,0
,75.75149,12.0892,0
,75.75089,12.08844,0
,75.75078,12.08837,0
,75.75066,12.08833,0
,75.75005,12.08824,0
,75.74999,12.08822,0
,75.74992,12.08818,0
,75.74986,12.08812,0
,75.74975,12.08797,0
,75.74955,12.0878,0
,75.7495,12.08778,0
,75.74934,12.08769,0
,75.749,12.08761,0
,75.74875,12.08759,0
,75.74866,12.08757,0
,75.74815,12.08753,0
,75.74758,12.08741,0
,75.74743,12.08735,0
,75.74733,12.08728,0
,75.74722,12.08722,0
,75.74689,12.08698,0
,75.74673,12.08688,0
,75.74652,12.08677,0
,75.74625,12.08666,0
,75.74624,12.08665,0
,75.74596,12.08657,0
,75.74546,12.08631,0
,75.74534,12.08623,0
,75.74506,12.08609,0
,75.74441,12.08582,0
,75.74435,12.08581,0
,75.74433,12.0858,0
,75.74421,12.08567,0
,75.74418,12.08562,0
,75.74411,12.08546,0
,75.7441,12.08541,0
,75.74403,12.08521,0
,75.744,12.08516,0
,75.74395,12.0851,0
,75.74382,12.08498,0
,75.74352,12.0848,0
,75.74314,12.08466,0
,75.74312,12.08466,0
,75.74291,12.0846,0
,75.74263,12.08454,0
,75.74252,12.0845,0
,75.74244,12.08445,0
,75.74241,12.08444,0
,75.74213,12.08426,0
,75.74213,12.08425,0
,75.74169,12.08393,0
,75.74143,12.08369,0
,75.74124,12.08349,0
,75.74098,12.08327,0
,75.74082,12.08318,0
,75.74066,12.08314,0
,75.74051,12.08311,0
,75.74029,12.0831,0
,75.74022,12.08311,0
,75.74015,12.08311,0
,75.73997,12.08318,0
,75.73983,12.08329,0
,75.73973,12.08335,0
,75.73968,12.08335,0
,75.73964,12.08333,0
,75.73962,12.08331,0
,75.73961,12.08329,0
,75.7396,12.08324,0
,75.73956,12.08314,0
,75.73956,12.08303,0
,75.73957,12.08296,0
,75.73957,12.08277,0
,75.73951,12.08258,0
,75.73947,12.0825,0
,75.73937,12.08235,0
,75.73922,12.0822,0
,75.73919,12.08218,0
,75.73908,12.08208,0
,75.73903,12.08205,0
,75.73897,12.082,0
,75.73875,12.08189,0
,75.73873,12.08189,0
,75.7385,12.08182,0
,75.73753,12.08146,0
,75.73747,12.08143,0
,75.7374,12.08141,0
,75.73728,12.08135,0
,75.73722,12.08133,0
,75.73718,12.08129,0
,75.73714,12.08127,0
,75.73675,12.0809,0
,75.73674,12.0809,0
,75.73648,12.08067,0
,75.73628,12.08038,0
,75.73603,12.07994,0
,75.73598,12.0799,0
,75.73593,12.07984,0
,75.73579,12.07971,0
,75.73566,12.07967,0
,75.73551,12.0797,0
,75.73541,12.07973,0
,75.73534,12.07976,0
,75.73527,12.07975,0
,75.73523,12.07973,0
,75.7352,12.07968,0
,75.73519,12.07968,0
,75.73517,12.0795,0
,75.73517,12.07932,0
,75.7351,12.07916,0
,75.73499,12.07903,0
,75.73487,12.07892,0
,75.73475,12.07884,0
,75.73468,12.07883,0
,75.7346,12.07885,0
,75.73417,12.07906,0
,75.734,12.07912,0
,75.73392,12.07913,0
,75.73387,12.07912,0
,75.73383,12.0791,0
,75.7338,12.07906,0
,75.73378,12.07899,0
,75.73376,12.07886,0
,75.73377,12.07872,0
,75.73374,12.07859,0
,75.73368,12.07851,0
,75.73363,12.07847,0
,75.73354,12.07843,0
,75.73342,12.07839,0
,75.73302,12.07831,0
,75.73293,12.07824,0
,75.73293,12.07822,0
,75.73291,12.07818,0
,75.73289,12.07808,0
,75.7329,12.0779,0
,75.73289,12.07782,0
,75.73283,12.07774,0
,75.73282,12.0777,0
,75.73274,12.07757,0
,75.73258,12.07743,0
,75.73247,12.07738,0
,75.73222,12.07734,0
,75.73208,12.07728,0
,75.73201,12.07722,0
,75.73197,12.07717,0
,75.73171,12.07668,0
,75.73168,12.07666,0
,75.73125,12.07608,0
,75.73113,12.07594,0
,75.731,12.07581,0
,75.73086,12.07569,0
,75.73071,12.07558,0
,75.73032,12.07536,0
,75.72919,12.07468,0
,75.72843,12.07434,0
,75.72829,12.07426,0
,75.72822,12.07422,0
,75.72812,12.07414,0
,75.72792,12.07389,0
,75.72788,12.07382,0
,75.72774,12.07363,0
,75.72759,12.07346,0
,75.72739,12.07332,0
,75.72728,12.07327,0
,75.72728,12.07326,0
,75.72711,12.0732,0
,75.72699,12.07318,0
,75.72641,12.07315,0
,75.72509,12.07322,0
,75.72477,12.07322,0
,75.72454,12.0732,0
,75.72423,12.07322,0
,75.72384,12.07328,0
,75.72379,12.0733,0
,75.72373,12.07331,0
,75.72367,12.07331,0
,75.72349,12.07328,0
,75.72328,12.07322,0
,75.72311,12.07315,0
,75.72294,12.07306,0
,75.72266,12.07294,0
,75.72253,12.07287,0
,75.72232,12.0728,0
,75.72209,12.07274,0
,75.7218,12.07264,0
,75.72157,12.07253,0
,75.72141,12.07246,0
,75.72108,12.07227,0
,75.72107,12.07227,0
,75.72093,12.07215,0
,75.72034,12.0714,0
,75.72,12.07104,0
,75.71985,12.07094,0
,75.71968,12.07086,0
,75.7194,12.07065,0
,75.7194,12.07064,0
,75.71939,12.07064,0
,75.71927,12.0705,0
,75.71911,12.07018,0
,75.71911,12.07005,0
,75.71917,12.06984,0
,75.71917,12.06982,0
,75.71922,12.06967,0
,75.71927,12.06934,0
,75.71928,12.06909,0
,75.7193,12.06898,0
,75.71943,12.06877,0
,75.71951,12.06869,0
,75.71957,12.06861,0
,75.71964,12.06854,0
,75.72002,12.06827,0
,75.72034,12.06807,0
,75.72049,12.06799,0
,75.72068,12.06783,0
,75.72085,12.06762,0
,75.72115,12.06693,0
,75.72119,12.06668,0
,75.72125,12.06643,0
,75.72138,12.0661,0
,75.72139,12.06605,0
,75.72143,12.06596,0
,75.72151,12.06554,0
,75.72154,12.06546,0
,75.72162,12.06537,0
,75.72164,12.06529,0
,75.72168,12.06473,0
,75.72164,12.06445,0
,75.7215,12.06392,0
,75.7213,12.06356,0
,75.72117,12.06337,0
,75.72105,12.063,0
,75.72097,12.06284,0
,75.72092,12.06262,0
,75.72091,12.06247,0
,75.72098,12.06209,0
,75.72099,12.06208,0
,75.72112,12.0618,0
,75.7214,12.06148,0
,75.72158,12.06134,0
,75.72174,12.06119,0
,75.72189,12.06109,0
,75.72249,12.06084,0
,75.7225,12.06084,0
,75.72269,12.06072,0
,75.72293,12.0605,0
,75.72304,12.06037,0
,75.7231,12.06021,0
,75.72316,12.06009,0
,75.72322,12.05987,0
,75.7232,12.05968,0
,75.72318,12.0596,0
,75.72318,12.05923,0
,75.72317,12.05915,0
,75.72307,12.05888,0
,75.72299,12.05874,0
,75.72282,12.05859,0
,75.72263,12.05838,0
,75.72209,12.05795,0
,75.72188,12.05774,0
,75.72152,12.05728,0
,75.72146,12.05723,0
,75.72144,12.0572,0
,75.72142,12.05709,0
,75.72142,12.05707,0
,75.7214,12.057,0
,75.72137,12.05694,0
,75.72133,12.05689,0
,75.72127,12.05679,0
,75.7211,12.05657,0
,75.72075,12.05592,0
,75.72048,12.05555,0
,75.72012,12.05517,0
,75.71996,12.05498,0
,75.71985,12.05489,0
,75.71975,12.05477,0
,75.71925,12.05443,0
,75.71883,12.0542,0
,75.71841,12.054,0
,75.71744,12.05358,0
,75.71692,12.05339,0
,75.71676,12.05331,0
,75.71661,12.05322,0
,75.71648,12.05312,0
,75.71628,12.05291,0
,75.71618,12.05278,0
,75.71605,12.05255,0
,75.71601,12.05245,0
,75.71598,12.05234,0
,75.71592,12.05195,0
,75.71594,12.05138,0
,75.71595,12.05134,0
,75.71596,12.05101,0
,75.71595,12.05072,0
,75.71596,12.05066,0
,75.71597,12.05013,0
,75.71623,12.04726,0
,75.71624,12.04697,0
,75.71628,12.04667,0
,75.71632,12.04609,0
,75.71632,12.04563,0
,75.71627,12.04533,0
,75.71622,12.04514,0
,75.71616,12.04498,0
,75.71616,12.04497,0
,75.71603,12.04468,0
,75.71576,12.04397,0
,75.71572,12.04376,0
,75.7157,12.04353,0
,75.7157,12.04343,0
,75.71571,12.04329,0
,75.71575,12.04299,0
,75.71589,12.04262,0
,75.7162,12.04194,0
,75.71636,12.04142,0
,75.71645,12.04115,0
,75.71648,12.04099,0
,75.71649,12.04066,0
,75.7164,12.04003,0
,75.71632,12.03965,0
,75.71622,12.03937,0
,75.71602,12.039,0
,75.71561,12.03845,0
,75.71527,12.03814,0
,75.71451,12.0376,0
,75.71428,12.0374,0
,75.71413,12.03724,0
,75.71403,12.03709,0
,75.71397,12.03698,0
,75.71392,12.03685,0
,75.71374,12.03611,0
,75.71369,12.03566,0
,75.71368,12.03519,0
,75.7137,12.03492,0
,75.71384,12.03411,0
,75.71391,12.03341,0
,75.71389,12.03279,0
,75.71392,12.0323,0
,75.71403,12.03131,0
,75.71405,12.03089,0
,75.71402,12.03062,0
,75.71393,12.03017,0
,75.71364,12.0293,0
,75.71356,12.02918,0
,75.7134,12.02904,0
,75.71303,12.02883,0
,75.71297,12.02881,0
,75.71294,12.02881,0
,75.71292,12.0288,0
,75.71287,12.0288,0
,75.71283,12.02879,0
,75.71249,12.0288,0
,75.71231,12.02879,0
,75.71216,12.02877,0
,75.712,12.02872,0
,75.71192,12.02867,0
,75.71182,12.02856,0
,75.71139,12.02793,0
,75.71108,12.02752,0
,75.71106,12.02751,0
,75.71087,12.02731,0
,75.71069,12.02715,0
,75.70955,12.02626,0
,75.70921,12.02603,0
,75.70775,12.02495,0
,75.70748,12.02478,0
,75.70663,12.0243,0
,75.70613,12.02408,0
,75.70593,12.02402,0
,75.70593,12.02401,0
,75.70561,12.0239,0
,75.70533,12.02377,0
,75.70452,12.02325,0
,75.70441,12.0232,0
,75.70354,12.02297,0
,75.70313,12.02281,0
,75.70286,12.02266,0
,75.70267,12.02253,0
,75.70239,12.0223,0
,75.70181,12.02171,0
,75.70119,12.02113,0
,75.70111,12.02101,0
,75.70047,12.02057,0
,75.70011,12.02036,0
,75.69973,12.02018,0
,75.69953,12.0201,0
,75.69911,12.01997,0
,75.69882,12.01995,0
,75.69857,12.01991,0
,75.69835,12.01985,0
,75.69813,12.01977,0
,75.69777,12.01967,0
,75.6975,12.01956,0
,75.69743,12.01952,0
,75.69716,12.01943,0
,75.69705,12.01938,0
,75.69696,12.01929,0
,75.69693,12.01921,0
,75.6969,12.01919,0
,75.6968,12.0191,0
,75.69672,12.019,0
,75.69666,12.01894,0
,75.6965,12.01869,0
,75.69613,12.01817,0
,75.69573,12.0177,0
,75.69402,12.01504,0
,75.69376,12.01469,0
,75.69365,12.01457,0
,75.69342,12.01437,0
,75.69293,12.01402,0
,75.69272,12.01385,0
,75.69257,12.01371,0
,75.69247,12.01343,0
,75.69212,12.01285,0
,75.69189,12.01204,0
,75.6918,12.01181,0
,75.69161,12.0114,0
,75.69155,12.01121,0
,75.69152,12.01098,0
,75.69153,12.01094,0
,75.69153,12.01088,0
,75.69166,12.01042,0
,75.69167,12.01027,0
,75.69165,12.01007,0
,75.69157,12.00986,0
,75.69124,12.00927,0
,75.69117,12.00913,0
,75.69107,12.0087,0
,75.69107,12.00839,0
,75.69116,12.00805,0
,75.69119,12.00797,0
,75.6913,12.00774,0
,75.69151,12.00746,0
,75.69169,12.0071,0
,75.69177,12.00687,0
,75.69183,12.00669,0
,75.69187,12.00649,0
,75.69189,12.00632,0
,75.69189,12.0061,0
,75.69185,12.00583,0
,75.69182,12.0057,0
,75.69176,12.00553,0
,75.69174,12.0055,0
,75.69166,12.00532,0
,75.69159,12.00519,0
,75.69147,12.00503,0
,75.69116,12.00467,0
,75.69069,12.00418,0
,75.69035,12.00393,0
,75.69008,12.00378,0
,75.68962,12.00355,0
,75.68933,12.00335,0
,75.68833,12.00249,0
,75.68817,12.00237,0
,75.68733,12.00183,0
,75.6872,12.0017,0
,75.68705,12.00142,0
,75.68678,12.00077,0
,75.68661,12.0005,0
,75.68608,11.99983,0
,75.68585,11.99948,0
,75.68575,11.99928,0
,75.68563,11.99895,0
,75.68559,11.99879,0
,75.68547,11.99843,0
,75.68532,11.99805,0
,75.68523,11.9979,0
,75.68495,11.9975,0
,75.68468,11.99716,0
,75.68463,11.99707,0
,75.68458,11.99691,0
,75.68453,11.99665,0
,75.68452,11.99651,0
,75.68457,11.99577,0
,75.68452,11.99547,0
,75.68449,11.99537,0
,75.68442,11.99521,0
,75.68431,11.995,0
,75.68419,11.99484,0
,75.68409,11.99474,0
,75.68398,11.99465,0
,75.68391,11.99458,0
,75.68292,11.99384,0
,75.68281,11.99372,0
,75.68268,11.9936,0
,75.68231,11.99308,0
,75.68216,11.99291,0
,75.68204,11.9928,0
,75.68181,11.99266,0
,75.68142,11.9925,0
,75.68127,11.99246,0
,75.68088,11.99248,0
,75.68057,11.99255,0
,75.68048,11.99258,0
,75.68035,11.99264,0
,75.68028,11.99269,0
,75.68006,11.9928,0
,75.68001,11.99281,0
,75.67997,11.99283,0
,75.67969,11.99292,0
,75.67922,11.99328,0
,75.67893,11.99347,0
,75.67869,11.99355,0
,75.67855,11.99357,0
,75.67771,11.99363,0
,75.67699,11.99373,0
,75.6769,11.99376,0
,75.67666,11.99383,0
,75.67635,11.99222,0
,75.67633,11.99217,0
,75.67632,11.9921,0
,75.67632,11.99205,0
,75.6763,11.992,0
,75.67599,11.99158,0
,75.67593,11.99147,0
,75.67587,11.99126,0
,75.67585,11.9911,0
,75.67585,11.99101,0
,75.67586,11.99098,0
,75.67587,11.99091,0
,75.67607,11.99043,0
,75.6764,11.98981,0
,75.67651,11.98968,0
,75.67682,11.98936,0
,75.67694,11.9892,0
,75.67699,11.98911,0
,75.67704,11.98888,0
,75.67704,11.9888,0
,75.67705,11.98875,0
,75.67704,11.98869,0
,75.67704,11.98864,0
,75.67684,11.98778,0
,75.67682,11.98772,0
,75.67678,11.98765,0
,75.67673,11.9873,0
,75.67664,11.98692,0
,75.67667,11.98664,0
,75.67666,11.98642,0
,75.67669,11.98629,0
,75.67674,11.98581,0
,75.67672,11.98525,0
,75.6767,11.98509,0
,75.67665,11.98489,0
,75.67662,11.98484,0
,75.67661,11.98483,0
,75.67658,11.98476,0
,75.67644,11.9846,0
,75.67614,11.98436,0
,75.67532,11.9838,0
,75.67504,11.98363,0
,75.67479,11.98344,0
,75.67419,11.98276,0
,75.67393,11.98243,0
,75.67385,11.98228,0
,75.67373,11.98201,0
,75.67361,11.98181,0
,75.67361,11.9818,0
,75.67355,11.98173,0
,75.67351,11.98167,0
,75.67347,11.98164,0
,75.6734,11.98156,0
,75.67336,11.98153,0
,75.67281,11.98122,0
,75.67097,11.98039,0
,75.67091,11.98037,0
,75.67065,11.98023,0
,75.67058,11.98018,0
,75.67034,11.97996,0
,75.67014,11.97972,0
,75.66965,11.97891,0
,75.66947,11.97866,0
,75.66929,11.97844,0
,75.6691,11.97824,0
,75.66892,11.97811,0
,75.66868,11.97798,0
,75.66859,11.97792,0
,75.66855,11.97791,0
,75.66845,11.97787,0
,75.6684,11.97786,0
,75.6683,11.97782,0
,75.66827,11.97782,0
,75.66809,11.97778,0
,75.66562,11.9775,0
,75.66507,11.97741,0
,75.66487,11.97738,0
,75.66465,11.97733,0
,75.66449,11.97727,0
,75.66437,11.97721,0
,75.66432,11.97718,0
,75.6642,11.97708,0
,75.66393,11.97678,0
,75.66377,11.97654,0
,75.6633,11.97572,0
,75.66309,11.9754,0
,75.66285,11.97513,0
,75.66267,11.97497,0
,75.66224,11.97451,0
,75.66194,11.97424,0
,75.66169,11.97396,0
,75.66141,11.97353,0
,75.66132,11.97341,0
,75.66124,11.97333,0
,75.66114,11.97326,0
,75.66104,11.97324,0
,75.66085,11.97323,0
,75.66069,11.97325,0
,75.66053,11.97329,0
,75.66036,11.97335,0
,75.66005,11.97354,0
,75.66,11.97356,0
,75.65992,11.97358,0
,75.65981,11.97358,0
,75.65976,11.97357,0
,75.65966,11.97352,0
,75.65957,11.97344,0
,75.65952,11.97337,0
,75.6594,11.97303,0
,75.65935,11.97285,0
,75.65925,11.97262,0
,75.65906,11.97231,0
,75.65904,11.97229,0
,75.65898,11.9722,0
,75.65896,11.97216,0
,75.65896,11.97214,0
,75.65892,11.97205,0
,75.65889,11.97182,0
,75.65891,11.97166,0
,75.65904,11.97099,0
,75.65906,11.97066,0
,75.65901,11.97019,0
,75.65896,11.96998,0
,75.6589,11.9698,0
,75.65879,11.96956,0
,75.65838,11.9689,0
,75.6576,11.96786,0
,75.65525,11.96424,0
,75.65513,11.96408,0
,75.65491,11.96385,0
,75.65459,11.96362,0
,75.6543,11.96329,0
,75.65424,11.96321,0
,75.65423,11.96318,0
,75.65341,11.96179,0
,75.65325,11.96155,0
,75.653,11.96125,0
,75.65257,11.96087,0
,75.65221,11.96059,0
,75.65194,11.96041,0
,75.6519,11.96039,0
,75.6519,11.96038,0
,75.65161,11.96015,0
,75.65053,11.959,0
,75.64982,11.95841,0
,75.64981,11.95841,0
,75.64916,11.95791,0
,75.64888,11.95766,0
,75.6485,11.95728,0
,75.64701,11.95555,0
,75.6466,11.95512,0
,75.64634,11.95489,0
,75.64608,11.9547,0
,75.64583,11.95455,0
,75.64431,11.95382,0
,75.64383,11.95363,0
,75.64315,11.95326,0
,75.64266,11.95302,0
,75.6426,11.953,0
,75.64238,11.95296,0
,75.64208,11.95295,0
,75.64196,11.95293,0
,75.64144,11.9529,0
,75.64121,11.95286,0
,75.64089,11.95283,0
,75.64051,11.95276,0
,75.64049,11.95275,0
,75.63994,11.95265,0
,75.63957,11.95256,0
,75.6382,11.95221,0
,75.6377,11.95223,0
,75.63706,11.9523,0
,75.63676,11.95231,0
,75.6367,11.9523,0
,75.63659,11.9523,0
,75.63648,11.95227,0
,75.63632,11.9522,0
,75.63609,11.95208,0
,75.63587,11.95191,0
,75.63532,11.95143,0
,75.63489,11.95115,0
,75.63463,11.95102,0
,75.6342,11.95087,0
,75.63366,11.95071,0
,75.63299,11.95045,0
,75.63261,11.95027,0
,75.63228,11.95003,0
,75.63189,11.94969,0
,75.63162,11.94949,0
,75.63145,11.94938,0
,75.63121,11.94925,0
,75.63093,11.94913,0
,75.63074,11.94908,0
,75.63073,11.94908,0
,75.63055,11.94901,0
,75.63042,11.94898,0
,75.62793,11.94817,0
,75.62707,11.94785,0
,75.62674,11.9477,0
,75.6265,11.94755,0
,75.62617,11.94737,0
,75.62521,11.947,0
,75.62499,11.94697,0
,75.62458,11.94695,0
,75.62438,11.94698,0
,75.62381,11.94711,0
,75.62228,11.94756,0
,75.62111,11.948,0
,75.62076,11.94811,0
,75.62046,11.94817,0
,75.62026,11.94819,0
,75.6197,11.94821,0
,75.61807,11.94802,0
,75.61742,11.94798,0
,75.61729,11.94799,0
,75.61673,11.94809,0
,75.61612,11.94821,0
,75.61479,11.94834,0
,75.61471,11.94836,0
,75.61449,11.94844,0
,75.61428,11.94856,0
,75.61373,11.94897,0
,75.61355,11.94908,0
,75.61341,11.94913,0
,75.61328,11.94916,0
,75.61323,11.94918,0
,75.61313,11.94919,0
,75.61275,11.94919,0
,75.61227,11.9491,0
,75.61194,11.94906,0
,75.61161,11.94898,0
,75.6112,11.94885,0
,75.61116,11.94883,0
,75.61088,11.94875,0
,75.61032,11.94855,0
,75.60987,11.94835,0
,75.6098,11.94829,0
,75.60978,11.94826,0
,75.60976,11.94824,0
,75.60974,11.9482,0
,75.60971,11.94812,0
,75.6097,11.94805,0
,75.60937,11.94695,0
,75.60931,11.9468,0
,75.60931,11.94678,0
,75.60906,11.94637,0
,75.60873,11.94591,0
,75.60816,11.94491,0
,75.60815,11.94487,0
,75.60811,11.9448,0
,75.60809,11.94474,0
,75.60783,11.94421,0
,75.60768,11.94394,0
,75.6074,11.9435,0
,75.60695,11.94289,0
,75.60671,11.94262,0
,75.60649,11.94243,0
,75.60622,11.94227,0
,75.60514,11.94176,0
,75.60503,11.94172,0
,75.60485,11.94168,0
,75.60438,11.94162,0
,75.60384,11.94158,0
,75.6038,11.94159,0
,75.60377,11.94159,0
,75.60363,11.94165,0
,75.60348,11.94176,0
,75.6028,11.94236,0
,75.60257,11.94248,0
,75.60241,11.94252,0
,75.60233,11.94253,0
,75.60215,11.94252,0
,75.60184,11.94244,0
,75.60128,11.94225,0
,75.60073,11.9421,0
,75.60071,11.9421,0
,75.60038,11.94203,0
,75.59955,11.94193,0
,75.59925,11.94191,0
,75.59922,11.9419,0
,75.59883,11.94183,0
,75.59863,11.94181,0
,75.59837,11.94181,0
,75.59807,11.94183,0
,75.59736,11.94192,0
,75.59693,11.94191,0
,75.5956,11.9417,0
,75.59489,11.94166,0
,75.59439,11.94159,0
,75.5942,11.94154,0
,75.59402,11.94147,0
,75.59384,11.94138,0
,75.59363,11.94123,0
,75.59294,11.94044,0
,75.59269,11.94023,0
,75.59255,11.94014,0
,75.59048,11.9392,0
,75.59014,11.939,0
,75.58994,11.9389,0
,75.5897,11.9387,0
,75.58924,11.93818,0
,75.58831,11.93702,0
,75.5881,11.93679,0
,75.58806,11.93673,0
,75.58772,11.93639,0
,75.58734,11.93596,0
,75.58667,11.9353,0
,75.58612,11.9348,0
,75.58564,11.93444,0
,75.58413,11.93348,0
,75.58177,11.93222,0
,75.58137,11.93206,0
,75.58118,11.93201,0
,75.58105,11.93199,0
,75.58072,11.93197,0
,75.58026,11.93199,0
,75.58009,11.93202,0
,75.58,11.93202,0
,75.57968,11.93208,0
,75.57911,11.93223,0
,75.57864,11.93233,0
,75.57824,11.93238,0
,75.5776,11.93241,0
,75.57642,11.93242,0
,75.57623,11.93241,0
,75.57525,11.9322,0
,75.57472,11.93214,0
,75.57415,11.9321,0
,75.5738,11.93205,0
,75.57314,11.9319,0
,75.57299,11.93184,0
,75.57296,11.93181,0
,75.57277,11.93172,0
,75.57259,11.93161,0
,75.57258,11.93159,0
,75.57258,11.93157,0
,75.57254,11.93153,0
,75.57252,11.93153,0
,75.5725,11.93152,0
,75.57236,11.93128,0
,75.57234,11.93123,0
,75.57229,11.93099,0
,75.57234,11.93052,0
,75.57238,11.93033,0
,75.57245,11.93016,0
,75.57249,11.92986,0
,75.57246,11.92968,0
,75.57225,11.92911,0
,75.57218,11.92887,0
,75.57209,11.92823,0
,75.572,11.92786,0
,75.57181,11.92683,0
,75.57179,11.92645,0
,75.57179,11.92598,0
,75.57178,11.92593,0
,75.57178,11.92589,0
,75.57176,11.9258,0
,75.57158,11.92537,0
,75.57153,11.92521,0
,75.57148,11.92497,0
,75.57148,11.92486,0
,75.57149,11.92482,0
,75.57155,11.92412,0
,75.57167,11.92354,0
,75.57172,11.9228,0
,75.57185,11.92213,0
,75.57186,11.92211,0
,75.57186,11.92205,0
,75.57185,11.92204,0
,75.57175,11.92136,0

,75.57175,11.92136,0
,75.57185,11.92204,0
,75.57186,11.92205,0
,75.57186,11.92211,0
,75.57185,11.92213,0
,75.57172,11.9228,0
,75.57167,11.92354,0
,75.57155,11.92412,0
,75.57149,11.92482,0
,75.57148,11.92486,0
,75.57148,11.92497,0
,75.57153,11.92521,0
,75.57158,11.92537,0
,75.57176,11.9258,0
,75.57178,11.92589,0
,75.57179,11.92598,0
,75.57181,11.92683,0
,75.572,11.92786,0
,75.57209,11.92823,0
,75.57218,11.92887,0
,75.57225,11.92911,0
,75.57246,11.92968,0
,75.57249,11.92986,0
,75.57245,11.93016,0
,75.57238,11.93033,0
,75.57234,11.93052,0
,75.57229,11.93099,0
,75.57227,11.93105,0
,75.57227,11.93118,0
,75.57231,11.93132,0
,75.57243,11.93155,0
,75.57242,11.93157,0
,75.57241,11.93158,0
,75.57241,11.93163,0
,75.57242,11.93166,0
,75.57245,11.93169,0
,75.57247,11.9317,0
,75.57252,11.9317,0
,75.57254,11.93169,0
,75.57289,11.93184,0
,75.57299,11.93184,0
,75.57314,11.9319,0
,75.5738,11.93205,0
,75.57415,11.9321,0
,75.57525,11.9322,0
,75.57623,11.93241,0
,75.5776,11.93241,0
,75.57824,11.93238,0
,75.57864,11.93233,0
,75.58,11.93202,0
,75.58009,11.93202,0
,75.58026,11.93199,0
,75.58072,11.93197,0
,75.58105,11.93199,0
,75.58118,11.93201,0
,75.58137,11.93206,0
,75.58177,11.93222,0
,75.58413,11.93348,0
,75.58564,11.93444,0
,75.58612,11.9348,0
,75.58667,11.9353,0
,75.58734,11.93596,0
,75.58772,11.93639,0
,75.58806,11.93673,0
,75.5881,11.93679,0
,75.58831,11.93702,0
,75.58924,11.93818,0
,75.5897,11.9387,0
,75.58994,11.9389,0
,75.59014,11.939,0
,75.59048,11.9392,0
,75.59255,11.94014,0
,75.59269,11.94023,0
,75.59294,11.94044,0
,75.59363,11.94123,0
,75.59384,11.94138,0
,75.59402,11.94147,0
,75.5942,11.94154,0
,75.59439,11.94159,0
,75.59489,11.94166,0
,75.5956,11.9417,0
,75.59693,11.94191,0
,75.59736,11.94192,0
,75.59807,11.94183,0
,75.59863,11.94181,0
,75.59883,11.94183,0
,75.59925,11.94191,0
,75.60038,11.94203,0
,75.60073,11.9421,0
,75.60128,11.94225,0
,75.60184,11.94244,0
,75.60215,11.94252,0
,75.60233,11.94253,0
,75.60241,11.94252,0
,75.60257,11.94248,0
,75.6028,11.94236,0
,75.60348,11.94176,0
,75.60363,11.94165,0
,75.60377,11.94159,0
,75.60384,11.94158,0
,75.60438,11.94162,0
,75.60485,11.94168,0
,75.60503,11.94172,0
,75.60514,11.94176,0
,75.60622,11.94227,0
,75.60649,11.94243,0
,75.60671,11.94262,0
,75.60695,11.94289,0
,75.6074,11.9435,0
,75.60768,11.94394,0
,75.60783,11.94421,0
,75.60807,11.94471,0
,75.60809,11.94474,0
,75.60812,11.94482,0
,75.60815,11.94487,0
,75.60816,11.94491,0
,75.60873,11.94591,0
,75.60906,11.94637,0
,75.60931,11.94678,0
,75.60931,11.9468,0
,75.60937,11.94695,0
,75.6097,11.94805,0
,75.60971,11.94812,0
,75.60974,11.94821,0
,75.6098,11.94829,0
,75.60987,11.94835,0
,75.61032,11.94855,0
,75.61088,11.94875,0
,75.61116,11.94883,0
,75.6112,11.94885,0
,75.61161,11.94898,0
,75.61194,11.94906,0
,75.61227,11.9491,0
,75.61275,11.94919,0
,75.61313,11.94919,0
,75.61323,11.94918,0
,75.61328,11.94916,0
,75.61341,11.94913,0
,75.61355,11.94908,0
,75.61373,11.94897,0
,75.61428,11.94856,0
,75.61449,11.94844,0
,75.61471,11.94836,0
,75.61479,11.94834,0
,75.61612,11.94821,0
,75.61675,11.94809,0
,75.61729,11.94799,0
,75.61742,11.94798,0
,75.61807,11.94802,0
,75.6197,11.94821,0
,75.62046,11.94817,0
,75.62076,11.94811,0
,75.62111,11.948,0
,75.62228,11.94756,0
,75.62381,11.94711,0
,75.62438,11.94698,0
,75.62458,11.94695,0
,75.62499,11.94697,0
,75.62521,11.947,0
,75.62617,11.94737,0
,75.62674,11.9477,0
,75.62707,11.94785,0
,75.62793,11.94817,0
,75.63042,11.94898,0
,75.63055,11.94901,0
,75.63073,11.94908,0
,75.63093,11.94913,0
,75.63121,11.94925,0
,75.63145,11.94938,0
,75.63189,11.94969,0
,75.63228,11.95003,0
,75.63261,11.95027,0
,75.63299,11.95045,0
,75.63366,11.95071,0
,75.63463,11.95102,0
,75.63489,11.95115,0
,75.63532,11.95143,0
,75.63587,11.95191,0
,75.63609,11.95208,0
,75.63648,11.95227,0
,75.63659,11.9523,0
,75.6367,11.9523,0
,75.63676,11.95231,0
,75.63706,11.9523,0
,75.6377,11.95223,0
,75.6382,11.95221,0
,75.63994,11.95265,0
,75.64049,11.95275,0
,75.64051,11.95276,0
,75.64089,11.95283,0
,75.64121,11.95286,0
,75.64144,11.9529,0
,75.64196,11.95293,0
,75.64208,11.95295,0
,75.64238,11.95296,0
,75.6426,11.953,0
,75.64266,11.95302,0
,75.64383,11.95363,0
,75.64431,11.95382,0
,75.64583,11.95455,0
,75.64608,11.9547,0
,75.64634,11.95489,0
,75.6466,11.95512,0
,75.64701,11.95555,0
,75.6485,11.95728,0
,75.64888,11.95766,0
,75.64916,11.95791,0
,75.64981,11.95841,0
,75.64982,11.95841,0
,75.65053,11.959,0
,75.65161,11.96015,0
,75.6519,11.96038,0
,75.6519,11.96039,0
,75.65221,11.96059,0
,75.65257,11.96087,0
,75.653,11.96125,0
,75.65325,11.96155,0
,75.65341,11.96179,0
,75.65423,11.96318,0
,75.65424,11.96321,0
,75.65459,11.96362,0
,75.65491,11.96385,0
,75.65513,11.96408,0
,75.65525,11.96424,0
,75.6576,11.96786,0
,75.65838,11.9689,0
,75.65879,11.96956,0
,75.6589,11.9698,0
,75.65896,11.96998,0
,75.65901,11.97019,0
,75.65906,11.97066,0
,75.65904,11.97099,0
,75.65889,11.97182,0
,75.65892,11.97205,0
,75.65896,11.97214,0
,75.65896,11.97216,0
,75.65904,11.97229,0
,75.65906,11.97231,0
,75.65925,11.97262,0
,75.65935,11.97285,0
,75.65952,11.97337,0
,75.65957,11.97344,0
,75.65969,11.97354,0
,75.65976,11.97357,0
,75.65981,11.97358,0
,75.65992,11.97358,0
,75.66005,11.97354,0
,75.66036,11.97335,0
,75.66053,11.97329,0
,75.66069,11.97325,0
,75.66085,11.97323,0
,75.66104,11.97324,0
,75.66114,11.97326,0
,75.66124,11.97333,0
,75.66132,11.97341,0
,75.66169,11.97396,0
,75.66194,11.97424,0
,75.66224,11.97451,0
,75.66267,11.97497,0
,75.66285,11.97513,0
,75.66309,11.9754,0
,75.6633,11.97572,0
,75.66377,11.97654,0
,75.66393,11.97678,0
,75.6642,11.97708,0
,75.66432,11.97718,0
,75.66449,11.97727,0
,75.66465,11.97733,0
,75.66487,11.97738,0
,75.66562,11.9775,0
,75.66809,11.97778,0
,75.66827,11.97782,0
,75.6683,11.97782,0
,75.6684,11.97786,0
,75.66845,11.97787,0
,75.66859,11.97792,0
,75.66868,11.97798,0
,75.66892,11.97811,0
,75.6691,11.97824,0
,75.66929,11.97844,0
,75.66965,11.97891,0
,75.67014,11.97972,0
,75.67034,11.97996,0
,75.67058,11.98018,0
,75.67065,11.98023,0
,75.67091,11.98037,0
,75.67281,11.98122,0
,75.67336,11.98153,0
,75.6734,11.98156,0
,75.67347,11.98164,0
,75.67351,11.98167,0
,75.67361,11.9818,0
,75.67361,11.98181,0
,75.67373,11.98201,0
,75.67393,11.98243,0
,75.67419,11.98276,0
,75.67479,11.98344,0
,75.67504,11.98363,0
,75.67532,11.9838,0
,75.67622,11.9833,0
,75.6764,11.98314,0
,75.67705,11.98243,0
,75.67707,11.98236,0
,75.67778,11.98151,0
,75.67797,11.98125,0
,75.67865,11.98016,0
,75.67912,11.97947,0
,75.67936,11.97917,0
,75.67951,11.97901,0
,75.67951,11.979,0
,75.68072,11.97791,0
,75.68072,11.9779,0
,75.68276,11.97609,0
,75.68307,11.97585,0
,75.68325,11.97561,0
,75.68539,11.97389,0
,75.68592,11.97341,0
,75.68605,11.97331,0
,75.68705,11.9724,0
,75.68729,11.97221,0
,75.6876,11.972,0
,75.68834,11.97166,0
,75.68873,11.97153,0
,75.68903,11.97146,0
,75.6893,11.97136,0
,75.68942,11.97134,0
,75.69002,11.97138,0
,75.69017,11.97137,0
,75.69035,11.97134,0
,75.69064,11.97125,0
,75.69117,11.97112,0
,75.69137,11.97098,0
,75.69149,11.97087,0
,75.69162,11.97071,0
,75.69271,11.97005,0
,75.69275,11.97,0
,75.69278,11.96988,0
,75.69276,11.9697,0
,75.69269,11.96947,0
,75.69269,11.96937,0
,75.6927,11.96934,0
,75.69274,11.96928,0
,75.69275,11.96928,0
,75.69282,11.96923,0
,75.69296,11.96917,0
,75.69361,11.96899,0
,75.69396,11.96892,0
,75.69422,11.96885,0
,75.69429,11.96876,0
,75.69433,11.96865,0
,75.69433,11.96856,0
,75.69432,11.96851,0
,75.6942,11.96821,0
,75.69419,11.96816,0
,75.69414,11.96808,0
,75.69396,11.96785,0
,75.69378,11.96765,0
,75.69373,11.96757,0
,75.69369,11.96747,0
,75.69369,11.96738,0
,75.69371,11.9673,0
,75.69373,11.96726,0
,75.6939,11.96706,0
,75.69398,11.96691,0
,75.694,11.96676,0
,75.69399,11.96668,0
,75.69394,11.96658,0
,75.69389,11.96654,0
,75.69384,11.96652,0
,75.69379,11.96647,0
,75.69379,11.96646,0
,75.6937,11.96633,0
,75.69366,11.9661,0
,75.69367,11.96605,0
,75.69371,11.96596,0
,75.69371,11.96594,0
,75.69375,11.9659,0
,75.69413,11.96563,0
,75.69464,11.96537,0
,75.69483,11.96521,0
,75.6949,11.96512,0
,75.69493,11.96503,0
,75.69494,11.96463,0
,75.69496,11.96458,0
,75.69498,11.96453,0
,75.69504,11.96444,0
,75.69504,11.96443,0
,75.69529,11.96423,0
,75.69536,11.96415,0
,75.69539,11.9641,0
,75.69547,11.96392,0
,75.69576,11.96286,0
,75.69662,11.9627,0
,75.69698,11.96266,0
,75.69724,11.96268,0
,75.69754,11.96275,0
,75.69788,11.96276,0
,75.69936,11.96268,0
,75.69956,11.96273,0
,75.7007,11.96342,0
,75.70077,11.96344,0
,75.70103,11.96346,0
,75.70111,11.96345,0
,75.70126,11.9634,0
,75.7014,11.96333,0
,75.70154,11.96324,0
,75.70179,11.96313,0
,75.70207,11.96305,0
,75.7022,11.96304,0
,75.70256,11.96307,0
,75.70262,11.96305,0
,75.70265,11.96305,0
,75.70271,11.96297,0
,75.70271,11.96292,0
,75.70268,11.96276,0
,75.70268,11.96272,0
,75.70266,11.96267,0
,75.70265,11.96262,0
,75.70264,11.96253,0
,75.70265,11.96247,0
,75.70272,11.96233,0
,75.70276,11.96228,0
,75.70279,11.96226,0
,75.70283,11.96221,0
,75.70289,11.96218,0
,75.70294,11.96217,0
,75.70295,11.96216,0
,75.703,11.96216,0
,75.70347,11.9623,0
,75.70359,11.96235,0
,75.70367,11.96237,0
,75.70373,11.9624,0
,75.70385,11.96244,0
,75.70389,11.96244,0
,75.70394,11.96242,0
,75.704,11.96237,0
,75.70407,11.96233,0
,75.70416,11.96233,0
,75.7043,11.96236,0
,75.70445,11.96242,0
,75.70485,11.96263,0
,75.70495,11.96266,0
,75.70505,11.96264,0
,75.70552,11.96236,0
,75.70601,11.96212,0
,75.70638,11.96197,0
,75.70677,11.96175,0
,75.7073,11.9614,0
,75.70821,11.96095,0
,75.70827,11.96093,0
,75.70868,11.9607,0
,75.7089,11.96052,0
,75.70897,11.96048,0
,75.70918,11.96042,0
,75.70936,11.96042,0
,75.70967,11.96046,0
,75.7098,11.96046,0
,75.71007,11.96041,0
,75.71028,11.96033,0
,75.71119,11.95965,0
,75.71136,11.95956,0
,75.71145,11.95955,0
,75.7118,11.95956,0
,75.71234,11.95939,0
,75.71258,11.95934,0
,75.71264,11.95932,0
,75.71316,11.95921,0
,75.71323,11.95917,0
,75.71375,11.95877,0
,75.71393,11.95861,0
,75.71402,11.95857,0
,75.71412,11.95857,0
,75.71426,11.9586,0
,75.71452,11.95862,0
,75.71459,11.95861,0
,75.7148,11.95854,0
,75.71515,11.95847,0
,75.71533,11.95841,0
,75.71574,11.95822,0
,75.71602,11.95812,0
,75.71621,11.95809,0
,75.71627,11.95807,0
,75.71631,11.95804,0
,75.71633,11.95801,0
,75.71635,11.95795,0
,75.71643,11.95781,0
,75.71647,11.95778,0
,75.71654,11.95775,0
,75.71685,11.95771,0
,75.71722,11.95771,0
,75.71761,11.9576,0
,75.71793,11.95758,0
,75.71799,11.95759,0
,75.71824,11.9576,0
,75.7183,11.95758,0
,75.71886,11.95726,0
,75.71897,11.95715,0
,75.71909,11.95698,0
,75.71917,11.95692,0
,75.71978,11.95663,0
,75.72008,11.9564,0
,75.72015,11.95637,0
,75.72045,11.95632,0
,75.72053,11.95632,0
,75.72066,11.95636,0
,75.72072,11.9564,0
,75.72077,11.95645,0
,75.7208,11.95651,0
,75.7209,11.95686,0
,75.72091,11.95687,0
,75.72091,11.95688,0
,75.72092,11.95688,0
,75.72095,11.9569,0
,75.72102,11.9569,0
,75.72175,11.95672,0
,75.72186,11.95668,0
,75.72202,11.9566,0
,75.72209,11.95655,0
,75.72226,11.95646,0
,75.7223,11.95643,0
,75.72236,11.9564,0
,75.7224,11.9564,0
,75.72272,11.9565,0
,75.72305,11.95651,0
,75.72337,11.95649,0
,75.72366,11.95644,0
,75.72468,11.9564,0
,75.72496,11.95643,0
,75.72498,11.95644,0
,75.72604,11.9565,0
,75.72624,11.95653,0
,75.72632,11.95652,0
,75.72634,11.95651,0
,75.72639,11.9565,0
,75.72706,11.95611,0
,75.72737,11.95586,0
,75.72868,11.95535,0
,75.72903,11.95525,0
,75.72939,11.95517,0
,75.72953,11.95512,0
,75.72966,11.95503,0
,75.7297,11.95498,0
,75.72974,11.95495,0
,75.72983,11.95486,0
,75.73025,11.9543,0
,75.7303,11.95419,0
,75.73051,11.95386,0
,75.73061,11.95361,0
,75.73134,11.95249,0
,75.73142,11.9523,0
,75.73153,11.95146,0
,75.73157,11.95137,0
,75.73165,11.95127,0
,75.73172,11.9512,0
,75.73176,11.95113,0
,75.73179,11.95101,0
,75.73177,11.95055,0
,75.73173,11.95031,0
,75.73166,11.95014,0
,75.73132,11.94946,0
,75.7313,11.94938,0
,75.73125,11.94926,0
,75.73124,11.94913,0
,75.73128,11.94896,0
,75.73144,11.94864,0
,75.73158,11.94843,0
,75.73173,11.94811,0
,75.73183,11.94794,0
,75.732,11.9477,0
,75.73208,11.94751,0
,75.7321,11.94747,0
,75.73239,11.94592,0
,75.73244,11.94573,0
,75.73244,11.94547,0
,75.73241,11.94537,0
,75.73241,11.94536,0
,75.73232,11.94516,0
,75.73224,11.94493,0
,75.73217,11.94465,0
,75.73201,11.94416,0
,75.73195,11.94379,0
,75.73193,11.94356,0
,75.73202,11.94303,0
,75.73206,11.942,0
,75.73211,11.94142,0
,75.73214,11.94129,0
,75.7323,11.9409,0
,75.73231,11.94086,0
,75.73244,11.94057,0
,75.73293,11.93929,0
,75.73373,11.93805,0
,75.73395,11.93766,0
,75.73407,11.93741,0
,75.73419,11.9371,0
,75.73428,11.93677,0
,75.7343,11.93673,0
,75.73433,11.93649,0
,75.73437,11.93631,0
,75.73444,11.93614,0
,75.73457,11.93593,0
,75.7348,11.93572,0
,75.73505,11.93556,0
,75.73524,11.9355,0
,75.73545,11.93546,0
,75.73557,11.93541,0
,75.7358,11.93526,0
,75.736,11.93509,0
,75.73675,11.93435,0
,75.73676,11.93432,0
,75.73677,11.93431,0
,75.73678,11.93424,0
,75.7367,11.93371,0
,75.73665,11.93348,0
,75.73657,11.93327,0
,75.73618,11.93285,0
,75.73599,11.93258,0
,75.73596,11.9325,0
,75.73596,11.93246,0
,75.736,11.93235,0
,75.73605,11.93228,0
,75.73611,11.93221,0
,75.73618,11.93215,0
,75.73657,11.93195,0
,75.73667,11.93186,0
,75.73683,11.93166,0
,75.73691,11.93147,0
,75.73695,11.93134,0
,75.73697,11.93098,0
,75.73686,11.93009,0
,75.73686,11.92993,0
,75.73695,11.9297,0
,75.73701,11.92958,0
,75.73709,11.92935,0
,75.73725,11.9287,0
,75.73725,11.92867,0
,75.73734,11.92838,0
,75.73734,11.92831,0
,75.73733,11.92829,0
,75.73732,11.92825,0
,75.73713,11.92807,0
,75.7366,11.92749,0
,75.73649,11.92734,0
,75.73648,11.92728,0
,75.73651,11.9272,0
,75.73695,11.92687,0
,75.73704,11.92676,0
,75.73706,11.92658,0
,75.73698,11.92611,0
,75.73686,11.92566,0
,75.73685,11.92565,0
,75.73671,11.92516,0
,75.73671,11.92514,0
,75.73676,11.9251,0
,75.73724,11.92482,0
,75.73747,11.92471,0
,75.73775,11.92462,0
,75.73804,11.92454,0
,75.73912,11.92416,0
,75.73977,11.9239,0
,75.74026,11.92376,0
,75.74049,11.92373,0
,75.74054,11.92374,0
,75.74062,11.92379,0
,75.74068,11.92389,0
,75.74086,11.92439,0
,75.74102,11.92474,0
,75.74114,11.92499,0
,75.7413,11.92525,0
,75.74139,11.92532,0
,75.74149,11.92536,0
,75.74156,11.92537,0
,75.74166,11.92536,0
,75.74174,11.92533,0
,75.74176,11.92533,0
,75.74215,11.92521,0
,75.74241,11.92515,0
,75.74306,11.92505,0
,75.74318,11.92499,0
,75.74303,11.92454,0
,75.74299,11.92436,0
,75.743,11.92424,0
,75.74328,11.92334,0
,75.74358,11.92249,0
,75.74365,11.92235,0
,75.7438,11.92213,0
,75.74386,11.92207,0
,75.74426,11.92186,0
,75.74501,11.92156,0
,75.74538,11.92133,0
,75.74548,11.92125,0
,75.74572,11.92114,0
,75.74614,11.92101,0
,75.74633,11.92092,0
,75.74641,11.92081,0
,75.74643,11.92076,0
,75.74647,11.92054,0
,75.74663,11.92009,0
,75.74663,11.91993,0
,75.74678,11.91974,0
,75.74691,11.91964,0
,75.74754,11.91936,0
,75.74756,11.91936,0
,75.74805,11.91917,0
,75.74815,11.91912,0
,75.74852,11.91885,0
,75.74863,11.91879,0
,75.74884,11.91873,0
,75.74955,11.91861,0
,75.74976,11.91861,0
,75.74982,11.91862,0
,75.74994,11.91866,0
,75.7504,11.91886,0
,75.75049,11.91888,0
,75.75081,11.91887,0
,75.75087,11.91888,0
,75.75109,11.91888,0
,75.75127,11.91891,0
,75.75141,11.91892,0
,75.7516,11.91887,0
,75.75291,11.91864,0
,75.75295,11.91861,0
,75.75295,11.9186,0
,75.75298,11.91851,0
,75.75287,11.91753,0
,75.75284,11.91743,0
,75.75284,11.91739,0
,75.75285,11.91736,0
,75.75288,11.91731,0
,75.75291,11.91729,0
,75.75404,11.9168,0
,75.75441,11.91674,0
,75.75453,11.91671,0
,75.75462,11.9167,0
,75.75477,11.91664,0
,75.7548,11.91662,0
,75.75486,11.91656,0
,75.75491,11.91645,0
,75.75499,11.91619,0
,75.75516,11.91577,0
,75.75526,11.91558,0
,75.75534,11.9154,0
,75.75537,11.91518,0
,75.75537,11.91506,0
,75.75536,11.91503,0
,75.75532,11.91475,0
,75.75525,11.91447,0
,75.75508,11.91402,0
,75.75507,11.91393,0
,75.75508,11.91299,0
,75.75511,11.91286,0
,75.75518,11.91266,0
,75.75522,11.91262,0
,75.75525,11.9126,0
,75.75538,11.91256,0
,75.75563,11.91254,0
,75.75569,11.91252,0
,75.75574,11.91249,0
,75.75576,11.91246,0
,75.75579,11.91239,0
,75.7559,11.91186,0
,75.75599,11.91162,0
,75.75603,11.91157,0
,75.75619,11.91125,0
,75.75625,11.91117,0
,75.75628,11.91115,0
,75.75653,11.91106,0
,75.75658,11.91101,0
,75.75663,11.91089,0
,75.75666,11.91073,0
,75.75671,11.91056,0
,75.75674,11.91049,0
,75.75728,11.91065,0
,75.7574,11.91071,0
,75.75745,11.91077,0
,75.75758,11.91103,0
,75.75758,11.91105,0
,75.75762,11.91118,0
,75.75764,11.9113,0
,75.75764,11.91138,0
,75.75767,11.91147,0
,75.75777,11.91153,0
,75.75811,11.91162,0
,75.75841,11.91174,0
,75.75846,11.91175,0
,75.75861,11.91175,0
,75.75915,11.91168,0
,75.7593,11.9117,0
,75.75938,11.91173,0
,75.75952,11.91181,0
,75.75994,11.91216,0
,75.76059,11.91262,0
,75.76082,11.91275,0
,75.76106,11.91284,0
,75.76167,11.91301,0
,75.76191,11.91301,0
,75.76218,11.91295,0
,75.76249,11.91282,0
,75.76258,11.9128,0
,75.76265,11.9128,0
,75.76273,11.91282,0
,75.7628,11.91287,0
,75.76286,11.91293,0
,75.76294,11.91304,0
,75.76304,11.91315,0
,75.76311,11.9132,0
,75.76315,11.91324,0
,75.7633,11.91334,0
,75.76372,11.91355,0
,75.76421,11.91372,0
,75.76442,11.91375,0
,75.76473,11.91376,0
,75.76479,11.91375,0
,75.7652,11.9136,0
,75.76544,11.91349,0
,75.76641,11.91289,0
,75.76665,11.91281,0
,75.76673,11.91277,0
,75.76706,11.91251,0
,75.76716,11.91245,0
,75.76721,11.91243,0
,75.76741,11.91241,0
,75.76744,11.91242,0
,75.76767,11.91241,0
,75.76805,11.91225,0
,75.76818,11.91214,0
,75.76822,11.91209,0
,75.76828,11.91198,0
,75.76832,11.91173,0
,75.76838,11.91151,0
,75.76847,11.9113,0
,75.76854,11.91117,0
,75.76927,11.91012,0
,75.76951,11.9099,0
,75.76983,11.90966,0
,75.77,11.90956,0
,75.77023,11.90939,0
,75.77087,11.90897,0
,75.77129,11.90876,0
,75.77135,11.90874,0
,75.77136,11.90873,0
,75.77184,11.90858,0
,75.77188,11.90856,0
,75.77242,11.90838,0
,75.77314,11.90824,0
,75.7736,11.90807,0
,75.77376,11.90799,0
,75.77393,11.90785,0
,75.77405,11.90778,0
,75.77405,11.90777,0
,75.77413,11.90772,0
,75.77435,11.90765,0
,75.77443,11.90761,0
,75.77476,11.90749,0
,75.77523,11.90726,0
,75.77582,11.90693,0
,75.776,11.9068,0
,75.77642,11.90654,0
,75.77662,11.90644,0
,75.77675,11.90634,0
,75.77692,11.90618,0
,75.77693,11.90618,0
,75.77698,11.90615,0
,75.77717,11.90613,0
,75.77758,11.90617,0
,75.7778,11.90616,0
,75.77809,11.90617,0
,75.77839,11.90616,0
,75.77861,11.90611,0
,75.77867,11.90608,0
,75.77887,11.90595,0
,75.77901,11.90582,0
,75.77903,11.90579,0
,75.77928,11.90553,0
,75.77942,11.90541,0
,75.77962,11.90531,0
,75.78001,11.9052,0
,75.78048,11.9051,0
,75.7808,11.90512,0
,75.78098,11.90516,0
,75.78113,11.90517,0
,75.78127,11.90515,0
,75.78173,11.90504,0
,75.78239,11.90499,0
,75.78257,11.90499,0
,75.78288,11.90502,0
,75.78312,11.90502,0
,75.78327,11.905,0
,75.78347,11.90495,0
,75.7837,11.90493,0
,75.78387,11.90494,0
,75.78473,11.90511,0
,75.78501,11.9052,0
,75.78508,11.90524,0
,75.78524,11.90536,0
,75.7854,11.90553,0
,75.78544,11.90562,0
,75.78545,11.90566,0
,75.78548,11.9057,0
,75.78566,11.90568,0
,75.78656,11.90541,0
,75.78743,11.90525,0
,75.78775,11.90526,0
,75.78846,11.90534,0
,75.78862,11.90534,0
,75.78878,11.90531,0
,75.78891,11.90526,0
,75.78897,11.90522,0
,75.78917,11.905,0
,75.7892,11.90498,0
,75.78925,11.90497,0
,75.78931,11.90497,0
,75.78946,11.905,0
,75.78963,11.90501,0
,75.7897,11.90496,0
,75.78979,11.90485,0
,75.78992,11.90465,0
,75.79083,11.90357,0
,75.79086,11.90355,0
,75.79097,11.90343,0
,75.79122,11.9032,0
,75.79148,11.903,0
,75.79227,11.90251,0
,75.79278,11.90235,0
,75.79304,11.90225,0
,75.7932,11.90217,0
,75.79379,11.90179,0
,75.7938,11.90179,0
,75.79509,11.9011,0
,75.79529,11.90097,0
,75.79556,11.90082,0
,75.79574,11.90075,0
,75.79603,11.90067,0
,75.79615,11.90062,0
,75.79626,11.90054,0
,75.79702,11.89985,0
,75.79732,11.89961,0
,75.79775,11.89935,0
,75.79882,11.89887,0
,75.79895,11.89883,0
,75.79908,11.89877,0
,75.7991,11.89877,0
,75.79936,11.89869,0
,75.79962,11.89864,0
,75.79981,11.89863,0
,75.80003,11.89859,0
,75.80009,11.89855,0
,75.80017,11.89846,0
,75.80032,11.89783,0
,75.80051,11.89722,0
,75.8007,11.89677,0
,75.80075,11.8967,0
,75.80103,11.89639,0
,75.80131,11.89619,0
,75.80142,11.89613,0
,75.80152,11.89606,0
,75.80173,11.89596,0
,75.80179,11.89594,0
,75.80235,11.89583,0
,75.80248,11.89583,0
,75.80255,11.89584,0
,75.80267,11.89584,0
,75.8027,11.89585,0
,75.80288,11.89586,0
,75.80355,11.89599,0
,75.80376,11.896,0
,75.80438,11.8959,0
,75.80488,11.89576,0
,75.80502,11.89574,0
,75.80576,11.8957,0
,75.80597,11.89567,0
,75.80623,11.89556,0
,75.80672,11.89541,0
,75.80821,11.89506,0
,75.80835,11.89504,0
,75.80858,11.89507,0
,75.80874,11.89512,0
,75.80909,11.89528,0
,75.80929,11.89544,0
,75.80979,11.89594,0
,75.80984,11.89598,0
,75.81028,11.89624,0
,75.8104,11.89628,0
,75.81059,11.89629,0
,75.81065,11.89627,0
,75.81075,11.89622,0
,75.81093,11.8961,0
,75.81132,11.8959,0
,75.81139,11.89588,0
,75.81152,11.89589,0
,75.81174,11.89595,0
,75.81235,11.89598,0
,75.81285,11.89605,0
,75.81356,11.89623,0
,75.81429,11.89636,0
,75.8146,11.89637,0
,75.81467,11.89636,0
,75.81487,11.89629,0
,75.81561,11.89587,0
,75.81698,11.89494,0
,75.81792,11.89437,0
,75.81835,11.89415,0
,75.81841,11.8941,0
,75.81847,11.89403,0
,75.81914,11.89295,0
,75.81923,11.89286,0
,75.81934,11.89278,0
,75.8194,11.89276,0
,75.82055,11.89275,0
,75.82127,11.89254,0
,75.82319,11.89165,0
,75.82322,11.89165,0
,75.82336,11.89161,0
,75.8259,11.8916,0
,75.8261,11.89158,0
,75.82613,11.89157,0
,75.8271,11.89097,0
,75.82771,11.89026,0
,75.82789,11.88993,0
,75.82806,11.88887,0
,75.82813,11.88855,0
,75.82829,11.88806,0
,75.82845,11.88776,0
,75.82918,11.88698,0
,75.83039,11.88581,0
,75.83064,11.88562,0
,75.83075,11.88552,0
,75.83131,11.88514,0
,75.83177,11.88496,0
,75.83346,11.8846,0
,75.83414,11.8845,0
,75.83478,11.88444,0
,75.83495,11.88441,0
,75.83536,11.8842,0
,75.83607,11.884,0
,75.83646,11.88383,0
,75.83689,11.88358,0
,75.83703,11.88353,0
,75.83807,11.88332,0
,75.83852,11.88327,0
,75.8387,11.88323,0
,75.83881,11.88317,0
,75.8396,11.88254,0
,75.83991,11.88234,0
,75.84045,11.88219,0
,75.84122,11.88211,0
,75.84181,11.88201,0
,75.8423,11.8818,0
,75.84242,11.88172,0
,75.84282,11.88137,0
,75.84347,11.88113,0
,75.84407,11.8808,0
,75.84477,11.8805,0
,75.84504,11.88044,0
,75.84703,11.8802,0
,75.84738,11.8801,0
,75.8474,11.8801,0
,75.84791,11.87994,0
,75.84827,11.87978,0
,75.84888,11.87945,0
,75.84974,11.87916,0
,75.84975,11.87916,0
,75.85051,11.87895,0
,75.85099,11.87888,0
,75.8512,11.87887,0
,75.85164,11.8788,0
,75.85197,11.87871,0
,75.85246,11.87851,0
,75.85281,11.87834,0
,75.8529,11.87828,0
,75.85337,11.87784,0
,75.85341,11.87779,0
,75.85353,11.87769,0
,75.85383,11.87752,0
,75.85453,11.87721,0
,75.85491,11.87714,0
,75.85528,11.87711,0
,75.85606,11.87713,0
,75.85618,11.87708,0
,75.8562,11.87708,0
,75.85713,11.87649,0
,75.85826,11.87609,0
,75.85903,11.87566,0
,75.85929,11.87555,0
,75.8595,11.87542,0
,75.8597,11.87527,0
,75.86123,11.87426,0
,75.86148,11.87413,0
,75.86155,11.87408,0
,75.86237,11.87365,0
,75.86248,11.87362,0
,75.86256,11.87358,0
,75.86263,11.87356,0
,75.86281,11.87355,0
,75.86332,11.8734,0
,75.86346,11.87333,0
,75.86375,11.87324,0
,75.86407,11.8732,0
,75.86425,11.8732,0
,75.86447,11.87322,0
,75.86668,11.87362,0
,75.86778,11.87362,0
,75.86814,11.8736,0
,75.86823,11.87356,0
,75.86827,11.87353,0
,75.86838,11.87341,0
,75.86921,11.87295,0
,75.87014,11.87229,0
,75.87037,11.87216,0
,75.87097,11.87205,0
,75.87146,11.87183,0
,75.87185,11.87158,0
,75.87251,11.87124,0
,75.87329,11.87065,0
,75.87349,11.87061,0
,75.87416,11.87061,0
,75.87486,11.87065,0
,75.87596,11.87059,0
,75.876,11.87058,0
,75.87743,11.87049,0
,75.87746,11.87048,0
,75.87822,11.87037,0
,75.87876,11.87016,0
,75.87877,11.87016,0
,75.87912,11.86999,0
,75.87916,11.86995,0
,75.87919,11.8699,0
,75.87938,11.8693,0
,75.87966,11.86883,0
,75.87974,11.86873,0
,75.87975,11.86871,0
,75.87992,11.86859,0
,75.88014,11.86852,0
,75.88038,11.86847,0
,75.88077,11.86829,0
,75.88122,11.86805,0
,75.88168,11.86776,0
,75.88178,11.86772,0
,75.88189,11.86769,0
,75.88209,11.86769,0
,75.88326,11.86793,0
,75.88334,11.86793,0
,75.88403,11.86785,0
,75.88495,11.86788,0
,75.88504,11.86787,0
,75.88626,11.86757,0
,75.88683,11.86738,0
,75.88694,11.86733,0
,75.88776,11.86683,0
,75.88786,11.8668,0
,75.88805,11.86679,0
,75.8884,11.86683,0
,75.88848,11.86683,0
,75.88862,11.86678,0
,75.88901,11.86648,0
,75.88983,11.86615,0
,75.88995,11.86608,0
,75.89007,11.86598,0
,75.8904,11.86544,0
,75.89069,11.86511,0
,75.89082,11.86501,0
,75.89095,11.86493,0
,75.89162,11.8644,0
,75.89171,11.86436,0
,75.8919,11.86431,0
,75.89213,11.86423,0
,75.89228,11.86408,0
,75.89254,11.8637,0
,75.89283,11.86306,0
,75.89284,11.86305,0
,75.89303,11.86298,0
,75.89362,11.86296,0
,75.89397,11.86283,0
,75.89408,11.86273,0
,75.89438,11.86231,0
,75.89448,11.86225,0
,75.89478,11.8622,0
,75.89481,11.86219,0
,75.89483,11.86216,0
,75.89492,11.86177,0
,75.89491,11.86156,0
,75.89496,11.86148,0
,75.89505,11.86114,0
,75.89506,11.86087,0
,75.89492,11.8606,0
,75.89481,11.86048,0
,75.8948,11.86048,0
,75.89459,11.86035,0
,75.89432,11.86007,0
,75.89427,11.85989,0
,75.89425,11.85974,0
,75.89427,11.8596,0
,75.89431,11.85946,0
,75.89437,11.85938,0
,75.89444,11.85926,0
,75.89465,11.85903,0
,75.89474,11.8588,0
,75.89487,11.85863,0
,75.89491,11.85851,0
,75.89489,11.85837,0
,75.89485,11.85831,0
,75.89481,11.85812,0
,75.89482,11.85802,0
,75.89491,11.85795,0
,75.89504,11.8579,0
,75.89513,11.85763,0
,75.89522,11.85748,0
,75.89536,11.8574,0
,75.89559,11.85732,0
,75.89569,11.85725,0
,75.8958,11.85715,0
,75.8958,11.85712,0
,75.89583,11.857,0
,75.89591,11.85647,0
,75.89595,11.8564,0
,75.89599,11.85636,0
,75.89605,11.85633,0
,75.89609,11.85633,0
,75.89614,11.85632,0
,75.89681,11.85645,0
,75.89683,11.85646,0
,75.89747,11.85647,0
,75.89761,11.85641,0
,75.89765,11.85637,0
,75.89767,11.85634,0
,75.89768,11.85629,0
,75.89773,11.85604,0
,75.89776,11.856,0
,75.89778,11.85599,0
,75.8978,11.85597,0
,75.89788,11.85594,0
,75.89819,11.85597,0
,75.89847,11.85588,0
,75.89863,11.85581,0
,75.89864,11.85581,0
,75.8987,11.85578,0
,75.89882,11.85569,0
,75.89898,11.85543,0
,75.89899,11.85543,0
,75.89902,11.8554,0
,75.89907,11.85539,0
,75.89917,11.85539,0
,75.89943,11.85546,0
,75.8996,11.85547,0
,75.89986,11.85537,0
,75.89997,11.85535,0
,75.90012,11.85526,0
,75.9003,11.85509,0
,75.90031,11.85506,0
,75.90057,11.85458,0
,75.90057,11.85447,0
,75.90048,11.85401,0
,75.90048,11.85384,0
,75.90051,11.85372,0
,75.90059,11.85366,0
,75.90069,11.85364,0
,75.90077,11.85366,0
,75.90097,11.85379,0
,75.90112,11.85382,0
,75.90117,11.85381,0
,75.90118,11.8538,0
,75.90119,11.8538,0
,75.90132,11.85366,0
,75.90155,11.85335,0
,75.90163,11.85334,0
,75.90173,11.85335,0
,75.90213,11.85346,0
,75.9023,11.85346,0
,75.90244,11.85343,0
,75.90268,11.85332,0
,75.90281,11.85324,0
,75.90313,11.8529,0
,75.90334,11.8528,0
,75.90339,11.8528,0
,75.90344,11.85281,0
,75.90368,11.85289,0
,75.90374,11.8529,0
,75.90428,11.85278,0
,75.9044,11.85272,0
,75.90452,11.85261,0
,75.90467,11.85186,0
,75.9047,11.8518,0
,75.90474,11.85175,0
,75.90478,11.85173,0
,75.90481,11.85172,0
,75.90489,11.85176,0
,75.90491,11.85177,0
,75.90499,11.85186,0
,75.9051,11.85195,0
,75.90532,11.85208,0
,75.90535,11.85209,0
,75.90545,11.85216,0
,75.90565,11.8522,0
,75.90578,11.85219,0
,75.90589,11.85214,0
,75.90596,11.85204,0
,75.90603,11.85184,0
,75.90604,11.85178,0
,75.90611,11.85161,0
,75.90636,11.85131,0
,75.90648,11.85122,0
,75.90658,11.85118,0
,75.90676,11.85119,0
,75.90692,11.85124,0
,75.90708,11.85131,0
,75.90755,11.85128,0
,75.90769,11.85129,0
,75.90777,11.85132,0
,75.9078,11.85135,0
,75.90782,11.85139,0
,75.90775,11.85169,0
,75.90777,11.85174,0
,75.90781,11.85175,0
,75.90788,11.85175,0
,75.9079,11.85174,0
,75.90805,11.85139,0
,75.9081,11.85135,0
,75.90812,11.85135,0
,75.90818,11.85138,0
,75.90819,11.85141,0
,75.90818,11.85147,0
,75.90815,11.85152,0
,75.9081,11.85165,0
,75.90811,11.85171,0
,75.90813,11.85175,0
,75.90816,11.85176,0
,75.9082,11.85176,0
,75.9084,11.85146,0
,75.90846,11.85139,0
,75.90851,11.85135,0
,75.90857,11.85132,0
,75.90869,11.85132,0
,75.90882,11.85134,0
,75.90893,11.85139,0
,75.90919,11.85146,0
,75.9095,11.8515,0
,75.90969,11.85149,0
,75.90979,11.8515,0
,75.90987,11.85158,0
,75.90989,11.8517,0
,75.90984,11.852,0
,75.90989,11.85223,0
,75.90992,11.85229,0
,75.90996,11.85234,0
,75.90999,11.85235,0
,75.90999,11.85236,0
,75.91002,11.85236,0
,75.91006,11.85233,0
,75.91007,11.8523,0
,75.91004,11.85217,0
,75.91008,11.85188,0
,75.91017,11.85171,0
,75.91025,11.85161,0
,75.91029,11.85159,0
,75.91034,11.85159,0
,75.91038,11.85161,0
,75.9104,11.85166,0
,75.91042,11.8517,0
,75.91037,11.85189,0
,75.91037,11.85191,0
,75.9104,11.85197,0
,75.91042,11.85198,0
,75.91042,11.85199,0
,75.91043,11.85199,0
,75.91045,11.852,0
,75.91049,11.852,0
,75.91051,11.85199,0
,75.91079,11.85172,0
,75.91082,11.85168,0
,75.91092,11.85159,0
,75.91096,11.85157,0
,75.91101,11.85156,0
,75.91108,11.85156,0
,75.91116,11.8516,0
,75.91122,11.85168,0
,75.9113,11.8519,0
,75.91134,11.85198,0
,75.91144,11.85206,0
,75.91172,11.85222,0
,75.91174,11.85222,0
,75.91191,11.85226,0
,75.91217,11.85227,0
,75.91223,11.85226,0
,75.91227,11.85223,0
,75.91228,11.8522,0
,75.91227,11.85217,0
,75.91221,11.85212,0
,75.91216,11.85209,0
,75.91207,11.85207,0
,75.91194,11.85208,0
,75.91189,11.85207,0
,75.91186,11.85204,0
,75.91185,11.852,0
,75.91185,11.85196,0
,75.91189,11.85188,0
,75.91197,11.85181,0
,75.91203,11.85178,0
,75.91209,11.85176,0
,75.91222,11.85176,0
,75.91231,11.85173,0
,75.91232,11.85173,0
,75.91234,11.85172,0
,75.91238,11.85167,0
,75.91244,11.85163,0
,75.91258,11.85158,0
,75.91264,11.85153,0
,75.91267,11.85149,0
,75.91271,11.85137,0
,75.91274,11.85128,0
,75.91276,11.85126,0
,75.91296,11.85114,0
,75.91299,11.85113,0
,75.91306,11.85105,0
,75.9131,11.85098,0
,75.91311,11.85089,0
,75.9131,11.85084,0
,75.9131,11.85081,0
,75.91307,11.85074,0
,75.91286,11.85048,0
,75.91282,11.85039,0
,75.91281,11.8503,0
,75.91285,11.85003,0
,75.91294,11.84977,0
,75.91301,11.84966,0
,75.91306,11.84961,0
,75.9131,11.84959,0
,75.91312,11.84957,0
,75.91319,11.84954,0
,75.91329,11.84948,0
,75.91345,11.84929,0
,75.91367,11.84912,0
,75.91371,11.84908,0
,75.91397,11.8484,0
,75.91406,11.84824,0
,75.91412,11.84819,0
,75.91423,11.84814,0
,75.91431,11.84812,0
,75.91451,11.84814,0
,75.91477,11.8482,0
,75.91549,11.84828,0
,75.91555,11.84826,0
,75.91561,11.84819,0
,75.91563,11.84811,0
,75.91564,11.84791,0
,75.91563,11.84772,0
,75.91553,11.84714,0
,75.91543,11.84689,0
,75.91541,11.84674,0
,75.91543,11.84661,0
,75.91548,11.84653,0
,75.9155,11.84648,0
,75.91566,11.84632,0
,75.91589,11.84592,0
,75.91602,11.84561,0
,75.91615,11.84522,0
,75.91619,11.84496,0
,75.91629,11.84463,0
,75.91636,11.8445,0
,75.9165,11.84435,0
,75.91657,11.8443,0
,75.91661,11.84424,0
,75.91667,11.84406,0
,75.91667,11.84381,0
,75.9167,11.84371,0
,75.9168,11.84356,0
,75.91688,11.84329,0
,75.91691,11.84312,0
,75.9169,11.84244,0
,75.91691,11.8424,0
,75.91692,11.84238,0
,75.91712,11.84223,0
,75.91726,11.84215,0
,75.91767,11.84169,0
,75.91783,11.84156,0
,75.91793,11.84146,0
,75.91818,11.84132,0
,75.91871,11.84119,0
,75.91916,11.84101,0
,75.91928,11.84092,0
,75.91935,11.84079,0
,75.91946,11.8404,0
,75.91957,11.8402,0
,75.91966,11.84008,0
,75.91992,11.83955,0
,75.92008,11.83957,0
,75.9205,11.83971,0
,75.92051,11.83972,0
,75.92056,11.83973,0
,75.9212,11.83999,0
,75.92155,11.84005,0
,75.92178,11.84005,0
,75.92183,11.84004,0
,75.9219,11.84,0
,75.92196,11.83989,0
,75.92205,11.83961,0
,75.9221,11.83933,0
,75.92215,11.83924,0
,75.92217,11.83922,0
,75.92224,11.83919,0
,75.92226,11.83919,0
,75.92228,11.83918,0
,75.9223,11.83918,0
,75.92238,11.8392,0
,75.92242,11.83923,0
,75.92244,11.83925,0
,75.92259,11.8395,0
,75.92268,11.83958,0
,75.92282,11.83962,0
,75.923,11.83963,0
,75.92306,11.83961,0
,75.92321,11.83941,0
,75.92324,11.83934,0
,75.92328,11.83928,0
,75.92338,11.83917,0
,75.92342,11.83914,0
,75.92348,11.83911,0
,75.92395,11.83896,0
,75.92412,11.83888,0
,75.92425,11.83887,0
,75.92442,11.8389,0
,75.92466,11.839,0
,75.92489,11.83906,0
,75.92534,11.83912,0
,75.92549,11.83912,0
,75.92569,11.83914,0
,75.92579,11.83917,0
,75.92596,11.83925,0
,75.92614,11.83927,0
,75.92618,11.83926,0
,75.92625,11.83921,0
,75.92634,11.83912,0
,75.92668,11.83848,0
,75.92675,11.83831,0
,75.92684,11.8379,0
,75.92685,11.83788,0
,75.92687,11.83786,0
,75.92695,11.83783,0
,75.92703,11.83783,0
,75.92757,11.838,0
,75.92775,11.8381,0
,75.92822,11.83832,0
,75.92828,11.83833,0
,75.92838,11.83833,0
,75.92847,11.8383,0
,75.92863,11.83819,0
,75.92873,11.83807,0
,75.9288,11.83796,0
,75.92886,11.83782,0
,75.92895,11.8377,0
,75.92901,11.83765,0
,75.92906,11.83762,0
,75.92911,11.8376,0
,75.92934,11.83756,0
,75.92981,11.83761,0
,75.92992,11.83761,0
,75.93003,11.83759,0
,75.93055,11.83738,0
,75.93124,11.83706,0
,75.9316,11.83686,0
,75.9319,11.83672,0
,75.93219,11.83662,0
,75.93241,11.83657,0
,75.93283,11.83644,0
,75.93293,11.83642,0
,75.93317,11.83634,0
,75.93336,11.83625,0
,75.9335,11.83612,0
,75.9336,11.83597,0
,75.93369,11.83572,0
,75.93383,11.83546,0
,75.93395,11.83531,0
,75.9341,11.83519,0
,75.93456,11.83497,0
,75.9347,11.83494,0
,75.93522,11.83492,0
,75.93547,11.83494,0
,75.93579,11.83501,0
,75.93597,11.83499,0
,75.93639,11.83483,0
,75.93647,11.83482,0
,75.93743,11.83495,0
,75.93761,11.83496,0
,75.93774,11.83498,0
,75.9379,11.83504,0
,75.93813,11.83518,0
,75.93831,11.83536,0
,75.93883,11.83624,0
,75.93887,11.83633,0
,75.93895,11.83642,0
,75.93913,11.83654,0
,75.93932,11.83664,0
,75.93968,11.83677,0
,75.93986,11.83686,0
,75.94023,11.83709,0
,75.9404,11.83717,0
,75.94045,11.83718,0
,75.94046,11.83719,0
,75.94083,11.83727,0
,75.94099,11.83729,0
,75.94134,11.83728,0
,75.94201,11.83731,0
,75.94217,11.83739,0
,75.94226,11.83747,0
,75.94255,11.83778,0
,75.94302,11.83836,0
,75.94385,11.83911,0
,75.94439,11.83955,0
,75.94474,11.8398,0
,75.94493,11.84008,0
,75.94528,11.84067,0
,75.94529,11.8408,0
,75.94527,11.84098,0
,75.94527,11.84113,0
,75.94533,11.84128,0
,75.94544,11.84139,0
,75.94567,11.84151,0
,75.94606,11.84162,0
,75.94647,11.84164,0
,75.94733,11.84156,0
,75.94762,11.84158,0
,75.94882,11.84193,0
,75.9493,11.84195,0
,75.9496,11.84191,0
,75.94967,11.84188,0
,75.94984,11.84175,0
,75.94996,11.84162,0
,75.95033,11.84108,0
,75.95044,11.84098,0
,75.95052,11.84093,0
,75.95072,11.84084,0
,75.95092,11.84077,0
,75.95211,11.84044,0
,75.95232,11.84042,0
,75.95235,11.84041,0
,75.95257,11.8404,0
,75.95333,11.8405,0
,75.95348,11.84049,0
,75.95372,11.84043,0
,75.95419,11.84036,0
,75.9546,11.84033,0
,75.95485,11.84029,0
,75.95491,11.84026,0
,75.95499,11.8402,0
,75.95504,11.84013,0
,75.95539,11.83979,0
,75.9557,11.83954,0
,75.95616,11.83912,0
,75.95623,11.83896,0
,75.95639,11.83877,0
,75.95683,11.83845,0
,75.95699,11.83829,0
,75.95722,11.83797,0
,75.95774,11.83706,0
,75.95779,11.837,0
,75.95786,11.83695,0
,75.9581,11.83685,0
,75.95856,11.83678,0
,75.95859,11.83679,0
,75.95876,11.8368,0
,75.9592,11.83692,0
,75.95938,11.83693,0
,75.95983,11.83678,0
,75.96018,11.83663,0
,75.96039,11.83651,0
,75.96087,11.83613,0
,75.96098,11.83607,0
,75.96114,11.83602,0
,75.96202,11.83592,0
,75.96218,11.83586,0
,75.96219,11.83585,0
,75.96306,11.83541,0
,75.96332,11.83526,0
,75.96337,11.83524,0
,75.96356,11.8352,0
,75.96377,11.83519,0
,75.964,11.83523,0
,75.96435,11.83533,0
,75.96457,11.83537,0
,75.96458,11.83536,0
,75.96479,11.83536,0
,75.96508,11.83525,0
,75.96531,11.83509,0
,75.96561,11.83484,0
,75.96584,11.83458,0
,75.96627,11.8343,0
,75.96638,11.83417,0
,75.96694,11.83329,0
,75.96716,11.83305,0
,75.96735,11.83292,0
,75.96748,11.83287,0
,75.96769,11.83282,0
,75.96797,11.83281,0
,75.96831,11.83283,0
,75.96868,11.83279,0
,75.96923,11.8328,0
,75.96936,11.83277,0
,75.96992,11.8325,0
,75.97046,11.83218,0
,75.97074,11.83199,0
,75.97151,11.83169,0
,75.97196,11.83149,0
,75.97244,11.83136,0
,75.97275,11.83133,0
,75.97315,11.83124,0
,75.97385,11.831,0
,75.97425,11.83082,0
,75.97469,11.83051,0
,75.97505,11.82999,0
,75.97523,11.8298,0
,75.97534,11.82974,0
,75.97547,11.82973,0
,75.97559,11.82978,0
,75.97583,11.82995,0
,75.97587,11.82999,0
,75.97593,11.83001,0
,75.97598,11.83001,0
,75.97605,11.82998,0
,75.97621,11.8298,0
,75.97626,11.82968,0
,75.97628,11.82935,0
,75.97633,11.82919,0
,75.97645,11.82904,0
,75.97676,11.82892,0
,75.97718,11.82882,0
,75.97769,11.82873,0
,75.97781,11.82868,0
,75.97906,11.82855,0
,75.97916,11.82853,0
,75.97976,11.82828,0
,75.97994,11.82819,0
,75.9801,11.82815,0
,75.98012,11.82814,0
,75.98105,11.82731,0
,75.98124,11.82709,0
,75.98128,11.82703,0
,75.98133,11.82692,0
,75.98135,11.82684,0
,75.98134,11.82673,0
,75.9813,11.8266,0
,75.98128,11.82656,0
,75.98096,11.82622,0
,75.98092,11.82615,0
,75.98093,11.82589,0
,75.98098,11.82572,0
,75.98101,11.82566,0
,75.98102,11.82565,0
,75.98111,11.8255,0
,75.98123,11.82534,0
,75.98136,11.82507,0
,75.98153,11.82397,0
,75.98154,11.82396,0
,75.98146,11.82316,0
,75.98146,11.82292,0
,75.98162,11.82242,0
,75.98163,11.82241,0
,75.98193,11.82168,0
,75.98223,11.82072,0
,75.98235,11.82054,0
,75.98238,11.82051,0
,75.98263,11.82042,0
,75.98282,11.8204,0
,75.98294,11.8204,0
,75.98302,11.82041,0
,75.98343,11.8204,0
,75.98406,11.82021,0
,75.98516,11.81976,0
,75.98569,11.81959,0
,75.98582,11.81957,0
,75.98606,11.81956,0
,75.98649,11.81957,0
,75.98679,11.81955,0
,75.98722,11.81941,0
,75.98756,11.81922,0
,75.98784,11.81911,0
,75.98814,11.81903,0
,75.98828,11.81904,0
,75.98831,11.81905,0
,75.98838,11.81905,0
,75.98855,11.81908,0
,75.9899,11.81954,0
,75.99,11.81954,0
,75.99056,11.81935,0
,75.99074,11.81933,0
,75.99144,11.81949,0
,75.99173,11.81948,0
,75.99195,11.81944,0
,75.99212,11.81935,0
,75.99218,11.81929,0
,75.99223,11.8192,0
,75.99224,11.81914,0
,75.99224,11.81894,0
,75.99221,11.81872,0
,75.99222,11.81865,0
,75.99224,11.81859,0
,75.99233,11.81843,0
,75.99234,11.8184,0
,75.99254,11.81822,0
,75.99266,11.81809,0
,75.99307,11.81725,0
,75.99338,11.81676,0
,75.99389,11.81549,0
,75.99394,11.81524,0
,75.99398,11.81488,0
,75.99409,11.81431,0
,75.99414,11.81418,0
,75.99426,11.81361,0
,75.99429,11.81355,0
,75.99429,11.81354,0
,75.9943,11.81354,0
,75.99436,11.81342,0
,75.99468,11.81306,0
,75.99568,11.81235,0
,75.99582,11.81219,0
,75.99592,11.812,0
,75.99611,11.81155,0
,75.99616,11.81146,0
,75.99643,11.81114,0
,75.99663,11.81097,0
,75.99672,11.81091,0
,75.9969,11.81083,0
,75.99772,11.81069,0
,75.9981,11.81059,0
,75.99833,11.81051,0
,75.99838,11.8105,0
,75.99863,11.81037,0
,75.99882,11.81031,0
,75.99903,11.81028,0
,75.99922,11.81031,0
,75.99947,11.81045,0
,75.99968,11.81066,0
,75.99979,11.81089,0
,75.99998,11.81117,0
,76.00012,11.81131,0
,76.00016,11.81134,0
,76.00028,11.81138,0
,76.00109,11.81182,0
,76.00126,11.81184,0
,76.00144,11.81183,0
,76.00157,11.81179,0
,76.00249,11.81141,0
,76.00272,11.81138,0
,76.00321,11.81138,0
,76.00338,11.81135,0
,76.00372,11.81122,0
,76.00377,11.81119,0
,76.00389,11.81114,0
,76.00412,11.811,0
,76.00432,11.81082,0
,76.00468,11.80984,0
,76.00471,11.80965,0
,76.00472,11.80933,0
,76.00474,11.80914,0
,76.00467,11.80805,0
,76.00477,11.80618,0
,76.0048,11.80596,0
,76.00491,11.80554,0
,76.00482,11.80485,0
,76.00503,11.80454,0
,76.00513,11.80423,0
,76.00522,11.80379,0
,76.00527,11.80367,0
,76.00528,11.80351,0
,76.00564,11.80332,0
,76.00597,11.80302,0
,76.00606,11.8029,0
,76.00615,11.80286,0
,76.00624,11.80284,0
,76.00656,11.80282,0
,76.00667,11.80283,0
,76.00683,11.80287,0
,76.00697,11.80292,0
,76.00709,11.80295,0
,76.00713,11.80297,0
,76.00751,11.80308,0
,76.00765,11.8031,0
,76.00803,11.80306,0
,76.00813,11.80303,0
,76.00814,11.80303,0
,76.00831,11.80296,0
,76.00854,11.80282,0
,76.00862,11.80276,0
,76.00872,11.80271,0
,76.00897,11.80252,0
,76.00931,11.80222,0
,76.00949,11.80209,0
,76.00988,11.80191,0
,76.01005,11.80186,0
,76.01042,11.8018,0
,76.01089,11.80168,0
,76.0111,11.80159,0
,76.01115,11.80156,0
,76.01117,11.80156,0
,76.01148,11.8014,0
,76.01154,11.80136,0
,76.01173,11.80127,0
,76.01187,11.80124,0
,76.01192,11.80124,0
,76.01214,11.80127,0
,76.01238,11.80133,0
,76.01239,11.80133,0
,76.01254,11.8014,0
,76.01255,11.8014,0
,76.01265,11.80146,0
,76.01284,11.80155,0
,76.01287,11.80157,0
,76.01307,11.80163,0
,76.01308,11.80164,0
,76.01358,11.80182,0
,76.01365,11.80186,0
,76.01376,11.80188,0
,76.01378,11.80189,0
,76.01395,11.80189,0
,76.01413,11.80184,0
,76.0142,11.80183,0
,76.0143,11.80183,0
,76.01465,11.80195,0
,76.01483,11.80195,0
,76.01492,11.80194,0
,76.015,11.80192,0
,76.01565,11.80164,0
,76.01604,11.80139,0
,76.01679,11.80123,0
,76.01795,11.80085,0
,76.01829,11.80068,0
,76.01882,11.80033,0
,76.01914,11.80021,0
,76.01916,11.80021,0
,76.0197,11.79999,0
,76.02008,11.79968,0
,76.02019,11.79956,0
,76.02025,11.79951,0
,76.02032,11.79948,0
,76.02054,11.79935,0
,76.02072,11.7992,0
,76.02118,11.79895,0
,76.02143,11.79885,0
,76.02152,11.7988,0
,76.02174,11.79871,0
,76.02224,11.79845,0
,76.02233,11.79842,0
,76.02271,11.79835,0
,76.023,11.79832,0
,76.02318,11.79832,0
,76.02331,11.79834,0
,76.02363,11.79843,0
,76.0252,11.79885,0
,76.02585,11.79915,0
,76.02623,11.79936,0
,76.0263,11.79939,0
,76.02683,11.7997,0
,76.0272,11.79985,0
,76.02723,11.79985,0
,76.02794,11.80007,0
,76.02812,11.80018,0
,76.0287,11.80068,0
,76.02905,11.80102,0
,76.02912,11.80112,0
,76.02936,11.80135,0
,76.02998,11.80188,0
,76.03005,11.80192,0
,76.03015,11.80201,0
,76.03063,11.80227,0
,76.0307,11.80228,0
,76.03082,11.80232,0
,76.03092,11.80233,0
,76.03101,11.80235,0
,76.03109,11.80235,0
,76.03136,11.80238,0
,76.03177,11.80232,0
,76.03286,11.80228,0
,76.03339,11.80233,0
,76.03354,11.80236,0
,76.03389,11.80239,0
,76.03398,11.80241,0
,76.03414,11.80247,0
,76.03438,11.8026,0
,76.03446,11.80263,0
,76.03467,11.80265,0
,76.03533,11.80262,0
,76.03593,11.80249,0
,76.03609,11.80243,0
,76.03643,11.80219,0
,76.03654,11.80208,0
,76.03679,11.80169,0
,76.03686,11.80154,0
,76.0369,11.80141,0
,76.03696,11.80102,0
,76.037,11.80088,0
,76.03707,11.80073,0
,76.03707,11.80072,0
,76.03745,11.80004,0
,76.03815,11.79866,0
,76.03829,11.79834,0
,76.0384,11.79816,0
,76.03865,11.79785,0
,76.0389,11.79749,0
,76.03915,11.79706,0
,76.03945,11.79643,0
,76.03951,11.79634,0
,76.03965,11.7962,0
,76.03984,11.79595,0
,76.0403,11.79523,0
,76.04045,11.79496,0
,76.04061,11.79461,0
,76.04067,11.79437,0
,76.04075,11.79413,0
,76.04078,11.7939,0
,76.04092,11.79342,0
,76.04105,11.79313,0
,76.04123,11.79286,0
,76.04136,11.7927,0
,76.04148,11.79251,0
,76.04161,11.79234,0
,76.0418,11.79204,0
,76.04212,11.79178,0
,76.04238,11.79154,0
,76.04258,11.7913,0
,76.04279,11.791,0
,76.04313,11.7904,0
,76.04338,11.7901,0
,76.0435,11.78998,0
,76.04376,11.78958,0
,76.04391,11.78938,0
,76.04398,11.78931,0
,76.04415,11.78921,0
,76.0449,11.78892,0
,76.04497,11.78887,0
,76.04506,11.78878,0
,76.04515,11.78865,0
,76.04528,11.7883,0
,76.04529,11.78828,0
,76.04537,11.78793,0
,76.04549,11.78684,0
,76.04532,11.78597,0
,76.04531,11.78584,0
,76.04528,11.78569,0
,76.04528,11.78548,0
,76.04526,11.78521,0
,76.04535,11.78432,0
,76.04542,11.78397,0
,76.0455,11.78374,0
,76.04563,11.78346,0
,76.04584,11.78313,0
,76.04654,11.7822,0
,76.04677,11.78196,0
,76.04725,11.78158,0
,76.04729,11.78156,0
,76.04788,11.78115,0
,76.04801,11.78101,0
,76.04841,11.78081,0
,76.04862,11.78064,0
,76.04884,11.78038,0
,76.04933,11.77987,0
,76.04992,11.77941,0
,76.05016,11.77909,0
,76.05123,11.77781,0
,76.05153,11.77751,0
,76.05167,11.77739,0
,76.05187,11.77714,0
,76.052,11.7769,0
,76.05214,11.77657,0
,76.05225,11.77637,0
,76.05255,11.77611,0
,76.05284,11.77591,0
,76.05294,11.77586,0
,76.053,11.77585,0
,76.05318,11.77587,0
,76.05342,11.77592,0
,76.05346,11.77592,0
,76.05415,11.77607,0
,76.05431,11.77611,0
,76.05456,11.77615,0
,76.0549,11.77618,0
,76.05527,11.77624,0
,76.05564,11.77624,0
,76.05621,11.77616,0
,76.05695,11.77611,0
,76.05726,11.77604,0
,76.05755,11.7759,0
,76.05799,11.77572,0
,76.05815,11.77563,0
,76.05825,11.77554,0
,76.05838,11.77534,0
,76.05851,11.7751,0
,76.05911,11.77445,0
,76.05932,11.77408,0
,76.05948,11.77374,0
,76.05952,11.77358,0
,76.05984,11.77271,0
,76.06,11.77201,0
,76.06006,11.77186,0
,76.06008,11.77184,0
,76.06014,11.77173,0
,76.06019,11.77166,0
,76.06036,11.7715,0
,76.06043,11.77142,0
,76.06054,11.77118,0
,76.06059,11.77104,0
,76.06061,11.77092,0
,76.06062,11.77075,0
,76.06061,11.77042,0
,76.06057,11.77003,0
,76.06058,11.76971,0
,76.06067,11.76957,0
,76.06081,11.76941,0
,76.06128,11.76894,0
,76.06133,11.76887,0
,76.06136,11.76881,0
,76.06137,11.76874,0
,76.06137,11.76853,0
,76.06105,11.76658,0
,76.06087,11.76592,0
,76.06081,11.76561,0
,76.06081,11.76541,0
,76.06082,11.76537,0
,76.06082,11.76533,0
,76.06089,11.76516,0
,76.06128,11.76461,0
,76.06145,11.76442,0
,76.06174,11.76422,0
,76.06301,11.76322,0
,76.06326,11.76294,0
,76.0633,11.76288,0
,76.06337,11.76268,0
,76.06343,11.76236,0
,76.06355,11.76132,0
,76.06355,11.76118,0
,76.06351,11.76093,0
,76.06342,11.76071,0
,76.06339,11.76052,0
,76.06342,11.7596,0
,76.06345,11.75937,0
,76.06348,11.75932,0
,76.06349,11.75928,0
,76.06362,11.75907,0
,76.0637,11.7589,0
,76.06375,11.75875,0
,76.06384,11.75856,0
,76.06394,11.75836,0
,76.06409,11.75815,0
,76.06427,11.75794,0
,76.06436,11.75779,0
,76.06439,11.75764,0
,76.06438,11.75743,0
,76.06423,11.75687,0
,76.06404,11.75645,0
,76.06395,11.75616,0
,76.06393,11.75603,0
,76.06394,11.75577,0
,76.06395,11.75575,0
,76.064,11.75544,0
,76.06419,11.75499,0
,76.06443,11.75479,0
,76.06458,11.75463,0
,76.0655,11.75338,0
,76.06586,11.75298,0
,76.06617,11.75267,0
,76.0664,11.7525,0
,76.06673,11.75231,0
,76.0679,11.75149,0
,76.06795,11.75141,0
,76.06797,11.75136,0
,76.06799,11.75121,0
,76.06795,11.75026,0
,76.06808,11.74938,0
,76.06828,11.74843,0
,76.06836,11.74818,0
,76.06852,11.74783,0
,76.06876,11.74748,0
,76.06883,11.7474,0
,76.06899,11.74727,0
,76.06929,11.74712,0
,76.0696,11.74702,0
,76.0698,11.74707,0
,76.07074,11.74738,0
,76.07194,11.74736,0
,76.07213,11.74738,0
,76.07235,11.74744,0
,76.07268,11.74759,0
,76.07284,11.74763,0
,76.07319,11.74763,0
,76.07362,11.74767,0
,76.07377,11.74764,0
,76.07397,11.7475,0
,76.07407,11.74733,0
,76.07419,11.74698,0
,76.07426,11.74683,0
,76.07437,11.74672,0
,76.07437,11.74671,0
,76.07453,11.74663,0
,76.07481,11.74646,0
,76.07493,11.74632,0
,76.07499,11.74623,0
,76.07539,11.74651,0
,76.07554,11.74679,0
,76.07544,11.74733,0
,76.07544,11.7479,0
,76.07558,11.74817,0
,76.07559,11.74818,0
,76.07569,11.7489,0
,76.07578,11.74914,0
,76.07701,11.7507,0
,76.07714,11.75065,0
,76.07701,11.7507,0
,76.07578,11.74914,0
,76.07569,11.7489,0
,76.07559,11.74818,0
,76.07558,11.74817,0
,76.07544,11.7479,0
,76.07544,11.74733,0
,76.07554,11.74679,0
,76.07539,11.74651,0
,76.07537,11.74649,0
,76.07499,11.74623,0
,76.07493,11.74632,0
,76.07481,11.74646,0
,76.07453,11.74663,0
,76.07437,11.74671,0
,76.07437,11.74672,0
,76.07426,11.74683,0
,76.07419,11.74698,0
,76.07407,11.74733,0
,76.07397,11.7475,0
,76.07377,11.74764,0
,76.07362,11.74767,0
,76.07319,11.74763,0
,76.07284,11.74763,0
,76.07268,11.74759,0
,76.07235,11.74744,0
,76.07213,11.74738,0
,76.07194,11.74736,0
,76.07074,11.74738,0
,76.0698,11.74707,0
,76.0696,11.74702,0
,76.06929,11.74712,0
,76.06899,11.74727,0
,76.06883,11.7474,0
,76.06876,11.74748,0
,76.06852,11.74783,0
,76.06836,11.74818,0
,76.06828,11.74843,0
,76.06808,11.74938,0
,76.06795,11.75026,0
,76.06799,11.75121,0
,76.06797,11.75136,0
,76.06795,11.75141,0
,76.0679,11.75149,0
,76.06673,11.75231,0
,76.0664,11.7525,0
,76.06617,11.75267,0
,76.06586,11.75298,0
,76.0655,11.75338,0
,76.06458,11.75463,0
,76.06443,11.75479,0
,76.06419,11.75499,0
,76.064,11.75544,0
,76.06395,11.75575,0
,76.06394,11.75577,0
,76.06393,11.75603,0
,76.06395,11.75616,0
,76.06404,11.75645,0
,76.06423,11.75687,0
,76.06438,11.75743,0
,76.06439,11.75764,0
,76.06436,11.75779,0
,76.06427,11.75794,0
,76.06409,11.75815,0
,76.06394,11.75836,0
,76.06384,11.75857,0
,76.06375,11.75875,0
,76.0637,11.7589,0
,76.06362,11.75907,0
,76.06349,11.75928,0
,76.06348,11.75932,0
,76.06345,11.75937,0
,76.06342,11.7596,0
,76.06339,11.76052,0
,76.06342,11.76071,0
,76.06351,11.76093,0
,76.06355,11.76118,0
,76.06355,11.76132,0
,76.06343,11.76236,0
,76.06337,11.76268,0
,76.0633,11.76288,0
,76.06326,11.76294,0
,76.06301,11.76322,0
,76.06174,11.76422,0
,76.06145,11.76442,0
,76.06128,11.76461,0
,76.06089,11.76516,0
,76.06082,11.76533,0
,76.06081,11.76541,0
,76.06081,11.76561,0
,76.06087,11.76592,0
,76.06105,11.76658,0
,76.06137,11.76853,0
,76.06211,11.76859,0
,76.06242,11.76864,0
,76.06283,11.76881,0
,76.06331,11.76907,0
,76.06373,11.76935,0
,76.06406,11.76963,0
,76.06431,11.7699,0
,76.06445,11.7701,0
,76.06455,11.77019,0
,76.0646,11.77022,0
,76.06535,11.77043,0
,76.06592,11.77077,0
,76.06665,11.77136,0
,76.06679,11.77168,0
,76.06668,11.77198,0
,76.06679,11.77168,0
,76.06665,11.77136,0
,76.06592,11.77077,0
,76.06535,11.77043,0
,76.0646,11.77022,0
,76.06455,11.77019,0
,76.06445,11.7701,0
,76.06431,11.7699,0
,76.06406,11.76963,0
,76.06373,11.76935,0
,76.06331,11.76907,0
,76.06283,11.76881,0
,76.06242,11.76864,0
,76.06211,11.76859,0
,76.06137,11.76853,0
,76.06105,11.76658,0
,76.06087,11.76592,0
,76.06081,11.76561,0
,76.06081,11.76541,0
,76.06082,11.76533,0
,76.06089,11.76516,0
,76.06128,11.76461,0
,76.06145,11.76442,0
,76.06174,11.76422,0
,76.06301,11.76322,0
,76.06326,11.76294,0
,76.0633,11.76288,0
,76.06337,11.76268,0
,76.06343,11.76236,0
,76.06355,11.76132,0
,76.06355,11.76118,0
,76.06351,11.76093,0
,76.06342,11.76071,0
,76.06339,11.76052,0
,76.06342,11.7596,0
,76.06345,11.75937,0
,76.06348,11.75932,0
,76.06349,11.75928,0
,76.06362,11.75907,0
,76.0637,11.7589,0
,76.06375,11.75875,0
,76.06384,11.75856,0
,76.06394,11.75836,0
,76.06409,11.75815,0
,76.06427,11.75794,0
,76.06436,11.75779,0
,76.06439,11.75764,0
,76.06438,11.75743,0
,76.06423,11.75687,0
,76.06404,11.75645,0
,76.06395,11.75616,0
,76.06393,11.75603,0
,76.06394,11.75577,0
,76.06395,11.75575,0
,76.064,11.75544,0
,76.06419,11.75499,0
,76.06387,11.75504,0
,76.06352,11.75499,0
,76.06294,11.7548,0
,76.06228,11.75458,0
,76.06196,11.7545,0
,76.06168,11.7545,0
,76.0614,11.75456,0
,76.06095,11.75476,0
,76.06074,11.75487,0
,76.06054,11.75501,0
,76.06036,11.75516,0
,76.06022,11.75534,0
,76.06009,11.75556,0
,76.05994,11.7559,0
,76.05985,11.75619,0
,76.05982,11.75642,0
,76.05983,11.75738,0
,76.05975,11.75824,0
,76.05985,11.75908,0
,76.05984,11.75929,0
,76.05981,11.75938,0
,76.0597,11.75949,0
,76.05959,11.75953,0
,76.05949,11.75955,0
,76.05935,11.75956,0
,76.05869,11.75951,0
,76.05792,11.75939,0
,76.05719,11.75937,0
,76.05678,11.75939,0
,76.05644,11.75938,0
,76.05611,11.75928,0
,76.05561,11.75921,0
,76.05508,11.75906,0
,76.05478,11.75901,0
,76.05417,11.75896,0
,76.05377,11.75896,0
,76.05376,11.75895,0
,76.0536,11.75894,0
,76.05326,11.75895,0
,76.05304,11.759,0
,76.0528,11.75902,0
,76.05239,11.75902,0
,76.05165,11.75879,0
,76.05128,11.7587,0
,76.05024,11.75852,0
,76.04991,11.75842,0
,76.04964,11.75831,0
,76.04903,11.75817,0
,76.04771,11.75804,0
,76.04631,11.75771,0
,76.04621,11.75767,0
,76.04582,11.75743,0
,76.04502,11.75706,0
,76.04474,11.75691,0
,76.04411,11.75644,0
,76.04346,11.75585,0
,76.04331,11.75568,0
,76.04311,11.75551,0
,76.04278,11.75539,0
,76.04136,11.75513,0
,76.04115,11.75504,0
,76.04066,11.75478,0
,76.03938,11.75395,0
,76.03851,11.75349,0
,76.03831,11.75343,0
,76.03798,11.75336,0
,76.03774,11.75329,0
,76.03744,11.7531,0
,76.0374,11.75305,0
,76.03736,11.75298,0
,76.03734,11.75288,0
,76.03735,11.75267,0
,76.03738,11.75255,0
,76.03739,11.75246,0
,76.03738,11.7524,0
,76.03731,11.75229,0
,76.0372,11.75221,0
,76.03714,11.75218,0
,76.03704,11.75217,0
,76.03698,11.75218,0
,76.0368,11.75225,0
,76.03672,11.7523,0
,76.03601,11.75264,0
,76.0359,11.75268,0
,76.03568,11.75272,0
,76.03376,11.75277,0
,76.03322,11.75269,0
,76.03275,11.75269,0
,76.03223,11.75276,0
,76.03113,11.75296,0
,76.03052,11.75314,0
,76.03039,11.75319,0
,76.03023,11.75322,0
,76.02978,11.75323,0
,76.02907,11.7532,0
,76.0289,11.75322,0
,76.02853,11.75331,0
,76.02832,11.75334,0
,76.02817,11.75334,0
,76.02795,11.75337,0
,76.02788,11.7534,0
,76.0278,11.75345,0
,76.02719,11.75415,0
,76.02708,11.75432,0
,76.02695,11.75457,0
,76.0268,11.75478,0
,76.02662,11.75491,0
,76.02653,11.75495,0
,76.02645,11.75497,0
,76.02629,11.75497,0
,76.02621,11.75496,0
,76.02539,11.75474,0
,76.02417,11.75453,0
,76.02392,11.75445,0
,76.02374,11.75434,0
,76.02307,11.75379,0
,76.02288,11.75361,0
,76.02168,11.75271,0
,76.02143,11.75247,0
,76.02126,11.75236,0
,76.02102,11.75217,0
,76.02063,11.75193,0
,76.02024,11.75163,0
,76.01976,11.75113,0
,76.01915,11.75062,0
,76.01886,11.75032,0
,76.01839,11.74999,0
,76.01777,11.74962,0
,76.01756,11.74945,0
,76.01724,11.74935,0
,76.01693,11.74931,0
,76.01685,11.74929,0
,76.01654,11.74928,0
,76.01613,11.74933,0
,76.01583,11.74934,0
,76.01562,11.74933,0
,76.01518,11.74938,0
,76.01501,11.74944,0
,76.01444,11.74978,0
,76.01433,11.74986,0
,76.01424,11.74991,0
,76.01401,11.74998,0
,76.01241,11.75026,0
,76.01185,11.75043,0
,76.01139,11.75063,0
,76.01108,11.75079,0
,76.01051,11.75119,0
,76.00903,11.7521,0
,76.0089,11.7522,0
,76.00887,11.75224,0
,76.00885,11.75233,0
,76.00878,11.75299,0
,76.00867,11.75348,0
,76.00835,11.75438,0
,76.00829,11.7545,0
,76.00788,11.75509,0
,76.00729,11.75577,0
,76.00705,11.75537,0
,76.00705,11.75536,0
,76.0068,11.75512,0
,76.00655,11.75492,0
,76.00636,11.75485,0
,76.00633,11.75485,0
,76.00615,11.75481,0
,76.00589,11.75478,0
,76.0056,11.75472,0
,76.00559,11.75471,0
,76.00535,11.75462,0
,76.0053,11.75458,0
,76.00527,11.75457,0
,76.0051,11.75442,0
,76.00502,11.75427,0
,76.005,11.75421,0
,76.00499,11.75415,0
,76.00504,11.75338,0
,76.005,11.75279,0
,76.00493,11.75254,0
,76.00471,11.75204,0
,76.00462,11.75177,0
,76.00447,11.75115,0
,76.00432,11.75106,0
,76.00376,11.75081,0
,76.00284,11.75046,0
,76.00229,11.75018,0
,76.00204,11.75009,0
,76.00177,11.75001,0
,76.00142,11.74997,0
,76.00132,11.74999,0
,76.00086,11.75016,0
,76.00074,11.75018,0
,76.00052,11.75019,0
,75.99961,11.74992,0
,75.99939,11.74982,0
,75.99936,11.7498,0
,75.99908,11.74947,0
,75.99881,11.74923,0
,75.9986,11.74898,0
,75.99836,11.74879,0
,75.99731,11.7476,0
,75.99709,11.74742,0
,75.9969,11.74717,0
,75.99662,11.74664,0
,75.99649,11.74645,0
,75.99619,11.74607,0
,75.99603,11.74591,0
,75.99587,11.74564,0
,75.99579,11.74554,0
,75.99544,11.74533,0
,75.99521,11.74516,0
,75.99504,11.74496,0
,75.99449,11.74448,0
,75.99442,11.74438,0
,75.99428,11.74412,0
,75.9942,11.74389,0
,75.99416,11.7437,0
,75.99417,11.74337,0
,75.99422,11.7432,0
,75.99431,11.74303,0
,75.99479,11.7425,0
,75.99484,11.74237,0
,75.99484,11.74232,0
,75.99482,11.74225,0
,75.99477,11.74219,0
,75.99452,11.74195,0
,75.99449,11.74193,0
,75.99368,11.7412,0
,75.99283,11.7405,0
,75.99277,11.74047,0
,75.99275,11.74047,0
,75.99266,11.74043,0
,75.9922,11.7403,0
,75.99185,11.74023,0
,75.99169,11.74015,0
,75.99153,11.74002,0
,75.99149,11.74,0
,75.99145,11.73997,0
,75.99139,11.73995,0
,75.99132,11.73991,0
,75.9913,11.73991,0
,75.99108,11.73983,0
,75.99087,11.73972,0
,75.99033,11.73939,0
,75.99027,11.73934,0
,75.99022,11.73932,0
,75.99006,11.73923,0
,75.98999,11.73921,0
,75.98986,11.73912,0
,75.9898,11.73905,0
,75.98967,11.73894,0
,75.98958,11.73888,0
,75.9893,11.73875,0
,75.989,11.73857,0
,75.98822,11.73794,0
,75.98774,11.7375,0
,75.98718,11.73685,0
,75.98702,11.73673,0
,75.98639,11.73645,0
,75.98616,11.73641,0
,75.98589,11.7364,0
,75.98568,11.73637,0
,75.98539,11.73626,0
,75.98506,11.73602,0
,75.98442,11.73571,0
,75.98435,11.73564,0
,75.98429,11.73554,0
,75.98416,11.73538,0
,75.98401,11.73539,0
,75.98381,11.73538,0
,75.98374,11.7354,0
,75.9837,11.7354,0
,75.98365,11.73542,0
,75.98331,11.73577,0
,75.98246,11.73647,0
,75.98243,11.73648,0
,75.98224,11.73659,0
,75.98215,11.73663,0
,75.98191,11.73667,0
,75.98176,11.73667,0
,75.9816,11.73672,0
,75.98138,11.73684,0
,75.98111,11.7371,0
,75.98075,11.73726,0
,75.98052,11.73731,0
,75.98038,11.73736,0
,75.98022,11.73744,0
,75.98011,11.73748,0
,75.97951,11.73757,0
,75.9792,11.7377,0
,75.97886,11.73791,0
,75.97824,11.73843,0
,75.97803,11.73857,0
,75.97774,11.73869,0
,75.97756,11.73871,0
,75.97701,11.73869,0
,75.9766,11.73873,0
,75.97647,11.73873,0
,75.97607,11.73864,0
,75.97592,11.73858,0
,75.97579,11.73851,0
,75.97511,11.73801,0
,75.97464,11.73771,0
,75.97381,11.73741,0
,75.97309,11.73709,0
,75.97277,11.73698,0
,75.97258,11.73697,0
,75.97243,11.73699,0
,75.97226,11.73703,0
,75.97193,11.73715,0
,75.9711,11.73757,0
,75.97095,11.73766,0
,75.97015,11.73795,0
,75.96993,11.73799,0
,75.96976,11.738,0
,75.96961,11.73797,0
,75.96948,11.73789,0
,75.96931,11.73776,0
,75.96911,11.73763,0
,75.96894,11.73749,0
,75.96849,11.73701,0
,75.96792,11.73664,0
,75.96695,11.73614,0
,75.96679,11.73613,0
,75.96654,11.73618,0
,75.96624,11.7363,0
,75.96598,11.73644,0
,75.96578,11.73651,0
,75.96562,11.73653,0
,75.96533,11.73646,0
,75.96502,11.73631,0
,75.96482,11.73623,0
,75.96404,11.73603,0
,75.96348,11.73584,0
,75.96325,11.73578,0
,75.96306,11.73575,0
,75.96299,11.73575,0
,75.96297,11.73574,0
,75.96272,11.73572,0
,75.96263,11.73568,0
,75.96258,11.73567,0
,75.96244,11.7356,0
,75.96227,11.73545,0
,75.96178,11.73507,0
,75.96156,11.73492,0
,75.96123,11.73475,0
,75.96115,11.73474,0
,75.96103,11.73476,0
,75.96034,11.73477,0
,75.95939,11.73486,0
,75.95923,11.73486,0
,75.95906,11.73483,0
,75.95882,11.73471,0
,75.95872,11.73462,0
,75.95855,11.73451,0
,75.9583,11.7343,0
,75.95801,11.7341,0
,75.95783,11.73404,0
,75.95774,11.73402,0
,75.95741,11.73398,0
,75.95644,11.73394,0
,75.95622,11.73397,0
,75.95618,11.73399,0
,75.95597,11.73405,0
,75.95578,11.73414,0
,75.95561,11.73428,0
,75.95553,11.73436,0
,75.95499,11.73479,0
,75.95473,11.73515,0
,75.95466,11.73521,0
,75.95456,11.73523,0
,75.95447,11.73522,0
,75.9543,11.73513,0
,75.95392,11.73477,0
,75.95386,11.73468,0
,75.95367,11.73424,0
,75.95362,11.73417,0
,75.95361,11.73414,0
,75.95355,11.73408,0
,75.95337,11.734,0
,75.95321,11.73395,0
,75.95309,11.73393,0
,75.95303,11.73393,0
,75.95218,11.73423,0
,75.95195,11.73433,0
,75.95182,11.73441,0
,75.95159,11.73445,0
,75.95146,11.73442,0
,75.95106,11.73421,0
,75.95024,11.7337,0
,75.95009,11.73358,0
,75.95003,11.7335,0
,75.94994,11.7333,0
,75.94967,11.73299,0
,75.94954,11.73291,0
,75.94925,11.73292,0
,75.9491,11.73297,0
,75.9487,11.73307,0
,75.94805,11.73332,0
,75.94766,11.73339,0
,75.94723,11.73344,0
,75.94704,11.73348,0
,75.94685,11.73356,0
,75.94643,11.73381,0
,75.94627,11.73384,0
,75.94599,11.73381,0
,75.94584,11.73375,0
,75.94558,11.73355,0
,75.94518,11.73318,0
,75.94498,11.73307,0
,75.94467,11.73299,0
,75.94343,11.7328,0
,75.94321,11.73278,0
,75.94293,11.73272,0
,75.94265,11.73264,0
,75.94181,11.73255,0
,75.94145,11.73255,0
,75.94117,11.73252,0
,75.94083,11.73254,0
,75.94053,11.73261,0
,75.94034,11.73267,0
,75.94008,11.73272,0
,75.93997,11.73271,0
,75.9398,11.73265,0
,75.93968,11.73258,0
,75.93954,11.73246,0
,75.93924,11.73204,0
,75.93916,11.73199,0
,75.93912,11.73195,0
,75.93901,11.73191,0
,75.93896,11.7319,0
,75.9389,11.7319,0
,75.93884,11.73191,0
,75.93874,11.73195,0
,75.93869,11.73198,0
,75.93863,11.73206,0
,75.93858,11.73211,0
,75.93827,11.73251,0
,75.93767,11.73319,0
,75.93738,11.73333,0
,75.93684,11.73353,0
,75.93639,11.73376,0
,75.93616,11.7338,0
,75.93591,11.73379,0
,75.93584,11.7338,0
,75.93566,11.73385,0
,75.93559,11.73388,0
,75.93515,11.73414,0
,75.93487,11.73435,0
,75.93473,11.73448,0
,75.93458,11.73465,0
,75.93453,11.73472,0
,75.93434,11.73512,0
,75.93418,11.73534,0
,75.934,11.73551,0
,75.93396,11.73557,0
,75.93392,11.73566,0
,75.93388,11.736,0
,75.9339,11.73617,0
,75.9339,11.73635,0
,75.93391,11.73637,0
,75.9339,11.73639,0
,75.93389,11.73656,0
,75.93385,11.73667,0
,75.93382,11.73672,0
,75.93373,11.73681,0
,75.93359,11.73691,0
,75.93346,11.73695,0
,75.93335,11.73695,0
,75.93328,11.73696,0
,75.93267,11.73685,0
,75.93226,11.73681,0
,75.93188,11.73681,0
,75.93179,11.73682,0
,75.93163,11.73681,0
,75.93145,11.73675,0
,75.93125,11.73664,0
,75.93083,11.73627,0
,75.93053,11.73617,0
,75.93044,11.73611,0
,75.93039,11.73604,0
,75.9303,11.73599,0
,75.93016,11.73593,0
,75.92988,11.73588,0
,75.92938,11.73583,0
,75.92924,11.73583,0
,75.92911,11.73588,0
,75.92897,11.73596,0
,75.92891,11.73601,0
,75.92887,11.73603,0
,75.92868,11.73608,0
,75.92843,11.73611,0
,75.92813,11.73618,0
,75.92783,11.7363,0
,75.9275,11.7364,0
,75.92733,11.73647,0
,75.92694,11.73656,0
,75.92652,11.73657,0
,75.92646,11.73658,0
,75.92633,11.73658,0
,75.92625,11.73662,0
,75.92621,11.73667,0
,75.92618,11.73678,0
,75.92618,11.73683,0
,75.92611,11.73708,0
,75.92608,11.73712,0
,75.92606,11.73716,0
,75.92595,11.73726,0
,75.92577,11.73739,0
,75.92537,11.73764,0
,75.92532,11.73769,0
,75.92512,11.73783,0
,75.9249,11.73796,0
,75.92481,11.73799,0
,75.92465,11.73801,0
,75.92429,11.73801,0
,75.92415,11.73805,0
,75.92395,11.73814,0
,75.92375,11.7383,0
,75.92362,11.73838,0
,75.9234,11.73855,0
,75.92299,11.73898,0
,75.92285,11.73906,0
,75.92272,11.7391,0
,75.92265,11.7391,0
,75.92233,11.73905,0
,75.9219,11.73909,0
,75.92157,11.73918,0
,75.92156,11.73919,0
,75.92133,11.7393,0
,75.92106,11.73951,0
,75.92085,11.73974,0
,75.92049,11.74032,0
,75.92045,11.74036,0
,75.92036,11.74041,0
,75.92035,11.74042,0
,75.92021,11.74048,0
,75.92012,11.7405,0
,75.92,11.74051,0
,75.9195,11.74046,0
,75.91939,11.74043,0
,75.91929,11.74039,0
,75.91847,11.73986,0
,75.91815,11.73952,0
,75.91788,11.7393,0
,75.91774,11.73922,0
,75.91756,11.73915,0
,75.91739,11.73911,0
,75.91692,11.73908,0
,75.9169,11.73907,0
,75.9168,11.73907,0
,75.91664,11.73905,0
,75.91652,11.73907,0
,75.91642,11.73911,0
,75.91631,11.73917,0
,75.91615,11.73929,0
,75.91595,11.73948,0
,75.9156,11.73977,0
,75.9155,11.73987,0
,75.91526,11.74,0
,75.91379,11.74053,0
,75.91334,11.74074,0
,75.91311,11.74082,0
,75.91299,11.74082,0
,75.91288,11.74076,0
,75.91275,11.74065,0
,75.91246,11.74035,0
,75.91226,11.74017,0
,75.91217,11.74007,0
,75.91136,11.73971,0
,75.91118,11.73969,0
,75.91096,11.7397,0
,75.91072,11.73975,0
,75.91045,11.73985,0
,75.91044,11.73986,0
,75.91022,11.7399,0
,75.9097,11.74015,0
,75.90954,11.7402,0
,75.90936,11.74023,0
,75.90928,11.74023,0
,75.90921,11.74022,0
,75.90914,11.74019,0
,75.90905,11.74013,0
,75.909,11.74008,0
,75.90866,11.73965,0
,75.90852,11.73955,0
,75.90838,11.73949,0
,75.90804,11.73948,0
,75.90777,11.73955,0
,75.90756,11.73964,0
,75.9072,11.73983,0
,75.90674,11.74017,0
,75.9066,11.74025,0
,75.90628,11.74032,0
,75.90615,11.74033,0
,75.90596,11.74032,0
,75.90576,11.74033,0
,75.90553,11.74042,0
,75.90534,11.74052,0
,75.90521,11.74055,0
,75.905,11.74056,0
,75.90462,11.7405,0
,75.90422,11.74041,0
,75.90358,11.74017,0
,75.90336,11.74011,0
,75.90319,11.7401,0
,75.90309,11.74012,0
,75.90256,11.74038,0
,75.9023,11.74053,0
,75.90216,11.74066,0
,75.90193,11.74093,0
,75.90169,11.74112,0
,75.90168,11.74112,0
,75.90161,11.74118,0
,75.90142,11.74138,0
,75.9014,11.74141,0
,75.90135,11.74144,0
,75.90129,11.74144,0
,75.90126,11.74143,0
,75.90122,11.74139,0
,75.90107,11.74114,0
,75.90095,11.74097,0
,75.90089,11.74091,0
,75.90082,11.74086,0
,75.90069,11.7408,0
,75.90068,11.74079,0
,75.90062,11.74079,0
,75.90055,11.7408,0
,75.9,11.74102,0
,75.89992,11.74107,0
,75.89975,11.74123,0
,75.89971,11.74129,0
,75.89963,11.74149,0
,75.89953,11.74169,0
,75.89952,11.74181,0
,75.89947,11.74191,0
,75.89934,11.74203,0
,75.89927,11.74206,0
,75.89911,11.74209,0
,75.89898,11.74216,0
,75.89895,11.7422,0
,75.89892,11.74234,0
,75.89894,11.7425,0
,75.89906,11.74278,0
,75.89908,11.74291,0
,75.89908,11.74302,0
,75.89906,11.74311,0
,75.89898,11.74328,0
,75.89895,11.74331,0
,75.89886,11.74337,0
,75.8988,11.74339,0
,75.89833,11.74344,0
,75.89694,11.74375,0
,75.8967,11.74382,0
,75.89642,11.74387,0
,75.89619,11.74388,0
,75.89598,11.74387,0
,75.89479,11.74371,0
,75.89472,11.74369,0
,75.89367,11.74353,0
,75.89296,11.74321,0
,75.89273,11.74315,0
,75.89264,11.74314,0
,75.89244,11.74314,0
,75.89221,11.74319,0
,75.89193,11.74329,0
,75.89188,11.74333,0
,75.89182,11.74336,0
,75.89168,11.74339,0
,75.89164,11.74339,0
,75.89157,11.74337,0
,75.89153,11.74335,0
,75.89119,11.74306,0
,75.8901,11.74299,0
,75.88995,11.743,0
,75.88946,11.74317,0
,75.88931,11.74321,0
,75.88889,11.74328,0
,75.88768,11.7434,0
,75.88662,11.74355,0
,75.88618,11.74357,0
,75.88497,11.74353,0
,75.88469,11.74354,0
,75.88356,11.74379,0
,75.88312,11.7439,0
,75.88252,11.74411,0
,75.8825,11.74411,0
,75.88216,11.74423,0
,75.8819,11.7443,0
,75.88166,11.74434,0
,75.88152,11.74435,0
,75.87912,11.74383,0
,75.87845,11.74363,0
,75.87807,11.74354,0
,75.87773,11.74355,0
,75.87658,11.74371,0
,75.87591,11.74374,0
,75.87578,11.74377,0
,75.87567,11.74381,0
,75.87558,11.74387,0
,75.87532,11.74413,0
,75.87505,11.74434,0
,75.8748,11.74439,0
,75.87431,11.74437,0
,75.87421,11.74435,0
,75.87392,11.74436,0
,75.8738,11.74441,0
,75.87345,11.74463,0
,75.8731,11.74489,0
,75.87271,11.74513,0
,75.87242,11.74521,0
,75.87157,11.74519,0
,75.87136,11.74522,0
,75.87115,11.74529,0
,75.86992,11.74538,0
,75.86883,11.7454,0
,75.86866,11.74536,0
,75.86823,11.74519,0
,75.86806,11.74516,0
,75.86781,11.74516,0
,75.86736,11.74507,0
,75.86731,11.74505,0
,75.86727,11.74505,0
,75.86727,11.74504,0
,75.86716,11.74502,0
,75.86708,11.74499,0
,75.8667,11.74491,0
,75.8665,11.74485,0
,75.86601,11.74463,0
,75.86589,11.74454,0
,75.86571,11.74435,0
,75.86557,11.74417,0
,75.86536,11.74396,0
,75.8651,11.74375,0
,75.86419,11.74315,0
,75.86402,11.743,0
,75.8636,11.74279,0
,75.86303,11.74258,0
,75.86218,11.74213,0
,75.86211,11.74208,0
,75.86207,11.74206,0
,75.8617,11.74148,0
,75.86161,11.74131,0
,75.861,11.74081,0
,75.86078,11.74066,0
,75.86055,11.74054,0
,75.86034,11.74048,0
,75.85991,11.74051,0
,75.85968,11.74061,0
,75.85903,11.74107,0
,75.8587,11.74127,0
,75.85831,11.74158,0
,75.85823,11.74163,0
,75.85804,11.74171,0
,75.8579,11.74174,0
,75.85652,11.74184,0
,75.85622,11.7419,0
,75.85554,11.74217,0
,75.85526,11.74232,0
,75.85498,11.74243,0
,75.85485,11.74246,0
,75.85471,11.74252,0
,75.85455,11.74254,0
,75.85433,11.74253,0
,75.8534,11.74242,0
,75.8533,11.74242,0
,75.85292,11.74254,0
,75.85264,11.74265,0
,75.85247,11.74269,0
,75.85224,11.7427,0
,75.85213,11.74266,0
,75.85201,11.7426,0
,75.85138,11.74208,0
,75.85111,11.74179,0
,75.85093,11.74168,0
,75.85042,11.74151,0
,75.8501,11.74147,0
,75.84968,11.74145,0
,75.84937,11.74151,0
,75.84893,11.74166,0
,75.84861,11.74182,0
,75.84774,11.74216,0
,75.84739,11.74221,0
,75.84704,11.74219,0
,75.84679,11.74215,0
,75.84633,11.742,0
,75.84613,11.74197,0
,75.84535,11.74194,0
,75.84492,11.74195,0
,75.84456,11.74198,0
,75.84443,11.74201,0
,75.84418,11.74201,0
,75.84398,11.74195,0
,75.8439,11.74191,0
,75.84382,11.74183,0
,75.84376,11.74172,0
,75.84362,11.74126,0
,75.84353,11.74112,0
,75.84345,11.74103,0
,75.84339,11.74098,0
,75.84323,11.74088,0
,75.84322,11.74088,0
,75.84296,11.74072,0
,75.84281,11.74067,0
,75.84253,11.74061,0
,75.84228,11.74059,0
,75.84205,11.74052,0
,75.84185,11.74044,0
,75.84121,11.74029,0
,75.84121,11.74028,0
,75.84104,11.74021,0
,75.84085,11.74016,0
,75.84002,11.74009,0
,75.83924,11.74009,0
,75.83894,11.74016,0
,75.83873,11.74014,0
,75.83863,11.74011,0
,75.83861,11.74009,0
,75.83848,11.74001,0
,75.83807,11.73965,0
,75.83761,11.73937,0
,75.83716,11.73916,0
,75.83697,11.73909,0
,75.83679,11.739,0
,75.83664,11.7389,0
,75.83651,11.73879,0
,75.83646,11.73876,0
,75.83643,11.73873,0
,75.83614,11.73856,0
,75.83597,11.73848,0
,75.83583,11.73845,0
,75.8356,11.73844,0
,75.83528,11.73848,0
,75.83513,11.73852,0
,75.83468,11.73873,0
,75.83447,11.73877,0
,75.83403,11.73876,0
,75.83357,11.73885,0
,75.83271,11.73894,0
,75.83251,11.73894,0
,75.8324,11.73891,0
,75.83239,11.73891,0
,75.83225,11.73886,0
,75.83214,11.73878,0
,75.83207,11.73875,0
,75.83172,11.73867,0
,75.83153,11.73861,0
,75.83137,11.73854,0
,75.83125,11.73843,0
,75.83115,11.73828,0
,75.83105,11.73804,0
,75.83097,11.7377,0
,75.83094,11.73732,0
,75.83083,11.73673,0
,75.83078,11.7366,0
,75.83068,11.73648,0
,75.83057,11.7364,0
,75.83047,11.73629,0
,75.8303,11.73595,0
,75.83026,11.73589,0
,75.83021,11.73584,0
,75.83007,11.73574,0
,75.83,11.73571,0
,75.8297,11.73563,0
,75.82921,11.73544,0
,75.82868,11.73512,0
,75.82834,11.73495,0
,75.8283,11.73492,0
,75.82788,11.73473,0
,75.82785,11.73471,0
,75.82764,11.73464,0
,75.82757,11.73458,0
,75.82754,11.73453,0
,75.82739,11.73413,0
,75.82732,11.73399,0
,75.82728,11.73394,0
,75.8272,11.7339,0
,75.8271,11.73388,0
,75.82702,11.73388,0
,75.82697,11.73389,0
,75.82682,11.73395,0
,75.82671,11.73401,0
,75.82644,11.73411,0
,75.82634,11.73413,0
,75.8263,11.73413,0
,75.82627,11.73414,0
,75.82617,11.73414,0
,75.82608,11.73412,0
,75.82593,11.734,0
,75.82559,11.73364,0
,75.82544,11.73353,0
,75.82535,11.73349,0
,75.82509,11.73343,0
,75.82491,11.73336,0
,75.82454,11.73314,0
,75.82394,11.73262,0
,75.82369,11.73229,0
,75.82357,11.73217,0
,75.82346,11.7321,0
,75.8233,11.73204,0
,75.82316,11.73203,0
,75.82309,11.73205,0
,75.82304,11.73208,0
,75.82297,11.73214,0
,75.82292,11.73221,0
,75.82289,11.73229,0
,75.82288,11.73237,0
,75.82289,11.73248,0
,75.82299,11.73282,0
,75.82305,11.73296,0
,75.82306,11.73306,0
,75.82304,11.7331,0
,75.82304,11.73311,0
,75.82302,11.73312,0
,75.82297,11.7331,0
,75.82294,11.73306,0
,75.82288,11.73287,0
,75.82282,11.73275,0
,75.82243,11.73215,0
,75.82229,11.73185,0
,75.8222,11.73169,0
,75.82213,11.73163,0
,75.82212,11.73163,0
,75.82209,11.73162,0
,75.82204,11.73162,0
,75.82196,11.73164,0
,75.82182,11.73176,0
,75.82179,11.73178,0
,75.82166,11.73194,0
,75.82152,11.73222,0
,75.82147,11.73228,0
,75.82139,11.73234,0
,75.82117,11.73244,0
,75.82107,11.73247,0
,75.82098,11.73251,0
,75.82088,11.73253,0
,75.82081,11.73253,0
,75.82062,11.73247,0
,75.82054,11.73247,0
,75.82046,11.73249,0
,75.82021,11.7326,0
,75.82006,11.73265,0
,75.81997,11.73265,0
,75.81956,11.73255,0
,75.81937,11.73245,0
,75.81935,11.73243,0
,75.81924,11.73241,0
,75.81918,11.73241,0
,75.81907,11.73243,0
,75.81902,11.73246,0
,75.81879,11.73268,0
,75.81855,11.73286,0
,75.81844,11.73292,0
,75.81831,11.73297,0
,75.81827,11.73297,0
,75.81824,11.73296,0
,75.81806,11.73284,0
,75.81797,11.73281,0
,75.81773,11.73282,0
,75.81765,11.73279,0
,75.81751,11.7327,0
,75.81745,11.73268,0
,75.81712,11.73263,0
,75.817,11.7326,0
,75.81698,11.73258,0
,75.81695,11.73253,0
,75.81694,11.73249,0
,75.81693,11.73225,0
,75.8169,11.73217,0
,75.81687,11.73215,0
,75.81683,11.73211,0
,75.81676,11.73209,0
,75.81663,11.73207,0
,75.81638,11.73206,0
,75.81586,11.73199,0
,75.81549,11.73197,0
,75.81544,11.73196,0
,75.81537,11.73192,0
,75.81534,11.73191,0
,75.81527,11.73191,0
,75.81515,11.73196,0
,75.81507,11.73196,0
,75.81504,11.73194,0
,75.81501,11.73193,0
,75.81487,11.73177,0
,75.81468,11.7316,0
,75.8146,11.73155,0
,75.81454,11.7315,0
,75.81448,11.73141,0
,75.81448,11.73138,0
,75.81445,11.73131,0
,75.81443,11.73112,0
,75.81439,11.731,0
,75.81434,11.73091,0
,75.81415,11.73075,0
,75.8134,11.73044,0
,75.8132,11.73041,0
,75.81279,11.73038,0
,75.81255,11.73032,0
,75.81247,11.73026,0
,75.81242,11.73019,0
,75.81241,11.73013,0
,75.8124,11.72986,0
,75.81238,11.72977,0
,75.81235,11.7297,0
,75.81231,11.72964,0
,75.81229,11.72959,0
,75.81229,11.72955,0
,75.8123,11.72952,0
,75.81234,11.72948,0
,75.81238,11.72947,0
,75.81251,11.7295,0
,75.81263,11.72956,0
,75.81278,11.72963,0
,75.81303,11.72972,0
,75.81309,11.72975,0
,75.81317,11.72976,0
,75.81377,11.72964,0
,75.81399,11.72964,0
,75.81404,11.72963,0
,75.81406,11.7296,0
,75.81408,11.72958,0
,75.81408,11.72956,0
,75.81409,11.72954,0
,75.81408,11.7295,0
,75.81406,11.72948,0
,75.81402,11.72946,0
,75.81398,11.72946,0
,75.81383,11.72951,0
,75.81381,11.72951,0
,75.81378,11.72952,0
,75.81362,11.72952,0
,75.81361,11.72953,0
,75.81356,11.72953,0
,75.81352,11.72952,0
,75.81343,11.72952,0
,75.81336,11.7295,0
,75.81332,11.7295,0
,75.8133,11.72949,0
,75.81327,11.72949,0
,75.81326,11.72948,0
,75.81324,11.72948,0
,75.81313,11.72944,0
,75.81306,11.72939,0
,75.81297,11.7293,0
,75.81282,11.72918,0
,75.81261,11.72905,0
,75.81233,11.72879,0
,75.81212,11.72866,0
,75.8121,11.72864,0
,75.81169,11.7285,0
,75.81149,11.72846,0
,75.81135,11.72844,0
,75.81121,11.72844,0
,75.81114,11.72842,0
,75.81113,11.72841,0
,75.81113,11.72839,0
,75.81112,11.72838,0
,75.81112,11.72835,0
,75.81114,11.72832,0
,75.81118,11.7283,0
,75.81123,11.7283,0
,75.81152,11.72834,0
,75.81197,11.72833,0
,75.81217,11.72829,0
,75.81231,11.72829,0
,75.81258,11.72836,0
,75.8127,11.72841,0
,75.81273,11.72843,0
,75.81282,11.72847,0
,75.81294,11.72855,0
,75.81304,11.72868,0
,75.81311,11.72872,0
,75.81319,11.72871,0
,75.81321,11.7287,0
,75.81323,11.72868,0
,75.81324,11.72866,0
,75.81324,11.72861,0
,75.81322,11.72857,0
,75.8132,11.72855,0
,75.81316,11.72853,0
,75.81314,11.7285,0
,75.81304,11.72845,0
,75.81245,11.72803,0
,75.81219,11.72793,0
,75.81215,11.72793,0
,75.81161,11.72785,0
,75.81149,11.72781,0
,75.81113,11.72763,0
,75.81104,11.72757,0
,75.8109,11.7275,0
,75.81062,11.72744,0
,75.81054,11.72741,0
,75.81051,11.72738,0
,75.81048,11.72736,0
,75.81048,11.72734,0
,75.81047,11.72733,0
,75.81047,11.72728,0
,75.8105,11.72724,0
,75.81052,11.72723,0
,75.81059,11.72723,0
,75.81075,11.72727,0
,75.81091,11.72734,0
,75.81094,11.72734,0
,75.81097,11.72736,0
,75.81107,11.72738,0
,75.81114,11.72739,0
,75.81116,11.72741,0
,75.81135,11.72745,0
,75.81145,11.72745,0
,75.81147,11.72744,0
,75.8115,11.72744,0
,75.81157,11.72742,0
,75.8116,11.7274,0
,75.81185,11.72729,0
,75.81203,11.72723,0
,75.81211,11.72719,0
,75.81222,11.72713,0
,75.81241,11.72707,0
,75.81253,11.72707,0
,75.81286,11.72715,0
,75.81299,11.72717,0
,75.8133,11.72729,0
,75.81336,11.72733,0
,75.81344,11.72736,0
,75.81345,11.72737,0
,75.81346,11.72736,0
,75.81348,11.72736,0
,75.8135,11.72734,0
,75.8135,11.72733,0
,75.81351,11.7273,0
,75.81351,11.72726,0
,75.81348,11.72721,0
,75.81329,11.72704,0
,75.81279,11.72666,0
,75.81265,11.72658,0
,75.8126,11.72657,0
,75.81251,11.72653,0
,75.8123,11.72648,0
,75.81224,11.72648,0
,75.81199,11.72651,0
,75.81189,11.7265,0
,75.81181,11.72652,0
,75.81149,11.72652,0
,75.81147,11.7265,0
,75.81145,11.72649,0
,75.81145,11.72648,0
,75.81144,11.72646,0
,75.81144,11.7264,0
,75.81148,11.72637,0
,75.81149,11.72636,0
,75.81152,11.72636,0
,75.81154,11.72635,0
,75.81161,11.72635,0
,75.8117,11.72637,0
,75.81172,11.72638,0
,75.81177,11.72638,0
,75.81183,11.72639,0
,75.81186,11.72638,0
,75.8119,11.72638,0
,75.81206,11.72634,0
,75.81208,11.72633,0
,75.81234,11.72628,0
,75.81284,11.72626,0
,75.81332,11.72635,0
,75.81349,11.7264,0
,75.8135,11.72641,0
,75.81367,11.7265,0
,75.81403,11.7268,0
,75.81422,11.7269,0
,75.81424,11.7269,0
,75.81435,11.72694,0
,75.81443,11.72695,0
,75.81445,11.72695,0
,75.81446,11.72694,0
,75.81447,11.72694,0
,75.8145,11.72688,0
,75.8145,11.72682,0
,75.81445,11.72677,0
,75.81443,11.72676,0
,75.81422,11.7267,0
,75.81414,11.72665,0
,75.81403,11.72655,0
,75.81384,11.72634,0
,75.81378,11.7263,0
,75.81354,11.72607,0
,75.81344,11.72601,0
,75.81337,11.72599,0
,75.81321,11.72588,0
,75.81312,11.72584,0
,75.81303,11.72578,0
,75.81292,11.72573,0
,75.81287,11.72572,0
,75.81279,11.72572,0
,75.81267,11.72575,0
,75.8125,11.72575,0
,75.81227,11.72568,0
,75.8122,11.72564,0
,75.81214,11.72562,0
,75.81206,11.72562,0
,75.81177,11.72567,0
,75.8117,11.72567,0
,75.81163,11.72565,0
,75.81153,11.7256,0
,75.81142,11.72556,0
,75.81108,11.72549,0
,75.81085,11.72548,0
,75.81076,11.72546,0
,75.81072,11.72544,0
,75.81061,11.72535,0
,75.81055,11.72524,0
,75.81047,11.72515,0
,75.81041,11.72512,0
,75.81034,11.72507,0
,75.81021,11.72503,0
,75.81017,11.72501,0
,75.81015,11.72499,0
,75.81012,11.72492,0
,75.81012,11.72483,0
,75.81017,11.72471,0
,75.81018,11.72459,0
,75.81016,11.72453,0
,75.8101,11.72445,0
,75.8099,11.72426,0
,75.80975,11.72396,0
,75.80968,11.72388,0
,75.80964,11.72385,0
,75.80939,11.72378,0
,75.809,11.72361,0
,75.80881,11.72358,0
,75.80877,11.72356,0
,75.80872,11.72355,0
,75.80871,11.72354,0
,75.80855,11.72349,0
,75.80854,11.72348,0
,75.80845,11.72345,0
,75.80838,11.72344,0
,75.80838,11.72343,0
,75.80834,11.72341,0
,75.80827,11.72333,0
,75.80826,11.7233,0
,75.80826,11.72324,0
,75.80828,11.72322,0
,75.80832,11.7232,0
,75.80834,11.7232,0
,75.80837,11.72322,0
,75.80855,11.72327,0
,75.80902,11.72343,0
,75.80933,11.72343,0
,75.80937,11.72344,0
,75.80969,11.72341,0
,75.80993,11.72344,0
,75.80999,11.72346,0
,75.81004,11.72349,0
,75.81058,11.72411,0
,75.81063,11.72415,0
,75.81069,11.72417,0
,75.81076,11.72417,0
,75.81097,11.72412,0
,75.81135,11.72408,0
,75.8114,11.72404,0
,75.81141,11.72402,0
,75.81141,11.724,0
,75.8114,11.72398,0
,75.81137,11.72395,0
,75.81132,11.72392,0
,75.8113,11.72392,0
,75.81117,11.72387,0
,75.81095,11.72381,0
,75.81061,11.72363,0
,75.81055,11.72356,0
,75.81037,11.72304,0
,75.8103,11.72293,0
,75.81,11.72272,0
,75.80981,11.72266,0
,75.80962,11.72263,0
,75.80953,11.72258,0
,75.80933,11.72252,0
,75.80919,11.7225,0
,75.80901,11.72244,0
,75.80897,11.7224,0
,75.80888,11.72235,0
,75.80885,11.72232,0
,75.80863,11.72218,0
,75.80858,11.72213,0
,75.8085,11.72208,0
,75.80836,11.72202,0
,75.80834,11.722,0
,75.80834,11.72199,0
,75.80832,11.72194,0
,75.80834,11.7219,0
,75.80834,11.72189,0
,75.80842,11.72187,0
,75.80845,11.72187,0
,75.80846,11.72188,0
,75.80852,11.7219,0
,75.80864,11.72198,0
,75.80881,11.72215,0
,75.80889,11.72219,0
,75.80898,11.72219,0
,75.80908,11.72213,0
,75.80924,11.72194,0
,75.80927,11.72188,0
,75.80948,11.72162,0
,75.80949,11.72162,0
,75.80958,11.72153,0
,75.80961,11.72148,0
,75.80963,11.72142,0
,75.80961,11.72135,0
,75.80958,11.72131,0
,75.80958,11.7213,0
,75.80954,11.72127,0
,75.80954,11.72126,0
,75.80949,11.72123,0
,75.80943,11.72118,0
,75.80938,11.72115,0
,75.80929,11.72101,0
,75.80928,11.72095,0
,75.80924,11.72085,0
,75.80902,11.72042,0
,75.80896,11.72022,0
,75.80896,11.72001,0
,75.80894,11.71991,0
,75.80885,11.71971,0
,75.80872,11.71952,0
,75.80861,11.7194,0
,75.80851,11.71924,0
,75.80848,11.71921,0
,75.80838,11.71903,0
,75.80827,11.71889,0
,75.80815,11.71879,0
,75.80786,11.71861,0
,75.80784,11.7186,0
,75.80755,11.71845,0
,75.80744,11.71838,0
,75.80739,11.71833,0
,75.80734,11.71822,0
,75.80734,11.7182,0
,75.80736,11.71816,0
,75.80739,11.71813,0
,75.80747,11.71802,0
,75.8075,11.71794,0
,75.80748,11.71785,0
,75.80739,11.71776,0
,75.80722,11.71768,0
,75.80696,11.71769,0
,75.80685,11.71767,0
,75.8068,11.71765,0
,75.80676,11.71761,0
,75.80674,11.71755,0
,75.80674,11.7175,0
,75.80675,11.71749,0
,75.80676,11.71747,0
,75.80681,11.71743,0
,75.80694,11.71729,0
,75.80698,11.71718,0
,75.807,11.71705,0
,75.80689,11.71663,0
,75.80683,11.71652,0
,75.80678,11.71647,0
,75.80674,11.71646,0
,75.80671,11.71646,0
,75.80667,11.71648,0
,75.80647,11.71665,0
,75.8063,11.71668,0
,75.80601,11.71663,0
,75.80589,11.71659,0
,75.80551,11.71632,0
,75.80547,11.7163,0
,75.80541,11.71624,0
,75.80538,11.71622,0
,75.80535,11.71617,0
,75.80534,11.71612,0
,75.80536,11.71606,0
,75.8054,11.716,0
,75.80545,11.71598,0
,75.80551,11.71597,0
,75.80581,11.71598,0
,75.80586,11.71596,0
,75.80589,11.71593,0
,75.80591,11.71588,0
,75.80592,11.71584,0
,75.80589,11.71571,0
,75.80586,11.71565,0
,75.80579,11.71557,0
,75.80558,11.71542,0
,75.80552,11.71539,0
,75.80503,11.71532,0
,75.80484,11.71526,0
,75.8046,11.71523,0
,75.80453,11.71521,0
,75.8045,11.71518,0
,75.80447,11.71516,0
,75.80443,11.71509,0
,75.80439,11.71497,0
,75.80434,11.71472,0
,75.80428,11.71459,0
,75.80417,11.71452,0
,75.8041,11.7145,0
,75.804,11.71443,0
,75.80392,11.71432,0
,75.80385,11.71416,0
,75.80379,11.71397,0
,75.80373,11.71371,0
,75.80365,11.71348,0
,75.80355,11.71326,0
,75.8035,11.71317,0
,75.80343,11.7131,0
,75.80328,11.713,0
,75.80319,11.71296,0
,75.80293,11.71289,0
,75.80281,11.71283,0
,75.80269,11.71273,0
,75.80268,11.71273,0
,75.80246,11.71255,0
,75.80227,11.71236,0
,75.80208,11.71212,0
,75.80184,11.7119,0
,75.80174,11.71184,0
,75.80108,11.71153,0
,75.80101,11.71148,0
,75.80098,11.71143,0
,75.80097,11.71143,0
,75.80044,11.71049,0
,75.79938,11.70895,0
,75.79932,11.70882,0
,75.79931,11.70881,0
,75.79914,11.70812,0
,75.79877,11.70685,0
,75.79874,11.70648,0
,75.79875,11.70603,0
,75.79874,11.70596,0
,75.79873,11.70561,0
,75.79872,11.70559,0
,75.79866,11.7052,0
,75.79862,11.70464,0
,75.79862,11.70435,0
,75.79866,11.70418,0
,75.79884,11.70367,0
,75.79888,11.70352,0
,75.79889,11.70332,0
,75.79886,11.70286,0
,75.79886,11.70236,0
,75.79879,11.70173,0
,75.79876,11.70163,0
,75.79862,11.70145,0
,75.79851,11.7012,0
,75.79845,11.70089,0
,75.79845,11.70083,0
,75.79848,11.70071,0
,75.79874,11.70028,0
,75.79875,11.70023,0
,75.79879,11.70015,0
,75.79882,11.70004,0
,75.79884,11.69979,0
,75.79883,11.69953,0
,75.79878,11.69909,0
,75.79879,11.69887,0
,75.79912,11.69753,0
,75.79918,11.69742,0
,75.79922,11.69732,0
,75.79925,11.69717,0
,75.79914,11.69561,0
,75.79911,11.69477,0
,75.79908,11.69453,0
,75.79905,11.69441,0
,75.79905,11.69437,0
,75.79902,11.69422,0
,75.79901,11.6941,0
,75.79904,11.69362,0
,75.79915,11.693,0
,75.79916,11.69275,0
,75.7991,11.6923,0
,75.79902,11.69209,0
,75.79888,11.69187,0
,75.79863,11.69155,0
,75.7984,11.69121,0
,75.79828,11.69108,0
,75.79791,11.69082,0
,75.79784,11.69074,0
,75.7978,11.69067,0
,75.79771,11.69041,0
,75.79757,11.69018,0
,75.79736,11.68989,0
,75.79713,11.68962,0
,75.79701,11.6895,0
,75.79695,11.68941,0
,75.79692,11.68938,0
,75.79685,11.68936,0
,75.79678,11.68936,0
,75.79671,11.68938,0
,75.79656,11.68945,0
,75.79648,11.68951,0
,75.79647,11.68951,0
,75.79646,11.68952,0
,75.79642,11.68951,0
,75.79638,11.68948,0
,75.79628,11.68934,0
,75.79615,11.68871,0
,75.79599,11.68838,0
,75.79592,11.68827,0
,75.79575,11.68788,0
,75.7956,11.68768,0
,75.79545,11.68756,0
,75.79535,11.68752,0
,75.79514,11.68736,0
,75.7949,11.68713,0
,75.79482,11.687,0
,75.7947,11.68673,0
,75.79469,11.68669,0
,75.79463,11.68658,0
,75.79452,11.68644,0
,75.79417,11.68623,0
,75.79398,11.68609,0
,75.79374,11.68595,0
,75.79306,11.68577,0
,75.79287,11.68568,0
,75.79277,11.6856,0
,75.79272,11.68557,0
,75.79254,11.68542,0
,75.79231,11.68514,0
,75.7922,11.68498,0
,75.79208,11.68484,0
,75.79148,11.68437,0
,75.79014,11.68352,0
,75.78954,11.68324,0
,75.7891,11.68296,0
,75.78903,11.6829,0
,75.78877,11.68274,0
,75.78869,11.68271,0
,75.78846,11.68269,0
,75.78793,11.68274,0
,75.78777,11.68273,0
,75.78722,11.68261,0
,75.78659,11.68252,0
,75.78583,11.68249,0
,75.78543,11.68252,0
,75.78531,11.68251,0
,75.78526,11.68249,0
,75.7852,11.6824,0
,75.78518,11.68233,0
,75.78519,11.6822,0
,75.78523,11.68203,0
,75.78525,11.68188,0
,75.78526,11.68187,0
,75.78527,11.68174,0
,75.78526,11.68158,0
,75.78528,11.68132,0
,75.78534,11.68112,0
,75.78536,11.681,0
,75.78537,11.6808,0
,75.78535,11.68005,0
,75.78534,11.68,0
,75.78523,11.67971,0
,75.785,11.67937,0
,75.78491,11.67926,0
,75.78467,11.67902,0
,75.78438,11.6789,0
,75.78419,11.67885,0
,75.78302,11.67889,0
,75.78282,11.67887,0
,75.78262,11.67881,0
,75.78258,11.67879,0
,75.78256,11.67879,0
,75.78239,11.67871,0
,75.78162,11.67823,0
,75.78114,11.67797,0
,75.78099,11.67786,0
,75.78087,11.67771,0
,75.78071,11.67758,0
,75.7806,11.67752,0
,75.7804,11.67746,0
,75.78022,11.67743,0
,75.77974,11.67728,0
,75.7784,11.67668,0
,75.77796,11.67651,0
,75.77752,11.67629,0
,75.77738,11.67621,0
,75.77703,11.67596,0
,75.77685,11.67586,0
,75.77648,11.67561,0
,75.77637,11.67555,0
,75.77545,11.67531,0
,75.77523,11.67523,0
,75.7751,11.67516,0
,75.77415,11.67436,0
,75.77398,11.67416,0
,75.77386,11.67396,0
,75.7737,11.67364,0
,75.77343,11.6733,0
,75.77339,11.67326,0
,75.77312,11.67311,0
,75.77237,11.67283,0
,75.77237,11.67282,0
,75.77228,11.67277,0
,75.77179,11.67238,0
,75.77152,11.67224,0
,75.77106,11.67204,0
,75.77104,11.67204,0
,75.76969,11.67149,0
,75.76958,11.67141,0
,75.76948,11.67132,0
,75.76938,11.67121,0
,75.76924,11.67109,0
,75.76916,11.67104,0
,75.76909,11.67102,0
,75.76896,11.67102,0
,75.76887,11.671,0
,75.76883,11.67098,0
,75.7687,11.67087,0
,75.76863,11.67079,0
,75.76852,11.67072,0
,75.76837,11.67065,0
,75.76765,11.67042,0
,75.76664,11.67022,0
,75.76663,11.67021,0
,75.76606,11.67006,0
,75.76602,11.67006,0
,75.76599,11.67005,0
,75.76521,11.66995,0
,75.76487,11.66978,0
,75.7648,11.66973,0
,75.76475,11.66967,0
,75.7646,11.66925,0
,75.76442,11.66895,0
,75.76428,11.66884,0
,75.76394,11.66867,0
,75.76356,11.66844,0
,75.76344,11.66839,0
,75.76273,11.66835,0
,75.76268,11.66834,0
,75.76257,11.66834,0
,75.76254,11.66833,0
,75.76239,11.66833,0
,75.76156,11.66823,0
,75.76087,11.66825,0
,75.76086,11.66826,0
,75.76042,11.66829,0
,75.76027,11.66833,0
,75.75948,11.66846,0
,75.75907,11.66848,0
,75.75883,11.66846,0
,75.7586,11.66842,0
,75.75818,11.66827,0
,75.75781,11.6682,0
,75.75763,11.66819,0
,75.7575,11.6682,0
,75.7574,11.66819,0
,75.75719,11.66821,0
,75.75662,11.66836,0
,75.75613,11.66844,0
,75.75576,11.66845,0
,75.75523,11.66837,0
,75.75514,11.66834,0
,75.75506,11.6683,0
,75.75505,11.66828,0
,75.75502,11.66826,0
,75.75499,11.66823,0
,75.75496,11.66817,0
,75.75487,11.66805,0
,75.75478,11.66798,0
,75.75468,11.66793,0
,75.75436,11.66785,0
,75.75396,11.66784,0
,75.75384,11.66782,0
,75.75375,11.66775,0
,75.75368,11.66768,0
,75.75345,11.66736,0
,75.75338,11.66728,0
,75.75327,11.6672,0
,75.75289,11.66706,0
,75.75217,11.66694,0
,75.75214,11.66689,0
,75.75207,11.66683,0
,75.75163,11.66615,0
,75.75146,11.66581,0
,75.75128,11.66554,0
,75.75109,11.66521,0
,75.75103,11.66504,0
,75.75096,11.66436,0
,75.75086,11.6639,0
,75.75074,11.66365,0
,75.7507,11.66295,0
,75.75078,11.66258,0
,75.75078,11.66245,0
,75.75087,11.66183,0
,75.75103,11.66143,0
,75.75104,11.66143,0
,75.75126,11.66094,0
,75.75144,11.66063,0
,75.75145,11.66062,0
,75.75164,11.66032,0
,75.75174,11.66019,0
,75.75184,11.66002,0
,75.75186,11.65994,0
,75.75208,11.6595,0
,75.75233,11.65912,0
,75.75256,11.65884,0
,75.75282,11.65862,0
,75.75296,11.65853,0
,75.75329,11.65836,0
,75.75343,11.65827,0
,75.75356,11.65811,0
,75.75375,11.6578,0
,75.75383,11.65762,0
,75.75387,11.65745,0
,75.75383,11.65702,0
,75.75382,11.65668,0
,75.75379,11.6564,0
,75.75375,11.65542,0
,75.75377,11.65506,0
,75.75376,11.65494,0
,75.75377,11.65475,0
,75.75388,11.65431,0
,75.75392,11.6542,0
,75.75375,11.65419,0
,75.75373,11.65377,0
,75.75354,11.65294,0
,75.75347,11.65224,0
,75.75346,11.65222,0
,75.75343,11.65192,0
,75.75342,11.65156,0
,75.75344,11.65143,0
,75.75353,11.65126,0
,75.75378,11.65103,0
,75.75418,11.65055,0
,75.75426,11.65047,0
,75.75508,11.6499,0
,75.75543,11.64969,0
,75.75546,11.64968,0
,75.75562,11.64959,0
,75.75587,11.64941,0
,75.75623,11.64909,0
,75.75632,11.64899,0
,75.75635,11.64894,0
,75.75635,11.64882,0
,75.75621,11.64853,0
,75.75613,11.64841,0
,75.75599,11.64824,0
,75.75595,11.64817,0
,75.75593,11.64811,0
,75.75592,11.648,0
,75.75594,11.64758,0
,75.75592,11.64751,0
,75.75584,11.6474,0
,75.75578,11.64734,0
,75.75551,11.64716,0
,75.75544,11.64709,0
,75.75539,11.647,0
,75.75537,11.64698,0
,75.75506,11.6464,0
,75.75501,11.64627,0
,75.75495,11.64617,0
,75.75491,11.64605,0
,75.7549,11.6459,0
,75.75493,11.64529,0
,75.75492,11.64498,0
,75.75472,11.64365,0
,75.75463,11.64273,0
,75.75462,11.64241,0
,75.75464,11.64229,0
,75.75467,11.64219,0
,75.75524,11.6411,0
,75.75526,11.64103,0
,75.75526,11.64089,0
,75.75496,11.64015,0
,75.75495,11.64008,0
,75.75496,11.6399,0
,75.75503,11.63958,0
,75.75508,11.63925,0
,75.75509,11.63905,0
,75.7551,11.63901,0
,75.75507,11.63889,0
,75.75498,11.63865,0
,75.75484,11.63837,0
,75.75466,11.63814,0
,75.75399,11.63757,0
,75.75337,11.63711,0
,75.75313,11.63697,0
,75.75299,11.63687,0
,75.75292,11.6368,0
,75.75286,11.63671,0
,75.75253,11.6363,0
,75.75247,11.63621,0
,75.75243,11.6361,0
,75.75242,11.63602,0
,75.75235,11.63583,0
,75.75204,11.63523,0
,75.75197,11.63514,0
,75.75184,11.63504,0
,75.75178,11.63498,0
,75.75173,11.63491,0
,75.75153,11.63456,0
,75.75147,11.63442,0
,75.75142,11.63434,0
,75.75138,11.63419,0
,75.75138,11.63416,0
,75.7514,11.63411,0
,75.75143,11.63407,0
,75.75173,11.6338,0
,75.75175,11.63377,0
,75.75177,11.63368,0
,75.75177,11.63361,0
,75.75174,11.63348,0
,75.75171,11.63317,0
,75.75172,11.63241,0
,75.75173,11.63239,0
,75.75175,11.63207,0
,75.75184,11.63142,0
,75.75191,11.63028,0
,75.75198,11.62988,0
,75.75203,11.62974,0
,75.75209,11.62963,0
,75.75249,11.62905,0
,75.75285,11.62871,0
,75.75312,11.62851,0
,75.75326,11.62843,0
,75.75334,11.62841,0
,75.75343,11.62841,0
,75.75387,11.62853,0
,75.75404,11.62853,0
,75.75417,11.62849,0
,75.75471,11.62823,0
,75.75484,11.62819,0
,75.75503,11.62816,0
,75.75557,11.62812,0
,75.75593,11.62805,0
,75.75628,11.62791,0
,75.75655,11.62777,0
,75.75662,11.6277,0
,75.75664,11.62767,0
,75.75675,11.62737,0
,75.75681,11.62724,0
,75.75698,11.62695,0
,75.75725,11.62637,0
,75.75725,11.62635,0
,75.75734,11.62608,0
,75.75736,11.62598,0
,75.75738,11.62561,0
,75.75735,11.62533,0
,75.75736,11.62515,0
,75.75739,11.62502,0
,75.75754,11.62468,0
,75.75768,11.62454,0
,75.75809,11.62426,0
,75.75827,11.62419,0
,75.75841,11.62418,0
,75.75892,11.62428,0
,75.75925,11.62431,0
,75.75968,11.6243,0
,75.75988,11.62428,0
,75.76008,11.62424,0
,75.76022,11.62418,0
,75.76032,11.62412,0
,75.76069,11.62382,0
,75.76089,11.6237,0
,75.76101,11.62361,0
,75.76114,11.62342,0
,75.7612,11.62318,0
,75.76123,11.6228,0
,75.76124,11.62226,0
,75.76126,11.62208,0
,75.76133,11.62179,0
,75.76134,11.62166,0
,75.76141,11.62129,0
,75.76145,11.62095,0
,75.76145,11.62081,0
,75.76137,11.62026,0
,75.76134,11.62021,0
,75.76134,11.62019,0
,75.76128,11.62011,0
,75.76114,11.61987,0
,75.76107,11.6197,0
,75.76104,11.61966,0
,75.76101,11.61957,0
,75.76098,11.61874,0
,75.76095,11.61847,0
,75.76095,11.61833,0
,75.76096,11.61826,0
,75.76106,11.61795,0
,75.76122,11.61762,0
,75.76134,11.61741,0
,75.76146,11.61716,0
,75.76167,11.61656,0
,75.76172,11.61633,0
,75.76173,11.6162,0
,75.76169,11.61512,0
,75.76165,11.61483,0
,75.76162,11.61475,0
,75.76145,11.61444,0
,75.76122,11.61409,0
,75.76088,11.6137,0
,75.76044,11.61334,0
,75.76029,11.61319,0
,75.7602,11.61308,0
,75.76017,11.61302,0
,75.76014,11.61298,0
,75.76011,11.61285,0
,75.7601,11.6125,0
,75.76014,11.6122,0
,75.76028,11.61171,0
,75.76069,11.61067,0
,75.7607,11.61062,0
,75.76077,11.61046,0
,75.76094,11.61016,0
,75.76118,11.60961,0
,75.76137,11.60935,0
,75.76141,11.60932,0
,75.76172,11.60901,0
,75.76194,11.60875,0
,75.76233,11.60838,0
,75.7631,11.6075,0
,75.76322,11.60728,0
,75.76326,11.60717,0
,75.76344,11.60603,0
,75.76344,11.60589,0
,75.7634,11.60554,0
,75.76341,11.60538,0
,75.76344,11.60518,0
,75.76361,11.60443,0
,75.76372,11.60412,0
,75.76388,11.60357,0
,75.764,11.60306,0
,75.76452,11.60178,0
,75.76481,11.60094,0
,75.76487,11.60067,0
,75.76488,11.6005,0
,75.76485,11.6,0
,75.76492,11.59916,0
,75.76488,11.59886,0
,75.76483,11.59871,0
,75.76475,11.59824,0
,75.76475,11.59811,0
,75.7648,11.59768,0
,75.76483,11.59755,0
,75.76497,11.59718,0
,75.76534,11.59583,0
,75.7656,11.59512,0
,75.76564,11.59495,0
,75.76565,11.59479,0
,75.76568,11.5946,0
,75.7657,11.59456,0
,75.76574,11.59442,0
,75.76592,11.59408,0
,75.76597,11.59395,0
,75.76604,11.59383,0
,75.76614,11.59354,0
,75.76615,11.59353,0
,75.76634,11.59297,0
,75.76648,11.59269,0
,75.7666,11.59252,0
,75.76687,11.59203,0
,75.76689,11.59197,0
,75.76691,11.59175,0
,75.76689,11.59163,0
,75.76674,11.59122,0
,75.76674,11.59103,0
,75.7668,11.59072,0
,75.7668,11.59043,0
,75.76678,11.59036,0
,75.76676,11.59032,0
,75.76661,11.5901,0
,75.7665,11.58997,0
,75.76623,11.58971,0
,75.76593,11.58923,0
,75.76585,11.58914,0
,75.76575,11.58905,0
,75.76558,11.58893,0
,75.76544,11.58881,0
,75.76539,11.58872,0
,75.76539,11.5887,0
,75.76537,11.58862,0
,75.76537,11.58852,0
,75.76543,11.58798,0
,75.76569,11.58715,0
,75.7657,11.58707,0
,75.76585,11.5866,0
,75.766,11.58603,0
,75.76606,11.58572,0
,75.76609,11.58542,0
,75.76609,11.58531,0
,75.76607,11.58516,0
,75.76604,11.58505,0
,75.76598,11.58496,0
,75.7659,11.5849,0
,75.76584,11.58487,0
,75.76575,11.58486,0
,75.76567,11.58484,0
,75.76547,11.58484,0
,75.76524,11.58482,0
,75.76504,11.58478,0
,75.76486,11.58471,0
,75.76458,11.58458,0
,75.76352,11.58407,0
,75.76327,11.58389,0
,75.76286,11.58349,0
,75.7626,11.58329,0
,75.76238,11.58319,0
,75.76229,11.58316,0
,75.76218,11.58314,0
,75.76198,11.58313,0
,75.7605,11.5835,0
,75.75931,11.58368,0
,75.75905,11.58366,0
,75.75884,11.58352,0
,75.75849,11.58324,0
,75.7583,11.58315,0
,75.75826,11.58312,0
,75.7582,11.58302,0
,75.75787,11.58206,0
,75.7578,11.5818,0
,75.75754,11.58086,0
,75.75743,11.58064,0
,75.75722,11.58034,0
,75.75696,11.58007,0
,75.75681,11.57987,0
,75.75672,11.57971,0
,75.75671,11.57967,0
,75.75668,11.5796,0
,75.75655,11.57903,0
,75.75649,11.57864,0
,75.75648,11.57862,0
,75.75622,11.57749,0
,75.75612,11.57719,0
,75.75603,11.57707,0
,75.75596,11.57703,0
,75.75595,11.57702,0
,75.75588,11.57698,0
,75.75563,11.57687,0
,75.75509,11.57655,0
,75.75471,11.57635,0
,75.75428,11.57608,0
,75.75418,11.576,0
,75.75398,11.57574,0
,75.75374,11.57553,0
,75.75365,11.57539,0
,75.75319,11.57488,0
,75.75311,11.57469,0
,75.75306,11.57415,0
,75.75306,11.57399,0
,75.75308,11.57376,0
,75.75314,11.57354,0
,75.75328,11.57323,0
,75.75365,11.57268,0
,75.75369,11.57257,0
,75.75376,11.57228,0
,75.75377,11.5719,0
,75.75376,11.57181,0
,75.75366,11.57137,0
,75.75362,11.57092,0
,75.75362,11.5706,0
,75.75371,11.56939,0
,75.75373,11.56931,0
,75.75373,11.56929,0
,75.7541,11.56842,0
,75.75427,11.56807,0
,75.7546,11.56752,0
,75.75511,11.56756,0
,75.75514,11.56757,0
,75.75587,11.56763,0
,75.75608,11.56762,0
,75.75642,11.56757,0
,75.75683,11.56739,0
,75.75704,11.56726,0
,75.7572,11.56712,0
,75.75731,11.56699,0
,75.75757,11.56649,0
,75.75774,11.56606,0
,75.75776,11.56597,0
,75.75776,11.5659,0
,75.75773,11.56565,0
,75.75768,11.56548,0
,75.75749,11.56498,0
,75.75747,11.56487,0
,75.75747,11.56471,0
,75.75748,11.56462,0
,75.75759,11.56432,0
,75.75809,11.56357,0
,75.75968,11.56152,0
,75.76008,11.56105,0
,75.76142,11.5598,0
,75.7616,11.55965,0
,75.76182,11.55936,0
,75.76199,11.55898,0
,75.76208,11.55869,0
,75.76212,11.55862,0
,75.76227,11.55828,0
,75.76261,11.55775,0
,75.76274,11.55761,0
,75.76347,11.5571,0
,75.76365,11.55689,0
,75.7637,11.5568,0
,75.76377,11.55662,0
,75.76382,11.55641,0
,75.76407,11.55569,0
,75.76413,11.55556,0
,75.76439,11.55506,0
,75.7648,11.55435,0
,75.76489,11.55415,0
,75.7649,11.55415,0
,75.76494,11.55406,0
,75.76496,11.55404,0
,75.76497,11.554,0
,75.76498,11.55399,0
,75.76511,11.55369,0
,75.76513,11.55361,0
,75.76519,11.55348,0
,75.76523,11.55328,0
,75.76535,11.552,0
,75.76543,11.55149,0
,75.76551,11.55059,0
,75.76551,11.5505,0
,75.76554,11.55033,0
,75.76565,11.55009,0
,75.76594,11.54969,0
,75.76607,11.54948,0
,75.7662,11.5492,0
,75.76627,11.54866,0
,75.76627,11.54818,0
,75.76629,11.54809,0
,75.76629,11.5478,0
,75.7663,11.54775,0
,75.7663,11.54767,0
,75.76634,11.54749,0
,75.76644,11.54733,0
,75.76663,11.54711,0
,75.76681,11.54679,0
,75.76689,11.54645,0
,75.7669,11.54628,0
,75.76696,11.54611,0
,75.76784,11.54476,0
,75.76788,11.54472,0
,75.76798,11.54459,0
,75.76846,11.5441,0
,75.76904,11.54336,0
,75.76919,11.54311,0
,75.7693,11.54284,0
,75.76933,11.54268,0
,75.76935,11.54237,0
,75.76934,11.54219,0
,75.76923,11.54163,0
,75.76913,11.54046,0
,75.76915,11.54025,0
,75.76928,11.53981,0
,75.76937,11.53962,0
,75.76948,11.53946,0
,75.7698,11.53906,0
,75.76998,11.5388,0
,75.77007,11.53864,0
,75.7702,11.53815,0
,75.77038,11.5376,0
,75.77048,11.5374,0
,75.77086,11.53688,0
,75.77087,11.53688,0
,75.77088,11.53685,0
,75.77142,11.53603,0
,75.77149,11.53595,0
,75.77156,11.53592,0
,75.77157,11.53591,0
,75.77188,11.53582,0
,75.77189,11.53582,0
,75.7721,11.53574,0
,75.77232,11.53561,0
,75.77241,11.53551,0
,75.77245,11.53544,0
,75.77254,11.53522,0
,75.77264,11.53491,0
,75.77288,11.53452,0
,75.77304,11.53431,0
,75.77335,11.53397,0
,75.77351,11.53371,0
,75.77378,11.53298,0
,75.77379,11.53292,0
,75.77379,11.53284,0
,75.77376,11.53269,0
,75.77372,11.5326,0
,75.77366,11.53251,0
,75.77358,11.53242,0
,75.77348,11.53234,0
,75.7732,11.53218,0
,75.77318,11.53216,0
,75.773,11.53206,0
,75.77272,11.53179,0
,75.77262,11.53172,0
,75.7725,11.53161,0
,75.77245,11.53155,0
,75.77244,11.53155,0
,75.77231,11.53137,0
,75.77222,11.53118,0
,75.77219,11.53114,0
,75.77203,11.53082,0
,75.77198,11.53066,0
,75.77189,11.5304,0
,75.77169,11.52996,0
,75.77152,11.52946,0
,75.77152,11.52945,0
,75.77141,11.52907,0
,75.77128,11.52755,0
,75.77123,11.52718,0
,75.7712,11.5264,0
,75.77128,11.52551,0
,75.77202,11.52563,0
,75.77206,11.52563,0
,75.77211,11.52561,0
,75.77217,11.52557,0
,75.77218,11.52557,0
,75.77226,11.5255,0
,75.77236,11.52543,0
,75.77253,11.52537,0
,75.7728,11.52536,0
,75.7733,11.5254,0
,75.77353,11.5254,0
,75.77394,11.52535,0
,75.77467,11.52538,0
,75.77472,11.52537,0
,75.77505,11.52537,0
,75.7754,11.52541,0
,75.77579,11.52555,0
,75.7759,11.52557,0
,75.77599,11.52557,0
,75.77606,11.52556,0
,75.77614,11.52553,0
,75.7763,11.52544,0
,75.77638,11.52536,0
,75.77639,11.52536,0
,75.77728,11.52435,0
,75.77729,11.52433,0
,75.77739,11.5242,0
,75.77746,11.52408,0
,75.77755,11.52386,0
,75.77757,11.52368,0
,75.77762,11.52347,0
,75.77766,11.5234,0
,75.77779,11.52326,0
,75.77785,11.52322,0
,75.77796,11.52318,0
,75.77798,11.52318,0
,75.77819,11.52306,0
,75.77828,11.52298,0
,75.77829,11.52298,0
,75.77854,11.52279,0
,75.77914,11.52228,0
,75.77945,11.52211,0
,75.77978,11.52197,0
,75.77999,11.52186,0
,75.78033,11.5215,0
,75.78034,11.52148,0
,75.78058,11.52124,0
,75.78083,11.52105,0
,75.78145,11.52066,0
,75.78165,11.52057,0
,75.78199,11.52045,0
,75.78232,11.52031,0
,75.78258,11.52022,0
,75.78305,11.52,0
,75.78316,11.51997,0
,75.78323,11.51996,0
,75.78324,11.51995,0
,75.78356,11.51995,0
,75.78381,11.51998,0
,75.78425,11.51999,0
,75.78447,11.51997,0
,75.78497,11.51987,0
,75.785,11.51987,0
,75.78515,11.5198,0
,75.78529,11.51971,0
,75.78541,11.5196,0
,75.78556,11.51939,0
,75.78578,11.51889,0
,75.78604,11.51856,0
,75.78607,11.51849,0
,75.7861,11.51837,0
,75.7861,11.51818,0
,75.78603,11.5178,0
,75.78603,11.51739,0
,75.78605,11.51711,0
,75.78612,11.51684,0
,75.78622,11.51661,0
,75.78636,11.51638,0
,75.78642,11.51625,0
,75.78642,11.51624,0
,75.78646,11.51617,0
,75.78662,11.51567,0
,75.78668,11.51559,0
,75.78687,11.51542,0
,75.78702,11.51531,0
,75.78722,11.51507,0
,75.78741,11.51477,0
,75.7877,11.51421,0
,75.78791,11.51405,0
,75.78815,11.51383,0
,75.78818,11.51381,0
,75.78832,11.51367,0
,75.78908,11.51254,0
,75.78925,11.51235,0
,75.78953,11.51217,0
,75.78956,11.51216,0
,75.79003,11.5119,0
,75.79007,11.51186,0
,75.7901,11.51184,0
,75.7901,11.51181,0
,75.79014,11.51169,0
,75.79026,11.51142,0
,75.79028,11.51139,0
,75.79052,11.51121,0
,75.79111,11.51096,0
,75.79142,11.51072,0
,75.79184,11.51033,0
,75.79234,11.50994,0
,75.79278,11.50948,0
,75.79294,11.50936,0
,75.79304,11.5093,0
,75.79309,11.50925,0
,75.79322,11.50879,0
,75.79327,11.50873,0
,75.79333,11.50869,0
,75.79365,11.50853,0
,75.79377,11.50845,0
,75.79414,11.50814,0
,75.79449,11.5079,0
,75.7947,11.50784,0
,75.7947,11.50783,0
,75.79483,11.5078,0
,75.79489,11.50777,0
,75.79495,11.50772,0
,75.79538,11.50726,0
,75.79555,11.50717,0
,75.79574,11.5071,0
,75.7959,11.50702,0
,75.79605,11.50697,0
,75.79669,11.5067,0
,75.79675,11.50666,0
,75.7968,11.50661,0
,75.79686,11.50652,0
,75.79691,11.5064,0
,75.79694,11.50624,0
,75.797,11.5061,0
,75.79718,11.50585,0
,75.79737,11.50565,0
,75.79748,11.50558,0
,75.79791,11.50539,0
,75.79804,11.50532,0
,75.7982,11.50517,0
,75.79872,11.50425,0
,75.7989,11.50384,0
,75.79906,11.50338,0
,75.79908,11.50322,0
,75.79914,11.50302,0
,75.7992,11.50292,0
,75.79928,11.5027,0
,75.79941,11.50212,0
,75.79952,11.50149,0
,75.7995,11.50114,0
,75.7994,11.50069,0
,75.79939,11.50039,0
,75.7994,11.50037,0
,75.79941,11.5003,0
,75.79954,11.5,0
,75.79964,11.49969,0
,75.79964,11.49967,0
,75.79967,11.49956,0
,75.79969,11.4994,0
,75.79969,11.49931,0
,75.80061,11.49855,0
,75.8011,11.49825,0
,75.80153,11.49809,0
,75.802,11.498,0
,75.80231,11.49796,0
,75.80255,11.49795,0
,75.80356,11.49765,0
,75.80384,11.4976,0
,75.80452,11.4974,0
,75.80499,11.49731,0
,75.80523,11.49729,0
,75.80582,11.49729,0
,75.80615,11.49726,0
,75.80639,11.49721,0
,75.80675,11.49719,0
,75.80708,11.49712,0
,75.80761,11.49695,0
,75.80765,11.49693,0
,75.8091,11.49645,0
,75.80948,11.49629,0
,75.80978,11.49606,0
,75.81026,11.49594,0
,75.81074,11.49587,0
,75.8103,11.49556,0
,75.81004,11.49541,0
,75.80966,11.49504,0
,75.80954,11.49486,0
,75.80951,11.4948,0
,75.80944,11.49449,0
,75.80942,11.49382,0
,75.80971,11.49316,0
,75.80972,11.49316,0
,75.81005,11.49246,0
,75.81029,11.49155,0
,75.81033,11.48991,0
,75.81042,11.48916,0
,75.81045,11.48873,0
,75.81045,11.48823,0
,75.81046,11.4882,0
,75.81047,11.48804,0
,75.81048,11.48802,0
,75.81115,11.48442,0
,75.81135,11.48376,0
,75.81135,11.48375,0
,75.81182,11.48226,0
,75.81184,11.4821,0
,75.81179,11.48076,0
,75.81138,11.47852,0
,75.81133,11.47788,0
,75.81121,11.4771,0
,75.81126,11.47666,0
,75.81129,11.47657,0
,75.81138,11.47644,0
,75.81192,11.47585,0
,75.81252,11.47472,0
,75.81313,11.4737,0
,75.81353,11.47211,0
,75.81359,11.47113,0
,75.81383,11.47118,0
,75.8144,11.47126,0
,75.81458,11.47127,0
,75.81468,11.47126,0
,75.81546,11.47136,0
,75.81553,11.47136,0
,75.8156,11.47137,0
,75.81564,11.47136,0
,75.8157,11.47136,0
,75.81581,11.47133,0
,75.8159,11.47128,0
,75.81592,11.47125,0
,75.81595,11.47122,0
,75.81601,11.4711,0
,75.81628,11.47067,0
,75.8163,11.47065,0
,75.8163,11.47064,0
,75.8165,11.47037,0
,75.81658,11.4702,0
,75.81703,11.46948,0
,75.81712,11.46926,0
,75.81737,11.46888,0
,75.81752,11.4686,0
,75.81773,11.46814,0
,75.81779,11.46791,0
,75.81783,11.46669,0
,75.81788,11.46623,0
,75.81797,11.46589,0
,75.81798,11.46582,0
,75.81805,11.46565,0
,75.81818,11.46545,0
,75.81836,11.46512,0
,75.81884,11.46436,0
,75.81892,11.46426,0
,75.81959,11.46355,0
,75.8197,11.4634,0
,75.81997,11.46312,0
,75.82006,11.46301,0
,75.82022,11.46262,0
,75.82035,11.46216,0
,75.82036,11.46208,0
,75.82036,11.46193,0
,75.82033,11.46171,0
,75.81986,11.46018,0
,75.81952,11.45923,0
,75.81945,11.45891,0
,75.81938,11.45834,0
,75.81938,11.45783,0
,75.81943,11.45704,0
,75.81945,11.45695,0
,75.81961,11.45688,0
,75.81989,11.45687,0
,75.8202,11.45689,0
,75.82034,11.45687,0
,75.82039,11.45683,0
,75.82041,11.45679,0
,75.82043,11.45671,0
,75.82046,11.45647,0
,75.8205,11.45571,0
,75.82053,11.45557,0
,75.82053,11.45555,0
,75.82065,11.45522,0
,75.82069,11.45514,0
,75.82078,11.45501,0
,75.82104,11.45456,0
,75.82112,11.45445,0
,75.8213,11.45409,0
,75.82165,11.45359,0
,75.82178,11.4531,0
,75.82231,11.45149,0
,75.8224,11.45099,0
,75.82238,11.45089,0
,75.82239,11.45075,0
,75.82233,11.44968,0
,75.82227,11.44945,0
,75.82215,11.44918,0
,75.82452,11.44853,0
,75.82519,11.44821,0
,75.82611,11.4477,0
,75.82651,11.44754,0
,75.82671,11.44749,0
,75.82695,11.44745,0
,75.82713,11.44744,0
,75.82782,11.44753,0
,75.82813,11.44753,0
,75.82837,11.44747,0
,75.82909,11.4471,0
,75.82973,11.44681,0
,75.83063,11.44678,0
,75.83081,11.44679,0
,75.83162,11.44675,0
,75.8353,11.44582,0
,75.83766,11.44536,0
,75.83825,11.44528,0
,75.83973,11.44517,0
,75.84018,11.44516,0
,75.84084,11.4452,0
,75.84505,11.44639,0
,75.84635,11.44666,0
,75.84659,11.44673,0
,75.84749,11.44719,0
,75.84864,11.4479,0
,75.84881,11.44802,0
,75.84894,11.44808,0
,75.84931,11.44816,0
,75.85058,11.44837,0
,75.85079,11.44842,0
,75.85084,11.44842,0
,75.8511,11.44847,0
,75.85185,11.44854,0
,75.85332,11.44853,0
,75.8537,11.4485,0
,75.85511,11.4483,0
,75.85758,11.4478,0
,75.85789,11.44779,0
,75.85845,11.44789,0
,75.85893,11.44794,0
,75.86077,11.44843,0
,75.86081,11.44845,0
,75.86108,11.4485,0
,75.86136,11.44852,0
,75.86178,11.44851,0
,75.8627,11.44859,0
,75.8628,11.44861,0
,75.86301,11.44859,0
,75.86364,11.44838,0
,75.86379,11.44837,0
,75.86382,11.44838,0
,75.86385,11.44838,0
,75.86398,11.44842,0
,75.8641,11.44848,0
,75.86411,11.44849,0
,75.86454,11.44876,0
,75.86466,11.44881,0
,75.86481,11.44883,0
,75.8649,11.4488,0
,75.86543,11.44854,0
,75.86597,11.44821,0
,75.86691,11.44771,0
,75.86757,11.44752,0
,75.86765,11.44748,0
,75.86829,11.44729,0
,75.86901,11.44696,0
,75.87016,11.44655,0
,75.87077,11.44638,0
,75.87156,11.44622,0
,75.87169,11.44615,0
,75.87193,11.44599,0
,75.873,11.44496,0
,75.87381,11.4443,0
,75.87407,11.44412,0
,75.87417,11.44408,0
,75.87698,11.44351,0
,75.87735,11.44352,0
,75.87791,11.44342,0
,75.87923,11.44312,0
,75.8797,11.44305,0
,75.8801,11.44291,0
,75.88023,11.44289,0
,75.88059,11.44292,0
,75.88196,11.44312,0
,75.882,11.44312,0
,75.88234,11.44318,0
,75.88266,11.44321,0
,75.8827,11.4432,0
,75.88283,11.44314,0
,75.88324,11.44282,0
,75.88357,11.44264,0
,75.88372,11.44258,0
,75.8841,11.44249,0
,75.88455,11.44245,0
,75.88499,11.44246,0
,75.8853,11.4425,0
,75.88567,11.4426,0
,75.88669,11.443,0
,75.88689,11.44305,0
,75.88705,11.44307,0
,75.88742,11.44304,0
,75.88765,11.44296,0
,75.88798,11.44276,0
,75.88817,11.44261,0
,75.88885,11.44216,0
,75.88923,11.44197,0
,75.88962,11.44182,0
,75.89032,11.44151,0
,75.89063,11.44128,0
,75.89077,11.44114,0
,75.89106,11.44078,0
,75.89115,11.44058,0
,75.89126,11.44038,0
,75.89141,11.44017,0
,75.89161,11.43998,0
,75.89184,11.43986,0
,75.89203,11.4398,0
,75.89222,11.43977,0
,75.89346,11.43966,0
,75.8941,11.43956,0
,75.89432,11.4395,0
,75.89643,11.43872,0
,75.89823,11.43778,0
,75.89888,11.43747,0
,75.89975,11.4371,0
,75.90039,11.43686,0
,75.90154,11.43636,0
,75.90191,11.43623,0
,75.90222,11.43617,0
,75.90235,11.4361,0
,75.90244,11.43603,0
,75.90254,11.43593,0
,75.90454,11.43447,0
,75.90466,11.43441,0
,75.90505,11.43428,0
,75.90566,11.43421,0
,75.90577,11.43417,0
,75.90592,11.43408,0
,75.90596,11.43404,0
,75.90602,11.434,0
,75.90744,11.43187,0
,75.90764,11.43163,0
,75.90783,11.43145,0
,75.9079,11.4314,0
,75.90797,11.43131,0
,75.9081,11.43118,0
,75.9086,11.43044,0
,75.90937,11.42911,0
,75.90955,11.42889,0
,75.90987,11.42865,0
,75.91007,11.42856,0
,75.91026,11.42851,0
,75.91059,11.4285,0
,75.91084,11.42854,0
,75.91099,11.4286,0
,75.9111,11.42866,0
,75.91161,11.42908,0
,75.91182,11.42923,0
,75.9121,11.42939,0
,75.91223,11.42945,0
,75.91244,11.42949,0
,75.91254,11.42949,0
,75.91284,11.42945,0
,75.91298,11.42941,0
,75.91332,11.42927,0
,75.91389,11.42898,0
,75.91411,11.42884,0
,75.91441,11.42861,0
,75.91458,11.42852,0
,75.91519,11.42826,0
,75.91543,11.42819,0
,75.91553,11.42818,0
,75.91576,11.42819,0
,75.91595,11.42822,0
,75.9161,11.42827,0
,75.9177,11.42848,0
,75.9184,11.42861,0
,75.91852,11.42865,0
,75.9187,11.42874,0
,75.91881,11.42884,0
,75.91888,11.42893,0
,75.91892,11.42901,0
,75.91892,11.42903,0
,75.91915,11.42968,0
,75.91925,11.42984,0
,75.9194,11.42998,0
,75.91952,11.43006,0
,75.91968,11.43013,0
,75.91981,11.43016,0
,75.91992,11.43017,0
,75.92103,11.43004,0
,75.92198,11.42981,0
,75.92203,11.42979,0
,75.9242,11.42928,0
,75.92447,11.4292,0
,75.92459,11.42915,0
,75.92491,11.42895,0
,75.92827,11.42649,0
,75.92868,11.42612,0
,75.93,11.42472,0
,75.93012,11.42462,0
,75.93038,11.42446,0
,75.93082,11.42425,0
,75.93109,11.42408,0
,75.93125,11.42393,0
,75.93143,11.42367,0
,75.93163,11.42343,0
,75.93182,11.42325,0
,75.93202,11.42313,0
,75.93233,11.423,0
,75.93321,11.42276,0
,75.93521,11.42257,0
,75.93654,11.42256,0
,75.9366,11.42266,0
,75.93693,11.42341,0
,75.93702,11.42355,0
,75.93704,11.42357,0
,75.93718,11.42366,0
,75.93737,11.42375,0
,75.93752,11.42378,0
,75.9379,11.42377,0
,75.93796,11.42378,0
,75.93817,11.42388,0
,75.93796,11.42378,0
,75.9379,11.42377,0
,75.93752,11.42378,0
,75.93737,11.42375,0
,75.93718,11.42366,0
,75.93704,11.42357,0
,75.93702,11.42355,0
,75.937,11.42351,0
,75.93693,11.42341,0
,75.9366,11.42266,0
,75.93654,11.42256,0
,75.93613,11.42127,0
,75.9361,11.42112,0
,75.93608,11.42106,0
,75.93608,11.42099,0
,75.93606,11.42085,0
,75.93606,11.4207,0
,75.93608,11.42058,0
,75.93608,11.42051,0
,75.93612,11.42035,0
,75.93614,11.4203,0
,75.93616,11.42028,0
,75.93634,11.41992,0
,75.93639,11.41974,0
,75.93649,11.419,0
,75.93666,11.41817,0
,75.93647,11.41623,0
,75.93639,11.41574,0
,75.93639,11.41562,0

,75.93639,11.41562,0
,75.93639,11.41574,0
,75.93647,11.41623,0
,75.93666,11.41817,0
,75.93649,11.419,0
,75.93639,11.41974,0
,75.93634,11.41992,0
,75.93616,11.42028,0
,75.93614,11.4203,0
,75.93612,11.42035,0
,75.93608,11.42051,0
,75.93608,11.42058,0
,75.93606,11.4207,0
,75.93606,11.42085,0
,75.93608,11.42099,0
,75.93608,11.42106,0
,75.9361,11.42112,0
,75.93613,11.42127,0
,75.93654,11.42256,0
,75.9366,11.42266,0
,75.93693,11.42341,0
,75.937,11.42351,0
,75.93702,11.42355,0
,75.93704,11.42357,0
,75.93718,11.42366,0
,75.93737,11.42375,0
,75.93752,11.42378,0
,75.9379,11.42377,0
,75.93796,11.42378,0
,75.93817,11.42388,0
,75.93828,11.42396,0
,75.93848,11.42416,0
,75.9394,11.42525,0
,75.93946,11.42535,0
,75.93984,11.42573,0
,75.94019,11.42613,0
,75.94026,11.42623,0
,75.94043,11.42675,0
,75.94051,11.42684,0
,75.94065,11.42695,0
,75.94134,11.42738,0
,75.94149,11.42745,0
,75.94174,11.42752,0
,75.94192,11.42753,0
,75.94226,11.42749,0
,75.94247,11.42748,0
,75.94295,11.42753,0
,75.94337,11.42762,0
,75.94339,11.42763,0
,75.94348,11.42765,0
,75.94366,11.42773,0
,75.94416,11.42807,0
,75.94461,11.4285,0
,75.9448,11.42861,0
,75.94528,11.42878,0
,75.94543,11.42881,0
,75.94548,11.4288,0
,75.94571,11.42871,0
,75.94577,11.42867,0
,75.94598,11.42858,0
,75.94608,11.42855,0
,75.94625,11.42853,0
,75.94721,11.42854,0
,75.94758,11.42858,0
,75.94773,11.42861,0
,75.94801,11.4287,0
,75.94831,11.42883,0
,75.94837,11.42887,0
,75.94853,11.42901,0
,75.94871,11.4292,0
,75.94894,11.42949,0
,75.94945,11.43024,0
,75.94947,11.43026,0
,75.9496,11.43045,0
,75.94994,11.43086,0
,75.95025,11.43128,0
,75.95055,11.43176,0
,75.95083,11.43229,0
,75.95096,11.43266,0
,75.95114,11.43298,0
,75.95128,11.43316,0
,75.95135,11.43322,0
,75.95158,11.43336,0
,75.95173,11.43348,0
,75.95176,11.43353,0
,75.95179,11.43361,0
,75.9518,11.43368,0
,75.95179,11.43375,0
,75.95175,11.43389,0
,75.95169,11.43401,0
,75.95148,11.43427,0
,75.95137,11.43443,0
,75.95134,11.43451,0
,75.95143,11.43461,0
,75.95175,11.43472,0
,75.952,11.43476,0
,75.95231,11.43477,0
,75.95271,11.43473,0
,75.95322,11.43456,0
,75.95344,11.43452,0
,75.95352,11.43452,0
,75.95355,11.43453,0
,75.95358,11.43453,0
,75.95376,11.43461,0
,75.95377,11.43461,0
,75.95386,11.43467,0
,75.95396,11.43476,0
,75.95402,11.43483,0
,75.95405,11.43489,0
,75.95408,11.43493,0
,75.9541,11.43498,0
,75.95416,11.43529,0
,75.95424,11.43544,0
,75.95429,11.4355,0
,75.95439,11.43559,0
,75.95449,11.43566,0
,75.95453,11.4357,0
,75.9546,11.43575,0
,75.95494,11.43605,0
,75.95506,11.43613,0
,75.95512,11.43616,0
,75.95586,11.43631,0
,75.95639,11.43635,0
,75.95652,11.43634,0
,75.95661,11.43637,0
,75.95669,11.43645,0
,75.9567,11.43648,0
,75.95672,11.43654,0
,75.95686,11.43731,0
,75.95686,11.43734,0
,75.95697,11.43783,0
,75.95697,11.4379,0
,75.95698,11.43794,0
,75.95695,11.43807,0
,75.95666,11.43886,0
,75.95638,11.44004,0
,75.95584,11.44163,0
,75.95572,11.44211,0
,75.9557,11.44223,0
,75.95556,11.44259,0
,75.95545,11.44294,0
,75.95544,11.443,0
,75.95544,11.44313,0
,75.95545,11.44317,0
,75.95553,11.44335,0
,75.95574,11.4437,0
,75.9559,11.44391,0
,75.95634,11.44438,0
,75.95662,11.44464,0
,75.95675,11.44472,0
,75.95686,11.44476,0
,75.95703,11.4448,0
,75.95822,11.44494,0
,75.95849,11.44499,0
,75.95864,11.44504,0
,75.9589,11.44516,0
,75.95902,11.44523,0
,75.95914,11.44533,0
,75.95918,11.44539,0
,75.95926,11.44555,0
,75.95932,11.44575,0
,75.95934,11.44595,0
,75.95931,11.44759,0
,75.95934,11.44779,0
,75.95937,11.4479,0
,75.95938,11.44797,0
,75.95975,11.44873,0
,75.9598,11.4488,0
,75.95992,11.44891,0
,75.9603,11.44914,0
,75.96038,11.4492,0
,75.96042,11.44926,0
,75.96045,11.44935,0
,75.96046,11.44946,0
,75.96048,11.44951,0
,75.96056,11.45007,0
,75.96059,11.45051,0
,75.96046,11.45102,0
,75.96047,11.45114,0
,75.96052,11.45138,0
,75.96066,11.45181,0
,75.96073,11.45195,0
,75.96081,11.45207,0
,75.96113,11.45242,0
,75.96117,11.45244,0
,75.9612,11.45247,0
,75.96167,11.4527,0
,75.96194,11.45277,0
,75.96231,11.45291,0
,75.96241,11.45296,0
,75.96252,11.45305,0
,75.96333,11.45414,0
,75.96351,11.45428,0
,75.96367,11.45435,0
,75.96387,11.4544,0
,75.96406,11.45442,0
,75.96435,11.4545,0
,75.96445,11.45454,0
,75.96457,11.45462,0
,75.96479,11.45482,0
,75.96503,11.45512,0
,75.96534,11.45556,0
,75.96546,11.45577,0
,75.96548,11.45579,0
,75.96561,11.45604,0
,75.96605,11.45702,0
,75.96627,11.45738,0
,75.9664,11.45764,0
,75.96656,11.45821,0
,75.96689,11.45911,0
,75.96707,11.45988,0
,75.96717,11.46053,0
,75.96726,11.46082,0
,75.9674,11.46111,0
,75.96763,11.46149,0
,75.9683,11.46235,0
,75.96874,11.46297,0
,75.96896,11.46324,0
,75.96919,11.46356,0
,75.96957,11.46415,0
,75.96986,11.46465,0
,75.9699,11.46478,0
,75.96992,11.46493,0
,75.96992,11.46532,0
,75.9699,11.46552,0
,75.96968,11.46692,0
,75.96944,11.46786,0
,75.96925,11.4689,0
,75.96925,11.46894,0
,75.96918,11.46934,0
,75.96914,11.46944,0
,75.96898,11.46971,0
,75.96891,11.46986,0
,75.96884,11.46997,0
,75.96871,11.47027,0
,75.9687,11.47032,0
,75.9687,11.47039,0
,75.96872,11.47052,0
,75.96875,11.47062,0
,75.96894,11.47099,0
,75.96895,11.47107,0
,75.96896,11.4711,0
,75.96896,11.47114,0
,75.96892,11.47129,0
,75.96884,11.47148,0
,75.96879,11.47178,0
,75.96879,11.4719,0
,75.96891,11.47245,0
,75.96897,11.47259,0
,75.96899,11.47266,0
,75.96935,11.47353,0
,75.96969,11.47417,0
,75.96979,11.47428,0
,75.96996,11.4744,0
,75.97005,11.47444,0
,75.97016,11.47446,0
,75.97031,11.47452,0
,75.97038,11.47456,0
,75.97052,11.47473,0
,75.97064,11.47494,0
,75.97074,11.47519,0
,75.97077,11.47533,0
,75.97078,11.47548,0
,75.97073,11.47595,0
,75.97071,11.47635,0
,75.97074,11.47651,0
,75.97079,11.47663,0
,75.9709,11.47676,0
,75.97103,11.47686,0
,75.97175,11.47719,0
,75.97191,11.47732,0
,75.97206,11.47749,0
,75.97213,11.47759,0
,75.97233,11.478,0
,75.97248,11.47841,0
,75.9726,11.47896,0
,75.97269,11.4792,0
,75.97272,11.47924,0
,75.97284,11.47935,0
,75.97291,11.4794,0
,75.97311,11.47951,0
,75.97328,11.47957,0
,75.97346,11.47967,0
,75.9738,11.4799,0
,75.97424,11.48027,0
,75.97439,11.48036,0
,75.97481,11.48053,0
,75.97497,11.48058,0
,75.97534,11.48076,0
,75.97538,11.48079,0
,75.97571,11.48095,0
,75.97664,11.48114,0
,75.97692,11.48117,0
,75.97737,11.48117,0
,75.97787,11.48113,0
,75.97801,11.48114,0
,75.97826,11.48112,0
,75.97847,11.48108,0
,75.97868,11.481,0
,75.97906,11.48093,0
,75.97915,11.48093,0
,75.97915,11.48092,0
,75.97947,11.48092,0
,75.98006,11.48098,0
,75.98037,11.48099,0
,75.98077,11.48095,0
,75.98103,11.48096,0
,75.98121,11.48102,0
,75.98168,11.48127,0
,75.98201,11.48138,0
,75.98234,11.48146,0
,75.98241,11.48149,0
,75.98259,11.48154,0
,75.9829,11.48167,0
,75.98297,11.48172,0
,75.98313,11.48181,0
,75.98406,11.48238,0
,75.98499,11.48282,0
,75.98519,11.48293,0
,75.98536,11.483,0
,75.98545,11.48305,0
,75.98553,11.48308,0
,75.98572,11.48309,0
,75.98588,11.48307,0
,75.98599,11.48303,0
,75.98606,11.48302,0
,75.98649,11.48286,0
,75.98724,11.48273,0
,75.9876,11.48272,0
,75.98815,11.48275,0
,75.98873,11.48281,0
,75.98885,11.48284,0
,75.9899,11.48327,0
,75.99015,11.4833,0
,75.99212,11.48309,0
,75.9927,11.48306,0
,75.99304,11.48302,0
,75.99323,11.48296,0
,75.99364,11.48278,0
,75.99375,11.48268,0
,75.99387,11.48262,0
,75.99421,11.48249,0
,75.99429,11.48241,0
,75.99439,11.48234,0
,75.99454,11.48219,0
,75.99468,11.48208,0
,75.99546,11.48136,0
,75.99564,11.48124,0
,75.99617,11.481,0
,75.9962,11.48098,0
,75.99633,11.48093,0
,75.997,11.48058,0
,75.99756,11.4802,0
,75.99792,11.48002,0
,75.99941,11.47896,0
,75.99973,11.47884,0
,75.99981,11.47883,0
,75.99988,11.47881,0
,76.00003,11.4788,0
,76.00012,11.47882,0
,76.00027,11.47888,0
,76.00053,11.47904,0
,76.00106,11.47953,0
,76.00163,11.47995,0
,76.00181,11.48013,0
,76.00189,11.48023,0
,76.002,11.48034,0
,76.0021,11.48042,0
,76.00231,11.48055,0
,76.0026,11.48064,0
,76.00283,11.48068,0
,76.00295,11.48069,0
,76.00407,11.48066,0
,76.00439,11.48068,0
,76.0046,11.48072,0
,76.00476,11.48078,0
,76.00488,11.48084,0
,76.00514,11.48104,0
,76.00528,11.48121,0
,76.00533,11.48131,0
,76.00546,11.48193,0
,76.00551,11.48203,0
,76.00555,11.48209,0
,76.00572,11.48222,0
,76.00665,11.48268,0
,76.00891,11.4836,0
,76.00894,11.48362,0
,76.01003,11.48412,0
,76.01056,11.4844,0
,76.01086,11.48451,0
,76.01118,11.48459,0
,76.01167,11.48467,0
,76.01219,11.48468,0
,76.01292,11.48466,0
,76.01314,11.48458,0
,76.01324,11.48451,0
,76.01328,11.48446,0
,76.01332,11.48436,0
,76.01331,11.48399,0
,76.01332,11.48393,0
,76.01335,11.48387,0
,76.01341,11.48378,0
,76.0135,11.48369,0
,76.01377,11.48347,0
,76.01418,11.48309,0
,76.01424,11.48306,0
,76.01432,11.48304,0
,76.01442,11.48305,0
,76.01463,11.4831,0
,76.01468,11.48312,0
,76.01494,11.48319,0
,76.01512,11.48321,0
,76.01534,11.48321,0
,76.0154,11.48322,0
,76.01557,11.48334,0
,76.01564,11.48343,0
,76.0157,11.48353,0
,76.01579,11.48361,0
,76.01585,11.48364,0
,76.01596,11.48366,0
,76.01606,11.48366,0
,76.01626,11.48361,0
,76.01633,11.48356,0
,76.01633,11.48355,0
,76.01637,11.4835,0
,76.01646,11.48334,0
,76.01652,11.48328,0
,76.01656,11.48325,0
,76.01666,11.48322,0
,76.01672,11.48322,0
,76.01679,11.48325,0
,76.01732,11.48339,0
,76.01772,11.48337,0
,76.01788,11.48338,0
,76.01796,11.4834,0
,76.01838,11.48368,0
,76.01843,11.48369,0
,76.01844,11.4837,0
,76.01851,11.48371,0
,76.01861,11.48367,0
,76.01864,11.48363,0
,76.01867,11.48358,0
,76.01869,11.48353,0
,76.01869,11.48344,0
,76.01868,11.48341,0
,76.01853,11.48313,0
,76.01839,11.4828,0
,76.01826,11.48238,0
,76.01822,11.48219,0
,76.0182,11.48215,0
,76.01819,11.48206,0
,76.01819,11.48178,0
,76.01817,11.48171,0
,76.01813,11.48166,0
,76.01797,11.48152,0
,76.01782,11.48112,0
,76.01781,11.48105,0
,76.01781,11.48099,0
,76.01782,11.48097,0
,76.01782,11.48095,0
,76.01803,11.48066,0
,76.01807,11.48062,0
,76.01813,11.48058,0
,76.01835,11.48051,0
,76.01837,11.48051,0
,76.0184,11.4805,0
,76.01851,11.48041,0
,76.01864,11.48032,0
,76.01866,11.48032,0
,76.01868,11.48031,0
,76.01879,11.48034,0
,76.01882,11.48037,0
,76.01883,11.48039,0
,76.01886,11.48051,0
,76.01886,11.48057,0
,76.01889,11.48067,0
,76.01899,11.48083,0
,76.01902,11.48086,0
,76.01902,11.48087,0
,76.01904,11.48088,0
,76.01914,11.48097,0
,76.01941,11.48112,0
,76.01955,11.48118,0
,76.0196,11.48123,0
,76.01967,11.48128,0
,76.01972,11.48134,0
,76.0199,11.48161,0
,76.0201,11.48184,0
,76.02017,11.48188,0
,76.02019,11.4819,0
,76.02026,11.4819,0
,76.02035,11.48187,0
,76.02042,11.48182,0
,76.02048,11.48174,0
,76.02051,11.48163,0
,76.02051,11.4816,0
,76.02056,11.48143,0
,76.02063,11.4813,0
,76.02074,11.48121,0
,76.02075,11.48121,0
,76.02077,11.4812,0
,76.02094,11.4812,0
,76.02111,11.48126,0
,76.02141,11.48148,0
,76.02142,11.48148,0
,76.02147,11.4815,0
,76.02151,11.48149,0
,76.02153,11.48148,0
,76.0216,11.4814,0
,76.02164,11.4813,0
,76.02168,11.48123,0
,76.0218,11.48114,0
,76.02203,11.48111,0
,76.02207,11.48112,0
,76.02217,11.48112,0
,76.02228,11.48114,0
,76.0223,11.48116,0
,76.02231,11.48116,0
,76.02244,11.48127,0
,76.02245,11.48127,0
,76.02251,11.48131,0
,76.02267,11.48138,0
,76.02271,11.48142,0
,76.02274,11.48148,0
,76.02274,11.48153,0
,76.02273,11.48154,0
,76.02272,11.48156,0
,76.02268,11.48159,0
,76.02266,11.48159,0
,76.02265,11.4816,0
,76.02259,11.4816,0
,76.02255,11.48158,0
,76.02253,11.48158,0
,76.02247,11.48154,0
,76.02234,11.48143,0
,76.02215,11.48135,0
,76.02201,11.48135,0
,76.022,11.48136,0
,76.02197,11.48136,0
,76.0219,11.4814,0
,76.02188,11.48143,0
,76.02187,11.48146,0
,76.0219,11.48197,0
,76.02189,11.48201,0
,76.02188,11.48202,0
,76.02185,11.48207,0
,76.02183,11.48209,0
,76.02166,11.48213,0
,76.0216,11.48213,0
,76.02146,11.48211,0
,76.02136,11.48211,0
,76.02122,11.48216,0
,76.02115,11.4822,0
,76.02108,11.48229,0
,76.02104,11.4824,0
,76.02102,11.48259,0
,76.02102,11.48277,0
,76.02103,11.48283,0
,76.02103,11.48287,0
,76.02108,11.483,0
,76.0211,11.48303,0
,76.02112,11.48304,0
,76.02116,11.48308,0
,76.0212,11.4831,0
,76.02127,11.48314,0
,76.02177,11.48327,0
,76.02188,11.48331,0
,76.02188,11.48332,0
,76.02192,11.48336,0
,76.02206,11.48372,0
,76.02211,11.48405,0
,76.02211,11.48412,0
,76.02204,11.48434,0
,76.02197,11.48447,0
,76.02195,11.48456,0
,76.02195,11.48462,0
,76.02198,11.48474,0
,76.02209,11.48502,0
,76.02238,11.48597,0
,76.02249,11.48615,0
,76.02257,11.48623,0
,76.02274,11.48634,0
,76.023,11.48644,0
,76.02305,11.48648,0
,76.02307,11.48649,0
,76.0231,11.48653,0
,76.02316,11.48658,0
,76.02317,11.48662,0
,76.02316,11.48672,0
,76.02315,11.48674,0
,76.02292,11.48691,0
,76.02287,11.48696,0
,76.02287,11.48697,0
,76.02285,11.48701,0
,76.02284,11.48712,0
,76.02285,11.48714,0
,76.02285,11.48718,0
,76.02291,11.48727,0
,76.02308,11.48747,0
,76.02322,11.4876,0
,76.02338,11.4878,0
,76.02346,11.48798,0
,76.02349,11.4881,0
,76.02355,11.48824,0
,76.02365,11.48838,0
,76.02369,11.48854,0
,76.02369,11.48868,0
,76.02356,11.48918,0
,76.02356,11.48926,0
,76.02355,11.48934,0
,76.02356,11.48943,0
,76.02355,11.48953,0
,76.02352,11.48963,0
,76.0234,11.48987,0
,76.02336,11.48992,0
,76.02331,11.49002,0
,76.02314,11.49024,0
,76.0231,11.49031,0
,76.02309,11.49035,0
,76.02308,11.49037,0
,76.02308,11.49048,0
,76.02307,11.4905,0
,76.02307,11.49062,0
,76.02303,11.49081,0
,76.02296,11.49097,0
,76.02289,11.49108,0
,76.02265,11.4913,0
,76.02255,11.49147,0
,76.02245,11.49179,0
,76.02242,11.49185,0
,76.02233,11.49198,0
,76.02226,11.49204,0
,76.02211,11.4921,0
,76.02193,11.49213,0
,76.02184,11.49218,0
,76.02177,11.49224,0
,76.02172,11.49231,0
,76.0217,11.49232,0
,76.02161,11.49245,0
,76.0215,11.49282,0
,76.0214,11.49328,0
,76.02122,11.49383,0
,76.02107,11.49422,0
,76.02096,11.49473,0
,76.02099,11.495,0
,76.02099,11.49507,0
,76.02096,11.4952,0
,76.02087,11.49538,0
,76.02085,11.49545,0
,76.02085,11.49556,0
,76.02086,11.49561,0
,76.02086,11.49566,0
,76.02089,11.49581,0
,76.02091,11.49586,0
,76.02097,11.49595,0
,76.02126,11.49629,0
,76.02157,11.49657,0
,76.02175,11.49682,0
,76.02183,11.49698,0
,76.02185,11.49705,0
,76.02185,11.49711,0
,76.02183,11.49726,0
,76.02177,11.4975,0
,76.02175,11.49763,0
,76.02176,11.49773,0
,76.0218,11.49788,0
,76.02195,11.49823,0
,76.02232,11.49868,0
,76.02232,11.49869,0
,76.02235,11.49874,0
,76.02236,11.49879,0
,76.02236,11.49885,0
,76.02235,11.49887,0
,76.02234,11.4989,0
,76.02214,11.49914,0
,76.02209,11.49923,0
,76.02206,11.49933,0
,76.02205,11.49941,0
,76.02206,11.49988,0
,76.02208,11.49998,0
,76.02222,11.50046,0
,76.0223,11.50065,0
,76.02234,11.5007,0
,76.02255,11.50084,0
,76.02279,11.50092,0
,76.02297,11.50095,0
,76.02298,11.50096,0
,76.02304,11.50097,0
,76.02313,11.50102,0
,76.02314,11.50102,0
,76.02319,11.50107,0
,76.0232,11.50109,0
,76.02321,11.50114,0
,76.02319,11.50128,0
,76.02317,11.50133,0
,76.02314,11.50137,0
,76.02314,11.50145,0
,76.0233,11.50166,0
,76.0233,11.50174,0
,76.02329,11.50178,0
,76.02319,11.50197,0
,76.02319,11.50204,0
,76.02321,11.5021,0
,76.02324,11.50213,0
,76.02325,11.50215,0
,76.02342,11.50222,0
,76.02357,11.50225,0
,76.02359,11.50225,0
,76.02369,11.50231,0
,76.02372,11.50234,0
,76.02371,11.50241,0
,76.02367,11.50251,0
,76.0236,11.50287,0
,76.02359,11.50288,0
,76.02352,11.50307,0
,76.02348,11.50322,0
,76.02348,11.50324,0
,76.02347,11.50328,0
,76.02347,11.50334,0
,76.02348,11.50337,0
,76.02349,11.50339,0
,76.02351,11.5034,0
,76.02353,11.5034,0
,76.02355,11.50339,0
,76.02357,11.50337,0
,76.02358,11.50337,0
,76.02359,11.50336,0
,76.02362,11.50326,0
,76.02369,11.503,0
,76.02385,11.50261,0
,76.02391,11.50251,0
,76.02393,11.5025,0
,76.02395,11.5025,0
,76.02395,11.50251,0
,76.02396,11.50251,0
,76.02398,11.50252,0
,76.02401,11.50256,0
,76.02401,11.50263,0
,76.02399,11.5027,0
,76.02395,11.50279,0
,76.02387,11.50291,0
,76.02381,11.50304,0
,76.02375,11.50321,0
,76.02374,11.50338,0
,76.02376,11.50343,0
,76.02378,11.50344,0
,76.02379,11.50346,0
,76.0238,11.50346,0
,76.02388,11.50351,0
,76.02394,11.50356,0
,76.02401,11.50359,0
,76.02406,11.50359,0
,76.02407,11.50358,0
,76.02409,11.50358,0
,76.02413,11.50354,0
,76.02413,11.5035,0
,76.02411,11.50343,0
,76.02401,11.50332,0
,76.02397,11.50326,0
,76.02396,11.50322,0
,76.02398,11.50311,0
,76.02404,11.50299,0
,76.02412,11.5029,0
,76.02432,11.50273,0
,76.02451,11.50262,0
,76.02456,11.5026,0
,76.02486,11.50258,0
,76.02496,11.50256,0
,76.025,11.50254,0
,76.02501,11.50253,0
,76.02503,11.50249,0
,76.02503,11.50244,0
,76.025,11.50232,0
,76.02497,11.50225,0
,76.02481,11.50201,0
,76.02451,11.50166,0
,76.0245,11.50162,0
,76.02449,11.5016,0
,76.02449,11.50157,0
,76.02451,11.50152,0
,76.02466,11.50132,0
,76.02471,11.50121,0
,76.02472,11.50115,0
,76.02466,11.50066,0
,76.02466,11.50055,0
,76.02473,11.50001,0
,76.02473,11.4999,0
,76.02472,11.49984,0
,76.02457,11.49938,0
,76.02428,11.49872,0
,76.02415,11.49837,0
,76.02388,11.49791,0
,76.02385,11.49783,0
,76.02384,11.49776,0
,76.02386,11.49771,0
,76.02391,11.49767,0
,76.02395,11.49767,0
,76.02398,11.4977,0
,76.02406,11.49786,0
,76.02427,11.49817,0
,76.02442,11.49832,0
,76.02452,11.4984,0
,76.02457,11.49846,0
,76.0246,11.49853,0
,76.02464,11.49868,0
,76.02467,11.49875,0
,76.02503,11.49898,0
,76.02515,11.49913,0
,76.02536,11.49985,0
,76.02544,11.50005,0
,76.02571,11.50058,0
,76.02583,11.50089,0
,76.02591,11.50132,0
,76.02594,11.50141,0
,76.02595,11.50142,0
,76.02598,11.50148,0
,76.026,11.5015,0
,76.02674,11.5019,0
,76.02693,11.50202,0
,76.02713,11.50217,0
,76.02718,11.50223,0
,76.02718,11.50226,0
,76.02719,11.50228,0
,76.02718,11.50245,0
,76.02709,11.50276,0
,76.02702,11.50286,0
,76.02675,11.50314,0
,76.02664,11.50329,0
,76.02657,11.50341,0
,76.02652,11.50358,0
,76.02653,11.50363,0
,76.02653,11.50368,0
,76.02659,11.5039,0
,76.02666,11.50401,0
,76.02672,11.50408,0
,76.02687,11.50418,0
,76.02696,11.5042,0
,76.02715,11.50421,0
,76.02745,11.50428,0
,76.02765,11.50437,0
,76.02776,11.50445,0
,76.02785,11.50454,0
,76.02818,11.50503,0
,76.02826,11.50511,0
,76.02835,11.50517,0
,76.0284,11.50518,0
,76.02844,11.50518,0
,76.0285,11.50515,0
,76.02852,11.50512,0
,76.02853,11.50511,0
,76.02853,11.50509,0
,76.02852,11.50508,0
,76.0285,11.505,0
,76.02845,11.50489,0
,76.02837,11.50479,0
,76.02799,11.50439,0
,76.02796,11.50434,0
,76.02784,11.5042,0
,76.02771,11.50408,0
,76.02736,11.50388,0
,76.02734,11.50385,0
,76.02732,11.50383,0
,76.0273,11.50378,0
,76.0273,11.50376,0
,76.02731,11.50373,0
,76.02731,11.50372,0
,76.02735,11.50368,0
,76.02737,11.50367,0
,76.02741,11.50369,0
,76.02743,11.5037,0
,76.02743,11.50371,0
,76.02745,11.50373,0
,76.02749,11.5038,0
,76.02756,11.50384,0
,76.02774,11.50383,0
,76.02785,11.50381,0
,76.02793,11.50383,0
,76.02799,11.50387,0
,76.02809,11.504,0
,76.02817,11.50416,0
,76.02828,11.50436,0
,76.02838,11.50448,0
,76.02864,11.50472,0
,76.02885,11.50485,0
,76.02896,11.50489,0
,76.02919,11.50492,0
,76.0295,11.50501,0
,76.02967,11.50508,0
,76.03008,11.50518,0
,76.03022,11.50525,0
,76.03075,11.50574,0
,76.03077,11.50579,0
,76.03077,11.5059,0
,76.03073,11.50602,0
,76.03068,11.50611,0
,76.03046,11.50672,0
,76.03044,11.50675,0
,76.03041,11.50678,0
,76.03018,11.50687,0
,76.03011,11.50691,0
,76.02985,11.50717,0
,76.02967,11.50742,0
,76.02948,11.50758,0
,76.02939,11.50763,0
,76.02925,11.50767,0
,76.02876,11.50772,0
,76.02865,11.50775,0
,76.02863,11.50777,0
,76.02852,11.50782,0
,76.02843,11.50789,0
,76.0284,11.50794,0
,76.02834,11.50814,0
,76.02832,11.50827,0
,76.02814,11.50866,0
,76.02806,11.50878,0
,76.02763,11.50919,0
,76.02761,11.50919,0
,76.02759,11.50921,0
,76.02755,11.50922,0
,76.02751,11.50922,0
,76.0272,11.50913,0
,76.02716,11.50913,0
,76.02712,11.50914,0
,76.02706,11.50919,0
,76.02702,11.50925,0
,76.02696,11.50947,0
,76.02689,11.50958,0
,76.02669,11.50973,0
,76.0266,11.50977,0
,76.02646,11.5098,0
,76.02636,11.50977,0
,76.02631,11.50974,0
,76.02631,11.50973,0
,76.02625,11.50969,0
,76.02604,11.5095,0
,76.02595,11.50945,0
,76.02579,11.5094,0
,76.02569,11.5094,0
,76.0256,11.50942,0
,76.02556,11.50944,0
,76.02554,11.50946,0
,76.02537,11.50986,0
,76.02534,11.50989,0
,76.02531,11.50991,0
,76.02522,11.50993,0
,76.0251,11.5099,0
,76.02507,11.50988,0
,76.02498,11.50984,0
,76.02492,11.50983,0
,76.02484,11.50983,0
,76.02475,11.50987,0
,76.02472,11.50989,0
,76.02458,11.51009,0
,76.02447,11.51021,0
,76.02434,11.51028,0
,76.02414,11.51027,0
,76.02409,11.51025,0
,76.02405,11.51022,0
,76.02402,11.51018,0
,76.02389,11.51009,0
,76.0238,11.51006,0
,76.02356,11.51004,0
,76.0233,11.51007,0
,76.02324,11.51009,0
,76.02317,11.51013,0
,76.02311,11.51018,0
,76.02305,11.51026,0
,76.02301,11.51033,0
,76.02265,11.51072,0
,76.02232,11.511,0
,76.02219,11.51106,0
,76.0221,11.51107,0
,76.02204,11.51105,0
,76.02202,11.51103,0
,76.02193,11.51089,0
,76.0219,11.51086,0
,76.02184,11.51083,0
,76.02178,11.51082,0
,76.02171,11.51082,0
,76.02153,11.51087,0
,76.02135,11.51095,0
,76.02113,11.51107,0
,76.02068,11.51128,0
,76.02049,11.51134,0
,76.02033,11.51137,0
,76.0202,11.51137,0
,76.02015,11.51136,0
,76.02009,11.51133,0
,76.02001,11.51126,0
,76.01977,11.51085,0
,76.0196,11.51066,0
,76.01951,11.51059,0
,76.01938,11.51053,0
,76.01935,11.51051,0
,76.01933,11.51047,0
,76.01924,11.51034,0
,76.01911,11.51007,0
,76.01908,11.51003,0
,76.01903,11.51,0
,76.01894,11.50997,0
,76.01891,11.50997,0
,76.01886,11.50998,0
,76.01867,11.5101,0
,76.01855,11.51015,0
,76.01781,11.51031,0
,76.01773,11.51035,0
,76.01754,11.51048,0
,76.01719,11.51083,0
,76.01583,11.51176,0
,76.01556,11.51198,0
,76.01552,11.51203,0
,76.01547,11.51212,0
,76.0154,11.51229,0
,76.01535,11.51253,0
,76.01534,11.51263,0
,76.01526,11.51286,0
,76.01522,11.51293,0
,76.01502,11.51315,0
,76.015,11.51319,0
,76.015,11.51321,0
,76.01499,11.51324,0
,76.015,11.51335,0
,76.01511,11.51358,0
,76.01511,11.51374,0
,76.01506,11.51395,0
,76.01504,11.51399,0
,76.01502,11.51409,0
,76.01502,11.51415,0
,76.01503,11.51419,0
,76.01522,11.51444,0
,76.01522,11.51449,0
,76.01519,11.51462,0
,76.01505,11.51488,0
,76.01499,11.51504,0
,76.01494,11.51512,0
,76.01465,11.51541,0
,76.0146,11.5155,0
,76.01451,11.51561,0
,76.01391,11.516,0
,76.01386,11.51606,0
,76.01383,11.51612,0
,76.01383,11.51614,0
,76.01387,11.51619,0
,76.01393,11.51619,0
,76.01401,11.51616,0
,76.01414,11.51605,0
,76.01421,11.51601,0
,76.01431,11.51599,0
,76.01457,11.5159,0
,76.01463,11.51587,0
,76.01473,11.51578,0
,76.01487,11.51554,0
,76.01498,11.51548,0
,76.01527,11.51539,0
,76.01534,11.51536,0
,76.0154,11.51531,0
,76.01554,11.51514,0
,76.01558,11.51506,0
,76.01578,11.51476,0
,76.0158,11.51469,0
,76.01579,11.51453,0
,76.01583,11.51428,0
,76.01586,11.51422,0
,76.01603,11.51373,0
,76.01609,11.51329,0
,76.01641,11.51249,0
,76.01649,11.51241,0
,76.01664,11.51232,0
,76.0168,11.51225,0
,76.01694,11.51222,0
,76.01704,11.51221,0
,76.01725,11.51213,0
,76.01735,11.51205,0
,76.01741,11.51198,0
,76.01743,11.51194,0
,76.01751,11.51185,0
,76.0179,11.51154,0
,76.0181,11.51134,0
,76.01817,11.51131,0
,76.01824,11.5113,0
,76.01831,11.51132,0
,76.01836,11.51135,0
,76.01839,11.51141,0
,76.01841,11.51149,0
,76.0185,11.51167,0
,76.01859,11.51174,0
,76.0187,11.5118,0
,76.01877,11.51188,0
,76.01883,11.51201,0
,76.01892,11.51233,0
,76.01892,11.51235,0
,76.01903,11.51276,0
,76.01906,11.51282,0
,76.01914,11.51293,0
,76.01922,11.513,0
,76.01927,11.51302,0
,76.01932,11.51303,0
,76.02046,11.51294,0
,76.02066,11.51289,0
,76.02075,11.51288,0
,76.02081,11.51289,0
,76.02085,11.51291,0
,76.02094,11.51299,0
,76.02098,11.51306,0
,76.02127,11.51331,0
,76.02158,11.51352,0
,76.02164,11.51357,0
,76.02173,11.51368,0
,76.02178,11.51378,0
,76.02179,11.51391,0
,76.02166,11.51545,0
,76.02159,11.51557,0
,76.02158,11.51566,0
,76.0216,11.51596,0
,76.0215,11.51667,0
,76.02146,11.51685,0
,76.02146,11.51687,0
,76.02119,11.51771,0
,76.02116,11.51786,0
,76.0211,11.51871,0
,76.02093,11.51982,0
,76.02072,11.52083,0
,76.02072,11.52087,0
,76.02066,11.52123,0
,76.02068,11.52141,0
,76.02078,11.52161,0
,76.02084,11.52167,0
,76.02125,11.52195,0
,76.02138,11.52207,0
,76.02151,11.52223,0
,76.02194,11.52292,0
,76.02253,11.52411,0
,76.02254,11.52412,0
,76.02262,11.52439,0
,76.02263,11.5244,0
,76.02268,11.52463,0
,76.02272,11.52474,0
,76.02274,11.52484,0
,76.02301,11.52557,0
,76.02324,11.52641,0
,76.0233,11.52656,0
,76.02354,11.52693,0
,76.02366,11.52719,0
,76.02371,11.52736,0
,76.02374,11.52752,0
,76.02372,11.52757,0
,76.02371,11.52763,0
,76.02364,11.52783,0
,76.02363,11.52784,0
,76.0234,11.52825,0
,76.02336,11.52839,0
,76.02333,11.52855,0
,76.02334,11.52878,0
,76.02342,11.52891,0
,76.02348,11.52897,0
,76.02353,11.529,0
,76.02365,11.52904,0
,76.02372,11.52905,0
,76.02404,11.52906,0
,76.02418,11.52909,0
,76.02423,11.52911,0
,76.02437,11.5292,0
,76.02484,11.52968,0
,76.02521,11.52999,0
,76.0255,11.53032,0
,76.02563,11.5305,0
,76.02569,11.53063,0
,76.0257,11.53067,0
,76.02572,11.5307,0
,76.02573,11.5308,0
,76.02574,11.53082,0
,76.02573,11.53083,0
,76.02571,11.53091,0
,76.02569,11.53095,0
,76.02565,11.531,0
,76.02545,11.5312,0
,76.02543,11.53123,0
,76.02536,11.53138,0
,76.02525,11.53183,0
,76.02523,11.53196,0
,76.02523,11.53206,0
,76.02528,11.5322,0
,76.02532,11.53227,0
,76.02538,11.53234,0
,76.02565,11.53259,0
,76.02573,11.53271,0
,76.0258,11.53319,0
,76.02581,11.53322,0
,76.02581,11.53325,0
,76.02584,11.53333,0
,76.02641,11.53431,0
,76.02656,11.5348,0
,76.02656,11.53482,0
,76.02665,11.53529,0
,76.02669,11.5354,0
,76.02672,11.53545,0
,76.02681,11.53556,0
,76.02687,11.5356,0
,76.02703,11.53565,0
,76.0274,11.53572,0
,76.02826,11.53571,0
,76.0283,11.5357,0
,76.03001,11.53555,0
,76.03013,11.53552,0
,76.0303,11.53544,0
,76.03038,11.53538,0
,76.03055,11.53516,0
,76.03081,11.53487,0
,76.03093,11.53478,0
,76.03105,11.53472,0
,76.03126,11.53464,0
,76.03148,11.5346,0
,76.03172,11.5346,0
,76.03221,11.53464,0
,76.03248,11.5346,0
,76.03258,11.53457,0
,76.03289,11.53452,0
,76.03302,11.53452,0
,76.03321,11.5346,0
,76.03343,11.53475,0
,76.03363,11.53491,0
,76.03391,11.53521,0
,76.03428,11.53555,0
,76.03449,11.53572,0
,76.03487,11.53598,0
,76.03491,11.53602,0
,76.03498,11.53614,0
,76.0351,11.53641,0
,76.03516,11.53658,0
,76.03519,11.53672,0
,76.03514,11.53718,0
,76.03514,11.53732,0
,76.03517,11.53746,0
,76.03521,11.53756,0
,76.03542,11.53787,0
,76.03559,11.53822,0
,76.03567,11.53847,0
,76.03572,11.5387,0
,76.03578,11.53889,0
,76.03581,11.53895,0
,76.03615,11.53945,0
,76.0364,11.5399,0
,76.03648,11.53999,0
,76.03653,11.54007,0
,76.03667,11.54023,0
,76.03715,11.54063,0
,76.03806,11.5413,0
,76.03858,11.54153,0
,76.03866,11.54158,0
,76.03873,11.54164,0
,76.039,11.54195,0
,76.03906,11.54203,0
,76.03916,11.54218,0
,76.03918,11.54224,0
,76.0392,11.5423,0
,76.03922,11.54247,0
,76.03922,11.54261,0
,76.03918,11.5428,0
,76.03914,11.5429,0
,76.03866,11.5437,0
,76.03859,11.54399,0
,76.03859,11.54407,0
,76.0386,11.54414,0
,76.03867,11.54438,0
,76.03889,11.54477,0
,76.03891,11.54482,0
,76.03902,11.545,0
,76.03914,11.54528,0
,76.0392,11.54557,0
,76.03934,11.54717,0
,76.03935,11.54719,0
,76.03935,11.5474,0
,76.03934,11.54749,0
,76.03927,11.54781,0
,76.03926,11.54791,0
,76.03924,11.54797,0
,76.0392,11.54817,0
,76.03916,11.54826,0
,76.03915,11.54831,0
,76.03903,11.54854,0
,76.03896,11.54871,0
,76.03891,11.54879,0
,76.03886,11.54895,0
,76.03862,11.55012,0
,76.03842,11.55093,0
,76.0384,11.55109,0
,76.0384,11.5512,0
,76.03842,11.55129,0
,76.03846,11.55137,0
,76.03853,11.55153,0
,76.03857,11.55159,0
,76.03864,11.55176,0
,76.03872,11.55209,0
,76.03874,11.55214,0
,76.03876,11.55223,0
,76.03884,11.5524,0
,76.03909,11.55279,0
,76.03915,11.55294,0
,76.03916,11.55299,0
,76.03916,11.55327,0
,76.03901,11.55468,0
,76.03901,11.55481,0
,76.03907,11.55522,0
,76.0391,11.55535,0
,76.0391,11.55553,0
,76.03906,11.55583,0
,76.03896,11.55624,0
,76.03891,11.55654,0
,76.03886,11.55668,0
,76.03864,11.55706,0
,76.03856,11.55716,0
,76.0384,11.55749,0
,76.03835,11.55775,0
,76.03835,11.55782,0
,76.03837,11.55798,0
,76.03848,11.55823,0
,76.03866,11.55844,0
,76.03911,11.55885,0
,76.03915,11.55887,0
,76.04006,11.55961,0
,76.04028,11.55982,0
,76.0404,11.56006,0
,76.04059,11.56057,0
,76.04064,11.56067,0
,76.04072,11.56079,0
,76.04075,11.56081,0
,76.04079,11.56088,0
,76.04091,11.56103,0
,76.04125,11.56135,0
,76.04138,11.56144,0
,76.04139,11.56144,0
,76.04165,11.56163,0
,76.04172,11.5617,0
,76.0418,11.5618,0
,76.04211,11.56229,0
,76.04218,11.56236,0
,76.04237,11.56264,0
,76.04241,11.56272,0
,76.04245,11.56278,0
,76.0425,11.56295,0
,76.04251,11.56311,0
,76.04252,11.56313,0
,76.04255,11.56363,0
,76.0426,11.56386,0
,76.0427,11.5641,0
,76.04316,11.56479,0
,76.04322,11.56486,0
,76.04324,11.56492,0
,76.04336,11.56509,0
,76.04337,11.56512,0
,76.04337,11.56518,0
,76.04336,11.56523,0
,76.04334,11.56527,0
,76.04333,11.56532,0
,76.0433,11.5654,0
,76.04327,11.56556,0
,76.04327,11.56572,0
,76.04332,11.56592,0
,76.04343,11.56642,0
,76.04345,11.56659,0
,76.04346,11.56735,0
,76.04348,11.56745,0
,76.04348,11.5675,0
,76.0435,11.56759,0
,76.0436,11.56778,0
,76.04385,11.56815,0
,76.04396,11.56839,0
,76.04396,11.56841,0
,76.04397,11.56843,0
,76.04397,11.56855,0
,76.04395,11.56871,0
,76.0439,11.56888,0
,76.04386,11.5691,0
,76.04383,11.56944,0
,76.04387,11.57011,0
,76.04387,11.57041,0
,76.04394,11.57074,0
,76.04453,11.57215,0
,76.04501,11.57283,0
,76.04543,11.57332,0
,76.04557,11.57344,0
,76.04567,11.5735,0
,76.04584,11.57356,0
,76.04633,11.57366,0
,76.04673,11.57383,0
,76.04688,11.57385,0
,76.04755,11.57381,0
,76.04807,11.5737,0
,76.04824,11.57364,0
,76.04872,11.57331,0
,76.04878,11.57328,0
,76.0498,11.57304,0
,76.05075,11.57272,0
,76.05105,11.57267,0
,76.05127,11.57268,0
,76.05144,11.57271,0
,76.05174,11.5728,0
,76.05228,11.57302,0
,76.05242,11.57306,0
,76.05445,11.57343,0
,76.05469,11.57345,0
,76.05488,11.57345,0
,76.05556,11.5733,0
,76.05576,11.57327,0
,76.05597,11.57326,0
,76.05625,11.57329,0
,76.05645,11.57334,0
,76.05784,11.57386,0
,76.05824,11.57405,0
,76.0588,11.57444,0
,76.05895,11.57459,0
,76.05914,11.57485,0
,76.05916,11.57487,0
,76.05918,11.57501,0
,76.05917,11.57515,0
,76.05903,11.57577,0
,76.05903,11.57582,0
,76.05905,11.57592,0
,76.05908,11.57597,0
,76.05917,11.57603,0
,76.05941,11.5761,0
,76.05956,11.57617,0
,76.05975,11.57629,0
,76.05992,11.57644,0
,76.06001,11.57654,0
,76.06001,11.57655,0
,76.06015,11.5768,0
,76.06042,11.57745,0
,76.06042,11.57747,0
,76.06044,11.57752,0
,76.06044,11.57759,0
,76.06045,11.57765,0
,76.06043,11.57779,0
,76.06037,11.57801,0
,76.06037,11.57809,0
,76.06039,11.57822,0
,76.06045,11.57842,0
,76.06059,11.57866,0
,76.06082,11.57894,0
,76.06098,11.57908,0
,76.0611,11.57915,0
,76.06135,11.57926,0
,76.06148,11.57936,0
,76.0618,11.5797,0
,76.06194,11.57995,0
,76.06229,11.5805,0
,76.06247,11.58072,0
,76.0626,11.58106,0
,76.06274,11.58129,0
,76.06283,11.58167,0
,76.06296,11.58194,0
,76.06303,11.58205,0
,76.06306,11.58213,0
,76.06307,11.58218,0
,76.06307,11.58224,0
,76.06305,11.58233,0
,76.06303,11.58236,0
,76.06302,11.58239,0
,76.06271,11.58274,0
,76.06266,11.58281,0
,76.06263,11.5829,0
,76.06263,11.583,0
,76.06272,11.58321,0
,76.0628,11.58333,0
,76.06288,11.58339,0
,76.06296,11.58343,0
,76.063,11.58344,0
,76.06306,11.58344,0
,76.06319,11.58342,0
,76.06333,11.58343,0
,76.06346,11.58347,0
,76.06355,11.58354,0
,76.06359,11.58362,0
,76.06367,11.58391,0
,76.06369,11.58395,0
,76.06376,11.58405,0
,76.06404,11.58429,0
,76.06415,11.58435,0
,76.06427,11.5844,0
,76.06433,11.58441,0
,76.06439,11.58441,0
,76.06448,11.58439,0
,76.06462,11.58434,0
,76.0648,11.58431,0
,76.06487,11.58431,0
,76.06568,11.58456,0
,76.06583,11.58463,0
,76.06714,11.58539,0
,76.06724,11.58547,0
,76.06772,11.586,0
,76.06785,11.5862,0
,76.06794,11.58639,0
,76.06799,11.58669,0
,76.06799,11.58679,0
,76.06797,11.58695,0
,76.06785,11.58726,0
,76.0678,11.58736,0
,76.06777,11.58745,0
,76.06774,11.58759,0
,76.06774,11.58767,0
,76.06776,11.58773,0
,76.06793,11.588,0
,76.06794,11.58804,0
,76.06794,11.58815,0
,76.0679,11.58825,0
,76.06763,11.58861,0
,76.0675,11.58876,0
,76.06709,11.58914,0
,76.06699,11.58919,0
,76.0668,11.58925,0
,76.06662,11.58929,0
,76.06651,11.58935,0
,76.0664,11.58946,0
,76.06637,11.58952,0
,76.06634,11.58956,0
,76.06631,11.58962,0
,76.06625,11.58984,0
,76.06625,11.58989,0
,76.06626,11.58993,0
,76.06632,11.59,0
,76.06638,11.59004,0
,76.06646,11.59006,0
,76.06663,11.59001,0
,76.06678,11.58995,0
,76.06691,11.58987,0
,76.06711,11.5897,0
,76.06715,11.58968,0
,76.06722,11.58967,0
,76.06723,11.58966,0
,76.06728,11.58966,0
,76.06733,11.58965,0
,76.0674,11.58965,0
,76.06752,11.58967,0
,76.0679,11.5899,0
,76.06796,11.58995,0
,76.068,11.59002,0
,76.06802,11.59011,0
,76.06803,11.59056,0
,76.06806,11.59074,0
,76.06806,11.59077,0
,76.06821,11.5911,0
,76.06837,11.59135,0
,76.06843,11.59141,0
,76.06849,11.59144,0
,76.06852,11.59145,0
,76.06857,11.59145,0
,76.06863,11.59146,0
,76.06906,11.59144,0
,76.06913,11.59145,0
,76.06923,11.59149,0
,76.06935,11.59163,0
,76.06938,11.59168,0
,76.06946,11.59194,0
,76.0695,11.59222,0
,76.06955,11.59233,0
,76.06958,11.59236,0
,76.06964,11.5924,0
,76.06988,11.59252,0
,76.07011,11.59257,0
,76.07018,11.59257,0
,76.07032,11.59255,0
,76.07078,11.5924,0
,76.07098,11.59237,0
,76.07109,11.59237,0
,76.07135,11.59242,0
,76.07163,11.59252,0
,76.0718,11.5926,0
,76.072,11.59267,0
,76.07238,11.59277,0
,76.07247,11.59281,0
,76.07278,11.59305,0
,76.07358,11.59348,0
,76.07413,11.59387,0
,76.07429,11.59402,0
,76.07435,11.59411,0
,76.0745,11.59442,0
,76.07459,11.59452,0
,76.07472,11.59462,0
,76.07497,11.5947,0
,76.07506,11.59471,0
,76.07522,11.59471,0
,76.0753,11.5947,0
,76.07649,11.59439,0
,76.07657,11.59439,0
,76.07679,11.59446,0
,76.07695,11.59456,0
,76.07722,11.5947,0
,76.07728,11.59474,0
,76.07734,11.5948,0
,76.07737,11.59485,0
,76.07741,11.59509,0
,76.07743,11.59512,0
,76.07745,11.5952,0
,76.07753,11.5953,0
,76.0776,11.59534,0
,76.0776,11.59535,0
,76.07761,11.59535,0
,76.07776,11.5954,0
,76.07794,11.59541,0
,76.07808,11.59539,0
,76.07826,11.59539,0
,76.07833,11.5954,0
,76.07859,11.59548,0
,76.07877,11.5956,0
,76.07885,11.59568,0
,76.07923,11.59631,0
,76.07932,11.59653,0
,76.07933,11.5966,0
,76.07933,11.59672,0
,76.07928,11.59692,0
,76.07928,11.59706,0
,76.0793,11.5971,0
,76.07932,11.59717,0
,76.07936,11.59722,0
,76.07943,11.59728,0
,76.07975,11.59744,0
,76.07987,11.59753,0
,76.07991,11.59758,0
,76.08014,11.59799,0
,76.08018,11.59803,0
,76.08065,11.59835,0
,76.08074,11.59849,0
,76.08077,11.59862,0
,76.08077,11.59879,0
,76.08072,11.59919,0
,76.08066,11.59948,0
,76.08066,11.59961,0
,76.08067,11.59966,0
,76.08073,11.59979,0
,76.08078,11.59986,0
,76.08098,11.60002,0
,76.08119,11.60016,0
,76.08122,11.60019,0
,76.08126,11.60021,0
,76.08129,11.60025,0
,76.08132,11.60027,0
,76.08161,11.60067,0
,76.08168,11.60081,0
,76.08181,11.6012,0
,76.08191,11.60136,0
,76.08199,11.60144,0
,76.08217,11.60154,0
,76.08222,11.60155,0
,76.08226,11.60157,0
,76.08229,11.60157,0
,76.08269,11.60168,0
,76.08288,11.60177,0
,76.08293,11.60181,0
,76.08296,11.60181,0
,76.08304,11.60177,0
,76.08305,11.60175,0
,76.08304,11.60145,0
,76.08302,11.60138,0
,76.08331,11.60148,0
,76.08439,11.6017,0
,76.0844,11.60171,0
,76.08452,11.60177,0
,76.08454,11.60177,0
,76.08545,11.60232,0
,76.086,11.60255,0
,76.08615,11.60263,0
,76.08629,11.60276,0
,76.08637,11.60286,0
,76.08642,11.6029,0
,76.08652,11.60354,0
,76.08658,11.60418,0
,76.08681,11.60567,0
,76.08693,11.60612,0
,76.08696,11.60629,0
,76.08703,11.60647,0
,76.08738,11.60702,0
,76.08744,11.60718,0
,76.08749,11.60736,0
,76.08751,11.60753,0
,76.0875,11.60772,0
,76.0873,11.6087,0
,76.0873,11.60884,0
,76.08732,11.60891,0
,76.08778,11.60984,0
,76.08785,11.61004,0
,76.08788,11.61027,0
,76.08788,11.61038,0
,76.08785,11.6106,0
,76.08778,11.61085,0
,76.08777,11.61096,0
,76.08779,11.61111,0
,76.08805,11.61203,0
,76.08822,11.61249,0
,76.08825,11.61266,0
,76.08825,11.61307,0
,76.08833,11.6136,0
,76.0883,11.61383,0
,76.08837,11.6147,0
,76.08837,11.61516,0
,76.08831,11.61593,0
,76.0883,11.61596,0
,76.08834,11.61624,0
,76.08831,11.6166,0
,76.08833,11.61701,0
,76.08836,11.61715,0
,76.0885,11.61759,0
,76.08853,11.61775,0
,76.08854,11.61788,0
,76.08851,11.6182,0
,76.08848,11.61836,0
,76.08848,11.61855,0
,76.08849,11.61865,0
,76.08857,11.61901,0
,76.08861,11.61982,0
,76.08873,11.62066,0
,76.08878,11.62081,0
,76.08884,11.62094,0
,76.08901,11.62121,0
,76.08941,11.62164,0
,76.08955,11.62192,0
,76.08998,11.623,0
,76.09076,11.62451,0
,76.0909,11.62473,0
,76.0909,11.62474,0
,76.09136,11.62557,0
,76.09141,11.62569,0
,76.09142,11.62575,0
,76.09142,11.62583,0
,76.09141,11.62586,0
,76.09137,11.62592,0
,76.09112,11.62609,0
,76.09099,11.6262,0
,76.09086,11.62634,0
,76.09074,11.62656,0
,76.0907,11.62667,0
,76.09065,11.62727,0
,76.09065,11.62766,0
,76.09066,11.62767,0
,76.09076,11.6283,0
,76.09075,11.62856,0
,76.0907,11.62905,0
,76.09061,11.6294,0
,76.09053,11.62956,0
,76.09043,11.62972,0
,76.09036,11.62988,0
,76.09035,11.62989,0
,76.09026,11.63011,0
,76.09019,11.63024,0
,76.09016,11.63027,0
,76.08981,11.63051,0
,76.08956,11.63064,0
,76.08961,11.63069,0
,76.08965,11.63077,0
,76.08967,11.63087,0
,76.08966,11.63102,0
,76.08959,11.63133,0
,76.08954,11.63174,0
,76.08962,11.63226,0
,76.08966,11.63279,0
,76.08947,11.63329,0
,76.08943,11.63343,0
,76.08874,11.63448,0
,76.08858,11.63466,0
,76.08847,11.63475,0
,76.08803,11.63505,0
,76.08756,11.63523,0
,76.0874,11.63534,0
,76.08722,11.63549,0
,76.08714,11.63558,0
,76.08705,11.63571,0
,76.08695,11.63589,0
,76.08691,11.63594,0
,76.08683,11.63607,0
,76.08672,11.63612,0
,76.0866,11.63614,0
,76.08654,11.63616,0
,76.08649,11.63619,0
,76.08629,11.63635,0
,76.0862,11.63645,0
,76.08611,11.63659,0
,76.08605,11.63666,0
,76.08601,11.63673,0
,76.08597,11.63689,0
,76.08596,11.63699,0
,76.08597,11.63706,0
,76.0862,11.63777,0
,76.08635,11.63804,0
,76.08653,11.63846,0
,76.08654,11.63852,0
,76.08653,11.63861,0
,76.08652,11.63882,0
,76.08645,11.63908,0
,76.08641,11.63932,0
,76.08642,11.63944,0
,76.08648,11.63957,0
,76.08665,11.63981,0
,76.08703,11.64012,0
,76.08724,11.64035,0
,76.08732,11.64053,0
,76.08735,11.64072,0
,76.087,11.64126,0
,76.08699,11.64131,0
,76.08697,11.64158,0
,76.08704,11.64222,0
,76.08708,11.64245,0
,76.08713,11.64258,0
,76.08717,11.64273,0
,76.08717,11.64297,0
,76.0871,11.64349,0
,76.08707,11.64362,0
,76.08703,11.64371,0
,76.08699,11.64377,0
,76.08699,11.64378,0
,76.08675,11.64405,0
,76.08672,11.64412,0
,76.08672,11.64421,0
,76.08677,11.6443,0
,76.08682,11.64434,0
,76.08693,11.64437,0
,76.08708,11.64437,0
,76.08729,11.64443,0
,76.08744,11.64451,0
,76.08756,11.6446,0
,76.08765,11.64469,0
,76.08769,11.64476,0
,76.08772,11.64486,0
,76.08772,11.64504,0
,76.08764,11.64556,0
,76.08766,11.64575,0
,76.0877,11.64587,0
,76.08773,11.64592,0
,76.08778,11.64604,0
,76.08797,11.64625,0
,76.08808,11.64629,0
,76.08813,11.6463,0
,76.08822,11.64636,0
,76.08837,11.64649,0
,76.08839,11.6465,0
,76.0884,11.64652,0
,76.08849,11.6466,0
,76.08851,11.64663,0
,76.08857,11.64668,0
,76.08886,11.6468,0
,76.08924,11.64692,0
,76.08995,11.6471,0
,76.08995,11.64711,0
,76.09005,11.64715,0
,76.09009,11.64718,0
,76.09016,11.64728,0
,76.09018,11.64737,0
,76.09018,11.64741,0
,76.09019,11.64745,0
,76.09017,11.64758,0
,76.09013,11.6477,0
,76.09006,11.64782,0
,76.08985,11.64808,0
,76.08942,11.64848,0
,76.08906,11.64885,0
,76.08889,11.64896,0
,76.0884,11.64907,0
,76.08828,11.64912,0
,76.08821,11.64918,0
,76.08788,11.64983,0
,76.08775,11.65013,0
,76.08773,11.65023,0
,76.08774,11.65088,0
,76.0878,11.65135,0
,76.08799,11.65183,0
,76.08817,11.65213,0
,76.0882,11.6522,0
,76.08825,11.65228,0
,76.08837,11.65239,0
,76.08853,11.65251,0
,76.08871,11.65267,0
,76.08875,11.65273,0
,76.08877,11.65275,0
,76.08879,11.65282,0
,76.08881,11.65285,0
,76.08881,11.65289,0
,76.08882,11.65292,0
,76.08881,11.6532,0
,76.0888,11.65325,0
,76.08875,11.65338,0
,76.08857,11.65363,0
,76.08851,11.6537,0
,76.0883,11.654,0
,76.0883,11.65401,0
,76.088,11.65434,0
,76.08793,11.65438,0
,76.08774,11.65446,0
,76.08758,11.65449,0
,76.08708,11.6545,0
,76.08668,11.65445,0
,76.08656,11.65445,0
,76.08649,11.65447,0
,76.0864,11.65453,0
,76.08637,11.65456,0
,76.08636,11.65458,0
,76.08636,11.65469,0
,76.08638,11.65478,0
,76.08641,11.65484,0
,76.08647,11.65492,0
,76.08665,11.6551,0
,76.08714,11.65547,0
,76.08739,11.65561,0
,76.08785,11.65572,0
,76.088,11.65575,0
,76.08801,11.65576,0
,76.08802,11.65576,0
,76.08803,11.65577,0
,76.08808,11.65587,0
,76.08808,11.6559,0
,76.08809,11.65593,0
,76.08808,11.65595,0
,76.08808,11.65599,0
,76.08806,11.65602,0
,76.08802,11.65606,0
,76.08777,11.6562,0
,76.0876,11.65632,0
,76.08756,11.65639,0
,76.08754,11.65648,0
,76.08754,11.65652,0
,76.08744,11.65679,0
,76.08733,11.65736,0
,76.08718,11.65776,0
,76.08691,11.6581,0
,76.08646,11.65843,0
,76.08606,11.65877,0
,76.0859,11.65894,0
,76.08574,11.65905,0
,76.08544,11.65918,0
,76.08523,11.6593,0
,76.08521,11.65932,0
,76.08471,11.65948,0
,76.0847,11.65949,0
,76.08458,11.65956,0
,76.08442,11.65973,0
,76.08425,11.66002,0
,76.08417,11.66013,0
,76.08413,11.66021,0
,76.08406,11.66043,0
,76.08389,11.66127,0
,76.08386,11.66176,0
,76.08383,11.66193,0
,76.08383,11.66209,0
,76.08386,11.66218,0
,76.08398,11.66239,0
,76.0841,11.66256,0
,76.08425,11.66289,0
,76.0843,11.66314,0
,76.08431,11.66326,0
,76.0843,11.66341,0
,76.08426,11.66355,0
,76.08422,11.66387,0
,76.08402,11.6645,0
,76.08401,11.66451,0
,76.08378,11.66495,0
,76.08368,11.66544,0
,76.08357,11.66582,0
,76.08354,11.66585,0
,76.08349,11.66593,0
,76.08346,11.66596,0
,76.0834,11.666,0
,76.08319,11.66606,0
,76.08272,11.66615,0
,76.08249,11.66621,0
,76.0822,11.66635,0
,76.08188,11.66648,0
,76.08159,11.66655,0
,76.08137,11.66665,0
,76.08118,11.66681,0
,76.08085,11.66715,0
,76.08065,11.66728,0
,76.08026,11.66743,0
,76.07991,11.6677,0
,76.07981,11.66783,0
,76.07974,11.66796,0
,76.07962,11.6684,0
,76.07944,11.66889,0
,76.07935,11.66942,0
,76.07933,11.66975,0
,76.07941,11.67032,0
,76.07948,11.67062,0
,76.07959,11.67097,0
,76.07977,11.6714,0
,76.07979,11.67161,0
,76.07974,11.67179,0
,76.07967,11.67188,0
,76.07887,11.67262,0
,76.07833,11.67306,0
,76.07824,11.67312,0
,76.07807,11.67319,0
,76.07784,11.67323,0
,76.07728,11.67329,0
,76.07718,11.67331,0
,76.07685,11.67349,0
,76.07637,11.67387,0
,76.07621,11.6741,0
,76.07611,11.67442,0
,76.07584,11.67566,0
,76.07569,11.67596,0
,76.07554,11.67621,0
,76.07482,11.67715,0
,76.07482,11.67717,0
,76.07477,11.67727,0
,76.07458,11.67779,0
,76.07451,11.67805,0
,76.07435,11.6789,0
,76.07433,11.67927,0
,76.07434,11.67955,0
,76.07438,11.67984,0
,76.07443,11.68007,0
,76.07458,11.68053,0
,76.07468,11.68078,0
,76.07488,11.68119,0
,76.07519,11.68172,0
,76.07651,11.68315,0
,76.07823,11.68484,0
,76.07832,11.68495,0
,76.07849,11.6852,0
,76.07854,11.68529,0
,76.07864,11.68546,0
,76.07889,11.68603,0
,76.07896,11.68623,0
,76.07904,11.6864,0
,76.07913,11.68665,0
,76.07916,11.68677,0
,76.07922,11.68694,0
,76.07929,11.6872,0
,76.07946,11.6877,0
,76.07983,11.68843,0
,76.08009,11.68901,0
,76.08037,11.68982,0
,76.08068,11.69103,0
,76.08071,11.69114,0
,76.08072,11.69123,0
,76.08066,11.69172,0
,76.0806,11.69202,0
,76.0806,11.69218,0
,76.08059,11.69226,0
,76.08061,11.69248,0
,76.08078,11.6933,0
,76.08089,11.69448,0
,76.08087,11.69471,0
,76.08067,11.69566,0
,76.08065,11.69606,0
,76.08066,11.69617,0
,76.08079,11.69649,0
,76.08095,11.69679,0
,76.08097,11.69687,0
,76.08096,11.69705,0
,76.08092,11.69716,0
,76.08085,11.69728,0
,76.08025,11.6981,0
,76.07997,11.69837,0
,76.07987,11.69844,0
,76.07976,11.69849,0
,76.07909,11.69866,0
,76.07788,11.69889,0
,76.07762,11.69898,0
,76.07752,11.69905,0
,76.07745,11.69912,0
,76.07739,11.6992,0
,76.07731,11.69935,0
,76.07728,11.69949,0
,76.07728,11.69974,0
,76.0773,11.69988,0
,76.07769,11.70132,0
,76.07811,11.70306,0
,76.07832,11.70421,0
,76.07846,11.70603,0
,76.07846,11.70723,0
,76.07847,11.70731,0
,76.07847,11.70754,0
,76.07841,11.70821,0
,76.07847,11.7085,0
,76.07869,11.70914,0
,76.07877,11.7093,0
,76.07898,11.70962,0
,76.07923,11.7099,0
,76.0793,11.71001,0
,76.07942,11.71029,0
,76.07946,11.71047,0
,76.07949,11.71094,0
,76.07943,11.71159,0
,76.07931,11.71219,0
,76.07904,11.71282,0
,76.079,11.71289,0
,76.07896,11.71299,0
,76.0788,11.71325,0
,76.07871,11.71347,0
,76.07869,11.71358,0
,76.07872,11.71371,0
,76.07903,11.71436,0
,76.07928,11.715,0
,76.07949,11.71545,0
,76.08004,11.71682,0
,76.08018,11.71723,0
,76.08022,11.71764,0
,76.08019,11.71919,0
,76.08023,11.7204,0
,76.08022,11.72041,0
,76.08011,11.72072,0
,76.08002,11.7209,0
,76.07902,11.72231,0
,76.07889,11.72255,0
,76.07888,11.72256,0
,76.07871,11.72303,0
,76.07826,11.7237,0
,76.07804,11.72439,0
,76.07788,11.72506,0
,76.07782,11.7256,0
,76.07782,11.72581,0
,76.07777,11.72642,0
,76.07743,11.72671,0
,76.07727,11.72682,0
,76.07707,11.727,0
,76.07662,11.72735,0
,76.07601,11.72776,0
,76.07558,11.72809,0
,76.07517,11.72844,0
,76.0749,11.72858,0
,76.07442,11.72876,0
,76.0743,11.72882,0
,76.07392,11.72905,0
,76.07368,11.72929,0
,76.07343,11.72967,0
,76.07317,11.73016,0
,76.07304,11.73049,0
,76.07282,11.73133,0
,76.07271,11.73205,0
,76.07268,11.7324,0
,76.07267,11.73278,0
,76.07279,11.73352,0
,76.07282,11.73361,0
,76.07282,11.73363,0
,76.0729,11.73403,0
,76.0729,11.73409,0
,76.07295,11.73437,0
,76.07298,11.73443,0
,76.07299,11.73447,0
,76.07319,11.73479,0
,76.07323,11.73484,0
,76.07327,11.73525,0
,76.07325,11.73545,0
,76.073,11.73648,0
,76.07284,11.73684,0
,76.0728,11.73704,0
,76.07277,11.73732,0
,76.07278,11.73752,0
,76.07281,11.73768,0
,76.07293,11.738,0
,76.07298,11.73809,0
,76.07308,11.73833,0
,76.07312,11.73857,0
,76.07313,11.7387,0
,76.0731,11.73885,0
,76.07309,11.73886,0
,76.07291,11.73922,0
,76.07291,11.73924,0
,76.07276,11.73954,0
,76.07272,11.73967,0
,76.0727,11.73982,0
,76.0728,11.73995,0
,76.07314,11.7405,0
,76.07314,11.74057,0
,76.07312,11.74068,0
,76.07271,11.74205,0
,76.07265,11.74221,0
,76.07249,11.74254,0
,76.07094,11.74492,0
,76.07073,11.74542,0
,76.07006,11.74646,0
,76.0696,11.74702,0
,76.06929,11.74712,0
,76.06899,11.74727,0
,76.06883,11.7474,0
,76.06876,11.74748,0
,76.06852,11.74783,0
,76.06836,11.74818,0
,76.06828,11.74843,0
,76.06808,11.74938,0
,76.06795,11.75026,0
,76.06799,11.75121,0
,76.06797,11.75136,0
,76.06795,11.75141,0
,76.0679,11.75149,0
,76.06673,11.75231,0
,76.0664,11.7525,0
,76.06617,11.75267,0
,76.06586,11.75298,0
,76.0655,11.75338,0
,76.06458,11.75463,0
,76.06443,11.75479,0
,76.06419,11.75499,0
,76.064,11.75544,0
,76.06395,11.75575,0
,76.06394,11.75577,0
,76.06393,11.75603,0
,76.06395,11.75616,0
,76.06404,11.75645,0
,76.06423,11.75687,0
,76.06438,11.75743,0
,76.06439,11.75764,0
,76.06436,11.75779,0
,76.06427,11.75794,0
,76.06409,11.75815,0
,76.06394,11.75836,0
,76.06384,11.75857,0
,76.06375,11.75875,0
,76.0637,11.7589,0
,76.06362,11.75907,0
,76.06349,11.75928,0
,76.06348,11.75932,0
,76.06345,11.75937,0
,76.06342,11.7596,0
,76.06339,11.76052,0
,76.06342,11.76071,0
,76.06351,11.76093,0
,76.06355,11.76118,0
,76.06355,11.76132,0
,76.06343,11.76236,0
,76.06337,11.76268,0
,76.0633,11.76288,0
,76.06326,11.76294,0
,76.06301,11.76322,0
,76.06174,11.76422,0
,76.06145,11.76442,0
,76.06128,11.76461,0
,76.06089,11.76516,0
,76.06082,11.76533,0
,76.06081,11.76541,0
,76.06081,11.76561,0
,76.06087,11.76592,0
,76.06105,11.76658,0
,76.06137,11.76853,0
,76.06137,11.76874,0
,76.06136,11.76881,0
,76.06133,11.76887,0
,76.06128,11.76894,0
,76.06081,11.76941,0
,76.06067,11.76957,0
,76.06058,11.76971,0
,76.06057,11.77003,0
,76.06061,11.77042,0
,76.06062,11.77075,0
,76.06061,11.77092,0
,76.0606,11.77095,0
,76.06059,11.77104,0
,76.06054,11.77118,0
,76.06043,11.77142,0
,76.06036,11.7715,0
,76.06019,11.77166,0
,76.06014,11.77173,0
,76.06008,11.77184,0
,76.06006,11.77186,0
,76.06,11.77201,0
,76.05984,11.77271,0
,76.05952,11.77358,0
,76.05948,11.77374,0
,76.05932,11.77408,0
,76.05911,11.77445,0
,76.05851,11.7751,0
,76.05838,11.77534,0
,76.05825,11.77554,0
,76.05815,11.77563,0
,76.05799,11.77572,0
,76.05755,11.7759,0
,76.05726,11.77604,0
,76.05695,11.77611,0
,76.05621,11.77616,0
,76.05564,11.77624,0
,76.05527,11.77624,0
,76.0549,11.77618,0
,76.05456,11.77615,0
,76.05431,11.77611,0
,76.05413,11.77607,0
,76.05346,11.77592,0
,76.05342,11.77592,0
,76.05318,11.77587,0
,76.053,11.77585,0
,76.05294,11.77586,0
,76.05284,11.77591,0
,76.05255,11.77611,0
,76.05225,11.77637,0
,76.05214,11.77657,0
,76.052,11.7769,0
,76.05187,11.77714,0
,76.05167,11.77739,0
,76.05153,11.77751,0
,76.05123,11.77781,0
,76.05016,11.77909,0
,76.04992,11.77941,0
,76.04933,11.77987,0
,76.04884,11.78038,0
,76.04862,11.78064,0
,76.04841,11.78081,0
,76.04801,11.78101,0
,76.04788,11.78115,0
,76.04729,11.78156,0
,76.04725,11.78158,0
,76.04677,11.78196,0
,76.04654,11.7822,0
,76.04584,11.78313,0
,76.04563,11.78346,0
,76.0455,11.78374,0
,76.04542,11.78397,0
,76.04535,11.78432,0
,76.04526,11.78521,0
,76.04528,11.78548,0
,76.04528,11.78569,0
,76.04531,11.78584,0
,76.04532,11.78597,0
,76.04549,11.78685,0
,76.04564,11.78687,0
,76.04577,11.78691,0
,76.04593,11.78698,0
,76.0464,11.78726,0
,76.04655,11.78739,0
,76.04694,11.7879,0
,76.0471,11.78806,0
,76.04727,11.78826,0
,76.04747,11.7884,0
,76.04759,11.78846,0
,76.04765,11.78848,0
,76.04801,11.78866,0
,76.04848,11.78893,0
,76.04893,11.78927,0
,76.049,11.7893,0
,76.04932,11.78948,0
,76.04944,11.78952,0
,76.04973,11.78966,0
,76.04983,11.78975,0
,76.05007,11.7901,0
,76.05018,11.79016,0
,76.05024,11.79018,0
,76.05032,11.79022,0
,76.05051,11.79023,0
,76.05067,11.79021,0
,76.05105,11.79027,0
,76.05126,11.79038,0
,76.05176,11.79056,0
,76.0519,11.79059,0
,76.05211,11.79057,0
,76.05248,11.79057,0
,76.05295,11.79073,0
,76.05331,11.79089,0
,76.05347,11.79098,0
,76.05353,11.791,0
,76.05371,11.79111,0
,76.05375,11.79118,0
,76.05376,11.79127,0
,76.0537,11.79169,0
,76.05368,11.79202,0
,76.05355,11.79272,0
,76.05352,11.79279,0
,76.05331,11.79346,0
,76.05303,11.79394,0
,76.05298,11.79406,0
,76.05296,11.79413,0
,76.05295,11.79432,0
,76.0529,11.79472,0
,76.05272,11.79515,0
,76.05243,11.79575,0
,76.0524,11.79585,0
,76.05229,11.7961,0
,76.05226,11.79626,0
,76.05226,11.79631,0
,76.05223,11.79649,0
,76.05217,11.79664,0
,76.05216,11.79679,0
,76.05236,11.79727,0
,76.0524,11.79798,0
,76.05254,11.79852,0
,76.05257,11.79888,0
,76.05256,11.79919,0
,76.05259,11.79942,0
,76.05257,11.79995,0
,76.05247,11.80047,0
,76.05232,11.80101,0
,76.05232,11.80102,0
,76.05228,11.80113,0
,76.05189,11.80172,0
,76.05183,11.80192,0
,76.05181,11.80217,0
,76.05172,11.80258,0
,76.05161,11.8029,0
,76.05161,11.80292,0
,76.05159,11.80301,0
,76.05157,11.80305,0
,76.05139,11.80375,0
,76.05136,11.80392,0
,76.05111,11.80446,0
,76.05094,11.80473,0
,76.05064,11.80529,0
,76.05044,11.80575,0
,76.05038,11.80592,0
,76.05035,11.80597,0
,76.05029,11.80625,0
,76.05027,11.80646,0
,76.05028,11.80722,0
,76.05027,11.80741,0
,76.05017,11.80824,0
,76.05018,11.80901,0
,76.05015,11.80906,0
,76.05005,11.80918,0
,76.04945,11.80957,0
,76.04919,11.80962,0
,76.04908,11.80962,0
,76.0489,11.8096,0
,76.04862,11.80961,0
,76.04854,11.80963,0
,76.04847,11.80966,0
,76.0476,11.8106,0
,76.04751,11.81076,0
,76.04742,11.81097,0
,76.04729,11.8112,0
,76.04714,11.81137,0
,76.04671,11.81174,0
,76.04666,11.81177,0
,76.04648,11.8118,0
,76.04646,11.81181,0
,76.04589,11.81178,0
,76.0453,11.81169,0
,76.04522,11.81167,0
,76.04522,11.81168,0
,76.04517,11.81168,0
,76.04513,11.8117,0
,76.04512,11.8117,0
,76.04506,11.81178,0
,76.04503,11.81186,0
,76.04505,11.81206,0
,76.04504,11.8121,0
,76.04484,11.81238,0
,76.04463,11.81262,0
,76.04461,11.81263,0
,76.04445,11.81278,0
,76.04438,11.81283,0
,76.04423,11.81287,0
,76.04409,11.81302,0
,76.04395,11.81313,0
,76.04378,11.81324,0
,76.04352,11.81335,0
,76.04324,11.81351,0
,76.04321,11.81354,0
,76.04314,11.81374,0
,76.04314,11.81397,0
,76.0431,11.81429,0
,76.04315,11.81445,0
,76.04338,11.81491,0
,76.04391,11.8163,0
,76.044,11.81671,0
,76.04402,11.81692,0
,76.04385,11.8176,0
,76.0437,11.81798,0
,76.04347,11.81877,0
,76.04337,11.81949,0
,76.04336,11.81973,0
,76.0434,11.82043,0
,76.04333,11.82121,0
,76.04327,11.82153,0
,76.04302,11.82211,0
,76.04255,11.82294,0
,76.04236,11.82358,0
,76.04217,11.82439,0
,76.04215,11.82458,0
,76.04218,11.8248,0
,76.04237,11.82519,0
,76.0424,11.82532,0
,76.04239,11.82546,0
,76.04233,11.82565,0
,76.04228,11.82574,0
,76.04223,11.82588,0
,76.04223,11.82592,0
,76.04211,11.82663,0
,76.04209,11.82722,0
,76.04214,11.82761,0
,76.04229,11.82819,0
,76.04233,11.82851,0
,76.04231,11.82864,0
,76.04232,11.82874,0
,76.04241,11.82875,0
,76.04249,11.82877,0
,76.04263,11.82883,0
,76.0432,11.82922,0
,76.04348,11.82948,0
,76.04394,11.82978,0
,76.04446,11.83006,0
,76.04454,11.83013,0
,76.04456,11.83019,0
,76.04457,11.83027,0
,76.04456,11.83033,0
,76.04452,11.83042,0
,76.0445,11.8305,0
,76.04452,11.83056,0
,76.04457,11.83061,0
,76.0446,11.83062,0
,76.04466,11.83062,0
,76.04469,11.83061,0
,76.04482,11.83051,0
,76.0449,11.83046,0
,76.0451,11.83038,0
,76.04517,11.83037,0
,76.04524,11.83037,0
,76.0456,11.83029,0
,76.04594,11.83025,0
,76.04607,11.83025,0
,76.04615,11.83027,0
,76.04625,11.83031,0
,76.04631,11.83035,0
,76.04639,11.83043,0
,76.04645,11.83051,0
,76.04657,11.8308,0
,76.04661,11.831,0
,76.04662,11.83135,0
,76.04661,11.83161,0
,76.04662,11.83177,0
,76.0466,11.83188,0
,76.04657,11.83198,0
,76.04641,11.83225,0
,76.0463,11.83257,0
,76.04627,11.8327,0
,76.04626,11.83288,0
,76.04631,11.83323,0
,76.04635,11.83341,0
,76.04643,11.83355,0
,76.04651,11.83364,0
,76.04687,11.83397,0
,76.04717,11.8342,0
,76.04741,11.83434,0
,76.04777,11.8345,0
,76.04815,11.83455,0
,76.04855,11.83454,0
,76.04866,11.83455,0
,76.04876,11.83458,0
,76.04885,11.83464,0
,76.04898,11.83477,0
,76.04902,11.83483,0
,76.04932,11.8357,0
,76.04933,11.83623,0
,76.0492,11.83677,0
,76.04897,11.8372,0
,76.04886,11.8375,0
,76.04897,11.83782,0
,76.04903,11.83806,0
,76.04908,11.83854,0
,76.0492,11.83872,0
,76.04928,11.83879,0
,76.04949,11.83885,0
,76.04952,11.83886,0
,76.05015,11.83881,0
,76.05038,11.83873,0
,76.05066,11.83861,0
,76.05078,11.83858,0
,76.05084,11.83858,0
,76.05084,11.83859,0
,76.05094,11.83861,0
,76.05101,11.83864,0
,76.05116,11.83874,0
,76.05149,11.83907,0
,76.0515,11.83907,0
,76.0516,11.83917,0
,76.05162,11.8392,0
,76.05207,11.83966,0
,76.05246,11.84018,0
,76.05258,11.84045,0
,76.0527,11.8408,0
,76.05283,11.84108,0
,76.0529,11.84119,0
,76.053,11.84128,0
,76.05313,11.84137,0
,76.05349,11.84152,0
,76.05426,11.84178,0
,76.05431,11.84179,0
,76.05469,11.84194,0
,76.05471,11.84194,0
,76.05501,11.84204,0
,76.05538,11.8421,0
,76.05671,11.84217,0
,76.05674,11.84218,0
,76.05766,11.84225,0
,76.05805,11.84232,0
,76.05882,11.84258,0
,76.05941,11.84281,0
,76.05962,11.84299,0
,76.05993,11.84331,0
,76.06043,11.84371,0
,76.06088,11.8442,0
,76.06104,11.84444,0
,76.06123,11.84464,0
,76.06142,11.84481,0
,76.06164,11.84495,0
,76.06165,11.84495,0
,76.06228,11.84549,0
,76.06244,11.84578,0
,76.06248,11.84591,0
,76.06252,11.84619,0
,76.06255,11.84666,0
,76.06268,11.84693,0
,76.06283,11.8471,0
,76.06309,11.84734,0
,76.06313,11.8474,0
,76.06336,11.84762,0
,76.0636,11.84776,0
,76.06392,11.8479,0
,76.06445,11.84806,0
,76.06472,11.84811,0
,76.06495,11.84818,0
,76.06654,11.84916,0
,76.06651,11.84931,0
,76.06603,11.85029,0
,76.06604,11.85034,0
,76.06605,11.85071,0
,76.06635,11.85116,0
,76.06666,11.85154,0
,76.06707,11.85171,0
,76.06756,11.85172,0
,76.06794,11.85181,0
,76.06818,11.8521,0
,76.06833,11.85224,0
,76.06841,11.85229,0
,76.06847,11.85231,0
,76.06937,11.85232,0
,76.06946,11.85236,0
,76.06949,11.85241,0
,76.0695,11.85246,0
,76.0695,11.85249,0
,76.06945,11.85267,0
,76.06942,11.85293,0
,76.06942,11.85309,0
,76.06947,11.85325,0
,76.06959,11.85347,0
,76.06981,11.85365,0
,76.07009,11.8538,0
,76.07036,11.85381,0
,76.07058,11.85385,0
,76.0706,11.85386,0
,76.07125,11.85435,0
,76.07129,11.85442,0
,76.07128,11.85448,0
,76.07124,11.8546,0
,76.07112,11.85475,0
,76.07086,11.8552,0
,76.0707,11.85558,0
,76.07068,11.85582,0
,76.07068,11.85597,0
,76.0707,11.85618,0
,76.07064,11.85643,0
,76.07064,11.85662,0
,76.0707,11.85679,0
,76.07072,11.85682,0
,76.07087,11.85696,0
,76.07107,11.85711,0
,76.07139,11.85724,0
,76.07168,11.8574,0
,76.0719,11.85758,0
,76.072,11.85776,0
,76.07201,11.85794,0
,76.07199,11.85809,0
,76.07192,11.85823,0
,76.0719,11.85829,0
,76.07182,11.85842,0
,76.07159,11.8587,0
,76.07152,11.85877,0
,76.07148,11.85884,0
,76.07142,11.85899,0
,76.07141,11.85904,0
,76.07141,11.85916,0
,76.07143,11.85924,0
,76.07146,11.8593,0
,76.07159,11.8595,0
,76.07162,11.85957,0
,76.07165,11.85973,0
,76.07164,11.86027,0
,76.07158,11.86049,0
,76.07136,11.86105,0
,76.07133,11.8611,0
,76.07125,11.8612,0
,76.07112,11.86142,0
,76.07108,11.86151,0
,76.07106,11.8616,0
,76.07106,11.86171,0
,76.07109,11.86181,0
,76.07115,11.86194,0
,76.07122,11.86205,0
,76.07126,11.8621,0
,76.07135,11.86217,0
,76.07152,11.86224,0
,76.07164,11.86231,0
,76.07167,11.86234,0
,76.07172,11.86241,0
,76.07177,11.86254,0
,76.0718,11.86258,0
,76.07182,11.86262,0
,76.07192,11.8627,0
,76.07197,11.86272,0
,76.07206,11.86274,0
,76.07209,11.86276,0
,76.07215,11.86278,0
,76.0723,11.86287,0
,76.07244,11.86298,0
,76.07259,11.86314,0
,76.07287,11.86361,0
,76.0729,11.8637,0
,76.07289,11.86384,0
,76.07282,11.86426,0
,76.07282,11.86448,0
,76.07284,11.8647,0
,76.07291,11.86499,0
,76.07294,11.86506,0
,76.07312,11.86534,0
,76.07341,11.86567,0
,76.07348,11.86578,0
,76.07364,11.86598,0
,76.07373,11.86616,0
,76.07377,11.86633,0
,76.07377,11.86651,0
,76.07363,11.86717,0
,76.0736,11.86748,0
,76.0735,11.86789,0
,76.07321,11.86874,0
,76.07316,11.86891,0
,76.07309,11.86907,0
,76.0728,11.86987,0
,76.07277,11.87007,0
,76.07279,11.87027,0
,76.07276,11.87092,0
,76.07277,11.87101,0
,76.07281,11.87115,0
,76.07303,11.87167,0
,76.07307,11.8719,0
,76.07306,11.87204,0
,76.07299,11.8725,0
,76.07281,11.87321,0
,76.07286,11.87376,0
,76.07284,11.87404,0
,76.07266,11.87458,0
,76.07266,11.87466,0
,76.0727,11.87481,0
,76.07286,11.8752,0
,76.07291,11.87525,0
,76.07303,11.87534,0
,76.07344,11.87552,0
,76.07378,11.87564,0
,76.07394,11.87572,0
,76.07406,11.87586,0
,76.07414,11.87605,0
,76.07432,11.87629,0
,76.07467,11.87663,0
,76.07489,11.87681,0
,76.07518,11.877,0
,76.07548,11.87713,0
,76.07564,11.87722,0
,76.07583,11.87744,0
,76.07609,11.8778,0
,76.07609,11.87781,0
,76.07622,11.87808,0
,76.07642,11.87835,0
,76.07664,11.8787,0
,76.07696,11.87893,0
,76.07703,11.87902,0
,76.07716,11.87921,0
,76.07732,11.87951,0
,76.07739,11.87971,0
,76.07742,11.88,0
,76.07742,11.88013,0
,76.07756,11.88034,0
,76.07792,11.88106,0
,76.07806,11.88152,0
,76.07805,11.88155,0
,76.07804,11.88166,0
,76.07803,11.88166,0
,76.0779,11.88197,0
,76.07773,11.88285,0
,76.07754,11.88301,0
,76.07735,11.8831,0
,76.07732,11.88312,0
,76.07718,11.88327,0
,76.07713,11.88338,0
,76.07711,11.88358,0
,76.07725,11.88395,0
,76.07736,11.8843,0
,76.07741,11.88502,0
,76.0774,11.88556,0
,76.07732,11.88585,0
,76.07717,11.88622,0
,76.07706,11.88639,0
,76.07683,11.88659,0
,76.07682,11.88659,0
,76.07659,11.88676,0
,76.0762,11.88701,0
,76.07534,11.88764,0
,76.07533,11.88764,0
,76.07462,11.88833,0
,76.07445,11.88855,0
,76.07435,11.88882,0
,76.07433,11.88898,0
,76.07433,11.88916,0
,76.07426,11.8893,0
,76.07406,11.88941,0
,76.07383,11.88947,0
,76.07371,11.8896,0
,76.07371,11.88964,0
,76.07368,11.88978,0
,76.07372,11.88994,0
,76.07383,11.89014,0
,76.0739,11.89024,0
,76.07409,11.89041,0
,76.07441,11.8906,0
,76.07463,11.89079,0
,76.0748,11.891,0
,76.0749,11.89123,0
,76.07494,11.89146,0
,76.07491,11.89171,0
,76.07487,11.89183,0
,76.07485,11.89188,0
,76.07446,11.89215,0
,76.07424,11.89234,0
,76.07403,11.89258,0
,76.07396,11.8927,0
,76.07367,11.89331,0
,76.07362,11.89332,0
,76.07346,11.89338,0
,76.07325,11.89343,0
,76.07311,11.89352,0
,76.073,11.89367,0
,76.07293,11.89381,0
,76.07278,11.89418,0
,76.07265,11.8944,0
,76.07247,11.89459,0
,76.07227,11.89474,0
,76.07176,11.89487,0
,76.07158,11.89497,0
,76.07151,11.89504,0
,76.07151,11.89505,0
,76.0715,11.89505,0
,76.07141,11.89534,0
,76.07131,11.89554,0
,76.07105,11.89579,0
,76.07029,11.89666,0
,76.07017,11.89671,0
,76.07,11.89675,0
,76.06996,11.89675,0
,76.06981,11.89681,0
,76.06952,11.89701,0
,76.06919,11.89727,0
,76.06882,11.89752,0
,76.06846,11.89784,0
,76.06837,11.89802,0
,76.06835,11.89823,0
,76.06838,11.89838,0
,76.06848,11.89854,0
,76.06862,11.89864,0
,76.06946,11.89904,0
,76.06983,11.89952,0
,76.06992,11.89972,0
,76.06995,11.89991,0
,76.06995,11.90009,0
,76.06986,11.9003,0
,76.06941,11.90077,0
,76.06919,11.90103,0
,76.06918,11.90103,0
,76.06918,11.90104,0
,76.06905,11.90116,0
,76.06898,11.90121,0
,76.06885,11.90145,0
,76.06882,11.90149,0
,76.06867,11.90164,0
,76.06851,11.90177,0
,76.06815,11.90186,0
,76.06773,11.90185,0
,76.06771,11.90186,0
,76.06745,11.90192,0
,76.06724,11.90206,0
,76.06709,11.90219,0
,76.067,11.90231,0
,76.06693,11.90245,0
,76.06681,11.90277,0
,76.06676,11.90306,0
,76.0667,11.9033,0
,76.06655,11.90347,0
,76.06647,11.90354,0
,76.0664,11.90365,0
,76.06638,11.90373,0
,76.06638,11.90382,0
,76.06642,11.90394,0
,76.06642,11.90395,0
,76.06672,11.9044,0
,76.06698,11.90473,0
,76.06745,11.90508,0
,76.06768,11.90522,0
,76.06793,11.90541,0
,76.06815,11.90563,0
,76.06825,11.90576,0
,76.06832,11.90587,0
,76.06836,11.90599,0
,76.0684,11.90633,0
,76.06836,11.9066,0
,76.0683,11.90673,0
,76.06775,11.90747,0
,76.06767,11.90768,0
,76.06766,11.90778,0
,76.06768,11.90789,0
,76.06776,11.90809,0
,76.06814,11.90882,0
,76.06817,11.90904,0
,76.06816,11.90916,0
,76.06797,11.90968,0
,76.06793,11.90974,0
,76.06788,11.90978,0
,76.06787,11.90978,0
,76.06782,11.90984,0
,76.06759,11.90994,0
,76.06746,11.91002,0
,76.06728,11.91016,0
,76.06717,11.91022,0
,76.06707,11.91025,0
,76.067,11.91026,0
,76.06691,11.91025,0
,76.06658,11.91011,0
,76.0665,11.91009,0
,76.06618,11.91011,0
,76.06589,11.91018,0
,76.06585,11.91018,0
,76.06555,11.91023,0
,76.0653,11.91023,0
,76.0652,11.91025,0
,76.06485,11.91044,0
,76.06478,11.91049,0
,76.06473,11.91056,0
,76.06471,11.9106,0
,76.06469,11.91085,0
,76.06464,11.91096,0
,76.0646,11.91102,0
,76.06453,11.9111,0
,76.06433,11.91128,0
,76.06397,11.91156,0
,76.06381,11.91179,0
,76.06344,11.9126,0
,76.06338,11.91268,0
,76.06334,11.91275,0
,76.06303,11.91307,0
,76.06288,11.91332,0
,76.06286,11.91341,0
,76.0629,11.91431,0
,76.06295,11.91457,0
,76.06337,11.91571,0
,76.06348,11.91594,0
,76.06355,11.91614,0
,76.06356,11.91664,0
,76.06362,11.91677,0
,76.06379,11.91694,0
,76.06404,11.91709,0
,76.06437,11.91738,0
,76.0645,11.91757,0
,76.06458,11.91773,0
,76.06486,11.9182,0
,76.06486,11.91821,0
,76.0653,11.91868,0
,76.06556,11.91884,0
,76.06616,11.9191,0
,76.06637,11.91922,0
,76.06648,11.91933,0
,76.06654,11.91944,0
,76.06655,11.91957,0
,76.06647,11.91986,0
,76.06635,11.92055,0
,76.06628,11.9211,0
,76.06624,11.92129,0
,76.06628,11.92148,0
,76.06633,11.92161,0
,76.06635,11.92183,0
,76.06623,11.92227,0
,76.06585,11.92297,0
,76.06582,11.92309,0
,76.06581,11.92321,0
,76.06584,11.92343,0
,76.06606,11.92402,0
,76.06611,11.9242,0
,76.06612,11.92442,0
,76.06609,11.9246,0
,76.06595,11.92502,0
,76.0659,11.92528,0
,76.06588,11.92586,0
,76.06581,11.92616,0
,76.06573,11.92631,0
,76.06557,11.92656,0
,76.06548,11.92673,0
,76.06541,11.92695,0
,76.06538,11.92717,0
,76.06537,11.9274,0
,76.06538,11.92774,0
,76.06541,11.92786,0
,76.06556,11.92875,0
,76.06575,11.92934,0
,76.06587,11.92955,0
,76.06641,11.93011,0
,76.06663,11.93038,0
,76.06697,11.93095,0
,76.06704,11.93112,0
,76.06708,11.93126,0
,76.06708,11.9314,0
,76.06704,11.93157,0
,76.06701,11.93165,0
,76.06698,11.9317,0
,76.06684,11.93186,0
,76.06664,11.932,0
,76.06643,11.93211,0
,76.06628,11.93222,0
,76.06612,11.93236,0
,76.06588,11.93263,0
,76.06565,11.9328,0
,76.06521,11.93289,0
,76.06507,11.93294,0
,76.06499,11.93301,0
,76.06497,11.93305,0
,76.06492,11.93326,0
,76.06488,11.93334,0
,76.06452,11.93366,0
,76.06437,11.93377,0
,76.06424,11.934,0
,76.06418,11.93423,0
,76.06419,11.93442,0
,76.06431,11.93498,0
,76.0646,11.9355,0
,76.06477,11.93588,0
,76.06478,11.93594,0
,76.06482,11.93607,0
,76.06478,11.937,0
,76.0648,11.93716,0
,76.0648,11.93741,0
,76.06478,11.93752,0
,76.06476,11.93755,0
,76.06456,11.93824,0
,76.06451,11.93858,0
,76.06437,11.93895,0
,76.06433,11.93911,0
,76.06432,11.93931,0
,76.06415,11.94022,0
,76.06411,11.94035,0
,76.06401,11.94058,0
,76.06388,11.94097,0
,76.06379,11.9414,0
,76.0638,11.94141,0
,76.06384,11.94164,0
,76.06396,11.94188,0
,76.06435,11.94227,0
,76.06464,11.94264,0
,76.06467,11.94274,0
,76.06468,11.94274,0
,76.06469,11.94276,0
,76.06478,11.94306,0
,76.06481,11.94326,0
,76.0648,11.94364,0
,76.06476,11.94398,0
,76.06468,11.94433,0
,76.06463,11.94519,0
,76.06468,11.94605,0
,76.06467,11.94612,0
,76.06427,11.9474,0
,76.06406,11.94789,0
,76.06403,11.948,0
,76.06401,11.94817,0
,76.06403,11.94835,0
,76.0641,11.94855,0
,76.06424,11.94879,0
,76.06428,11.94882,0
,76.06441,11.94895,0
,76.06468,11.94918,0
,76.06505,11.94959,0
,76.06515,11.94972,0
,76.06525,11.94992,0
,76.06527,11.95,0
,76.06529,11.95022,0
,76.06528,11.95109,0
,76.06522,11.95145,0
,76.06512,11.95183,0
,76.06511,11.95202,0
,76.06513,11.95238,0
,76.06512,11.95252,0
,76.06508,11.95269,0
,76.06504,11.9528,0
,76.06499,11.9529,0
,76.06486,11.95308,0
,76.06473,11.9532,0
,76.0641,11.95352,0
,76.06394,11.95362,0
,76.06373,11.95385,0
,76.06339,11.9543,0
,76.06314,11.95468,0
,76.063,11.95494,0
,76.06299,11.95495,0
,76.06294,11.95507,0
,76.0629,11.95525,0
,76.06285,11.95564,0
,76.06284,11.95567,0
,76.06283,11.95591,0
,76.06285,11.95626,0
,76.06292,11.95653,0
,76.06297,11.95668,0
,76.06297,11.95675,0
,76.06296,11.95681,0
,76.06292,11.95693,0
,76.06286,11.95704,0
,76.06263,11.95786,0
,76.06246,11.95837,0
,76.06226,11.95918,0
,76.06217,11.9594,0
,76.06208,11.95976,0
,76.06205,11.95982,0
,76.06177,11.96011,0
,76.06148,11.96028,0
,76.06118,11.9605,0
,76.06087,11.96069,0
,76.06082,11.96073,0
,76.06048,11.96091,0
,76.06031,11.96108,0
,76.06014,11.96122,0
,76.05993,11.96136,0
,76.0597,11.96154,0
,76.05951,11.96172,0
,76.0593,11.96198,0
,76.05916,11.96221,0
,76.05908,11.96241,0
,76.05884,11.96278,0
,76.05857,11.96306,0
,76.05835,11.9632,0
,76.05807,11.96327,0
,76.05783,11.96328,0
,76.05718,11.96326,0
,76.0568,11.9632,0
,76.05638,11.96307,0
,76.05629,11.96306,0
,76.0562,11.96307,0
,76.05612,11.96309,0
,76.05604,11.96313,0
,76.05595,11.9632,0
,76.05588,11.96328,0
,76.05581,11.96338,0
,76.05577,11.96348,0
,76.05574,11.96359,0
,76.05573,11.96378,0
,76.05575,11.96389,0
,76.05579,11.96401,0
,76.05582,11.96407,0
,76.05587,11.96412,0
,76.05595,11.96417,0
,76.05614,11.96424,0
,76.05638,11.96437,0
,76.0565,11.96447,0
,76.05719,11.96532,0
,76.05724,11.9654,0
,76.05727,11.96548,0
,76.05727,11.96554,0
,76.05724,11.96558,0
,76.05719,11.96561,0
,76.05709,11.96562,0
,76.05703,11.96561,0
,76.05694,11.96555,0
,76.05663,11.96529,0
,76.05652,11.96523,0
,76.05639,11.9652,0
,76.05626,11.96519,0
,76.05586,11.96526,0
,76.05572,11.96531,0
,76.05557,11.96538,0
,76.05443,11.96608,0
,76.0542,11.96625,0
,76.05413,11.96634,0
,76.05402,11.96652,0
,76.0539,11.96682,0
,76.05387,11.96687,0
,76.05382,11.96692,0
,76.05285,11.96764,0
,76.0518,11.96868,0
,76.05171,11.96874,0
,76.05158,11.96879,0
,76.05116,11.96889,0
,76.05096,11.96897,0
,76.05151,11.96903,0
,76.05167,11.96908,0
,76.05176,11.96913,0
,76.05184,11.9692,0
,76.05189,11.96928,0
,76.05189,11.96936,0
,76.05187,11.96947,0
,76.05175,11.9699,0
,76.05174,11.96991,0
,76.05174,11.96994,0
,76.05173,11.96998,0
,76.05173,11.97006,0
,76.05176,11.97035,0
,76.05183,11.97053,0
,76.0521,11.97092,0
,76.05217,11.97104,0
,76.0522,11.97107,0
,76.05229,11.97121,0
,76.05267,11.9716,0
,76.0527,11.97165,0
,76.05276,11.9718,0
,76.05279,11.97191,0
,76.05279,11.9722,0
,76.05277,11.97233,0
,76.05269,11.97253,0
,76.05269,11.97264,0
,76.05271,11.97275,0
,76.05281,11.97295,0
,76.05312,11.97343,0
,76.05369,11.97417,0
,76.05415,11.97466,0
,76.05423,11.97476,0
,76.05426,11.97482,0
,76.0543,11.97497,0
,76.05432,11.97516,0
,76.05432,11.97525,0
,76.0544,11.97556,0
,76.05478,11.97634,0
,76.05478,11.97636,0
,76.05493,11.9767,0
,76.05524,11.97752,0
,76.05526,11.97774,0
,76.05524,11.97778,0
,76.0552,11.97782,0
,76.05513,11.97787,0
,76.05504,11.97791,0
,76.05468,11.97795,0
,76.0546,11.97798,0
,76.05455,11.97801,0
,76.05448,11.97811,0
,76.05447,11.97816,0
,76.05448,11.97828,0
,76.05449,11.9783,0
,76.05469,11.97909,0
,76.0547,11.97917,0
,76.0547,11.9793,0
,76.05454,11.98001,0
,76.05454,11.98005,0
,76.05444,11.98067,0
,76.05436,11.98093,0
,76.05429,11.98126,0
,76.0543,11.98129,0
,76.0543,11.98148,0
,76.05434,11.98181,0
,76.05442,11.98218,0
,76.05448,11.98289,0
,76.05447,11.98326,0
,76.05442,11.9837,0
,76.0544,11.98421,0
,76.05443,11.98436,0
,76.05455,11.98463,0
,76.0546,11.98481,0
,76.0546,11.98488,0
,76.05458,11.98494,0
,76.05439,11.98524,0
,76.05426,11.9856,0
,76.05424,11.98577,0
,76.05426,11.98588,0
,76.05431,11.98597,0
,76.05458,11.98619,0
,76.05486,11.98639,0
,76.05504,11.98654,0
,76.05513,11.98667,0
,76.05512,11.98674,0
,76.05504,11.98691,0
,76.0546,11.98757,0
,76.05458,11.98772,0
,76.05459,11.98784,0
,76.05459,11.98819,0
,76.05465,11.98905,0
,76.05478,11.98956,0
,76.05477,11.98962,0
,76.05477,11.9897,0
,76.05469,11.99021,0
,76.05463,11.99043,0
,76.05443,11.99074,0
,76.05438,11.99079,0
,76.05391,11.9914,0
,76.05305,11.99212,0
,76.05293,11.99226,0
,76.05275,11.99243,0
,76.05271,11.99253,0
,76.05249,11.9929,0
,76.05239,11.99316,0
,76.0522,11.99395,0
,76.05207,11.99413,0
,76.05187,11.99434,0
,76.05149,11.99482,0
,76.05087,11.9959,0
,76.05056,11.99662,0
,76.05043,11.99726,0
,76.05025,11.9978,0
,76.05024,11.9978,0
,76.05012,11.99807,0
,76.04976,11.99867,0
,76.04959,11.99914,0
,76.04956,11.99943,0
,76.04955,11.99979,0
,76.04956,11.99982,0
,76.04967,12.00112,0
,76.04986,12.00242,0
,76.04996,12.00282,0
,76.05001,12.0031,0
,76.05016,12.00357,0
,76.05035,12.00403,0
,76.05041,12.00433,0
,76.05039,12.00468,0
,76.05023,12.0059,0
,76.05028,12.00651,0
,76.05035,12.00681,0
,76.05035,12.00706,0
,76.0503,12.00738,0
,76.05024,12.00775,0
,76.05021,12.0083,0
,76.05022,12.00866,0
,76.05032,12.00982,0
,76.05028,12.01018,0
,76.05011,12.01078,0
,76.05008,12.01098,0
,76.05005,12.01192,0
,76.05002,12.01218,0
,76.04994,12.01251,0
,76.04965,12.01341,0
,76.04959,12.01377,0
,76.04954,12.01394,0
,76.04939,12.01431,0
,76.04925,12.0146,0
,76.04846,12.016,0
,76.04837,12.01627,0
,76.04767,12.01784,0
,76.0474,12.01851,0
,76.0471,12.01911,0
,76.04675,12.02003,0
,76.04662,12.02043,0
,76.04646,12.02079,0
,76.04635,12.02094,0
,76.04617,12.02113,0
,76.04506,12.02208,0
,76.04477,12.02225,0
,76.04454,12.02242,0
,76.04431,12.02266,0
,76.04379,12.02303,0
,76.0434,12.02326,0
,76.04321,12.02342,0
,76.04304,12.02361,0
,76.0428,12.02396,0
,76.04267,12.02432,0
,76.04264,12.02449,0
,76.04263,12.02464,0
,76.04282,12.02512,0
,76.04299,12.02545,0
,76.04307,12.02565,0
,76.04309,12.02568,0
,76.04314,12.02582,0
,76.04317,12.02617,0
,76.04315,12.02704,0
,76.04309,12.02743,0
,76.04302,12.02824,0
,76.04308,12.02908,0
,76.04316,12.02966,0
,76.04317,12.02968,0
,76.04322,12.02989,0
,76.04437,12.03171,0
,76.04457,12.03199,0
,76.04458,12.03199,0
,76.04473,12.03226,0
,76.045,12.03333,0
,76.045,12.03336,0
,76.04518,12.03437,0
,76.04515,12.03581,0
,76.04522,12.03608,0
,76.04533,12.03637,0
,76.04542,12.03653,0
,76.04612,12.03753,0
,76.04613,12.03759,0
,76.04613,12.03764,0
,76.04612,12.03766,0
,76.04608,12.0377,0
,76.04455,12.03845,0
,76.04419,12.03865,0
,76.04371,12.03897,0
,76.04339,12.03923,0
,76.04293,12.03955,0
,76.04166,12.04059,0
,76.04055,12.04188,0
,76.04025,12.04217,0
,76.03978,12.04255,0
,76.03948,12.04274,0
,76.03929,12.04292,0
,76.03864,12.04376,0
,76.03834,12.04408,0
,76.03779,12.0445,0
,76.03742,12.04474,0
,76.03638,12.04561,0
,76.03615,12.04591,0
,76.03606,12.04609,0
,76.03606,12.0461,0
,76.03595,12.04629,0
,76.03571,12.04657,0
,76.03507,12.04699,0
,76.03466,12.0473,0
,76.03423,12.04767,0
,76.03395,12.04798,0
,76.0339,12.04805,0
,76.03352,12.04877,0
,76.03304,12.04951,0
,76.03287,12.04981,0
,76.03269,12.05004,0
,76.03238,12.05052,0
,76.03199,12.05095,0
,76.03159,12.05133,0
,76.03119,12.05176,0
,76.03006,12.05311,0
,76.02984,12.05341,0
,76.02952,12.05395,0
,76.02911,12.05472,0
,76.02899,12.05505,0
,76.02893,12.05533,0
,76.02883,12.0556,0
,76.0287,12.05576,0
,76.02856,12.05589,0
,76.02833,12.05607,0
,76.02799,12.05621,0
,76.02779,12.05634,0
,76.02742,12.05665,0
,76.02723,12.05674,0
,76.0269,12.05684,0
,76.02604,12.05729,0
,76.02589,12.05739,0
,76.02573,12.05753,0
,76.02547,12.05769,0
,76.02523,12.05793,0
,76.025,12.05812,0
,76.02481,12.05822,0
,76.02446,12.05834,0
,76.02445,12.05834,0
,76.02423,12.05846,0
,76.02387,12.05874,0
,76.02365,12.05905,0
,76.02333,12.05964,0
,76.02313,12.05995,0
,76.02294,12.06019,0
,76.0229,12.06027,0
,76.02273,12.0605,0
,76.02261,12.0606,0
,76.02194,12.06103,0
,76.02179,12.06123,0
,76.02179,12.06135,0
,76.02185,12.06169,0
,76.02184,12.06179,0
,76.02183,12.06182,0
,76.02183,12.06187,0
,76.02175,12.06203,0
,76.02157,12.06226,0
,76.02143,12.06232,0
,76.02079,12.06252,0
,76.02068,12.06252,0
,76.02048,12.06247,0
,76.02039,12.06247,0
,76.02023,12.06251,0
,76.01959,12.06316,0
,76.01955,12.06321,0
,76.01949,12.06332,0
,76.01948,12.06337,0
,76.01948,12.06349,0
,76.01949,12.06355,0
,76.01953,12.06361,0
,76.01995,12.06392,0
,76.02002,12.06395,0
,76.02018,12.06404,0
,76.02064,12.06419,0
,76.02085,12.06435,0
,76.021,12.0645,0
,76.0212,12.06474,0
,76.02139,12.06503,0
,76.02172,12.06542,0
,76.02185,12.06566,0
,76.02187,12.06574,0
,76.02188,12.06589,0
,76.02183,12.06616,0
,76.02179,12.0666,0
,76.02179,12.06674,0
,76.02182,12.0669,0
,76.02193,12.06717,0
,76.0221,12.06748,0
,76.02218,12.06766,0
,76.0222,12.06782,0
,76.02218,12.06789,0
,76.02163,12.06845,0
,76.02121,12.06895,0
,76.02104,12.06918,0
,76.02083,12.06937,0
,76.02016,12.06983,0
,76.01959,12.07013,0
,76.01949,12.07022,0
,76.01942,12.07032,0
,76.01938,12.07042,0
,76.01936,12.0705,0
,76.01934,12.07073,0
,76.01938,12.07125,0
,76.01946,12.07164,0
,76.01946,12.0719,0
,76.01945,12.07198,0
,76.01941,12.07214,0
,76.01893,12.07334,0
,76.01876,12.07411,0
,76.0186,12.07515,0
,76.01851,12.07554,0
,76.01846,12.0759,0
,76.01848,12.07694,0
,76.01847,12.07698,0
,76.01845,12.07721,0
,76.01829,12.07768,0
,76.01794,12.07829,0
,76.01784,12.07842,0
,76.01778,12.07852,0
,76.01772,12.07865,0
,76.01764,12.07877,0
,76.01709,12.07914,0
,76.01693,12.07929,0
,76.0168,12.07949,0
,76.01666,12.07986,0
,76.01665,12.07987,0
,76.01639,12.0806,0
,76.01626,12.0811,0
,76.01625,12.08146,0
,76.01631,12.08242,0
,76.0163,12.08271,0
,76.01626,12.08286,0
,76.01549,12.08476,0
,76.01532,12.08533,0
,76.01519,12.08554,0
,76.01495,12.08585,0
,76.01492,12.08587,0
,76.01467,12.08613,0
,76.01431,12.08659,0
,76.01323,12.08765,0
,76.01268,12.08791,0
,76.01254,12.08796,0
,76.01253,12.08801,0
,76.01252,12.08804,0
,76.01254,12.08808,0
,76.01262,12.08819,0
,76.01267,12.08823,0
,76.01294,12.08834,0
,76.01295,12.08834,0
,76.01297,12.08836,0
,76.01319,12.08846,0
,76.01334,12.0885,0
,76.01352,12.08851,0
,76.01379,12.08848,0
,76.01383,12.08849,0
,76.01454,12.08849,0
,76.0151,12.0884,0
,76.0152,12.0884,0
,76.01559,12.08845,0
,76.01577,12.08849,0
,76.0161,12.0886,0
,76.01623,12.08857,0
,76.01628,12.08857,0
,76.01633,12.08856,0
,76.01672,12.08856,0
,76.0169,12.08854,0
,76.01708,12.08847,0
,76.01725,12.08836,0
,76.0176,12.08803,0
,76.01775,12.08783,0
,76.01787,12.0877,0
,76.01819,12.08744,0
,76.01843,12.08729,0
,76.01872,12.08718,0
,76.01883,12.08715,0
,76.01897,12.08708,0
,76.0191,12.08705,0
,76.01916,12.08705,0
,76.01921,12.08707,0
,76.0193,12.08714,0
,76.01944,12.08731,0
,76.01973,12.08775,0
,76.01985,12.08787,0
,76.02008,12.08801,0
,76.02046,12.08819,0
,76.02057,12.08827,0
,76.02062,12.08835,0
,76.02064,12.08842,0
,76.02064,12.0885,0
,76.02061,12.08858,0
,76.02057,12.08882,0
,76.02062,12.08914,0
,76.02047,12.08927,0
,76.02024,12.08966,0
,76.02004,12.0902,0
,76.01989,12.09047,0
,76.0198,12.09071,0
,76.01969,12.09147,0
,76.01966,12.09181,0
,76.01951,12.09247,0
,76.01937,12.09279,0
,76.01923,12.09303,0
,76.01917,12.09345,0
,76.01913,12.09441,0
,76.01909,12.09467,0
,76.01899,12.09497,0
,76.01874,12.09553,0
,76.01864,12.09568,0
,76.01843,12.0959,0
,76.01824,12.09607,0
,76.0176,12.09652,0
,76.01708,12.0968,0
,76.01623,12.09712,0
,76.01604,12.09722,0
,76.01589,12.09733,0
,76.01531,12.09786,0
,76.01518,12.098,0
,76.01496,12.0982,0
,76.01458,12.09868,0
,76.01438,12.09897,0
,76.0137,12.09975,0
,76.0129,12.1005,0
,76.01263,12.10065,0
,76.01236,12.10072,0
,76.01206,12.10076,0
,76.01185,12.10082,0
,76.01107,12.1013,0
,76.01105,12.10132,0
,76.01088,12.10144,0
,76.01087,12.10144,0
,76.01026,12.10184,0
,76.01017,12.10187,0
,76.00995,12.10203,0
,76.00879,12.10312,0
,76.00834,12.1036,0
,76.00793,12.10408,0
,76.00792,12.1041,0
,76.00718,12.1049,0
,76.00705,12.10501,0
,76.00691,12.10507,0
,76.00676,12.10508,0
,76.00645,12.10505,0
,76.00604,12.10495,0
,76.0057,12.1049,0
,76.00544,12.1049,0
,76.00543,12.10491,0
,76.00451,12.10511,0
,76.00398,12.10515,0
,76.00382,12.10518,0
,76.00379,12.1052,0
,76.00354,12.10529,0
,76.00346,12.10535,0
,76.00302,12.10559,0
,76.00249,12.10569,0
,76.00147,12.10595,0
,76.0001,12.1062,0
,75.99964,12.10619,0
,75.99852,12.10601,0
,75.99816,12.10593,0
,75.99722,12.10578,0
,75.99674,12.10574,0
,75.996,12.10578,0
,75.99543,12.10584,0
,75.99434,12.10601,0
,75.99399,12.10609,0
,75.99371,12.10629,0
,75.99345,12.10651,0
,75.9928,12.10685,0
,75.99225,12.10683,0
,75.99187,12.10685,0
,75.99145,12.10681,0
,75.99112,12.10671,0
,75.99086,12.1066,0
,75.99069,12.10648,0
,75.99026,12.10628,0
,75.98974,12.10617,0
,75.98933,12.10611,0
,75.98813,12.10611,0
,75.98801,12.10613,0
,75.98676,12.10624,0
,75.98636,12.10631,0
,75.986,12.1064,0
,75.98572,12.10656,0
,75.98439,12.10715,0
,75.9841,12.10724,0
,75.98371,12.1072,0
,75.9834,12.1072,0
,75.9831,12.10718,0
,75.98282,12.10714,0
,75.98248,12.10712,0
,75.98226,12.10714,0
,75.98178,12.10722,0
,75.98107,12.10738,0
,75.98069,12.10744,0
,75.98024,12.10745,0
,75.98001,12.10736,0
,75.97938,12.10716,0
,75.979,12.10697,0
,75.97858,12.10679,0
,75.9777,12.10659,0
,75.97737,12.10657,0
,75.97655,12.10663,0
,75.97627,12.10663,0
,75.97602,12.10659,0
,75.97525,12.1063,0
,75.97483,12.10617,0
,75.9745,12.10609,0
,75.97325,12.106,0
,75.97243,12.10605,0
,75.97215,12.10603,0
,75.97163,12.10609,0
,75.9712,12.10623,0
,75.971,12.10631,0
,75.97055,12.10661,0
,75.97036,12.10676,0
,75.97031,12.10681,0
,75.97026,12.10684,0
,75.97015,12.10693,0
,75.97,12.10714,0
,75.96985,12.10728,0
,75.96929,12.10763,0
,75.96878,12.10788,0
,75.96815,12.10813,0
,75.96674,12.10855,0
,75.96611,12.1088,0
,75.96564,12.10896,0
,75.96522,12.10914,0
,75.96498,12.10927,0
,75.96441,12.10979,0
,75.96394,12.11043,0
,75.96368,12.11071,0
,75.96333,12.11094,0
,75.96149,12.11228,0
,75.96134,12.11246,0
,75.96122,12.11276,0
,75.9609,12.11397,0
,75.96074,12.11446,0
,75.96064,12.11526,0
,75.9606,12.11552,0
,75.96053,12.11583,0
,75.96048,12.11598,0
,75.96048,12.11599,0
,75.96036,12.11617,0
,75.96022,12.11633,0
,75.9601,12.11652,0
,75.96007,12.11655,0
,75.96,12.11669,0
,75.95996,12.11682,0
,75.95988,12.117,0
,75.95941,12.11773,0
,75.95934,12.11795,0
,75.95928,12.11821,0
,75.95928,12.11847,0
,75.95937,12.1191,0
,75.95935,12.11931,0
,75.95914,12.12006,0
,75.95891,12.12076,0
,75.95885,12.12087,0
,75.95874,12.12097,0
,75.95785,12.1216,0
,75.95764,12.12178,0
,75.95738,12.12204,0
,75.95734,12.1221,0
,75.95647,12.12266,0
,75.95627,12.12273,0
,75.95592,12.12281,0
,75.95571,12.12291,0
,75.95558,12.12301,0
,75.9552,12.12337,0
,75.95465,12.12405,0
,75.95453,12.12418,0
,75.95402,12.12454,0
,75.95401,12.12454,0
,75.95355,12.12483,0
,75.95327,12.12512,0
,75.95292,12.12562,0
,75.95249,12.12618,0
,75.95205,12.12665,0
,75.95198,12.12677,0
,75.95189,12.12704,0
,75.95186,12.12723,0
,75.95179,12.12745,0
,75.95168,12.12769,0
,75.95116,12.12859,0
,75.95106,12.12892,0
,75.95074,12.12976,0
,75.9507,12.13001,0
,75.95063,12.13026,0
,75.95061,12.1303,0
,75.95053,12.13057,0
,75.95032,12.13107,0
,75.95008,12.13154,0
,75.94995,12.13184,0
,75.94975,12.13259,0
,75.94968,12.13275,0
,75.94966,12.13282,0
,75.94952,12.13309,0
,75.94883,12.13405,0
,75.94839,12.13439,0
,75.9479,12.13494,0
,75.94741,12.13531,0
,75.94604,12.13602,0
,75.94524,12.1364,0
,75.94497,12.13657,0
,75.94464,12.13681,0
,75.94429,12.1371,0
,75.94401,12.13737,0
,75.94377,12.13772,0
,75.94368,12.13834,0
,75.94355,12.13887,0
,75.94352,12.13929,0
,75.94353,12.13938,0
,75.94352,12.13971,0
,75.94355,12.13999,0
,75.9437,12.14053,0
,75.94383,12.14238,0
,75.94389,12.14271,0
,75.94415,12.14335,0
,75.94444,12.14398,0
,75.94457,12.14437,0
,75.94464,12.1447,0
,75.94467,12.145,0
,75.94465,12.14518,0
,75.94459,12.14546,0
,75.94452,12.1457,0
,75.94405,12.14597,0
,75.9439,12.14602,0
,75.94362,12.14616,0
,75.94357,12.14621,0
,75.94345,12.14638,0
,75.94258,12.14798,0
,75.94248,12.14827,0
,75.94237,12.14892,0
,75.94235,12.14939,0
,75.94236,12.15086,0
,75.94234,12.15122,0
,75.94231,12.15143,0
,75.94222,12.15178,0
,75.94203,12.15221,0
,75.94189,12.15246,0
,75.94119,12.15342,0
,75.94055,12.15443,0
,75.94016,12.15514,0
,75.93995,12.15564,0
,75.9399,12.1558,0
,75.93985,12.15612,0
,75.93984,12.15626,0
,75.93982,12.15635,0
,75.93971,12.15663,0
,75.9397,12.15664,0
,75.93955,12.15695,0
,75.93898,12.15788,0
,75.93852,12.15849,0
,75.93822,12.15893,0
,75.93812,12.15911,0
,75.93798,12.15942,0
,75.93791,12.15965,0
,75.93777,12.16036,0
,75.93771,12.16053,0
,75.93756,12.1609,0
,75.93746,12.16108,0
,75.9365,12.16226,0
,75.93635,12.16251,0
,75.93635,12.16253,0
,75.93622,12.16302,0
,75.93619,12.16311,0
,75.93618,12.16314,0
,75.93605,12.16338,0
,75.93544,12.16432,0
,75.93521,12.16477,0
,75.93482,12.16573,0
,75.9348,12.16576,0
,75.93421,12.16717,0
,75.934,12.16781,0
,75.93398,12.16783,0
,75.9336,12.16897,0
,75.93342,12.16962,0
,75.93335,12.17017,0
,75.93336,12.17125,0
,75.93335,12.17144,0
,75.93331,12.17164,0
,75.93313,12.17212,0
,75.93304,12.17249,0
,75.93294,12.1728,0
,75.93263,12.17356,0
,75.93253,12.17385,0
,75.93251,12.17404,0
,75.93252,12.17435,0
,75.93277,12.17563,0
,75.93278,12.17578,0
,75.93277,12.176,0
,75.93269,12.17661,0
,75.93266,12.17741,0
,75.93267,12.17799,0
,75.93272,12.17843,0
,75.93274,12.1788,0
,75.93271,12.179,0
,75.93262,12.17931,0
,75.93256,12.17947,0
,75.93255,12.17947,0
,75.93255,12.17948,0
,75.93227,12.17988,0
,75.93205,12.18024,0
,75.93191,12.18063,0
,75.93177,12.18091,0
,75.93148,12.18134,0
,75.93144,12.18142,0
,75.93136,12.18163,0
,75.93132,12.18178,0
,75.9313,12.18195,0
,75.93131,12.18222,0
,75.93133,12.18234,0
,75.93133,12.1824,0
,75.93135,12.1825,0
,75.93135,12.18269,0
,75.93131,12.18283,0
,75.93124,12.18294,0
,75.93116,12.18302,0
,75.93098,12.18326,0

,75.93098,12.18326,0
,75.93094,12.1833,0
,75.93051,12.18402,0
,75.93157,12.18432,0
,75.93151,12.18452,0
,75.93142,12.18469,0
,75.93133,12.1848,0
,75.93133,12.18481,0
,75.93113,12.18502,0
,75.9308,12.18545,0
,75.93069,12.18567,0
,75.93063,12.18588,0
,75.93063,12.18615,0
,75.93064,12.18628,0
,75.93068,12.18647,0
,75.93068,12.18653,0
,75.93057,12.18723,0
,75.93056,12.18738,0
,75.93057,12.18778,0
,75.9307,12.18866,0
,75.93077,12.18895,0
,75.93079,12.18907,0
,75.93074,12.18983,0
,75.93077,12.1906,0
,75.93076,12.19068,0
,75.93074,12.19075,0
,75.93045,12.19117,0
,75.92956,12.19213,0
,75.92939,12.19235,0
,75.92933,12.19251,0
,75.92931,12.19262,0
,75.9293,12.19276,0
,75.92931,12.19288,0
,75.92935,12.1931,0
,75.92937,12.19356,0
,75.92936,12.19368,0
,75.92941,12.19394,0
,75.9295,12.19411,0
,75.92967,12.19435,0
,75.92989,12.19455,0
,75.93034,12.19508,0
,75.93043,12.19524,0
,75.93055,12.19557,0
,75.93058,12.19576,0
,75.93059,12.19588,0
,75.93059,12.19604,0
,75.93058,12.19611,0
,75.93055,12.19619,0
,75.93046,12.19638,0
,75.93024,12.19662,0
,75.93019,12.19666,0
,75.93014,12.19669,0
,75.92996,12.19677,0
,75.92951,12.19694,0
,75.9295,12.19695,0
,75.92938,12.19699,0
,75.92898,12.19717,0
,75.92867,12.19729,0
,75.92865,12.19729,0
,75.92843,12.19744,0
,75.92825,12.19763,0
,75.92797,12.198,0
,75.92796,12.198,0
,75.92788,12.19811,0
,75.92765,12.19836,0
,75.92723,12.19866,0
,75.92713,12.19872,0
,75.92698,12.19877,0
,75.92648,12.19887,0
,75.92619,12.19896,0
,75.92616,12.19899,0
,75.92599,12.1991,0
,75.92592,12.19921,0
,75.92589,12.19923,0
,75.92577,12.19938,0
,75.9256,12.19962,0
,75.92496,12.20068,0
,75.92447,12.20126,0
,75.92354,12.2022,0
,75.92338,12.20233,0
,75.92257,12.20312,0
,75.92238,12.20334,0
,75.92233,12.20343,0
,75.92221,12.20381,0
,75.92214,12.20411,0
,75.92212,12.20425,0
,75.92207,12.2044,0
,75.92203,12.20447,0
,75.92186,12.20467,0
,75.9218,12.20473,0
,75.92168,12.20483,0
,75.92153,12.20505,0
,75.92149,12.20516,0
,75.92147,12.20532,0
,75.92148,12.20533,0
,75.92148,12.20539,0
,75.92153,12.20552,0
,75.92159,12.20563,0
,75.92168,12.20589,0
,75.9217,12.20599,0
,75.9217,12.20606,0
,75.92169,12.20613,0
,75.92162,12.20624,0
,75.92158,12.20628,0
,75.92152,12.2063,0
,75.92141,12.2063,0
,75.92122,12.20626,0
,75.92101,12.20629,0
,75.92061,12.20646,0
,75.92046,12.20655,0
,75.92035,12.20664,0
,75.92031,12.20669,0
,75.92017,12.20695,0
,75.91994,12.20723,0
,75.91993,12.20728,0
,75.91981,12.20708,0
,75.91955,12.20676,0
,75.91896,12.20626,0
,75.91853,12.20592,0
,75.91786,12.20541,0
,75.91745,12.20506,0
,75.91648,12.2044,0
,75.91632,12.20427,0
,75.9162,12.2041,0
,75.91597,12.20386,0
,75.91553,12.20357,0
,75.91527,12.20344,0
,75.91486,12.20328,0
,75.91455,12.2031,0
,75.91427,12.20289,0
,75.91391,12.20265,0
,75.91356,12.20248,0
,75.91338,12.20242,0
,75.91317,12.20239,0
,75.91293,12.20233,0
,75.9128,12.20231,0
,75.91201,12.20233,0
,75.91192,12.2023,0
,75.9118,12.20228,0
,75.91168,12.20229,0
,75.91145,12.20233,0
,75.91109,12.20243,0
,75.91082,12.20249,0
,75.91008,12.20261,0
,75.90997,12.20266,0
,75.90977,12.20281,0
,75.90968,12.20292,0
,75.90951,12.2032,0
,75.90938,12.20339,0
,75.90922,12.20356,0
,75.9092,12.20359,0
,75.90907,12.20372,0
,75.90866,12.20418,0
,75.90859,12.20423,0
,75.90852,12.20427,0
,75.90842,12.20429,0
,75.90832,12.20429,0
,75.90812,12.20425,0
,75.90778,12.20412,0
,75.90669,12.20387,0
,75.90644,12.20378,0
,75.9063,12.20376,0
,75.90619,12.20376,0
,75.90609,12.20378,0
,75.90608,12.20379,0
,75.906,12.20382,0
,75.90578,12.20399,0
,75.9055,12.20423,0
,75.90535,12.20433,0
,75.90413,12.20497,0
,75.90398,12.20509,0
,75.90374,12.2054,0
,75.90368,12.20553,0
,75.90361,12.2059,0
,75.90364,12.2062,0
,75.90371,12.20643,0
,75.90373,12.20659,0
,75.90379,12.20753,0
,75.90378,12.20764,0
,75.90376,12.20771,0
,75.90369,12.20776,0
,75.90363,12.20778,0
,75.90327,12.20772,0
,75.90312,12.20768,0
,75.90306,12.20767,0
,75.90297,12.20769,0
,75.90255,12.2079,0
,75.90247,12.20793,0
,75.90241,12.20796,0
,75.90232,12.20797,0
,75.90222,12.20797,0
,75.90181,12.2079,0
,75.90175,12.20791,0
,75.9017,12.20793,0
,75.90133,12.20826,0
,75.90117,12.20842,0
,75.90106,12.20859,0
,75.90055,12.20953,0
,75.90018,12.21026,0
,75.90017,12.21029,0
,75.90007,12.21047,0
,75.89986,12.21081,0
,75.89977,12.2109,0
,75.89977,12.21091,0
,75.89973,12.21093,0
,75.89962,12.21102,0
,75.8995,12.21114,0
,75.89929,12.21132,0
,75.89894,12.21168,0
,75.89894,12.21169,0
,75.89804,12.2126,0
,75.89766,12.21306,0
,75.89757,12.21315,0
,75.89745,12.2133,0
,75.89731,12.21341,0
,75.8973,12.21341,0
,75.89721,12.21348,0
,75.89696,12.21364,0
,75.89677,12.21378,0
,75.89662,12.21391,0
,75.89653,12.21402,0
,75.89632,12.21432,0
,75.89605,12.21462,0
,75.89604,12.21462,0
,75.8957,12.21498,0
,75.89536,12.21522,0
,75.89506,12.21541,0
,75.89497,12.21545,0
,75.89487,12.21547,0
,75.89438,12.21547,0
,75.89433,12.21546,0
,75.89355,12.21542,0
,75.89331,12.21546,0
,75.89305,12.21552,0
,75.89272,12.21562,0
,75.89202,12.21591,0
,75.89159,12.21611,0
,75.89151,12.21618,0
,75.89138,12.21632,0
,75.89131,12.21645,0
,75.89078,12.21771,0
,75.89072,12.2179,0
,75.89048,12.2184,0
,75.89025,12.21882,0
,75.88998,12.21915,0
,75.88997,12.21917,0
,75.88936,12.21981,0
,75.88909,12.22007,0
,75.88898,12.22016,0
,75.88884,12.22024,0
,75.8885,12.22039,0
,75.88815,12.22048,0
,75.88797,12.22051,0
,75.88755,12.22053,0
,75.88727,12.22056,0
,75.88569,12.22046,0
,75.88552,12.22048,0
,75.88535,12.22053,0
,75.88534,12.22053,0
,75.88476,12.22079,0
,75.88433,12.22094,0
,75.88399,12.22102,0
,75.8833,12.22108,0
,75.88318,12.22108,0
,75.88302,12.22116,0
,75.88248,12.22121,0
,75.88182,12.22131,0
,75.88028,12.22166,0
,75.87989,12.22188,0
,75.87973,12.22202,0
,75.87963,12.22213,0
,75.87948,12.22242,0
,75.87932,12.2228,0
,75.87924,12.22295,0
,75.87725,12.22567,0
,75.8768,12.22632,0
,75.87679,12.22633,0
,75.87672,12.22647,0
,75.87668,12.22657,0
,75.87668,12.2266,0
,75.87664,12.22685,0
,75.87663,12.22699,0
,75.8766,12.22711,0
,75.87655,12.2272,0
,75.87639,12.22741,0
,75.87628,12.2275,0
,75.87616,12.22758,0
,75.87602,12.22764,0
,75.876,12.22764,0
,75.87585,12.22771,0
,75.87521,12.22786,0
,75.87498,12.22795,0
,75.87495,12.22797,0
,75.87453,12.22816,0
,75.87416,12.22829,0
,75.87415,12.22829,0
,75.87379,12.22838,0
,75.8737,12.22841,0
,75.87357,12.22847,0
,75.87339,12.22859,0
,75.87216,12.22931,0
,75.872,12.22942,0
,75.87184,12.22956,0
,75.87118,12.22998,0
,75.87117,12.22998,0
,75.87003,12.23068,0
,75.87001,12.2307,0
,75.86892,12.23136,0
,75.8689,12.23138,0
,75.86841,12.23164,0
,75.86726,12.23238,0
,75.86719,12.23244,0
,75.86651,12.23293,0
,75.86618,12.23322,0
,75.86607,12.2333,0
,75.86583,12.23359,0
,75.8656,12.23392,0
,75.86525,12.23459,0
,75.86513,12.23479,0
,75.86491,12.23509,0
,75.86481,12.23516,0
,75.86469,12.23523,0
,75.86467,12.23523,0
,75.86447,12.23533,0
,75.86428,12.23545,0
,75.8641,12.23558,0
,75.86353,12.23595,0
,75.86319,12.23623,0
,75.86277,12.23666,0
,75.86237,12.23713,0
,75.86228,12.23719,0
,75.86158,12.23772,0
,75.86058,12.23854,0
,75.86045,12.2386,0
,75.8603,12.23862,0
,75.86022,12.23864,0
,75.85982,12.23869,0
,75.85953,12.23876,0
,75.85876,12.23907,0
,75.85806,12.2394,0
,75.85766,12.23962,0
,75.85795,12.23967,0
,75.85816,12.23972,0
,75.85831,12.23977,0
,75.85859,12.2399,0
,75.8588,12.24002,0
,75.85919,12.2403,0
,75.85935,12.24043,0
,75.85951,12.24058,0
,75.86006,12.24119,0
,75.86023,12.2414,0
,75.8603,12.24147,0
,75.86104,12.24251,0
,75.86138,12.24303,0
,75.86139,12.24303,0
,75.862,12.24383,0
,75.86255,12.2444,0
,75.86284,12.24477,0
,75.86313,12.24522,0
,75.86322,12.24545,0
,75.86325,12.24557,0
,75.86326,12.24558,0
,75.86333,12.24581,0
,75.86421,12.24786,0
,75.86458,12.24854,0
,75.86492,12.24908,0
,75.86508,12.24936,0
,75.86519,12.24952,0
,75.86532,12.24966,0
,75.86534,12.24967,0
,75.86585,12.25015,0
,75.86646,12.25062,0
,75.86666,12.2508,0
,75.86716,12.25151,0
,75.86812,12.25278,0
,75.86814,12.25282,0
,75.86865,12.25357,0
,75.86897,12.25409,0
,75.86898,12.25412,0
,75.86903,12.25418,0
,75.86905,12.25422,0
,75.86962,12.25501,0
,75.86964,12.25509,0
,75.86973,12.25533,0
,75.86993,12.25604,0
,75.86996,12.25624,0
,75.86995,12.25639,0
,75.86962,12.25709,0
,75.86945,12.25735,0
,75.8693,12.25749,0
,75.86914,12.25768,0
,75.86895,12.25804,0
,75.8689,12.25819,0
,75.86883,12.25828,0
,75.86854,12.25851,0
,75.86845,12.25861,0
,75.8684,12.25871,0
,75.86837,12.25887,0
,75.86837,12.25889,0
,75.86844,12.25901,0
,75.8687,12.2593,0
,75.86877,12.25944,0
,75.86878,12.25956,0
,75.86878,12.25973,0
,75.86875,12.25985,0
,75.86868,12.26001,0
,75.86861,12.26014,0
,75.86833,12.26056,0
,75.86824,12.26086,0
,75.86821,12.26101,0
,75.86817,12.26151,0
,75.86821,12.26246,0
,75.86825,12.2627,0
,75.86829,12.26279,0
,75.8683,12.26287,0
,75.8683,12.26291,0
,75.86828,12.263,0
,75.86826,12.26305,0
,75.86809,12.26325,0
,75.86807,12.26327,0
,75.86793,12.26337,0
,75.86788,12.26339,0
,75.86771,12.26343,0
,75.86764,12.26344,0
,75.86742,12.26342,0
,75.86728,12.26342,0
,75.86724,12.26343,0
,75.86713,12.26344,0
,75.86697,12.26348,0
,75.86659,12.26365,0
,75.86654,12.26369,0
,75.86654,12.2637,0
,75.86642,12.26382,0
,75.86635,12.26392,0
,75.86613,12.26429,0
,75.86613,12.2643,0
,75.86588,12.26471,0
,75.86571,12.26512,0
,75.86564,12.26526,0
,75.8656,12.26536,0
,75.86556,12.26543,0
,75.8655,12.26551,0
,75.86531,12.26569,0
,75.86513,12.26584,0
,75.86488,12.26608,0
,75.86479,12.2662,0
,75.86475,12.26632,0
,75.86474,12.26639,0
,75.86472,12.26647,0
,75.86472,12.26662,0
,75.86474,12.26683,0
,75.86474,12.26693,0
,75.86475,12.267,0
,75.86479,12.26712,0
,75.86485,12.26725,0
,75.86491,12.26735,0
,75.86501,12.26747,0
,75.8651,12.26755,0
,75.86533,12.26768,0
,75.86553,12.26773,0
,75.86643,12.2678,0
,75.86649,12.26781,0
,75.86652,12.26783,0
,75.86655,12.26784,0
,75.8666,12.26788,0
,75.86664,12.26799,0
,75.86664,12.26805,0
,75.86663,12.26809,0
,75.86647,12.2685,0
,75.86644,12.26878,0
,75.86645,12.26888,0
,75.86645,12.26916,0
,75.86643,12.26929,0
,75.8664,12.26937,0
,75.86637,12.26943,0
,75.86632,12.2695,0
,75.86581,12.26994,0
,75.86565,12.27015,0
,75.86547,12.27042,0
,75.86547,12.27043,0
,75.86531,12.2707,0
,75.8653,12.27078,0
,75.86528,12.27085,0
,75.86529,12.27128,0
,75.86534,12.27181,0
,75.86534,12.27248,0
,75.86535,12.27253,0
,75.86536,12.27265,0
,75.86538,12.27274,0
,75.86544,12.27287,0
,75.86558,12.273,0
,75.86572,12.2731,0
,75.86652,12.27357,0
,75.86657,12.27359,0
,75.8668,12.27375,0
,75.86701,12.27392,0
,75.86718,12.2741,0
,75.86719,12.27412,0
,75.86737,12.27434,0
,75.86754,12.27461,0
,75.86791,12.2753,0
,75.868,12.27542,0
,75.86822,12.27568,0
,75.86865,12.27605,0
,75.86893,12.27625,0
,75.8699,12.27706,0
,75.8703,12.27744,0
,75.87049,12.27765,0
,75.87055,12.27774,0
,75.87066,12.27788,0
,75.87067,12.27788,0
,75.87086,12.27813,0
,75.87089,12.27816,0
,75.8714,12.27903,0
,75.87149,12.27921,0
,75.87161,12.27949,0
,75.87223,12.28143,0
,75.87223,12.28144,0
,75.8723,12.28164,0
,75.8725,12.2821,0
,75.87268,12.28258,0
,75.87274,12.28278,0
,75.87277,12.28284,0
,75.87289,12.28301,0
,75.87297,12.28307,0
,75.87313,12.28316,0
,75.87333,12.28324,0
,75.87349,12.28329,0
,75.87373,12.2834,0
,75.87376,12.28343,0
,75.87384,12.28348,0
,75.87387,12.28352,0
,75.8739,12.28354,0
,75.87402,12.2837,0
,75.87404,12.28375,0
,75.87408,12.28392,0
,75.87409,12.28394,0
,75.8741,12.28406,0
,75.87411,12.2848,0
,75.87403,12.28575,0
,75.87404,12.28601,0
,75.87406,12.28612,0
,75.87407,12.28619,0
,75.87409,12.28625,0
,75.8741,12.28626,0
,75.87426,12.28677,0
,75.87429,12.28702,0
,75.87429,12.28709,0
,75.87427,12.28729,0
,75.87425,12.2874,0
,75.87416,12.28764,0
,75.87408,12.2878,0
,75.87408,12.28782,0
,75.87375,12.28847,0
,75.87358,12.28876,0
,75.87326,12.28924,0
,75.87323,12.28927,0
,75.87315,12.28939,0
,75.8731,12.28949,0
,75.87306,12.2896,0
,75.87302,12.28978,0
,75.87301,12.28987,0
,75.87301,12.28997,0
,75.87303,12.29008,0
,75.8731,12.29028,0
,75.87333,12.29079,0
,75.87382,12.29167,0
,75.87393,12.29197,0
,75.87397,12.29211,0
,75.87413,12.29287,0
,75.87424,12.29366,0
,75.87453,12.29521,0
,75.87494,12.29655,0
,75.87495,12.2967,0
,75.87501,12.29701,0
,75.87481,12.29881,0
,75.87475,12.29909,0
,75.87473,12.29913,0
,75.87471,12.29919,0
,75.87466,12.29925,0
,75.87455,12.29936,0
,75.87453,12.29937,0
,75.8742,12.29968,0
,75.87395,12.29996,0
,75.8739,12.30003,0
,75.87369,12.30028,0
,75.87337,12.30072,0
,75.87306,12.30122,0
,75.87296,12.30133,0
,75.87294,12.30134,0
,75.87268,12.30152,0
,75.87201,12.30192,0
,75.87098,12.30245,0
,75.87079,12.30258,0
,75.8706,12.30273,0
,75.87047,12.30285,0
,75.8703,12.30304,0
,75.87018,12.30322,0
,75.86995,12.30363,0
,75.86957,12.30438,0
,75.86919,12.3053,0
,75.86909,12.30559,0
,75.86855,12.30691,0
,75.86827,12.30744,0
,75.86819,12.30754,0
,75.86786,12.30786,0
,75.86726,12.30838,0
,75.86669,12.30895,0
,75.86658,12.30909,0
,75.86643,12.30935,0
,75.86632,12.30961,0
,75.86621,12.30996,0
,75.86615,12.31028,0
,75.86597,12.31101,0
,75.86582,12.31148,0
,75.86573,12.31172,0
,75.8656,12.31194,0
,75.86542,12.3122,0
,75.86531,12.31231,0
,75.86508,12.31257,0
,75.86494,12.31277,0
,75.86436,12.3139,0
,75.86421,12.31429,0
,75.86418,12.3144,0
,75.8641,12.31486,0
,75.86408,12.31508,0
,75.86393,12.31574,0
,75.8636,12.31659,0
,75.86348,12.31685,0
,75.86336,12.31716,0
,75.86331,12.31743,0
,75.86326,12.31789,0
,75.86326,12.31799,0
,75.86331,12.31838,0
,75.86361,12.31978,0
,75.86361,12.31998,0
,75.8636,12.32009,0
,75.86354,12.32037,0
,75.86338,12.32067,0
,75.86324,12.32078,0
,75.86254,12.32114,0
,75.86235,12.32126,0
,75.86221,12.32138,0
,75.86192,12.3216,0
,75.86133,12.3222,0
,75.86116,12.32233,0
,75.86103,12.3224,0
,75.8606,12.32258,0
,75.86051,12.32264,0
,75.86043,12.32272,0
,75.86041,12.32276,0
,75.86037,12.3228,0
,75.8603,12.32298,0
,75.86028,12.32309,0
,75.86028,12.32318,0
,75.8603,12.32325,0
,75.86033,12.3233,0
,75.86038,12.32335,0
,75.86114,12.32397,0
,75.86127,12.3241,0
,75.86143,12.32429,0
,75.86148,12.32437,0
,75.86155,12.32452,0
,75.86166,12.32527,0
,75.86174,12.32563,0
,75.86179,12.32601,0
,75.86178,12.32628,0
,75.86176,12.32644,0
,75.86176,12.32651,0
,75.86174,12.32666,0
,75.86166,12.32695,0
,75.86156,12.32715,0
,75.86143,12.32731,0
,75.86111,12.32761,0
,75.86099,12.32771,0
,75.86095,12.32773,0
,75.86063,12.32797,0
,75.85996,12.32837,0
,75.8598,12.32844,0
,75.85974,12.32847,0
,75.85966,12.32849,0
,75.85962,12.32849,0
,75.85959,12.3285,0
,75.85954,12.3285,0
,75.85949,12.32848,0
,75.85943,12.32847,0
,75.85927,12.3284,0
,75.859,12.32825,0
,75.859,12.32824,0
,75.85879,12.32812,0
,75.85876,12.32811,0
,75.85871,12.32811,0
,75.85865,12.32813,0
,75.85858,12.32817,0
,75.85848,12.32824,0
,75.85818,12.32854,0
,75.85794,12.32882,0
,75.85793,12.32884,0
,75.85782,12.32893,0
,75.85763,12.329,0
,75.8575,12.32906,0
,75.85742,12.32912,0
,75.85738,12.32916,0
,75.85732,12.32925,0
,75.85719,12.32934,0
,75.85703,12.32943,0
,75.85694,12.32952,0
,75.85689,12.32959,0
,75.85688,12.32962,0
,75.85687,12.3297,0
,75.85683,12.32984,0
,75.85673,12.33002,0
,75.85668,12.33008,0
,75.85668,12.33009,0
,75.85634,12.33047,0
,75.85621,12.33065,0
,75.85615,12.33077,0
,75.85614,12.33081,0
,75.85613,12.3309,0
,75.85613,12.33096,0
,75.85615,12.33102,0
,75.85615,12.33105,0
,75.85622,12.33115,0
,75.85634,12.33127,0
,75.85693,12.3309,0
,75.85728,12.33076,0
,75.85753,12.3307,0
,75.8578,12.33067,0
,75.85793,12.33067,0
,75.85813,12.3307,0
,75.85822,12.33073,0
,75.85863,12.33091,0
,75.85953,12.33148,0
,75.85954,12.3315,0
,75.85966,12.3316,0
,75.8597,12.33169,0
,75.85972,12.3318,0
,75.85973,12.33181,0
,75.85974,12.33197,0
,75.85973,12.3325,0
,75.85987,12.33314,0
,75.85999,12.33355,0
,75.86003,12.33382,0
,75.85996,12.33419,0
,75.85992,12.33461,0
,75.85998,12.33475,0
,75.86001,12.33479,0
,75.8601,12.33488,0
,75.86021,12.33495,0
,75.86032,12.33499,0
,75.86046,12.335,0
,75.86049,12.33501,0
,75.86069,12.33502,0
,75.86076,12.33503,0
,75.86081,12.33505,0
,75.86089,12.33511,0
,75.86093,12.33516,0
,75.86096,12.33523,0
,75.86096,12.3354,0
,75.86077,12.33583,0
,75.8607,12.33604,0
,75.86068,12.33617,0
,75.86068,12.33622,0
,75.86069,12.33628,0
,75.86073,12.33634,0
,75.86076,12.33637,0
,75.8608,12.3364,0
,75.86088,12.33644,0
,75.86096,12.33646,0
,75.86104,12.33649,0
,75.86107,12.33649,0
,75.86113,12.33651,0
,75.86122,12.33651,0
,75.86145,12.33653,0
,75.86198,12.33649,0
,75.86257,12.33647,0
,75.86269,12.33648,0
,75.86288,12.33652,0
,75.86309,12.33658,0
,75.86323,12.33661,0
,75.86372,12.33668,0
,75.86442,12.3369,0
,75.86448,12.33695,0
,75.86458,12.33711,0
,75.86465,12.33732,0
,75.86466,12.3374,0
,75.86465,12.33753,0
,75.86463,12.33761,0
,75.86458,12.33775,0
,75.86448,12.33796,0
,75.8643,12.33822,0
,75.86412,12.3384,0
,75.86343,12.33898,0
,75.86335,12.33903,0
,75.86328,12.33906,0
,75.86297,12.33916,0
,75.86293,12.33918,0
,75.8629,12.33921,0
,75.86286,12.33932,0
,75.86286,12.33937,0
,75.86291,12.33948,0
,75.86296,12.33956,0
,75.863,12.3396,0
,75.86307,12.33965,0
,75.8632,12.33966,0
,75.86342,12.33965,0
,75.8637,12.3396,0
,75.86388,12.33955,0
,75.86397,12.33954,0
,75.86404,12.33954,0
,75.86411,12.33955,0
,75.86435,12.33965,0
,75.86455,12.33978,0
,75.86469,12.33991,0
,75.86475,12.34,0
,75.86481,12.34017,0
,75.86486,12.3408,0
,75.86493,12.34111,0
,75.86502,12.34139,0
,75.86514,12.34166,0
,75.86519,12.34169,0
,75.86523,12.3417,0
,75.86528,12.3417,0
,75.86537,12.34167,0
,75.86543,12.3416,0
,75.86558,12.34113,0
,75.86569,12.34087,0
,75.8657,12.34086,0
,75.86586,12.34055,0
,75.86613,12.34019,0
,75.8664,12.33988,0
,75.86649,12.33979,0
,75.86659,12.33971,0
,75.86667,12.33966,0
,75.86678,12.33962,0
,75.86691,12.33959,0
,75.8671,12.33959,0
,75.86762,12.33965,0
,75.86781,12.3397,0
,75.86794,12.33975,0
,75.86912,12.34035,0
,75.86935,12.34045,0
,75.86944,12.34048,0
,75.8701,12.34058,0
,75.87045,12.34069,0
,75.87051,12.34074,0
,75.87061,12.3408,0
,75.87069,12.34088,0
,75.87076,12.341,0
,75.87079,12.34108,0
,75.87079,12.34126,0
,75.87076,12.34141,0
,75.87038,12.34249,0
,75.87014,12.34297,0
,75.87003,12.34315,0
,75.86973,12.3435,0
,75.86954,12.34377,0
,75.86945,12.34395,0
,75.86936,12.34418,0
,75.86933,12.34429,0
,75.86931,12.3444,0
,75.86933,12.34461,0
,75.86937,12.34475,0
,75.86945,12.34489,0
,75.86952,12.34499,0
,75.86987,12.34529,0
,75.86997,12.34539,0
,75.87008,12.34556,0
,75.87013,12.34569,0
,75.87014,12.34588,0
,75.87013,12.34599,0
,75.87007,12.34612,0
,75.86968,12.34673,0
,75.86962,12.34686,0
,75.86961,12.34693,0
,75.86961,12.347,0
,75.86962,12.34708,0
,75.86964,12.34715,0
,75.86975,12.34731,0
,75.87014,12.34773,0
,75.87031,12.34796,0
,75.87038,12.34809,0
,75.87045,12.34828,0
,75.87049,12.34845,0
,75.87049,12.34859,0
,75.87047,12.34869,0
,75.87046,12.34879,0
,75.87034,12.34913,0
,75.87024,12.34948,0
,75.87022,12.3496,0
,75.87022,12.34969,0
,75.87023,12.34975,0
,75.87025,12.34981,0
,75.87036,12.34992,0
,75.87086,12.35015,0
,75.87094,12.35018,0
,75.87106,12.35019,0
,75.87131,12.35019,0
,75.87142,12.35018,0
,75.87157,12.3502,0
,75.87168,12.35023,0
,75.87193,12.35032,0
,75.87204,12.35033,0
,75.87211,12.35033,0
,75.87221,12.35031,0
,75.87226,12.35029,0
,75.87231,12.35026,0
,75.87301,12.34975,0
,75.87309,12.3497,0
,75.87325,12.34964,0
,75.87334,12.34962,0
,75.87352,12.3496,0
,75.87361,12.34962,0
,75.87389,12.34973,0
,75.87406,12.34983,0
,75.8741,12.34986,0
,75.87419,12.34998,0
,75.87426,12.3501,0
,75.87434,12.35029,0
,75.87436,12.35043,0
,75.87436,12.3511,0
,75.87438,12.35152,0
,75.87439,12.3516,0
,75.87443,12.35177,0
,75.87444,12.35179,0
,75.87445,12.35186,0
,75.87448,12.35194,0
,75.87453,12.35204,0
,75.87476,12.35237,0
,75.87514,12.35277,0
,75.87544,12.35297,0
,75.87577,12.35313,0
,75.87629,12.35327,0
,75.87775,12.35359,0
,75.87823,12.35361,0
,75.87865,12.35366,0
,75.87927,12.3538,0
,75.87963,12.3539,0
,75.87973,12.35392,0
,75.87983,12.35395,0
,75.88007,12.35398,0
,75.88022,12.35401,0
,75.8808,12.35406,0
,75.88117,12.35415,0
,75.88119,12.35415,0
,75.88159,12.35434,0
,75.88187,12.35452,0
,75.88216,12.35463,0
,75.88221,12.35464,0
,75.88257,12.3548,0
,75.88271,12.3549,0
,75.88325,12.3555,0
,75.88333,12.35556,0
,75.8834,12.35563,0
,75.88381,12.35592,0
,75.88383,12.35594,0
,75.88455,12.3564,0
,75.88497,12.35677,0
,75.885,12.35681,0
,75.88512,12.35692,0
,75.88541,12.35733,0
,75.88546,12.35742,0
,75.8855,12.35757,0
,75.8855,12.35763,0
,75.88542,12.35791,0
,75.88488,12.35925,0
,75.88451,12.36009,0
,75.88442,12.36033,0
,75.88438,12.36053,0
,75.88436,12.36082,0
,75.88436,12.36099,0
,75.88439,12.36112,0
,75.88447,12.36136,0
,75.88456,12.36156,0
,75.8849,12.3621,0
,75.88512,12.36236,0
,75.88513,12.36236,0
,75.88531,12.36256,0
,75.88562,12.36284,0
,75.8863,12.36329,0
,75.88633,12.36332,0
,75.88642,12.36344,0
,75.88645,12.36347,0
,75.88649,12.36364,0
,75.88651,12.36384,0
,75.88655,12.36405,0
,75.88657,12.36412,0
,75.88667,12.36434,0
,75.88677,12.3645,0
,75.88685,12.3646,0
,75.887,12.36474,0
,75.88702,12.36475,0
,75.88712,12.36484,0
,75.88793,12.36545,0
,75.88815,12.36567,0
,75.88836,12.36598,0
,75.88873,12.36666,0
,75.88885,12.36681,0
,75.8889,12.36685,0
,75.88918,12.36702,0
,75.88927,12.36716,0
,75.88932,12.36735,0
,75.88935,12.36752,0
,75.88939,12.36764,0
,75.88949,12.36786,0
,75.88969,12.3682,0
,75.88981,12.36849,0
,75.88987,12.36858,0
,75.88997,12.36869,0
,75.89004,12.36875,0
,75.89018,12.36885,0
,75.89039,12.36905,0
,75.8905,12.36919,0
,75.89058,12.36931,0
,75.8907,12.36955,0
,75.89105,12.37012,0
,75.89111,12.37029,0
,75.89116,12.37057,0
,75.89128,12.37104,0
,75.89133,12.37117,0
,75.89136,12.37122,0
,75.89143,12.37131,0
,75.89149,12.37135,0
,75.89184,12.37147,0
,75.89216,12.37164,0
,75.89224,12.3717,0
,75.89231,12.37178,0
,75.89242,12.37196,0
,75.89252,12.3721,0
,75.89256,12.37219,0
,75.89267,12.37237,0
,75.89271,12.37241,0
,75.89284,12.37248,0
,75.89291,12.37251,0
,75.89303,12.37254,0
,75.8937,12.37263,0
,75.89407,12.37273,0
,75.89442,12.37286,0
,75.89487,12.37308,0
,75.89494,12.37314,0
,75.89506,12.37327,0
,75.89512,12.37344,0
,75.89527,12.3737,0
,75.89547,12.37388,0
,75.89564,12.374,0
,75.89616,12.37442,0
,75.8962,12.37447,0
,75.89626,12.37461,0
,75.89627,12.37462,0
,75.89635,12.37485,0
,75.89645,12.37509,0
,75.89693,12.37593,0
,75.89785,12.37739,0
,75.89791,12.37746,0
,75.89798,12.37751,0
,75.89808,12.37756,0
,75.89947,12.37804,0
,75.89961,12.37808,0
,75.89994,12.37815,0
,75.9005,12.37824,0
,75.90068,12.37828,0
,75.90084,12.37834,0
,75.90116,12.37851,0
,75.90228,12.37903,0
,75.90239,12.3791,0
,75.90244,12.37915,0
,75.90248,12.3792,0
,75.90273,12.37964,0
,75.90276,12.37968,0
,75.90281,12.37979,0
,75.90285,12.37986,0
,75.9029,12.3799,0
,75.90299,12.37999,0
,75.90332,12.38023,0
,75.90342,12.38032,0
,75.90364,12.38063,0
,75.9038,12.38091,0
,75.90384,12.38096,0
,75.90387,12.38101,0
,75.90396,12.3811,0
,75.90481,12.38177,0
,75.90485,12.38186,0
,75.90489,12.38229,0
,75.90494,12.38347,0
,75.90497,12.38365,0
,75.90501,12.3838,0
,75.90522,12.38435,0
,75.90523,12.38436,0
,75.90525,12.38446,0
,75.90525,12.38455,0
,75.9052,12.3848,0
,75.90493,12.38564,0
,75.90482,12.38606,0
,75.90452,12.38823,0
,75.90448,12.38843,0
,75.90446,12.3886,0
,75.90446,12.38875,0
,75.90447,12.38885,0
,75.90452,12.38898,0
,75.90472,12.38965,0
,75.90477,12.38978,0
,75.90482,12.38988,0
,75.90498,12.39009,0
,75.90538,12.3907,0
,75.90548,12.39089,0
,75.90557,12.39113,0
,75.90562,12.39135,0
,75.90576,12.39236,0
,75.90577,12.3925,0
,75.90575,12.39266,0
,75.90571,12.39281,0
,75.90549,12.39321,0
,75.90522,12.39359,0
,75.9051,12.39383,0
,75.90504,12.394,0
,75.90498,12.39424,0
,75.90488,12.39478,0
,75.9048,12.39506,0
,75.90473,12.39542,0
,75.90475,12.39734,0
,75.90473,12.39763,0
,75.90475,12.39793,0
,75.90479,12.39802,0
,75.90488,12.39818,0
,75.90528,12.39877,0
,75.90562,12.39933,0
,75.90565,12.39939,0
,75.90565,12.39945,0
,75.90564,12.39953,0
,75.90562,12.3996,0
,75.90555,12.39975,0
,75.90537,12.40005,0
,75.90474,12.40084,0
,75.90463,12.40101,0
,75.90458,12.40111,0
,75.9045,12.40133,0
,75.90447,12.40145,0
,75.90448,12.40161,0
,75.90449,12.40164,0
,75.90452,12.40192,0
,75.90454,12.402,0
,75.90455,12.40201,0
,75.90456,12.40207,0
,75.90461,12.40222,0
,75.9047,12.40241,0
,75.90478,12.4025,0
,75.90487,12.40256,0
,75.90495,12.40259,0
,75.9051,12.40261,0
,75.90531,12.40262,0
,75.90557,12.40266,0
,75.90579,12.40273,0
,75.90592,12.40279,0
,75.90643,12.40308,0
,75.90659,12.40319,0
,75.90671,12.40329,0
,75.90682,12.40342,0
,75.90695,12.40354,0
,75.90698,12.40358,0
,75.90739,12.40399,0
,75.90747,12.40406,0
,75.90752,12.40413,0
,75.90755,12.40419,0
,75.90757,12.40427,0
,75.90759,12.40446,0
,75.9076,12.40481,0
,75.90762,12.40498,0
,75.90768,12.40513,0
,75.90774,12.40525,0
,75.90836,12.40611,0
,75.90972,12.40821,0
,75.91021,12.40901,0
,75.91031,12.40914,0
,75.91031,12.40915,0
,75.91042,12.40925,0
,75.91044,12.40928,0
,75.91062,12.40942,0
,75.91095,12.40957,0
,75.91108,12.4096,0
,75.91172,12.4097,0
,75.91189,12.40976,0
,75.91214,12.40989,0
,75.91221,12.4099,0
,75.91229,12.4099,0
,75.91233,12.40989,0
,75.91241,12.40985,0
,75.91248,12.4098,0
,75.91257,12.40972,0
,75.91276,12.40964,0
,75.91285,12.40964,0
,75.91292,12.40963,0
,75.91317,12.40973,0
,75.91324,12.40978,0
,75.91354,12.41015,0
,75.91416,12.41102,0
,75.91443,12.41134,0
,75.91447,12.41142,0
,75.91453,12.41164,0
,75.91458,12.41194,0
,75.91471,12.41236,0
,75.91475,12.41256,0
,75.91481,12.41272,0
,75.91498,12.41305,0
,75.91506,12.41326,0
,75.91515,12.41349,0
,75.91544,12.41398,0
,75.91556,12.41415,0
,75.91644,12.4151,0
,75.91678,12.41566,0
,75.91693,12.41595,0
,75.91707,12.4161,0
,75.91728,12.41624,0
,75.9185,12.41689,0
,75.91863,12.41701,0
,75.91868,12.41707,0
,75.91872,12.41716,0
,75.91871,12.41767,0
,75.91876,12.41874,0
,75.91881,12.41907,0
,75.91891,12.41951,0
,75.91895,12.41962,0
,75.91909,12.42017,0
,75.91921,12.42085,0
,75.91921,12.42087,0
,75.91926,12.42102,0
,75.91926,12.42104,0
,75.91942,12.42158,0
,75.91961,12.42211,0
,75.91964,12.42222,0
,75.91966,12.42226,0
,75.91968,12.42235,0
,75.91971,12.42262,0
,75.9197,12.42314,0
,75.91971,12.4232,0
,75.91971,12.42325,0
,75.9199,12.42387,0
,75.91998,12.42426,0
,75.92,12.42448,0
,75.92,12.42456,0
,75.92002,12.42463,0
,75.92012,12.42489,0
,75.92015,12.42502,0
,75.92018,12.42531,0
,75.92014,12.42644,0
,75.92016,12.42665,0
,75.92018,12.42674,0
,75.92027,12.42702,0
,75.92034,12.42717,0
,75.92036,12.42725,0
,75.92037,12.42737,0
,75.92034,12.42772,0
,75.92033,12.42812,0
,75.92038,12.42865,0
,75.92041,12.42881,0
,75.92048,12.429,0
,75.92052,12.42914,0
,75.9206,12.42932,0
,75.92075,12.42977,0
,75.92085,12.43027,0
,75.9209,12.43071,0
,75.92097,12.431,0
,75.92114,12.43149,0
,75.92122,12.43191,0
,75.92124,12.43229,0
,75.92127,12.43251,0
,75.92129,12.43257,0
,75.92131,12.43267,0
,75.92134,12.43275,0
,75.92134,12.43277,0
,75.92151,12.43314,0
,75.92165,12.4334,0
,75.92175,12.43356,0
,75.92185,12.43366,0
,75.92195,12.43374,0
,75.92209,12.43382,0
,75.92236,12.43391,0
,75.92411,12.43414,0
,75.92414,12.43415,0
,75.92428,12.43422,0
,75.92436,12.43431,0
,75.92437,12.43432,0
,75.92443,12.43447,0
,75.92454,12.43569,0
,75.92455,12.43657,0
,75.92472,12.43774,0
,75.92479,12.43796,0
,75.92483,12.43809,0
,75.92523,12.43883,0
,75.92533,12.43909,0
,75.92539,12.43931,0
,75.92559,12.44041,0
,75.92579,12.44092,0
,75.92582,12.44098,0
,75.92607,12.44161,0
,75.92611,12.44196,0
,75.92611,12.44207,0
,75.92609,12.44214,0
,75.92606,12.44221,0
,75.92602,12.44224,0
,75.92564,12.44242,0
,75.92531,12.44262,0
,75.92525,12.44267,0
,75.92523,12.44268,0
,75.92511,12.44288,0
,75.92495,12.4431,0
,75.92482,12.44323,0
,75.92454,12.44344,0
,75.92443,12.44363,0
,75.92417,12.44423,0
,75.92444,12.44438,0
,75.92461,12.44452,0
,75.92467,12.44458,0
,75.92485,12.44472,0
,75.92497,12.44478,0
,75.92525,12.44486,0
,75.92574,12.44496,0
,75.9295,12.44585,0
,75.92952,12.44586,0
,75.93014,12.44602,0
,75.93157,12.44632,0
,75.93328,12.44676,0
,75.93415,12.44695,0
,75.93435,12.44696,0
,75.93456,12.44699,0
,75.93491,12.44708,0
,75.93619,12.44748,0
,75.93655,12.44757,0
,75.93701,12.44766,0
,75.93774,12.44783,0
,75.93875,12.448,0
,75.93906,12.44803,0
,75.93925,12.44806,0
,75.94096,12.4482,0
,75.94137,12.44826,0
,75.94164,12.44835,0
,75.94179,12.44842,0
,75.94192,12.4485,0
,75.94208,12.44865,0
,75.94223,12.44881,0
,75.94281,12.44953,0
,75.94315,12.44985,0
,75.94349,12.45007,0
,75.94529,12.45155,0
,75.94561,12.45179,0
,75.94577,12.45189,0
,75.9462,12.45212,0
,75.94732,12.45266,0
,75.9476,12.45278,0
,75.94841,12.45319,0
,75.94858,12.45333,0
,75.94948,12.45395,0
,75.94961,12.45402,0
,75.94969,12.45405,0
,75.94971,12.45405,0
,75.95013,12.45417,0
,75.95096,12.45432,0
,75.95272,12.45456,0
,75.95276,12.45457,0
,75.95502,12.45484,0
,75.95506,12.45484,0
,75.95547,12.45492,0
,75.95568,12.45498,0
,75.95586,12.45506,0
,75.95735,12.45584,0
,75.95983,12.45721,0
,75.96028,12.4574,0
,75.96027,12.45742,0
,75.96027,12.45746,0
,75.96029,12.45748,0
,75.96031,12.45748,0
,75.96032,12.45749,0
,75.96035,12.45749,0
,75.96038,12.45754,0
,75.96041,12.45757,0
,75.96253,12.45863,0
,75.96326,12.45895,0
,75.96355,12.45906,0
,75.96353,12.45907,0
,75.96351,12.45909,0
,75.96347,12.45915,0
,75.96343,12.45924,0
,75.96335,12.45988,0
,75.96336,12.46017,0
,75.96327,12.46064,0
,75.96319,12.46086,0
,75.96319,12.46088,0
,75.96314,12.46105,0
,75.96309,12.46133,0
,75.96309,12.46142,0
,75.96311,12.46153,0
,75.96312,12.46155,0
,75.9633,12.46179,0
,75.96365,12.46215,0
,75.96369,12.46223,0
,75.96371,12.46239,0
,75.96371,12.46253,0
,75.96373,12.46271,0
,75.96376,12.46412,0
,75.96379,12.46462,0
,75.96394,12.46529,0
,75.96397,12.46554,0
,75.96397,12.46564,0
,75.96394,12.46596,0
,75.9639,12.4661,0
,75.96385,12.46619,0
,75.9632,12.46711,0
,75.96318,12.46719,0
,75.96314,12.46774,0
,75.96305,12.46799,0
,75.96301,12.46806,0
,75.96287,12.46826,0
,75.96205,12.46915,0
,75.96197,12.4692,0
,75.96188,12.46924,0
,75.96174,12.46932,0
,75.96132,12.46952,0
,75.96112,12.46964,0
,75.96094,12.4699,0
,75.96087,12.47004,0
,75.96077,12.47037,0
,75.96075,12.47052,0
,75.96073,12.47065,0
,75.96073,12.4708,0
,75.96074,12.47088,0
,75.96087,12.47118,0
,75.96089,12.47121,0
,75.96096,12.47138,0
,75.9611,12.47161,0
,75.96166,12.47234,0
,75.96178,12.47248,0
,75.96181,12.47253,0
,75.96225,12.47314,0
,75.96231,12.47325,0
,75.96233,12.47332,0
,75.96236,12.47352,0
,75.96236,12.47368,0
,75.96237,12.4738,0
,75.96235,12.47396,0
,75.96235,12.47402,0
,75.96203,12.47547,0
,75.96196,12.47595,0
,75.96192,12.47612,0
,75.96183,12.47642,0
,75.96182,12.47648,0
,75.96164,12.4771,0
,75.96153,12.47727,0
,75.96144,12.47747,0
,75.96105,12.47813,0
,75.96098,12.47831,0
,75.96092,12.47854,0
,75.96092,12.47857,0
,75.96076,12.47912,0
,75.96063,12.47946,0
,75.96043,12.47989,0
,75.96035,12.48003,0
,75.96013,12.48055,0
,75.9601,12.48059,0
,75.95994,12.48095,0
,75.95971,12.48158,0
,75.95969,12.48161,0
,75.95967,12.48166,0
,75.95959,12.48174,0
,75.95947,12.48184,0
,75.95932,12.48194,0
,75.95911,12.48206,0
,75.95869,12.48226,0
,75.95855,12.48234,0
,75.95825,12.48247,0
,75.95814,12.4825,0
,75.95788,12.48254,0
,75.95758,12.48257,0
,75.95736,12.48256,0
,75.95724,12.48258,0
,75.95718,12.4826,0
,75.95709,12.48261,0
,75.95693,12.48267,0
,75.95683,12.48275,0
,75.95678,12.4828,0
,75.95669,12.48294,0
,75.95647,12.48346,0
,75.95623,12.48414,0
,75.95604,12.48476,0
,75.95604,12.48486,0
,75.95601,12.48494,0
,75.9559,12.48533,0
,75.95584,12.48545,0
,75.9557,12.48584,0
,75.95564,12.48608,0
,75.95544,12.48644,0
,75.95529,12.48667,0
,75.95491,12.48732,0
,75.95485,12.48749,0
,75.9548,12.48766,0
,75.95467,12.48799,0
,75.95465,12.48802,0
,75.95463,12.48807,0
,75.95458,12.48816,0
,75.95444,12.48834,0
,75.95442,12.48835,0
,75.95424,12.48856,0
,75.95412,12.48867,0
,75.95375,12.48907,0
,75.95358,12.48928,0
,75.95262,12.49065,0
,75.95241,12.49089,0
,75.95237,12.49096,0
,75.95222,12.49109,0
,75.95207,12.49133,0
,75.95162,12.4919,0
,75.95124,12.49234,0
,75.95076,12.49294,0
,75.95071,12.49304,0
,75.95069,12.49313,0
,75.95068,12.49326,0
,75.95071,12.49342,0
,75.95074,12.49349,0
,75.95076,12.49357,0
,75.95084,12.49375,0
,75.95084,12.49376,0
,75.95089,12.49383,0
,75.9509,12.49385,0
,75.951,12.49395,0
,75.95111,12.49404,0
,75.95113,12.49405,0
,75.95122,12.49406,0
,75.95128,12.49412,0
,75.9515,12.49427,0
,75.95155,12.49429,0
,75.95228,12.49467,0
,75.95259,12.49481,0
,75.9532,12.49497,0
,75.95527,12.49533,0
,75.95545,12.49535,0
,75.95563,12.49539,0
,75.95568,12.49541,0
,75.95585,12.49545,0
,75.95598,12.4955,0
,75.95606,12.49554,0
,75.95625,12.49566,0
,75.95656,12.49592,0
,75.95699,12.49635,0
,75.95716,12.49656,0
,75.95788,12.49776,0
,75.95797,12.49793,0
,75.95798,12.49794,0
,75.95808,12.49826,0
,75.95809,12.49835,0
,75.95811,12.49842,0
,75.95818,12.49888,0
,75.95825,12.49911,0
,75.95845,12.50039,0
,75.95857,12.50085,0
,75.95867,12.50106,0
,75.95878,12.5012,0
,75.95895,12.50136,0
,75.95988,12.50219,0
,75.96002,12.50234,0
,75.96007,12.50246,0
,75.96009,12.50254,0
,75.96009,12.50258,0
,75.9601,12.50262,0
,75.96008,12.50288,0
,75.96004,12.50312,0
,75.95984,12.50384,0
,75.95978,12.50413,0
,75.95976,12.50429,0
,75.95976,12.5045,0
,75.95985,12.50521,0
,75.95997,12.50578,0
,75.96012,12.50636,0
,75.96052,12.50754,0
,75.96063,12.50798,0
,75.96069,12.50844,0
,75.96071,12.50849,0
,75.96072,12.50853,0
,75.96076,12.50859,0
,75.96083,12.50867,0
,75.96089,12.50872,0
,75.9611,12.50881,0
,75.96131,12.50886,0
,75.96139,12.5089,0
,75.96148,12.50897,0
,75.9616,12.5091,0
,75.96168,12.50924,0
,75.96177,12.50943,0
,75.96196,12.51008,0
,75.96217,12.51071,0
,75.96224,12.51088,0
,75.96232,12.51104,0
,75.96246,12.51141,0
,75.9627,12.51243,0
,75.96278,12.51264,0
,75.96316,12.51314,0
,75.96328,12.51328,0
,75.96417,12.51443,0
,75.96417,12.51444,0
,75.96492,12.51531,0
,75.96501,12.51539,0
,75.96502,12.51539,0
,75.9651,12.51547,0
,75.96529,12.51562,0
,75.96548,12.51574,0
,75.96562,12.51581,0
,75.96731,12.51647,0
,75.96754,12.51659,0
,75.9677,12.51669,0
,75.96802,12.51692,0
,75.96838,12.51724,0
,75.96844,12.51731,0
,75.9687,12.51757,0
,75.96898,12.51789,0
,75.97005,12.51924,0
,75.97018,12.51944,0
,75.9703,12.51963,0
,75.97042,12.51988,0
,75.97076,12.52095,0
,75.97088,12.52116,0
,75.97097,12.52125,0
,75.97148,12.52166,0
,75.97162,12.5218,0
,75.97207,12.52233,0
,75.97234,12.5228,0
,75.97244,12.52304,0
,75.9725,12.52314,0
,75.97259,12.52326,0
,75.97271,12.52337,0
,75.97288,12.52345,0
,75.97304,12.52349,0
,75.97343,12.52354,0
,75.9737,12.52356,0
,75.97439,12.5237,0
,75.97484,12.52386,0
,75.97535,12.5241,0
,75.97587,12.52439,0
,75.97628,12.52467,0
,75.97642,12.52476,0
,75.97683,12.52508,0
,75.97692,12.52519,0
,75.97698,12.52529,0
,75.97702,12.52539,0
,75.97708,12.52564,0
,75.97711,12.52583,0
,75.97716,12.52633,0
,75.97716,12.52639,0
,75.9775,12.52921,0
,75.97757,12.52953,0
,75.97776,12.53005,0
,75.97786,12.53024,0
,75.97815,12.5307,0
,75.97817,12.53075,0
,75.97819,12.53085,0
,75.9782,12.53123,0
,75.97819,12.53132,0
,75.97819,12.53178,0
,75.97821,12.53211,0
,75.97824,12.53224,0
,75.97842,12.53276,0
,75.97849,12.53307,0
,75.9785,12.53316,0
,75.97849,12.53336,0
,75.97846,12.53355,0
,75.97844,12.53362,0
,75.97838,12.53405,0
,75.97834,12.53454,0
,75.97833,12.53502,0
,75.97836,12.53529,0
,75.97839,12.53539,0
,75.97845,12.53551,0
,75.97856,12.53567,0
,75.97884,12.536,0
,75.97916,12.53628,0
,75.9801,12.53717,0
,75.98021,12.53725,0
,75.98074,12.53754,0
,75.98106,12.53783,0
,75.98117,12.53798,0
,75.9812,12.53806,0
,75.98121,12.53811,0
,75.98121,12.53823,0
,75.98099,12.53932,0
,75.98055,12.54068,0
,75.98054,12.54078,0
,75.98054,12.54089,0
,75.98057,12.54112,0
,75.98064,12.54138,0
,75.98081,12.54176,0
,75.98119,12.54245,0
,75.9813,12.54276,0
,75.98136,12.543,0
,75.98137,12.5431,0
,75.98145,12.5435,0
,75.98171,12.54456,0
,75.98177,12.54475,0
,75.98192,12.54509,0
,75.98238,12.54582,0
,75.98244,12.54601,0
,75.98248,12.54626,0
,75.98278,12.54848,0
,75.9828,12.54858,0
,75.98286,12.54916,0
,75.98294,12.54964,0
,75.98305,12.55008,0
,75.98316,12.55039,0
,75.98342,12.55098,0
,75.98355,12.55124,0
,75.98369,12.55148,0
,75.98415,12.55219,0
,75.98452,12.55282,0
,75.98469,12.55303,0
,75.98481,12.55313,0
,75.98501,12.55327,0
,75.98609,12.55388,0
,75.98629,12.55403,0
,75.98645,12.55419,0
,75.98649,12.55424,0
,75.98655,12.55435,0
,75.98657,12.55441,0
,75.98664,12.55472,0
,75.98665,12.5548,0
,75.98674,12.55517,0
,75.9868,12.55549,0
,75.98684,12.55583,0
,75.98684,12.55619,0
,75.9868,12.5566,0
,75.98677,12.55679,0
,75.98667,12.5571,0
,75.98602,12.5587,0
,75.98583,12.55923,0
,75.98573,12.55963,0
,75.98571,12.55983,0
,75.98571,12.55992,0
,75.98576,12.56052,0
,75.98586,12.56123,0
,75.98595,12.56159,0
,75.98617,12.56216,0
,75.98628,12.56238,0
,75.98636,12.56251,0
,75.98642,12.56258,0
,75.98656,12.56267,0
,75.98832,12.56324,0
,75.98865,12.56333,0
,75.98882,12.56336,0
,75.98905,12.56338,0
,75.98914,12.56338,0
,75.99059,12.56313,0
,75.9907,12.56313,0
,75.99076,12.56315,0
,75.99083,12.56319,0
,75.99088,12.56323,0
,75.99091,12.56327,0
,75.99094,12.56333,0
,75.991,12.56361,0
,75.99108,12.56379,0
,75.99203,12.56471,0
,75.9931,12.56592,0
,75.9937,12.56651,0
,75.994,12.56687,0
,75.99409,12.56701,0
,75.99429,12.56747,0
,75.99442,12.56791,0
,75.99448,12.56822,0
,75.99451,12.56849,0
,75.99457,12.56884,0
,75.99465,12.56948,0
,75.99469,12.56965,0
,75.99473,12.56975,0
,75.99487,12.56992,0
,75.99496,12.57,0
,75.99506,12.57007,0
,75.99543,12.57029,0
,75.99582,12.57049,0
,75.99602,12.57065,0
,75.99613,12.5708,0
,75.99617,12.57084,0
,75.99644,12.57126,0
,75.99672,12.57185,0
,75.99678,12.572,0
,75.99693,12.57259,0
,75.9971,12.57317,0
,75.99723,12.57347,0
,75.99727,12.57361,0
,75.99731,12.57368,0
,75.99736,12.57375,0
,75.99764,12.57398,0
,75.998,12.57422,0
,75.99848,12.57451,0
,75.99873,12.57464,0
,75.9989,12.5747,0
,75.99995,12.57499,0
,76.00015,12.57502,0
,76.00023,12.57502,0
,76.00034,12.57499,0
,76.00061,12.57487,0
,76.0009,12.57471,0
,76.0013,12.57452,0
,76.00212,12.57405,0
,76.00231,12.57397,0
,76.00245,12.57395,0
,76.00252,12.57395,0
,76.00264,12.57398,0
,76.00274,12.57405,0
,76.00281,12.57411,0
,76.0029,12.57421,0
,76.00389,12.57562,0
,76.0041,12.57588,0
,76.00468,12.57651,0
,76.00481,12.57662,0
,76.00482,12.57662,0
,76.0049,12.57668,0
,76.00506,12.57677,0
,76.00545,12.57692,0
,76.00674,12.57734,0
,76.00732,12.5776,0
,76.00743,12.57766,0
,76.00769,12.57783,0
,76.00784,12.57797,0
,76.0085,12.57852,0
,76.00869,12.57864,0
,76.00885,12.57872,0
,76.00896,12.57878,0
,76.00912,12.57884,0
,76.00927,12.57891,0
,76.00961,12.57903,0
,76.0097,12.57907,0
,76.00977,12.57909,0
,76.01001,12.57919,0
,76.01015,12.57926,0
,76.01041,12.57943,0
,76.01084,12.57982,0
,76.01097,12.57997,0
,76.01108,12.58015,0
,76.01125,12.58047,0
,76.01147,12.581,0
,76.01173,12.58152,0
,76.01262,12.58302,0
,76.01283,12.58333,0
,76.01299,12.58361,0
,76.01356,12.58452,0
,76.01365,12.58464,0
,76.01371,12.5847,0
,76.01394,12.58483,0
,76.01451,12.58504,0
,76.01482,12.58513,0
,76.01525,12.58534,0
,76.01556,12.58552,0
,76.0158,12.58572,0
,76.01748,12.58756,0
,76.01766,12.58781,0
,76.01792,12.58826,0
,76.0184,12.58921,0
,76.01848,12.58937,0
,76.01858,12.58961,0
,76.01863,12.58976,0
,76.01872,12.59014,0
,76.01872,12.59021,0
,76.01873,12.59027,0
,76.01873,12.59048,0
,76.01872,12.59056,0
,76.01872,12.59063,0
,76.01869,12.59081,0
,76.01867,12.59103,0
,76.01842,12.59259,0
,76.01825,12.5939,0
,76.0182,12.59444,0
,76.01821,12.59571,0
,76.01822,12.59583,0
,76.01821,12.5983,0
,76.01826,12.59956,0
,76.01842,12.60067,0
,76.01845,12.60079,0
,76.01851,12.60094,0
,76.01864,12.60118,0
,76.01879,12.60137,0
,76.01921,12.60185,0
,76.01943,12.60214,0
,76.01947,12.60221,0
,76.01954,12.60237,0
,76.0196,12.60259,0
,76.01962,12.60276,0
,76.01963,12.60355,0
,76.01964,12.60365,0
,76.01961,12.60591,0
,76.01965,12.6062,0
,76.01987,12.60684,0
,76.01993,12.60697,0
,76.02001,12.60711,0
,76.02016,12.6073,0
,76.02048,12.6076,0
,76.02048,12.60761,0
,76.02203,12.60909,0
,76.02204,12.60916,0
,76.02204,12.60927,0
,76.02198,12.60951,0
,76.02205,12.60952,0
,76.02239,12.6096,0
,76.02258,12.60966,0
,76.02273,12.60974,0
,76.0231,12.60998,0
,76.02316,12.61,0
,76.02319,12.61003,0
,76.02364,12.61035,0
,76.02368,12.61033,0
,76.02382,12.61029,0
,76.02419,12.61025,0
,76.02494,12.61022,0
,76.02543,12.61026,0
,76.02584,12.61033,0
,76.02614,12.61043,0
,76.02584,12.61033,0
,76.02543,12.61026,0
,76.02494,12.61022,0
,76.02419,12.61025,0
,76.02382,12.61029,0
,76.02368,12.61033,0
,76.02364,12.61035,0
,76.02388,12.61057,0
,76.02409,12.61074,0
,76.02431,12.61094,0
,76.02432,12.61096,0
,76.02641,12.61269,0
,76.02643,12.6127,0
,76.02884,12.61467,0
,76.02916,12.61495,0
,76.02923,12.615,0
,76.02937,12.61512,0
,76.03008,12.6158,0
,76.03061,12.61637,0
,76.03065,12.6164,0
,76.03087,12.61661,0
,76.03124,12.61693,0
,76.03126,12.61697,0
,76.03126,12.61698,0
,76.03127,12.61698,0
,76.03133,12.61704,0
,76.03145,12.61714,0
,76.03155,12.61721,0
,76.03167,12.61728,0
,76.03205,12.61745,0
,76.03234,12.61754,0
,76.03257,12.61758,0
,76.03265,12.61758,0
,76.0327,12.61756,0
,76.03308,12.6176,0
,76.03425,12.61766,0
,76.03622,12.61769,0
,76.03632,12.6177,0
,76.03697,12.61769,0
,76.03739,12.61764,0
,76.03808,12.6176,0
,76.03862,12.61761,0
,76.03911,12.61764,0
,76.04011,12.61776,0
,76.04012,12.61777,0
,76.04029,12.61779,0
,76.041,12.61794,0
,76.04108,12.61797,0
,76.04133,12.61804,0
,76.04162,12.61815,0
,76.04179,12.61824,0
,76.04197,12.61837,0
,76.04215,12.61855,0
,76.04224,12.61869,0
,76.04227,12.61875,0
,76.0424,12.61911,0
,76.04246,12.61945,0
,76.04273,12.62047,0
,76.043,12.62177,0
,76.04308,12.622,0
,76.04314,12.62212,0
,76.04317,12.62217,0
,76.04479,12.6242,0
,76.0453,12.62479,0
,76.04536,12.6249,0
,76.04669,12.62657,0
,76.04679,12.62666,0
,76.04688,12.62678,0
,76.04708,12.62699,0
,76.04721,12.62708,0
,76.04757,12.62729,0
,76.0478,12.62738,0
,76.04803,12.62741,0
,76.04916,12.62763,0
,76.0501,12.62793,0
,76.05084,12.62802,0
,76.05107,12.62802,0
,76.05132,12.62806,0
,76.05166,12.62818,0
,76.05189,12.62824,0
,76.05241,12.62834,0
,76.05363,12.62844,0
,76.05436,12.62847,0
,76.05454,12.62849,0
,76.05519,12.62866,0
,76.0563,12.62846,0
,76.05743,12.62823,0
,76.05776,12.62823,0
,76.05799,12.62821,0
,76.05815,12.62817,0
,76.05827,12.62812,0
,76.05879,12.62762,0
,76.05938,12.62709,0
,76.05962,12.6269,0
,76.05988,12.62672,0
,76.06053,12.62634,0
,76.06114,12.62593,0
,76.06187,12.62537,0
,76.06205,12.62526,0
,76.06262,12.62498,0
,76.06283,12.6249,0
,76.0631,12.62483,0
,76.06368,12.62472,0
,76.06404,12.6247,0
,76.06566,12.62453,0
,76.06577,12.62451,0
,76.06661,12.62442,0
,76.0668,12.62439,0
,76.0671,12.62432,0
,76.06722,12.62427,0
,76.06727,12.62426,0
,76.06782,12.62398,0
,76.06793,12.62391,0
,76.0685,12.62349,0
,76.06854,12.62345,0
,76.06911,12.62301,0
,76.06933,12.62287,0
,76.06939,12.62286,0
,76.06995,12.62251,0
,76.07085,12.62205,0
,76.07164,12.62169,0
,76.07185,12.62162,0
,76.07207,12.62155,0
,76.07286,12.62135,0
,76.07292,12.62134,0
,76.07312,12.62127,0
,76.07376,12.6211,0
,76.07397,12.62103,0
,76.07521,12.62055,0
,76.07539,12.62047,0
,76.07773,12.61969,0
,76.07782,12.61967,0
,76.07845,12.61946,0
,76.07849,12.61946,0
,76.07862,12.61941,0
,76.07968,12.61907,0
,76.08033,12.6189,0
,76.08033,12.61889,0
,76.08036,12.61889,0
,76.08156,12.61855,0
,76.08226,12.61825,0
,76.08228,12.61825,0
,76.08258,12.61811,0
,76.08294,12.61797,0
,76.08313,12.61792,0
,76.08352,12.61785,0
,76.08354,12.61784,0
,76.08444,12.61772,0
,76.08469,12.61764,0
,76.08478,12.6176,0
,76.0849,12.61743,0
,76.08499,12.61718,0
,76.08501,12.61705,0
,76.08557,12.61555,0
,76.08569,12.61531,0
,76.0858,12.61502,0
,76.0859,12.6148,0
,76.08592,12.61478,0
,76.08594,12.61473,0
,76.08766,12.61179,0
,76.08779,12.61153,0
,76.08787,12.6113,0
,76.08794,12.61105,0
,76.08799,12.61079,0
,76.08818,12.61015,0
,76.08825,12.60981,0
,76.08833,12.60972,0
,76.09053,12.60801,0
,76.09058,12.60795,0
,76.09063,12.60791,0
,76.0907,12.60787,0
,76.09079,12.60783,0
,76.09081,12.60783,0
,76.09092,12.60781,0
,76.09157,12.60786,0
,76.09193,12.60791,0
,76.0924,12.60795,0
,76.09269,12.60795,0
,76.09297,12.60793,0
,76.09441,12.60791,0
,76.09465,12.60789,0
,76.09535,12.6079,0
,76.09561,12.60794,0
,76.096,12.60802,0
,76.09709,12.60834,0
,76.0982,12.6087,0
,76.09856,12.60884,0
,76.09871,12.60892,0
,76.10151,12.60993,0
,76.10162,12.60996,0
,76.10179,12.61003,0
,76.10631,12.61163,0
,76.10745,12.612,0
,76.10764,12.6121,0
,76.10895,12.6126,0
,76.11062,12.61348,0
,76.11148,12.61378,0
,76.11199,12.6139,0
,76.11202,12.61391,0
,76.11205,12.61391,0
,76.11212,12.6139,0
,76.11393,12.61423,0
,76.114,12.61425,0
,76.11415,12.61427,0
,76.11562,12.61435,0
,76.12123,12.61449,0
,76.123,12.6143,0
,76.12322,12.61429,0
,76.12424,12.61418,0
,76.12498,12.61416,0
,76.12519,12.61419,0
,76.12556,12.61427,0
,76.12575,12.61429,0
,76.12622,12.61438,0
,76.12629,12.6144,0
,76.12706,12.61452,0
,76.12737,12.61455,0
,76.12787,12.61456,0
,76.12827,12.61453,0
,76.12972,12.6143,0
,76.13138,12.61416,0
,76.13352,12.61385,0
,76.13405,12.6138,0
,76.13489,12.61367,0
,76.13512,12.61361,0
,76.13542,12.61351,0
,76.13577,12.61336,0
,76.13626,12.61311,0
,76.13707,12.61275,0
,76.13812,12.61237,0
,76.14255,12.61112,0
,76.14299,12.61105,0
,76.14589,12.61024,0
,76.14684,12.60995,0
,76.14754,12.60977,0
,76.14841,12.60958,0
,76.14877,12.60947,0
,76.14957,12.60931,0
,76.15032,12.60908,0
,76.15039,12.60905,0
,76.15078,12.60892,0
,76.15142,12.60874,0
,76.15191,12.60863,0
,76.15282,12.60847,0
,76.15285,12.60846,0
,76.153,12.60844,0
,76.15334,12.60844,0
,76.15586,12.60824,0
,76.15636,12.60824,0
,76.15686,12.60826,0
,76.15808,12.60836,0
,76.16023,12.60865,0
,76.1603,12.60865,0
,76.16035,12.60864,0
,76.16136,12.60821,0
,76.16155,12.60811,0
,76.16176,12.60798,0
,76.16202,12.6078,0
,76.16217,12.60771,0
,76.16248,12.60748,0
,76.16256,12.60741,0
,76.1629,12.60699,0
,76.16301,12.60679,0
,76.16312,12.60661,0
,76.16328,12.60624,0
,76.16336,12.60602,0
,76.16338,12.60593,0
,76.16342,12.60582,0
,76.16373,12.60536,0
,76.16391,12.60516,0
,76.16402,12.60507,0
,76.16447,12.60477,0
,76.1658,12.60415,0
,76.16581,12.60415,0
,76.16581,12.60414,0
,76.16645,12.60389,0
,76.16869,12.60339,0
,76.16894,12.60332,0
,76.16938,12.60317,0
,76.16967,12.60304,0
,76.16992,12.60288,0
,76.17009,12.60275,0
,76.17051,12.60238,0
,76.17076,12.60211,0
,76.17106,12.60167,0
,76.17108,12.60162,0
,76.17115,12.6015,0
,76.17116,12.60146,0
,76.17127,12.60124,0
,76.17156,12.60045,0
,76.17163,12.60015,0
,76.17182,12.59961,0
,76.17194,12.59915,0
,76.17201,12.59899,0
,76.1722,12.59838,0
,76.17228,12.59805,0
,76.17263,12.59712,0
,76.17263,12.59711,0
,76.1727,12.5968,0
,76.17274,12.59634,0
,76.1728,12.59602,0
,76.17282,12.59591,0
,76.17281,12.59567,0
,76.17284,12.59529,0
,76.17282,12.59409,0
,76.17276,12.59335,0
,76.17275,12.59332,0
,76.17267,12.59286,0
,76.17253,12.5923,0
,76.17251,12.59225,0
,76.17249,12.59217,0
,76.17243,12.59175,0
,76.17242,12.59134,0
,76.17256,12.58863,0
,76.17263,12.58814,0
,76.17265,12.58807,0
,76.17274,12.58752,0
,76.17276,12.58732,0
,76.17293,12.58622,0
,76.17301,12.5859,0
,76.17306,12.58576,0
,76.17328,12.58538,0
,76.1734,12.5852,0
,76.17354,12.58504,0
,76.17485,12.58373,0
,76.17545,12.58304,0
,76.1755,12.58302,0
,76.17566,12.58285,0
,76.17581,12.5826,0
,76.17586,12.58253,0
,76.17588,12.58249,0
,76.17591,12.58245,0
,76.17603,12.58234,0
,76.17618,12.58224,0
,76.17634,12.58217,0
,76.17645,12.58216,0
,76.17656,12.58214,0
,76.17724,12.58214,0
,76.17743,12.58212,0
,76.17747,12.58209,0
,76.17946,12.58187,0
,76.17996,12.58188,0
,76.18071,12.58183,0
,76.18224,12.58167,0
,76.18281,12.58164,0
,76.183,12.58162,0
,76.18316,12.58162,0
,76.18321,12.58161,0
,76.18417,12.58159,0
,76.18457,12.58162,0
,76.18467,12.58164,0
,76.18545,12.58185,0
,76.18596,12.58201,0
,76.18638,12.5821,0
,76.18655,12.58212,0
,76.18689,12.58212,0
,76.18806,12.58198,0
,76.18901,12.58191,0
,76.19027,12.58192,0
,76.19049,12.58191,0
,76.19156,12.58196,0
,76.192,12.58196,0
,76.19216,12.58197,0
,76.19275,12.58196,0
,76.19311,12.58191,0
,76.19326,12.5819,0
,76.19356,12.58186,0
,76.19489,12.5815,0
,76.195,12.58148,0
,76.19534,12.58139,0
,76.19572,12.58133,0
,76.19605,12.58129,0
,76.19654,12.58128,0
,76.19675,12.5813,0
,76.19864,12.58131,0
,76.19867,12.5813,0
,76.20009,12.58126,0
,76.20127,12.58119,0
,76.20147,12.58119,0
,76.20317,12.58108,0
,76.20399,12.581,0
,76.20463,12.5809,0
,76.20481,12.58086,0
,76.20521,12.58082,0
,76.20537,12.58082,0
,76.20541,12.58083,0
,76.20548,12.58083,0
,76.20567,12.58086,0
,76.20591,12.58093,0
,76.20665,12.58122,0
,76.20689,12.58128,0
,76.20721,12.58131,0
,76.20969,12.58139,0
,76.21053,12.58137,0
,76.21197,12.58125,0
,76.21312,12.58116,0
,76.21336,12.58112,0
,76.21389,12.58107,0
,76.2145,12.58095,0
,76.21469,12.5809,0
,76.21575,12.58059,0
,76.21578,12.58059,0
,76.21581,12.58058,0
,76.21588,12.58059,0
,76.21606,12.58059,0
,76.21627,12.58054,0
,76.21733,12.58036,0
,76.21902,12.58011,0
,76.21988,12.57994,0
,76.2204,12.57976,0
,76.22092,12.5795,0
,76.22108,12.5794,0
,76.22249,12.57864,0
,76.22292,12.57844,0
,76.22419,12.57793,0
,76.22495,12.5776,0
,76.22646,12.57681,0
,76.22684,12.57665,0
,76.22869,12.57606,0
,76.22916,12.57588,0
,76.22918,12.57586,0
,76.22942,12.57574,0
,76.22972,12.57556,0
,76.23026,12.57512,0
,76.23418,12.57165,0
,76.23719,12.56862,0
,76.23783,12.56803,0
,76.23798,12.56791,0
,76.23801,12.56787,0
,76.23834,12.56759,0
,76.23879,12.56726,0
,76.2392,12.56702,0
,76.23936,12.56694,0
,76.23953,12.56687,0
,76.23973,12.56677,0
,76.2414,12.56611,0
,76.24263,12.56567,0
,76.24304,12.56559,0
,76.24375,12.56552,0
,76.24546,12.56541,0
,76.24635,12.56531,0
,76.24849,12.56499,0
,76.24897,12.5649,0
,76.24921,12.56484,0
,76.24974,12.56466,0
,76.25017,12.56449,0
,76.25042,12.5644,0
,76.2515,12.56406,0
,76.25191,12.56396,0
,76.25204,12.56396,0
,76.25423,12.56357,0
,76.25445,12.56351,0
,76.25491,12.56333,0
,76.25513,12.56326,0
,76.25538,12.56322,0
,76.25648,12.56318,0
,76.25698,12.56318,0
,76.25847,12.56327,0
,76.25967,12.56329,0
,76.25979,12.56328,0
,76.26047,12.56328,0
,76.26056,12.56324,0
,76.2607,12.56323,0
,76.26208,12.56321,0
,76.26214,12.5632,0
,76.26258,12.56319,0
,76.26281,12.56317,0
,76.26312,12.56311,0
,76.26366,12.56295,0
,76.26403,12.5628,0
,76.26424,12.5627,0
,76.26452,12.5626,0
,76.26465,12.56253,0
,76.26474,12.56245,0
,76.26481,12.56237,0
,76.26498,12.56202,0
,76.26512,12.56164,0
,76.26544,12.56059,0
,76.26566,12.55999,0
,76.26599,12.5601,0
,76.2666,12.5602,0
,76.26686,12.56023,0
,76.26687,12.56024,0
,76.26712,12.56028,0
,76.26771,12.56045,0
,76.2684,12.56074,0
,76.26842,12.56074,0
,76.26878,12.5609,0
,76.26899,12.56098,0
,76.26918,12.56102,0
,76.26939,12.56105,0
,76.271,12.56154,0
,76.27143,12.56164,0
,76.27251,12.56194,0
,76.27426,12.56245,0
,76.27462,12.56253,0
,76.2748,12.56256,0
,76.27532,12.56269,0
,76.27571,12.56283,0
,76.27593,12.56294,0
,76.2763,12.5632,0
,76.27631,12.5632,0
,76.27712,12.56379,0
,76.27781,12.56424,0
,76.27839,12.5646,0
,76.27903,12.56494,0
,76.28127,12.56628,0
,76.28135,12.56632,0
,76.28139,12.56635,0
,76.28486,12.56833,0
,76.28663,12.56953,0
,76.28691,12.56967,0
,76.2871,12.56974,0
,76.28741,12.5698,0
,76.29043,12.57057,0
,76.29119,12.57081,0
,76.29188,12.57106,0
,76.29232,12.57119,0
,76.29272,12.57135,0
,76.29349,12.57171,0
,76.2935,12.57171,0
,76.29361,12.57177,0
,76.29365,12.5718,0
,76.2948,12.57234,0
,76.29583,12.57276,0
,76.29707,12.57322,0
,76.29719,12.57324,0
,76.29751,12.57323,0
,76.29767,12.5732,0
,76.29785,12.57318,0
,76.3025,12.57254,0
,76.30257,12.57254,0
,76.30415,12.57235,0
,76.30569,12.57213,0
,76.30622,12.57205,0
,76.30658,12.57202,0
,76.30675,12.57202,0
,76.30692,12.57204,0
,76.30714,12.57211,0
,76.30738,12.57225,0
,76.30753,12.57237,0
,76.30812,12.57288,0
,76.30829,12.57298,0
,76.30841,12.57303,0
,76.30854,12.57307,0
,76.31075,12.57344,0
,76.31193,12.57368,0
,76.3123,12.57378,0
,76.3124,12.57382,0
,76.31262,12.57395,0
,76.31279,12.57408,0
,76.31297,12.57427,0
,76.31329,12.57478,0
,76.31347,12.57501,0
,76.31365,12.57518,0
,76.31367,12.57521,0
,76.31381,12.57531,0
,76.31419,12.57554,0
,76.31478,12.57583,0
,76.31495,12.57588,0
,76.31656,12.57613,0
,76.31702,12.57627,0
,76.31754,12.57641,0
,76.31851,12.57652,0
,76.31876,12.57657,0
,76.31971,12.57684,0
,76.31978,12.57685,0
,76.32115,12.5772,0
,76.32249,12.57738,0
,76.32267,12.57739,0
,76.32276,12.57741,0
,76.32342,12.5775,0
,76.32376,12.57758,0
,76.32408,12.5777,0
,76.32442,12.57785,0
,76.3246,12.57795,0
,76.32505,12.57826,0
,76.32522,12.57841,0
,76.32536,12.57854,0
,76.32558,12.57878,0
,76.32593,12.57922,0
,76.32601,12.57935,0
,76.32608,12.57943,0
,76.32675,12.58035,0
,76.32682,12.58042,0
,76.3269,12.58053,0
,76.32698,12.58066,0
,76.32728,12.58105,0
,76.32739,12.58117,0
,76.32743,12.58124,0
,76.32761,12.58149,0
,76.32789,12.58179,0
,76.32808,12.58196,0
,76.32822,12.58207,0
,76.32852,12.58227,0
,76.32879,12.58242,0
,76.32906,12.58254,0
,76.32927,12.58261,0
,76.33079,12.58301,0
,76.331,12.58305,0
,76.33243,12.5835,0
,76.33397,12.58408,0
,76.3361,12.58508,0
,76.33663,12.58538,0
,76.33811,12.5863,0
,76.33902,12.58681,0
,76.33997,12.5873,0
,76.34043,12.5875,0
,76.34081,12.58763,0
,76.34168,12.58795,0
,76.34219,12.5881,0
,76.34239,12.58815,0
,76.3429,12.58828,0
,76.34293,12.58828,0
,76.34307,12.58832,0
,76.34395,12.58851,0
,76.34617,12.5889,0
,76.34686,12.58896,0
,76.34845,12.58903,0
,76.34955,12.58905,0
,76.34981,12.58908,0
,76.35063,12.58793,0
,76.35083,12.58762,0
,76.35142,12.58678,0
,76.35143,12.58677,0
,76.35443,12.58194,0
,76.3572,12.5779,0
,76.3574,12.57764,0
,76.35744,12.57757,0
,76.35834,12.57625,0
,76.35836,12.57621,0
,76.35852,12.57597,0
,76.35874,12.57555,0
,76.35879,12.57547,0
,76.36039,12.57238,0
,76.36072,12.57252,0
,76.36081,12.57255,0
,76.36095,12.57261,0
,76.36101,12.57262,0
,76.36108,12.57264,0
,76.3612,12.57264,0
,76.3614,12.5726,0
,76.36151,12.57256,0
,76.36161,12.57251,0
,76.36293,12.57207,0
,76.36319,12.57194,0
,76.36339,12.5718,0
,76.36355,12.57165,0
,76.36395,12.57134,0
,76.3643,12.57102,0
,76.36444,12.57087,0
,76.36447,12.57086,0
,76.36455,12.57081,0
,76.36523,12.57056,0
,76.36543,12.57052,0
,76.36558,12.57051,0
,76.36566,12.57053,0
,76.36586,12.57056,0
,76.36684,12.57076,0
,76.36693,12.57079,0
,76.36706,12.57086,0
,76.36724,12.57099,0
,76.36726,12.57099,0
,76.36796,12.57131,0
,76.36828,12.57148,0
,76.36839,12.57155,0
,76.36855,12.57167,0
,76.36879,12.57182,0
,76.37061,12.57259,0
,76.37098,12.57273,0
,76.37219,12.57327,0
,76.37373,12.57377,0
,76.37474,12.57407,0
,76.37548,12.57432,0
,76.37566,12.57436,0
,76.37571,12.57438,0
,76.37676,12.5745,0
,76.3773,12.57459,0
,76.37753,12.57464,0
,76.37803,12.57469,0
,76.37862,12.57472,0
,76.37902,12.57471,0
,76.37927,12.57469,0
,76.37983,12.57455,0
,76.381,12.57415,0
,76.38109,12.57409,0
,76.38116,12.57403,0
,76.38121,12.57397,0
,76.3813,12.57383,0
,76.38173,12.573,0
,76.38197,12.57251,0
,76.3823,12.57178,0
,76.38243,12.57153,0
,76.38248,12.57141,0
,76.38314,12.5701,0
,76.38332,12.56979,0
,76.38333,12.56976,0
,76.38344,12.56955,0
,76.38378,12.56874,0
,76.38408,12.56788,0
,76.38421,12.56757,0
,76.38451,12.56671,0
,76.3847,12.56634,0
,76.38492,12.56603,0
,76.38504,12.5659,0
,76.38518,12.5658,0
,76.38589,12.56522,0
,76.38679,12.56441,0
,76.38694,12.56426,0
,76.38732,12.56392,0
,76.38818,12.56332,0
,76.38838,12.56316,0
,76.38858,12.56304,0
,76.38877,12.56299,0
,76.38889,12.56299,0
,76.38901,12.563,0
,76.38968,12.56312,0
,76.38986,12.56313,0
,76.39001,12.56311,0
,76.39012,12.56308,0
,76.39072,12.56284,0
,76.39093,12.56273,0
,76.39127,12.56258,0
,76.39131,12.56257,0
,76.39155,12.56257,0
,76.39173,12.56262,0
,76.39281,12.563,0
,76.39298,12.56309,0
,76.3931,12.56319,0
,76.39345,12.56364,0
,76.39356,12.56398,0
,76.39423,12.56486,0
,76.39456,12.56534,0
,76.39488,12.56575,0
,76.39571,12.5667,0
,76.39654,12.56753,0
,76.3969,12.56772,0
,76.39731,12.56788,0
,76.39775,12.5681,0
,76.39785,12.56818,0
,76.398,12.56827,0
,76.39867,12.56879,0
,76.39872,12.56884,0
,76.40007,12.56996,0
,76.40012,12.57001,0
,76.40113,12.57087,0
,76.40127,12.57093,0
,76.40164,12.57101,0
,76.40206,12.57101,0
,76.40229,12.57102,0
,76.40241,12.57104,0
,76.40251,12.57078,0
,76.40266,12.57052,0
,76.40288,12.57009,0
,76.40308,12.56967,0
,76.40326,12.56936,0
,76.40372,12.56878,0
,76.4039,12.56861,0
,76.40417,12.56832,0
,76.40419,12.56829,0
,76.40427,12.56825,0
,76.40441,12.56816,0
,76.40474,12.56798,0
,76.40613,12.56744,0
,76.40678,12.56715,0
,76.40752,12.56677,0
,76.40864,12.56625,0
,76.40878,12.56615,0
,76.40886,12.56608,0
,76.40891,12.56601,0
,76.40895,12.56593,0
,76.409,12.56579,0
,76.40908,12.56561,0
,76.40918,12.56522,0
,76.4093,12.56484,0
,76.4094,12.56465,0
,76.40953,12.56449,0
,76.40962,12.56442,0
,76.40977,12.56433,0
,76.41004,12.5642,0
,76.41038,12.5641,0
,76.41048,12.56408,0
,76.41068,12.56406,0
,76.41081,12.56406,0
,76.41123,12.5641,0
,76.41155,12.56415,0
,76.41328,12.56452,0
,76.41336,12.56453,0
,76.41426,12.56472,0
,76.41462,12.56474,0
,76.41487,12.56473,0
,76.41512,12.56476,0
,76.41526,12.56476,0
,76.41554,12.56478,0
,76.41602,12.56479,0
,76.41675,12.56484,0
,76.41742,12.56483,0
,76.41765,12.56484,0
,76.41806,12.56489,0
,76.41831,12.56494,0
,76.4186,12.56498,0
,76.41874,12.56499,0
,76.41893,12.56499,0
,76.42031,12.56483,0
,76.42045,12.56479,0
,76.42062,12.56471,0
,76.42087,12.56455,0
,76.421,12.56449,0
,76.42125,12.56446,0
,76.42128,12.56445,0
,76.42203,12.56442,0
,76.42208,12.56441,0
,76.42297,12.56435,0
,76.42318,12.56437,0
,76.42319,12.56438,0
,76.4233,12.56441,0
,76.42415,12.56479,0
,76.42426,12.56486,0
,76.42431,12.56487,0
,76.42446,12.56492,0
,76.42468,12.56495,0
,76.42484,12.56493,0
,76.42536,12.56483,0
,76.42567,12.56482,0
,76.42575,12.56481,0
,76.42617,12.56481,0
,76.42641,12.56483,0
,76.42704,12.56495,0
,76.4282,12.56528,0
,76.42842,12.56531,0
,76.42858,12.56531,0
,76.42889,12.56528,0
,76.4296,12.56509,0
,76.42985,12.56496,0
,76.43066,12.56472,0
,76.43081,12.56468,0
,76.43147,12.56446,0
,76.43168,12.56436,0
,76.43175,12.5643,0
,76.43248,12.56378,0
,76.43258,12.56369,0
,76.43266,12.56363,0
,76.43273,12.56355,0
,76.43278,12.56344,0
,76.43282,12.56337,0
,76.43284,12.56311,0
,76.43283,12.56276,0
,76.43264,12.5613,0
,76.43498,12.56102,0
,76.43546,12.56092,0
,76.43578,12.56077,0
,76.43661,12.56033,0
,76.43747,12.55991,0
,76.43755,12.55988,0
,76.43766,12.55985,0
,76.43909,12.5596,0
,76.44089,12.55919,0
,76.4418,12.55907,0
,76.44362,12.55904,0
,76.44431,12.559,0
,76.44517,12.55889,0
,76.4456,12.55887,0
,76.4458,12.55888,0
,76.44586,12.55889,0
,76.44614,12.55897,0
,76.44633,12.55901,0
,76.44658,12.55907,0
,76.44684,12.5592,0
,76.44784,12.55965,0
,76.44818,12.55972,0
,76.44833,12.55973,0
,76.44875,12.55968,0
,76.44877,12.55967,0
,76.44913,12.5596,0
,76.44926,12.55953,0
,76.44929,12.55952,0
,76.44967,12.55928,0
,76.44968,12.55928,0
,76.44983,12.55922,0
,76.44997,12.55919,0
,76.45026,12.55915,0
,76.45069,12.55916,0
,76.45088,12.55912,0
,76.45207,12.5587,0
,76.45306,12.55825,0
,76.45356,12.55807,0
,76.45394,12.55781,0
,76.45418,12.5576,0
,76.45534,12.5562,0
,76.45545,12.55605,0
,76.45796,12.55312,0
,76.45841,12.55273,0
,76.4586,12.55253,0
,76.45869,12.55247,0
,76.45882,12.55242,0
,76.46149,12.55163,0
,76.46203,12.55142,0
,76.46402,12.55106,0
,76.46487,12.55092,0
,76.46506,12.55087,0
,76.46521,12.5508,0
,76.46532,12.55073,0
,76.46541,12.55066,0
,76.46552,12.55055,0
,76.46564,12.55038,0
,76.46568,12.55034,0
,76.46593,12.54975,0
,76.46636,12.54854,0
,76.46664,12.54779,0
,76.46684,12.54714,0
,76.46757,12.54533,0
,76.46777,12.54476,0
,76.46804,12.54388,0
,76.46812,12.54333,0
,76.46814,12.54328,0
,76.4682,12.54301,0
,76.46822,12.54281,0
,76.46822,12.54271,0
,76.46817,12.54236,0
,76.468,12.54165,0
,76.46799,12.54156,0
,76.46801,12.54148,0
,76.46806,12.54143,0
,76.46812,12.54139,0
,76.46822,12.54138,0
,76.46845,12.5414,0
,76.46847,12.54141,0
,76.46865,12.54142,0
,76.46986,12.54157,0
,76.46991,12.54156,0
,76.46998,12.54156,0
,76.47005,12.54152,0
,76.47009,12.54149,0
,76.47015,12.54133,0
,76.47028,12.54068,0
,76.47028,12.54062,0
,76.47036,12.53997,0
,76.47036,12.53978,0
,76.4703,12.53917,0
,76.47016,12.53836,0
,76.47015,12.53821,0
,76.47015,12.53797,0
,76.47016,12.53784,0
,76.47023,12.53746,0
,76.47025,12.53715,0
,76.47025,12.53669,0
,76.47022,12.53638,0
,76.47022,12.5363,0
,76.47018,12.53595,0
,76.4701,12.53562,0
,76.47006,12.5355,0
,76.46998,12.53536,0
,76.46988,12.53522,0
,76.46969,12.53502,0
,76.46959,12.53497,0
,76.46943,12.53494,0
,76.46925,12.53487,0
,76.46911,12.53473,0
,76.469,12.53459,0
,76.46895,12.53448,0
,76.46893,12.53436,0
,76.46894,12.53423,0
,76.46898,12.53408,0
,76.46912,12.53388,0
,76.46934,12.53362,0
,76.46982,12.53312,0
,76.47015,12.53271,0
,76.47025,12.53256,0
,76.47067,12.53185,0
,76.47147,12.5303,0
,76.47165,12.53002,0
,76.47203,12.52943,0
,76.4721,12.52928,0
,76.47245,12.52866,0
,76.47268,12.52817,0
,76.47278,12.52802,0
,76.47285,12.52797,0
,76.47319,12.5278,0
,76.47333,12.52771,0
,76.47345,12.52761,0
,76.47355,12.52747,0
,76.47361,12.52731,0
,76.47366,12.52714,0
,76.47369,12.52696,0
,76.47358,12.52602,0
,76.47344,12.52509,0
,76.4734,12.52458,0
,76.47332,12.5221,0
,76.47334,12.52108,0
,76.47349,12.51817,0
,76.47353,12.51774,0
,76.47352,12.51744,0
,76.47375,12.5174,0
,76.4739,12.51736,0
,76.47448,12.5173,0
,76.47487,12.51735,0
,76.47628,12.51763,0
,76.47647,12.51764,0
,76.47742,12.51774,0
,76.47812,12.51785,0
,76.47813,12.51786,0
,76.47894,12.51797,0
,76.48303,12.51809,0
,76.4841,12.51806,0
,76.48421,12.51805,0
,76.48509,12.51804,0
,76.48595,12.51808,0
,76.48623,12.51812,0
,76.48676,12.51817,0
,76.48736,12.5181,0
,76.48756,12.5181,0
,76.48767,12.51812,0
,76.48778,12.51813,0
,76.48818,12.51834,0
,76.48861,12.51862,0
,76.48913,12.51892,0
,76.49064,12.51986,0
,76.49112,12.52021,0
,76.49172,12.52072,0
,76.49189,12.52077,0
,76.49198,12.52078,0
,76.49211,12.52077,0
,76.49231,12.52071,0
,76.49296,12.52061,0
,76.49433,12.52054,0
,76.49458,12.52055,0
,76.49492,12.5206,0
,76.49597,12.52085,0
,76.49706,12.52115,0
,76.49709,12.52115,0
,76.49757,12.5213,0
,76.49773,12.52136,0
,76.49778,12.52137,0
,76.49778,12.52138,0
,76.5022,12.52312,0
,76.50281,12.52343,0
,76.50282,12.52343,0
,76.50311,12.5236,0
,76.50338,12.52378,0
,76.50393,12.5242,0
,76.50437,12.52461,0
,76.50455,12.52474,0
,76.50466,12.52479,0
,76.50475,12.52481,0
,76.50485,12.52481,0
,76.50497,12.52478,0
,76.50527,12.52468,0
,76.50564,12.52458,0
,76.50633,12.52443,0
,76.50712,12.52431,0
,76.50803,12.52408,0
,76.50825,12.52404,0
,76.50858,12.52402,0
,76.50993,12.52406,0
,76.5102,12.52405,0
,76.51083,12.52398,0
,76.5112,12.52396,0
,76.51125,12.52395,0
,76.51156,12.52393,0
,76.51173,12.5239,0
,76.51198,12.52383,0
,76.51206,12.5238,0
,76.51303,12.5236,0
,76.51304,12.52359,0
,76.51351,12.52356,0
,76.51366,12.52353,0
,76.5137,12.52353,0
,76.51394,12.52345,0
,76.5141,12.52338,0
,76.51428,12.52333,0
,76.51439,12.52331,0
,76.51481,12.52331,0
,76.51522,12.52327,0
,76.51559,12.5232,0
,76.51559,12.52303,0
,76.51561,12.52281,0
,76.51563,12.52273,0
,76.5157,12.52227,0
,76.51578,12.52205,0
,76.51583,12.52146,0
,76.51582,12.52094,0
,76.51579,12.52052,0
,76.51579,12.5204,0
,76.51581,12.52022,0
,76.51586,12.5201,0
,76.51596,12.51993,0
,76.5161,12.51954,0
,76.51616,12.51925,0
,76.5162,12.5186,0
,76.51639,12.51765,0
,76.51648,12.51751,0
,76.51655,12.51748,0
,76.51665,12.51745,0
,76.51689,12.51743,0
,76.51739,12.51742,0
,76.51759,12.51737,0
,76.51769,12.51736,0
,76.51779,12.51733,0
,76.51799,12.5172,0
,76.51804,12.51714,0
,76.51807,12.51708,0
,76.51812,12.51701,0
,76.51817,12.5169,0
,76.51826,12.51659,0
,76.51832,12.51645,0
,76.51839,12.51635,0
,76.51849,12.51617,0
,76.51863,12.51575,0
,76.51911,12.51468,0
,76.51916,12.51447,0
,76.51919,12.51429,0
,76.51919,12.51386,0
,76.5191,12.5123,0
,76.51911,12.51169,0
,76.51916,12.51147,0
,76.51914,12.5112,0
,76.5191,12.51098,0
,76.51906,12.51059,0
,76.51909,12.51042,0
,76.51914,12.51029,0
,76.51914,12.51028,0
,76.51927,12.51016,0
,76.51938,12.51009,0
,76.51948,12.51005,0
,76.51955,12.51004,0
,76.51958,12.51003,0
,76.52015,12.51002,0
,76.52028,12.50998,0
,76.52108,12.50961,0
,76.52148,12.50947,0
,76.52167,12.50943,0
,76.52192,12.50936,0
,76.52209,12.50929,0
,76.52248,12.50908,0
,76.52265,12.50894,0
,76.52288,12.50868,0
,76.52322,12.50819,0
,76.5235,12.50783,0
,76.52407,12.50717,0
,76.5242,12.50704,0
,76.52434,12.50692,0
,76.52446,12.50666,0
,76.52461,12.50638,0
,76.5249,12.50556,0
,76.52496,12.50533,0
,76.52503,12.50455,0
,76.52503,12.50429,0
,76.52505,12.50405,0
,76.5251,12.50382,0
,76.52521,12.50357,0
,76.5254,12.5033,0
,76.52558,12.50312,0
,76.5258,12.50298,0
,76.52676,12.50226,0
,76.52677,12.50226,0
,76.52711,12.50201,0
,76.52761,12.50171,0
,76.52838,12.50138,0
,76.52888,12.5012,0
,76.52904,12.50116,0
,76.52925,12.50108,0
,76.52933,12.50106,0
,76.52941,12.50105,0
,76.52953,12.50105,0
,76.52958,12.50106,0
,76.52978,12.50113,0
,76.53021,12.50134,0
,76.53033,12.50136,0
,76.53064,12.50133,0
,76.53091,12.50127,0
,76.53107,12.50121,0
,76.53115,12.50116,0
,76.53129,12.50103,0
,76.53139,12.50097,0
,76.53149,12.50094,0
,76.53164,12.50095,0
,76.53177,12.50098,0
,76.5319,12.50105,0
,76.53197,12.50114,0
,76.53218,12.50171,0
,76.53257,12.50304,0
,76.53265,12.50322,0
,76.53273,12.50331,0
,76.53282,12.50336,0
,76.53291,12.50338,0
,76.53306,12.50333,0
,76.53312,12.50327,0
,76.53343,12.50287,0
,76.53359,12.50263,0
,76.53372,12.50249,0
,76.53393,12.50233,0
,76.53418,12.50209,0
,76.53432,12.50193,0
,76.53474,12.50156,0
,76.53515,12.50123,0
,76.53536,12.5011,0
,76.5355,12.50104,0
,76.53713,12.50023,0
,76.53725,12.50018,0
,76.53758,12.49999,0
,76.53761,12.49996,0
,76.53776,12.49986,0
,76.53781,12.49981,0
,76.53815,12.49933,0
,76.53833,12.499,0
,76.5384,12.4988,0
,76.53859,12.49802,0
,76.53863,12.49793,0
,76.53868,12.49785,0
,76.53882,12.49768,0
,76.53934,12.49724,0
,76.5399,12.49673,0
,76.54011,12.49652,0
,76.54028,12.49639,0
,76.54042,12.49634,0
,76.54059,12.49626,0
,76.54114,12.49604,0
,76.54155,12.49584,0
,76.54235,12.49557,0
,76.54258,12.49551,0
,76.5432,12.49545,0
,76.54373,12.49545,0
,76.54534,12.49529,0
,76.54568,12.49524,0
,76.5458,12.49521,0
,76.54593,12.49514,0
,76.54605,12.49504,0
,76.54633,12.49472,0
,76.54695,12.49419,0
,76.54733,12.49391,0
,76.54746,12.49383,0
,76.54796,12.49358,0
,76.54807,12.49349,0
,76.54811,12.49345,0
,76.54815,12.49339,0
,76.54817,12.49333,0
,76.54819,12.49323,0
,76.54821,12.49294,0
,76.54819,12.49266,0
,76.54817,12.49256,0
,76.548,12.492,0
,76.54798,12.49185,0
,76.54796,12.49179,0
,76.54794,12.49168,0
,76.54786,12.4906,0
,76.54785,12.49008,0
,76.54784,12.49004,0
,76.54778,12.48911,0
,76.54777,12.48868,0
,76.54779,12.48766,0
,76.5478,12.48758,0
,76.54783,12.48744,0
,76.54817,12.48638,0
,76.54824,12.48603,0
,76.54827,12.4856,0
,76.54828,12.48555,0
,76.54834,12.48491,0
,76.54835,12.48489,0
,76.54838,12.48467,0
,76.54843,12.48394,0
,76.54846,12.48384,0
,76.54848,12.48376,0
,76.54858,12.48358,0
,76.54863,12.48351,0
,76.54877,12.4834,0
,76.54883,12.48338,0
,76.54884,12.48337,0
,76.54891,12.48335,0
,76.54919,12.4833,0
,76.55002,12.48322,0
,76.55119,12.48299,0
,76.55124,12.48299,0
,76.55177,12.48289,0
,76.55188,12.48285,0
,76.552,12.48278,0
,76.55208,12.48268,0
,76.55214,12.48254,0
,76.55218,12.48242,0
,76.55226,12.4823,0
,76.5523,12.48226,0
,76.5525,12.48213,0
,76.55251,12.48213,0
,76.55319,12.48173,0
,76.55336,12.48165,0
,76.55364,12.48156,0
,76.55483,12.48133,0
,76.556,12.48106,0
,76.55618,12.481,0
,76.55655,12.48084,0
,76.55717,12.48066,0
,76.55725,12.48061,0
,76.55814,12.47995,0
,76.55823,12.4799,0
,76.55831,12.47987,0
,76.55873,12.47977,0
,76.55889,12.47972,0
,76.55898,12.4797,0
,76.55956,12.47951,0
,76.55972,12.47948,0
,76.56007,12.47947,0
,76.56025,12.47943,0
,76.56033,12.4794,0
,76.56062,12.47924,0
,76.56076,12.47913,0
,76.56081,12.47908,0
,76.56093,12.47891,0
,76.56094,12.47887,0
,76.561,12.47873,0
,76.56111,12.47827,0
,76.5612,12.47812,0
,76.56121,12.47812,0
,76.56125,12.47808,0
,76.5613,12.47805,0
,76.56132,12.47805,0
,76.56134,12.47804,0
,76.56145,12.47804,0
,76.56153,12.47805,0
,76.56161,12.47805,0
,76.56186,12.4781,0
,76.56221,12.47811,0
,76.56269,12.47803,0
,76.56297,12.47794,0
,76.56325,12.4778,0
,76.56334,12.47773,0
,76.56339,12.47768,0
,76.56339,12.47756,0
,76.56342,12.47737,0
,76.56342,12.47716,0
,76.56338,12.47699,0
,76.56338,12.47696,0
,76.56331,12.4767,0
,76.56323,12.47649,0
,76.56323,12.47641,0
,76.56322,12.47631,0
,76.5632,12.47623,0
,76.56315,12.47583,0
,76.56312,12.47567,0
,76.56258,12.47407,0
,76.56251,12.47378,0
,76.56245,12.47346,0
,76.56242,12.47335,0
,76.56235,12.4728,0
,76.56237,12.4726,0
,76.5624,12.47254,0
,76.56241,12.47251,0
,76.56255,12.47236,0
,76.56258,12.47235,0
,76.56267,12.47229,0
,76.56287,12.47226,0
,76.56318,12.47226,0
,76.56339,12.47224,0
,76.56348,12.47221,0
,76.56359,12.47215,0
,76.56386,12.47192,0
,76.56397,12.47177,0
,76.56399,12.4717,0
,76.56401,12.47148,0
,76.56386,12.46981,0
,76.56377,12.46917,0
,76.56378,12.4691,0
,76.56382,12.46904,0
,76.56382,12.46903,0
,76.56388,12.46899,0
,76.56404,12.46892,0
,76.56418,12.46889,0
,76.56481,12.46882,0
,76.56521,12.46875,0
,76.56541,12.46873,0
,76.56564,12.46873,0
,76.56585,12.46876,0
,76.56604,12.46884,0
,76.5664,12.46907,0
,76.56651,12.46912,0
,76.5666,12.46915,0
,76.56676,12.46915,0
,76.56683,12.46914,0
,76.567,12.46908,0
,76.56755,12.46885,0
,76.56792,12.46872,0
,76.5681,12.4687,0
,76.56826,12.4687,0
,76.56844,12.46872,0
,76.56861,12.46875,0
,76.56874,12.46875,0
,76.56885,12.46874,0
,76.5707,12.46843,0
,76.57138,12.46824,0
,76.5719,12.46803,0
,76.57224,12.46792,0
,76.57248,12.46788,0
,76.57286,12.46786,0
,76.57352,12.46777,0
,76.57372,12.46771,0
,76.57399,12.46761,0
,76.57413,12.46752,0
,76.57444,12.4672,0
,76.57471,12.46697,0
,76.57483,12.46685,0
,76.57497,12.46674,0
,76.57511,12.46659,0
,76.57515,12.46653,0
,76.57519,12.46643,0
,76.57521,12.46635,0
,76.57521,12.46612,0
,76.5751,12.46499,0
,76.57516,12.46429,0
,76.57515,12.46386,0
,76.57509,12.46309,0
,76.57509,12.46296,0
,76.5751,12.46289,0
,76.5751,12.46284,0
,76.57516,12.46244,0
,76.57523,12.46221,0
,76.57531,12.46217,0
,76.57533,12.46215,0
,76.57544,12.46194,0
,76.57547,12.4619,0
,76.57553,12.46179,0
,76.57566,12.46166,0
,76.57603,12.46144,0
,76.57619,12.4613,0
,76.57625,12.4612,0
,76.57644,12.46066,0
,76.57656,12.46051,0
,76.57664,12.46047,0
,76.57679,12.46041,0
,76.57708,12.46034,0
,76.57755,12.46015,0
,76.57799,12.45989,0
,76.57803,12.45986,0
,76.57803,12.45985,0
,76.57809,12.45978,0
,76.57814,12.45969,0
,76.57826,12.45927,0
,76.57826,12.45926,0
,76.57839,12.45897,0
,76.57839,12.45896,0
,76.57851,12.45877,0
,76.57854,12.45874,0
,76.5786,12.4587,0
,76.5787,12.45865,0
,76.57875,12.45861,0
,76.57952,12.45837,0
,76.57965,12.45832,0
,76.57983,12.45828,0
,76.57993,12.45828,0
,76.58004,12.45829,0
,76.58049,12.4584,0
,76.58061,12.45842,0
,76.58076,12.45843,0
,76.58092,12.45842,0
,76.58123,12.45836,0
,76.5825,12.45785,0
,76.58275,12.45773,0
,76.58276,12.45772,0
,76.58391,12.45712,0
,76.58398,12.45709,0
,76.58432,12.45701,0
,76.58458,12.45698,0
,76.58578,12.45673,0
,76.58626,12.45665,0
,76.58632,12.45665,0
,76.5864,12.45664,0
,76.58655,12.45665,0
,76.58702,12.45675,0
,76.58721,12.45678,0
,76.58747,12.45679,0
,76.58758,12.45677,0
,76.5877,12.45673,0
,76.58793,12.45657,0
,76.58842,12.45619,0
,76.5885,12.45615,0
,76.58862,12.45604,0
,76.58917,12.4556,0
,76.58921,12.45556,0
,76.58922,12.45554,0
,76.58925,12.45551,0
,76.58931,12.45536,0
,76.58932,12.45526,0
,76.58932,12.45517,0
,76.58928,12.45466,0
,76.58928,12.45431,0
,76.58926,12.45402,0
,76.58921,12.45375,0
,76.58917,12.4536,0
,76.58914,12.45352,0
,76.58896,12.45318,0
,76.58892,12.45302,0
,76.58888,12.45259,0
,76.58887,12.45254,0
,76.58886,12.45159,0
,76.58887,12.45149,0
,76.58894,12.45134,0
,76.58911,12.45114,0
,76.58935,12.45086,0
,76.58962,12.45048,0
,76.58971,12.45031,0
,76.58987,12.45007,0
,76.59064,12.44944,0
,76.59068,12.44939,0
,76.59076,12.44933,0
,76.59083,12.4493,0
,76.59093,12.44921,0
,76.59101,12.44912,0
,76.59125,12.4489,0
,76.59168,12.44854,0
,76.59171,12.44854,0
,76.59173,12.44853,0
,76.59177,12.44849,0
,76.59179,12.44845,0
,76.59179,12.44842,0
,76.59177,12.44837,0
,76.59173,12.44834,0
,76.59171,12.44833,0
,76.59165,12.44833,0
,76.59163,12.44834,0
,76.59119,12.44818,0
,76.59075,12.44795,0
,76.59062,12.44793,0
,76.59055,12.44788,0
,76.59047,12.4478,0
,76.59039,12.4477,0
,76.59033,12.44761,0
,76.59018,12.44732,0
,76.59017,12.44728,0
,76.59011,12.44715,0
,76.59009,12.44712,0
,76.58989,12.44672,0
,76.58979,12.44655,0
,76.58976,12.44648,0
,76.58967,12.44632,0
,76.58937,12.44585,0
,76.58921,12.44556,0
,76.58903,12.44513,0
,76.58888,12.44421,0
,76.58882,12.44398,0
,76.58857,12.4432,0
,76.58796,12.44175,0
,76.58776,12.44133,0
,76.5877,12.44123,0
,76.5873,12.44036,0
,76.58702,12.43986,0
,76.58683,12.43956,0
,76.58601,12.43852,0
,76.58583,12.43835,0
,76.58559,12.43809,0
,76.58555,12.43803,0
,76.58547,12.43794,0
,76.58528,12.43767,0
,76.58504,12.43724,0
,76.58504,12.43723,0
,76.58492,12.43705,0
,76.58492,12.43704,0
,76.58455,12.4366,0
,76.58436,12.43641,0
,76.58419,12.43621,0
,76.58398,12.436,0
,76.58373,12.43607,0
,76.58366,12.43608,0
,76.58357,12.43611,0
,76.58327,12.43624,0
,76.58324,12.43624,0
,76.58317,12.43623,0
,76.58309,12.43611,0
,76.58302,12.43595,0
,76.58287,12.43554,0
,76.58248,12.43416,0
,76.58231,12.43368,0
,76.58186,12.43259,0
,76.58174,12.43221,0
,76.58169,12.43192,0
,76.58168,12.43174,0
,76.58166,12.42752,0
,76.58159,12.42659,0
,76.58152,12.42599,0
,76.58087,12.41866,0
,76.58087,12.41852,0
,76.58089,12.41842,0
,76.58091,12.41836,0
,76.58092,12.41826,0
,76.58115,12.4172,0
,76.58116,12.41705,0
,76.58114,12.4169,0
,76.58108,12.41671,0
,76.58043,12.41523,0
,76.58043,12.41521,0
,76.57995,12.41421,0
,76.57983,12.41401,0
,76.57966,12.41366,0
,76.57964,12.41357,0
,76.57962,12.41354,0
,76.57951,12.41329,0
,76.57949,12.41323,0
,76.57933,12.4129,0
,76.57889,12.41188,0
,76.57862,12.41111,0
,76.57856,12.41099,0
,76.57835,12.41047,0
,76.57729,12.40829,0
,76.57728,12.40825,0
,76.57704,12.40773,0
,76.57703,12.40765,0
,76.57703,12.40755,0
,76.57705,12.40742,0
,76.57709,12.40737,0
,76.57709,12.40736,0
,76.5771,12.40736,0
,76.5771,12.40734,0
,76.57711,12.40734,0
,76.57711,12.40732,0
,76.57712,12.40731,0
,76.57712,12.40725,0
,76.57711,12.40725,0
,76.57711,12.40723,0
,76.57709,12.40722,0
,76.57703,12.40716,0
,76.57694,12.40711,0
,76.57627,12.40662,0
,76.57612,12.40653,0
,76.57595,12.40646,0
,76.5758,12.40641,0
,76.5755,12.40634,0
,76.57541,12.40633,0
,76.57421,12.40611,0
,76.57364,12.40598,0
,76.57342,12.40591,0
,76.57325,12.40587,0
,76.57306,12.40579,0
,76.5729,12.40571,0
,76.57274,12.40558,0
,76.57252,12.40535,0
,76.57241,12.40514,0
,76.57237,12.405,0
,76.57234,12.40484,0
,76.57231,12.40442,0
,76.57232,12.40419,0
,76.57235,12.40407,0
,76.57247,12.40387,0
,76.57264,12.40368,0
,76.57275,12.40361,0
,76.57287,12.40355,0
,76.573,12.40351,0
,76.57333,12.40349,0
,76.57386,12.40352,0
,76.57406,12.40351,0
,76.57416,12.40349,0
,76.57429,12.40344,0
,76.57446,12.40333,0
,76.57464,12.40319,0
,76.5763,12.40148,0
,76.57735,12.40048,0
,76.57902,12.39897,0
,76.57902,12.39896,0
,76.57909,12.39891,0
,76.58091,12.3972,0
,76.58281,12.39585,0
,76.58372,12.39516,0
,76.58437,12.39471,0
,76.58464,12.39457,0
,76.58603,12.39396,0
,76.58632,12.39378,0
,76.58647,12.39366,0
,76.58677,12.39338,0
,76.58695,12.39319,0
,76.58742,12.39264,0
,76.58794,12.39198,0
,76.58946,12.39032,0
,76.58961,12.39013,0
,76.58987,12.39019,0
,76.58999,12.39018,0
,76.59007,12.39021,0
,76.5911,12.39042,0
,76.59166,12.39051,0
,76.59184,12.39055,0
,76.59302,12.39072,0
,76.59495,12.39118,0
,76.59782,12.39173,0
,76.5979,12.39173,0
,76.59811,12.39176,0
,76.59864,12.39178,0
,76.59876,12.39176,0
,76.59899,12.39176,0
,76.59921,12.39174,0
,76.60005,12.39173,0
,76.60055,12.39175,0
,76.60142,12.39183,0
,76.60162,12.39192,0
,76.60243,12.3924,0
,76.60284,12.39261,0
,76.60369,12.39315,0
,76.60421,12.39352,0
,76.60433,12.39357,0
,76.60443,12.3936,0
,76.60444,12.39361,0
,76.60586,12.3938,0
,76.60787,12.39414,0
,76.60828,12.39419,0
,76.60852,12.39419,0
,76.60862,12.39418,0
,76.60875,12.39415,0
,76.60895,12.39408,0
,76.60904,12.39404,0
,76.6101,12.39345,0
,76.61035,12.39335,0
,76.61062,12.39328,0
,76.61238,12.39296,0
,76.61417,12.39258,0
,76.61472,12.3924,0
,76.61596,12.39189,0
,76.61626,12.39179,0
,76.61663,12.39173,0
,76.61695,12.39172,0
,76.61753,12.39176,0
,76.6213,12.3923,0
,76.62212,12.39239,0
,76.62282,12.39244,0
,76.62669,12.39236,0
,76.62708,12.39202,0
,76.6272,12.39189,0
,76.62733,12.39172,0
,76.62706,12.38839,0
,76.62656,12.38315,0
,76.62653,12.38302,0
,76.62634,12.3818,0
,76.62627,12.38123,0
,76.62622,12.38005,0
,76.62625,12.37994,0
,76.62635,12.37908,0
,76.62637,12.37861,0
,76.62636,12.37849,0
,76.62636,12.37831,0
,76.62634,12.37812,0
,76.62624,12.37767,0
,76.62616,12.37711,0
,76.62609,12.37518,0
,76.62606,12.37496,0
,76.62605,12.37479,0
,76.62596,12.37423,0
,76.62581,12.37359,0
,76.62551,12.37281,0
,76.6254,12.37258,0
,76.62525,12.37233,0
,76.62489,12.37165,0
,76.6247,12.37134,0
,76.62451,12.37091,0
,76.62445,12.37069,0
,76.62441,12.37043,0
,76.6244,12.37029,0
,76.62445,12.36996,0
,76.62459,12.36942,0
,76.62486,12.36864,0
,76.62494,12.36836,0
,76.62558,12.36642,0
,76.62589,12.36563,0
,76.62606,12.36529,0
,76.62624,12.36497,0
,76.62653,12.36451,0
,76.62655,12.36447,0
,76.62677,12.36421,0
,76.62681,12.36412,0
,76.62689,12.36389,0
,76.62712,12.36267,0
,76.62716,12.36221,0
,76.62779,12.35888,0
,76.62789,12.35783,0
,76.62787,12.35769,0
,76.62794,12.35721,0
,76.62808,12.35648,0
,76.6282,12.35604,0
,76.62839,12.35502,0
,76.6286,12.35419,0
,76.6289,12.35259,0
,76.6289,12.35252,0
,76.62895,12.35246,0
,76.62895,12.35243,0
,76.629,12.3522,0
,76.62907,12.35206,0
,76.62911,12.35177,0
,76.62957,12.34923,0
,76.6298,12.34812,0
,76.62982,12.34798,0
,76.62987,12.34777,0
,76.63003,12.34687,0
,76.63012,12.34654,0
,76.63068,12.34359,0
,76.63073,12.34358,0
,76.63077,12.34356,0
,76.63108,12.34354,0
,76.63123,12.34352,0
,76.63164,12.34343,0
,76.63185,12.34336,0
,76.63197,12.34331,0
,76.63207,12.34325,0
,76.63216,12.34317,0
,76.63264,12.34262,0
,76.63276,12.34243,0
,76.63282,12.3423,0
,76.63297,12.3419,0
,76.63443,12.34213,0
,76.63468,12.34128,0
,76.63483,12.34092,0
,76.63486,12.34082,0
,76.63487,12.34081,0
,76.63493,12.34066,0
,76.63495,12.34063,0
,76.63516,12.34016,0
,76.63506,12.33933,0
,76.63501,12.33909,0
,76.63501,12.33899,0
,76.63502,12.33894,0
,76.63515,12.33865,0
,76.63538,12.33824,0
,76.63549,12.33807,0
,76.63569,12.3378,0
,76.63591,12.33756,0
,76.63658,12.33691,0
,76.63685,12.33669,0
,76.63701,12.33658,0
,76.63724,12.33645,0
,76.63851,12.33564,0
,76.63875,12.33547,0
,76.63885,12.33537,0
,76.63877,12.33498,0
,76.63866,12.33413,0
,76.63867,12.33406,0
,76.63868,12.33398,0
,76.64169,12.33225,0
,76.64176,12.3322,0
,76.6418,12.33218,0
,76.64187,12.33212,0
,76.6419,12.33209,0
,76.64194,12.33202,0
,76.64197,12.33194,0
,76.64208,12.33134,0
,76.64244,12.33132,0
,76.64264,12.33133,0
,76.64275,12.33132,0
,76.64286,12.3313,0
,76.64334,12.33116,0
,76.64354,12.33102,0
,76.64363,12.33097,0
,76.64372,12.33093,0
,76.64377,12.33092,0
,76.64382,12.33092,0
,76.64389,12.33089,0
,76.6453,12.33059,0
,76.64538,12.3306,0
,76.64539,12.33061,0
,76.64539,12.33064,0
,76.6454,12.33065,0
,76.6454,12.33067,0
,76.64542,12.3307,0
,76.64542,12.33071,0
,76.64545,12.33074,0
,76.64545,12.33075,0
,76.64547,12.33076,0
,76.64548,12.33077,0
,76.64551,12.33077,0
,76.64551,12.33078,0
,76.64556,12.33078,0
,76.64556,12.33077,0
,76.64559,12.33077,0
,76.6456,12.33076,0
,76.64561,12.33076,0
,76.64562,12.33074,0
,76.64563,12.33074,0
,76.64563,12.33073,0
,76.64564,12.33072,0
,76.64625,12.33111,0
,76.64734,12.33166,0
,76.64767,12.33177,0
,76.64782,12.33184,0
,76.64795,12.33188,0
,76.64821,12.33194,0
,76.64969,12.3321,0
,76.6532,12.33238,0
,76.65391,12.33238,0
,76.65442,12.33236,0
,76.65459,12.33238,0
,76.65566,12.33245,0
,76.65576,12.3325,0
,76.65602,12.33251,0
,76.65608,12.33249,0
,76.65613,12.33246,0
,76.65617,12.33248,0
,76.65626,12.33248,0
,76.65628,12.33247,0
,76.65631,12.33247,0
,76.65633,12.33246,0
,76.65635,12.33244,0
,76.65638,12.33243,0
,76.65643,12.33238,0
,76.65647,12.3323,0
,76.65647,12.33224,0
,76.65646,12.33219,0
,76.65643,12.33212,0
,76.65641,12.33211,0
,76.65638,12.33207,0
,76.65627,12.33202,0
,76.6562,12.33202,0
,76.65615,12.33204,0
,76.65613,12.33204,0
,76.65611,12.33205,0
,76.6561,12.33207,0
,76.65609,12.33208,0
,76.65607,12.33209,0
,76.65606,12.3321,0
,76.65604,12.33214,0
,76.65593,12.33227,0
,76.65587,12.33233,0
,76.65576,12.3324,0
,76.65566,12.33245,0
,76.65459,12.33238,0
,76.65442,12.33236,0
,76.65442,12.33224,0
,76.65446,12.33194,0
,76.65444,12.33154,0
,76.65392,12.33148,0