2013-08-03T17:11:00Z,15.168768173344816,44.0959865207756,0
,15.159003870462845,44.11416851507048,0
,15.158914042469451,44.114252647912664,0
,15.158393040107763,44.114880404543015,0
,15.158330160512387,44.11496453636467,0
,15.158249315318333,44.11504866806568,0
,15.158186435722959,44.11513927130113,0
,15.158132538926921,44.1152298743967,0
,15.158069659331543,44.11532694898672,0
,15.158015762535507,44.115424023416175,0
,15.157934917341452,44.115514626072105,0
,15.157881020545418,44.115598756984525,0
,15.157315104187031,44.11649830304723,0
,15.156812067424024,44.11717780711791,0
,15.156749187828648,44.11766963372709,0
,15.156812067424024,44.11879564228364,0
,15.156821050223362,44.11889918221554,0
,15.156830033022702,44.11898977950609,0
,15.15684799862138,44.11908037665677,0
,15.15684799862138,44.11918391608625,0
,15.15684799862138,44.11929392652987,0
,15.156839015822042,44.119390994397115,0
,15.156839015822042,44.119501004452495,0
,15.15684799862138,44.119604543139765,0
,15.15684799862138,44.11970161049315,0
,15.156839015822042,44.11980514882643,0
,15.156830033022702,44.119908686977,0
,15.156830033022702,44.120005753827236,0
,15.156830033022702,44.12011576273006,0
,15.156839015822042,44.12021282923772,0
,15.156650377035914,44.12098935551836,0
,15.156506652246483,44.121481150180635,0
,15.156407841453747,44.12196646981935,0
,15.156210219868282,44.122561789760375,0
,15.15606649507885,44.12316357443093,0
,15.15586887349338,44.12383653062258,0
,15.155850907894703,44.1240435925132,0
,15.15557244111518,44.12479418574054,0
,15.155356853931035,44.12609475988917,0
,15.155204146342264,44.12720119579404,0
,15.154997541957457,44.127757641052334,0
,15.15492567956274,44.127835284157094,0
,15.15413519322087,44.127757641052334,0
,15.153775881247293,44.12767999784478,0
,15.153416569273714,44.12760882481427,0
,15.152096097770817,44.12741471611028,0
,15.151018161850086,44.12718825514385,0
,15.150344451899628,44.127020026431396,0
,15.149895311932655,44.12677415282998,0
,15.149787518340583,44.12667709717731,0
,15.149706673146527,44.12659945253955,0
,15.149580913955775,44.12652180779903,0
,15.149482103163042,44.1264571037701,0
,15.149392275169648,44.12638592925585,0
,15.149293464376912,44.1263082842327,0
,15.149194653584178,44.126217698242485,0
,15.149104825590785,44.12613358255489,0
,15.14902398039673,44.12605593719777,0
,15.148952118002015,44.125971821278235,0
,15.148871272807959,44.125881234768485,0
,15.148790427613905,44.12577770715744,0
,15.14838620164363,44.12531830117938,0
,15.148188580058163,44.125156537654625,0
,15.147595715301758,44.12466477380028,0
,15.147505887308364,44.12447712597981,0
,15.147685543295152,44.1238947668532,0
,15.147937061676659,44.12337710944319,0
,15.147955027275337,44.12326710665515,0
,15.147757405689868,44.12313122057336,0
,15.147326231321577,44.12304062967738,0
,15.147191489331485,44.12304062967738,0
,15.146778280561872,44.123965944389866,0
,15.146715400966494,44.12447065535463,0
,15.146715400966494,44.12510477323249,0
,15.146868108555266,44.125932998505455,0
,15.14695793654866,44.12643769254752,0
,15.147074712940073,44.127065318824506,0
,15.146922005351303,44.127343542757906,0
,15.147038781742713,44.12815232576832,0
,15.146832177357906,44.12861170955245,0
,15.146975902147338,44.12888345601291,0
,15.147227420528843,44.12897403788663,0
,15.147955027275337,44.12898050801512,0
,15.149140756788142,44.128766993398315,0
,15.149778535541243,44.12855994817917,0
,15.150461228291041,44.12839172340052,0
,15.151188835037534,44.128145855548475,0
,15.15188949338601,44.12806821285478,0
,15.153129119694855,44.128191147072336,0
,15.153928588836063,44.128301140627556,0
,15.155141266746888,44.12811997466201,0
,15.156138357473566,44.12810703421447,0
,15.157692381759288,44.128217027927406,0
,15.158815231676718,44.128171736423546,0
,15.159497924426516,44.128158795987446,0
,15.160719585136679,44.12826878960332,0
,15.162040056639576,44.12854700782872,0
,15.163019181767575,44.128695821686655,0
,15.164025255293593,44.128734642630974,0
,15.164582188852636,44.12874111278587,0
,15.165453520388562,44.12887698587372,0
,15.166423662717222,44.128889926151395,0
,15.167860910611532,44.12879287399931,0
,15.16866936255208,44.128715232162044,0
,15.170537784814686,44.12865700071663,0
,15.171373185153254,44.128624649888664,0
,15.172981106235012,44.12839172340052,0
,15.174005145359708,44.12836584262252,0
,15.174544113320074,44.12840466378524,0
,15.174840545698276,44.1283593724262,0
,15.175101046879117,44.128158795987446,0
,15.175334599661943,44.12766705730021,0
,15.175451376053356,44.127084729839424,0
,15.175352565260624,44.12609475988917,0
,15.175460358852696,44.12527300743739,0
,15.175110029678459,44.1243735958909,0
,15.173771592576882,44.1226588522215,0
,15.173035003031048,44.12187587712486,0
,15.172487052271341,44.120892290295295,0
,15.171651651932773,44.11985044678978,0
,15.171139632370428,44.11891212469419,0
,15.170438974021952,44.11781200381832,0
,15.170043730851015,44.117022492595446,0
,15.169576625285364,44.116517717558445,0
,15.168750207746134,44.1159417509946,0
,15.168139377391055,44.115747603687936,0
,15.167869893410872,44.11577349003261,0
,15.167789048216816,44.115851148998104,0
,15.167950738604926,44.116511246055424,0
,15.16804954939766,44.117016021148096,0
,15.16849868936463,44.11794790221951,0
,15.168759190545476,44.11892506716998,0
,15.169181382114429,44.11997339822834,0
,15.169540694088008,44.1211640725152,0
,15.169783229670172,44.12225118880564,0
,15.169855092064887,44.12282062263323,0
,15.170232369637144,44.12413418186056,0
,15.170591681610722,44.12510477323249,0
,15.170977941982319,44.126379458841164,0
,15.171202511965804,44.12740177550718,0
,15.171579789538058,44.12836584262252,0
,15.171795376722205,44.12883816502358,0
,15.171992998307674,44.12976985833551,0
,15.172325361883232,44.13053331821183,0
,15.172738570652848,44.131497333859535,0
,15.173430246201985,44.13269424399044,0
,15.17429259493857,44.134246955870715,0
,15.174723769306862,44.13528854371912,0
,15.175092064079779,44.13643362205502,0
,15.175370530859302,44.13748810944704,0
,15.175244771668549,44.13764336979283,0
,15.174562078918752,44.13752692457202,0
,15.173205676218497,44.13743635590707,0
,15.172415189876626,44.13744929429634,0
,15.171471995945986,44.13740400992143,0
,15.17013355884441,44.13731344106665,0
,15.169001726127641,44.13726168737255,0
,15.167654306226725,44.13711289524758,0
,15.166190109934396,44.136905879489134,0
,15.16549843438526,44.13684118691476,0
,15.164672016846032,44.13667945516656,0
,15.163854582106143,44.13664063948062,0
,15.163037147366254,44.136608293056035,0
,15.162156833030988,44.13629776647231,0
,15.160890258324129,44.135670238982065,0
,15.159938081594147,44.13524972711252,0
,15.159030818860865,44.13509446042925,0
,15.15779119255202,44.13466100542944,0
,15.157027654608168,44.134441041965346,0
,15.155788028299327,44.134188729917085,0
,15.154512470793128,44.133794085818685,0
,15.152931498109385,44.13337356049626,0
,15.152141011767515,44.13312124385547,0
,15.150569021883113,44.132487212633805,0
,15.149329395574272,44.13206020815271,0
,15.148601788827776,44.131717308364266,0
,15.148467046837686,44.131704368710345,0
,15.148350270446272,44.13174965748654,0
,15.14820654565684,44.13233193863674,0
,15.148026889670053,44.13268777427162,0
,15.147856216482603,44.133742329018666,0
,15.14777537128855,44.13464806642498,0
,15.147793336887228,44.1353985239649,0
,15.147784354087888,44.136420683441656,0
,15.14774842289053,44.13744282510208,0
,15.14777537128855,44.13858139230423,0
,15.147856216482603,44.13954527566693,0
,15.147990958472693,44.14070320855448,0
,15.148026889670053,44.1418611185749,0
,15.148008924071375,44.142359206912765,0
,15.148170614459485,44.143361839436146,0
,15.148341287646932,44.144396796959306,0
,15.14854789203174,44.14538645800201,0
,15.148781444814565,44.145962135498074,0
,15.149113808390124,44.146964706405484,0
,15.149491085962381,44.14804487651684,0
,15.149886329133317,44.14906034763134,0
,15.150272589504912,44.14973300670896,0
,15.15061393587981,44.15022456038403,0
,15.151009179050746,44.15143402358728,0
,15.15109900704414,44.152126058151794,0
,15.15126968023159,44.15364591846905,0
,15.151377473823663,44.15459015226316,0
,15.151377473823663,44.154881180160004,0
,15.151305611428947,44.154958787355106,0
,15.151188835037534,44.15499112365606,0
,15.150829523063958,44.15491998377041,0
,15.150515125087075,44.154732432748865,0
,15.14984141513662,44.154415534831344,0
,15.149697690347189,44.154240916879246,0
,15.149643793551151,44.153736462095054,0
,15.149940225929353,44.15295390185021,0
,15.150245641106894,44.15251411134136,0
,15.150955282254708,44.15206138237041,0
,15.151251714632911,44.15184795178546,0
,15.151862544987992,44.15163452042333,0
,15.152644048530524,44.151233526065376,0
,15.153227930487587,44.15098128627332,0
,15.154189090016907,44.15042506135731,0
,15.155823959496685,44.14975241022166,0
,15.15688392981874,44.14936433874741,0
,15.15749476017382,44.1489956684671,0
,15.158527782097856,44.14838121284707,0
,15.159641649215947,44.14781202715774,0
,15.159839270801413,44.147566240719705,0
,15.159965029992167,44.14658308466187,0
,15.160252479571028,44.14549641930883,0
,15.160584843146587,44.14385344653771,0
,15.160701619537999,44.14296725706985,0
,15.160854327126769,44.141971086494,0
,15.161078897110256,44.14080670982214,0
,15.161213639100348,44.139732875284786,0
,15.161366346689118,44.138730180703064,0
,15.161456174682511,44.13777275310027,0
,15.161528037077227,44.13728109501318,0
,15.16165379626798,44.13619425724566,0
,15.161761589860053,44.13519797159711,0
,15.161905314649484,44.134059338702016,0
,15.162004125442218,44.13272659257391,0
,15.162084970636272,44.131762597130475,0
,15.162345471817117,44.13129029827791,0
,15.162731732188712,44.13076623619579,0
,15.16292037097484,44.13008041948417,0
,15.163162906557007,44.12953693639493,0
,15.163450356135867,44.128566418353344,0
,15.163603063724638,44.12799704029529,0
,15.16357611532662,44.12739530520458,0
,15.163845599306802,44.12620475737533,0
,15.16392644450086,44.125156537654625,0
,15.163989324096233,44.1245547734266,0
,15.163980341296893,44.12385594270588,0
,15.164151014484343,44.12336416794941,0
,15.164168980083023,44.12285944746568,0
,15.164133048885665,44.12256826059611,0
,15.16439355006651,44.12137114383778,0
,15.164734896441407,44.12016753155413,0
,15.16513912241168,44.11879564228364,0
,15.16530081279979,44.117740818815896,0
,15.165471485987242,44.11714544995964,0
,15.165399623592526,44.11694483518007,0
,15.165210984806397,44.116783048567925,0
,15.164564223253958,44.1167377482366,0
,15.164474395260564,44.11667303341691,0
,15.164456429661884,44.11639475887895,0
,15.163683908918692,44.116032352851235,0
,15.163477304533886,44.11579290478362,0
,15.163171889356345,44.11486746117516,0
,15.1629563021722,44.114750970735784,0
,15.162453265409189,44.114647423484456,0
,15.162345471817117,44.114589178075285,0
,15.162507162205227,44.1141167409538,0
,15.162983250570216,44.113521335329146,0
,15.16326171734974,44.11305536149634,0
,15.163531201329922,44.11251172068209,0
,15.16389949610284,44.11174155424181,0
,15.164249825277079,44.110434189751516,0
,15.164402532865848,44.10977402434018,0
,15.164465412461226,44.109236825438046,0
,15.1648696384315,44.108181830153185,0
,15.165049294418287,44.10732099173177,0
,15.1651660708097,44.10676435264845,0
,15.16566012477337,44.105670476746454,0
,15.166163161536378,44.10476429192355,0
,15.166486542312597,44.10402638823529,0
,15.167079407069002,44.10313959697107,0
,15.16741177064456,44.10255055303429,0
,15.168247170983127,44.10152133021341,0
,15.16851665496331,44.10091285037399,0
,15.169109519719713,44.100129585127455,0
,15.169468831693292,44.09915858064717,0
,15.169900006061585,44.09854360283771,0
,15.17077133759751,44.097643781594364,0
,15.171049804377034,44.09699641965362,0
,15.171067769975712,44.09680220967975,0
,15.171031838778353,44.09671157813881,0
,15.17030423203186,44.096543262048776,0
,15.170034748051675,44.096543262048776,0
,15.169262227308483,44.0966274201541,0
,15.168633431354724,44.09631020820463,0
,15.16884901853887,44.09642026152406,0
,15.169145450917073,44.09659505166631,0
,15.169513745689988,44.09660799906357,0
,15.169684418877438,44.09636847175238,0
,15.169540694088008,44.09612246971309,0
,15.169181382114429,44.095857045304406,0
,15.169064605723017,44.0958182026074,0
2013-08-03T20:03:00Z,15.168768173344816,44.0959865207756,0

2013-08-04T11:56:00Z,15.16886698413755,44.096064205921266,0
,15.16885800133821,44.09588294042148,0
,15.168965794930282,44.09583115017591,0
,15.169217313311789,44.095889414198965,0
,15.169495780091308,44.09608362719164,0
,15.169594590884044,44.096154838461345,0
,15.16980119526885,44.09626489207197,0
,15.169908988860925,44.09632315566468,0
,15.170025765252337,44.09634905057622,0
,15.17014254164375,44.09638789292211,0
,15.170250335235822,44.09643968267669,0
,15.170367111627236,44.09647852496262,0
,15.170483888018648,44.09651736722289,0
,15.17061863000874,44.096543262048776,0
,15.170744389199493,44.09656268316072,0
,15.171058787176372,44.09671157813881,0
,15.17108573557439,44.09680868335588,0
,15.170888113988921,44.097061156168856,0
,15.170798285995527,44.097145313531946,0
,15.170735406400151,44.09722299714469,0
,15.170663544005436,44.09730715427584,0
,15.170600664410061,44.09739131128639,0
,15.170528802015346,44.097481941778234,0
,15.170474905219308,44.09757257213023,0
,15.17042100842327,44.097669675923555,0
,15.170340163229216,44.0977603059858,0
,15.17027728363384,44.09784446234692,0
,15.170196438439785,44.0979350921394,0
,15.170124576045069,44.0980127747073,0
,15.170034748051675,44.098103404240014,0
,15.169953902857621,44.098181086585285,0
,15.169873057663565,44.09826524234335,0
,15.16980119526885,44.098349397980805,0
,15.169684418877438,44.098530655867215,0
,15.169630522081402,44.09861481112431,0
,15.169540694088008,44.09880901510339,0
,15.169495780091308,44.09890611685208,0
,15.169459848893952,44.09900321844018,0
,15.169379003699898,44.09919742113469,0
,15.169298158505843,44.09939162318687,0
,15.169217313311789,44.0995793512268,0
,15.169181382114429,44.0996699783416,0
,15.169127485318391,44.09975413196579,0
,15.169073588522357,44.09984475881084,0
,15.168606482956706,44.1008222251775,0
,15.167977687002944,44.10147601810227,0
,15.167735151420779,44.10203918042878,0
,15.167708203022762,44.102233373082,0
,15.167456684641259,44.102563499118396,0
,15.166818905888157,44.102874204280496,0
,15.166585353105331,44.10295188031411,0
,15.166522473509955,44.10303602923454,0
,15.166540439108635,44.10312665101398,0
,15.167232114657772,44.1033661507577,0
,15.167339908249843,44.10343088025046,0
,15.167815996614834,44.10355386609008,0
,15.168094463394358,44.10397460517206,0
,15.16807649779568,44.10406522550272,0
,15.168624448555384,44.10524327707274,0
,15.168902915334906,44.105715785620426,0
,15.169073588522357,44.10642777761882,0
,15.16931612410452,44.107379244354,0
,15.169531711288668,44.10839541968645,0
,15.169549676887346,44.10920446390139,0
,15.16947781449263,44.110091163552724,0
,15.16932510690386,44.11127556627832,0
,15.169450866094614,44.11202632284268,0
,15.169352055301879,44.11280295745884,0
,15.169370020900558,44.11346308880237,0
,15.169109519719713,44.11441444150094,0
,15.16886698413755,44.11558581377507,0
,15.16821123978577,44.117591977168125,0
,15.167923790206908,44.118607975691376,0
,15.167510581437293,44.119675725881265,0
,15.167321942651165,44.120452259270124,0
,15.167294994253146,44.120555796278815,0
,15.16725906305579,44.12077581181567,0
,15.167241097457111,44.120872877231434,0
,15.167232114657772,44.12096347147459,0
,15.167169235062396,44.12126760826784,0
,15.16710635546702,44.12169469131625,0
,15.167079407069002,44.12179822613253,0
,15.167052458670982,44.12190823167468,0
,15.166881785483532,44.12291768466617,0
,15.166702129496745,44.12362299728246,0
,15.166486542312597,44.12408888720437,0
,15.166190109934396,44.125053008764674,0
,15.165875711957517,44.126411810907385,0
,15.165525382783278,44.12747941908299,0
,15.165453520388562,44.12757000312486,0
,15.165318778398472,44.12759588425398,0
,15.164133048885665,44.127162373834864,0
,15.162588007399282,44.12680003431024,0
,15.161537019876567,44.126567100576835,0
,15.16087229272545,44.12647004458161,0
,15.16037823876178,44.126321225077035,0
,15.15959673521925,44.12615946431779,0
,15.15894099086747,44.12602358493529,0
,15.158527782097856,44.125997703112475,0
,15.157620519364572,44.12575829571004,0
,15.15509635275019,44.12533124224208,0
,15.153919606036725,44.125156537654625,0
,15.152141011767515,44.12492359739536,0
,15.150434279893021,44.12465183259056,0
,15.149068894393428,44.12445771410206,0
,15.147712491693172,44.12425065367305,0
,15.14660760737442,44.12410182853827,0
,15.145260187473506,44.12416653516499,0
,15.144577494723709,44.124127711197545,0
,15.143526507200994,44.12408241653634,0
,15.142161121701399,44.12393359097481,0
,15.140840650198502,44.1237653529289,0
,15.13974474867909,44.12361005584293,0
,15.138406311577514,44.12350652422389,0
,15.137606842436304,44.12346769981965,0
,15.13623247413737,44.12338358018902,0
,15.135019796226546,44.12343534612985,0
,15.134750312246364,44.12340299242217,0
,15.134660484252967,44.1234741705555,0
,15.134831157440418,44.12375241152077,0
,15.134867088637776,44.12432183077793,0
,15.135037761825224,44.12498183254688,0
,15.135073693022584,44.12507242044548,0
,15.135091658621262,44.125169478752994,0
,15.13510962421994,44.12526653689997,0
,15.1351455554173,44.125557710377414,0
,15.135163521015977,44.125654767882075,0
,15.135190469413995,44.12585535288283,0
,15.135199452213334,44.12594593943258,0
,15.135208435012675,44.12604299629493,0
,15.135253349009371,44.12634063633818,0
,15.135343177002765,44.12695532295198,0
,15.135361142601445,44.127045907803165,0
,15.135379108200125,44.12715590350584,0
,15.135388090999463,44.12725942868463,0
,15.135406056598141,44.12736295368075,0
,15.1354419877955,44.12755059227051,0
,15.135459953394179,44.12764764647799,0
,15.135477918992857,44.12774470052487,0
,15.135495884591535,44.127841754411186,0
,15.135513850190216,44.12794527837959,0
,15.135522832989555,44.12804233193405,0
,15.135648592180306,44.12903226901731,0
,15.135693506177004,44.130578607892254,0
,15.135693506177004,44.131646140232434,0
,15.135675540578326,44.13242898493308,0
,15.135675540578326,44.132538970541475,0
,15.135666557778986,44.13350295322432,0
,15.135648592180306,44.134563962826384,0
,15.13556774698625,44.13605840110842,0
,15.135477918992857,44.137164649072986,0
,15.135361142601445,44.13839378900235,0
,15.135217417812015,44.13964231002695,0
,15.134885054236454,44.141906399507754,0
,15.134723363848344,44.14281201082073,0
,15.134498793864857,44.14440973381273,0
,15.13415744748996,44.14549641930883,0
,15.1335286515362,44.14741747474338,0
,15.132944769579137,44.14911209091137,0
,15.132495629612164,44.15043799688044,0
,15.132028524046513,44.151802678531176,0
,15.131291934500679,44.15393695105487,0
,15.130905674129082,44.154926451036324,0
,15.130770932138992,44.154945852829734,0
,15.130582293352862,44.15480357286217,0
,15.12981875540901,44.15456428304683,0
,15.129171993856572,44.15442846947375,0
,15.128776750685638,44.154415534831344,0
,15.12810304073518,44.154286188250104,0
,15.127159846804538,44.15415684138342,0
,15.125785478505605,44.15395635317584,0
,15.12281217192425,44.15338722162398,0
,15.120359867704584,44.15277927954321,0
,15.117799769892843,44.15224247437842,0
,15.115401362469214,44.1517315347752,0
,15.113847338183492,44.15143402358728,0
,15.111871122328814,44.15107183401589,0
,15.110550650825918,44.15083252896402,0
,15.10951762890188,44.150606158421105,0
,15.10775700023135,44.15030217374537,0
,15.106400597531097,44.15006933335302,0
,15.105610111189225,44.149901170272216,0
,15.105466386399794,44.14986883116289,0
,15.105349610008382,44.14983002420817,0
,15.10520588521895,44.14978474939518,0
,15.105071143228859,44.14972007103025,0
,15.104963349636787,44.14967479613233,0
,15.104846573245373,44.14963598904915,0
,15.104738779653301,44.14959718194026,0
,15.10458607206453,44.14955190694743,0
,15.104469295673116,44.14951956764542,0
,15.104352519281704,44.14948722832555,0
,15.10423574289029,44.14944842111818,0
,15.104118966498879,44.14940961388511,0
,15.103894396515393,44.1493319993419,0
,15.10377762012398,44.14928672414425,0
,15.103660843732568,44.1492414489116,0
,15.103517118943136,44.14918970574576,0
,15.103373394153706,44.14913796253427,0
,15.102097836647504,44.1486658036192,0
,15.101990043055432,44.148614059945245,0
,15.101199556713562,44.14821951292918,0
,15.100858210338663,44.14805781256526,0
,15.09864844170116,44.14787670762807,0
,15.097372884194963,44.14779262300274,0
,15.095908687902634,44.14771500631847,0
,15.094094162436066,44.14758564494964,0
,15.092629966143738,44.14748215564905,0
,15.090788492279154,44.14740453855368,0
,15.088668551635045,44.147359261867265,0
,15.087851116895155,44.14730751704,0
,15.087716374905066,44.14734632566475,0
,15.087680443707708,44.1475403684031,0
,15.087770271701102,44.148523508405866,0
,15.087940944888553,44.14975241022166,0
,15.088039755681285,44.1507807872027,0
,15.088030772881947,44.151815613750266,0
,15.087949927687891,44.15356184211965,0
,15.087860099694495,44.154072765766976,0
,15.087878065293175,44.15525628065086,0
,15.087608581312992,44.15666611964576,0
,15.087428925326204,44.15764263961702,0
,15.087078596151965,44.15902655395476,0
,15.08684504336914,44.15993836750231,0
,15.086422851800187,44.16089543312611,0
,15.086494714194902,44.16142569248488,0
,15.086907922964516,44.162893580557544,0
,15.087141475747341,44.16388292930442,0
,15.087105544549985,44.16506624605994,0
,15.086764198175084,44.16673448809756,0
,15.086602507786974,44.16773670368746,0
,15.086386920602827,44.1683380248111,0
,15.086315058208111,44.16843501151102,0
,15.08540779547483,44.16825396954128,0
,15.084015461577216,44.16789834975745,0
,15.082353643699422,44.16750393256306,0
,15.080988258199826,44.16719356962505,0
,15.07964083829891,44.16692200070539,0
,15.078643747572233,44.16661810065977,0
,15.07772750203961,44.16638532509047,0
,15.076398047737374,44.166087888294804,0
,15.075400957010697,44.1658163142494,0
,15.073819984326954,44.16540895082077,0
,15.071753940478883,44.16494985530774,0
,15.070289744186555,44.16463947883811,0
,15.068897410288942,44.164342033178364,0
,15.067612869983403,44.164031653488536,0
,15.067199661213788,44.16400578844017,0
,15.066669676052761,44.16489812601035,0
,15.066130708092397,44.166146082569284,0
,15.065349204549864,44.167950076405624,0
,15.064864133385534,44.169152708099496,0
,15.064406010619223,44.17021953812887,0
,15.063876025458196,44.17144798500241,0
,15.063372988695189,44.172585891751204,0
,15.062834020734822,44.17376256752474,0
,15.062438777563887,44.17469354698928,0
,15.062106413988326,44.17610938322324,0
,15.0618728612055,44.17712436804237,0
,15.06159439442598,44.17813287056583,0
,15.061369824442494,44.17902499293543,0
,15.061199151255042,44.17960680454961,0
,15.060911701676183,44.18072515952719,0
,15.06062425209732,44.18182410025798,0
,15.060381716515156,44.182735558980575,0
,15.060040370140255,44.183873246412915,0
,15.059564281775266,44.185482777800665,0
,15.059133107406971,44.18684664325641,0
,15.058791761032074,44.18803595970843,0
,15.058306689867745,44.189684157235085,0
,15.05792042949615,44.19097036541775,0
,15.057372478736442,44.19288993008671,0
,15.057013166762866,44.19431825217052,0
,15.056671820387967,44.195436326129595,0
,15.056429284805802,44.19645743859717,0
,15.056339456812408,44.19711016571305,0
,15.056249628819014,44.197310506238885,0
,15.056204714822316,44.19742683268108,0
,15.055935230842135,44.19846083533738,0
,15.055773540454025,44.19933972322973,0
,15.055315417687712,44.201155618898305,0
,15.05502796810885,44.202254176106536,0
,15.05472255293131,44.20335271268864,0
,15.054471034549806,44.20432199254387,0
,15.054156636572923,44.2056208023735,0
,15.053950032188117,44.20665466023294,0
,15.0535817374152,44.208018032350196,0
,15.053375133030393,44.20895492841751,0
,15.053096666250871,44.20991119306675,0
,15.052908027464742,44.210634842409696,0
,15.052934975862762,44.21119049565007,0
,15.053141580247567,44.21166861165503,0
,15.053824272997364,44.212553762051236,0
,15.054596793740556,44.21339367339846,0
,15.055036950908189,44.213800703020006,0
,15.05534236608573,44.21449846149514,0
,15.055369314483748,44.214582450379886,0
,15.055396262881768,44.21469228181641,0
,15.055423211279786,44.214795652391764,0
,15.055441176878464,44.21488610149533,0
,15.055593884467234,44.21596501930115,0
,15.05570167805931,44.21647539863343,0
,15.055737609256665,44.21657230559842,0
,15.055800488852041,44.21677903992035,0
,15.055836420049399,44.21688886723161,0
,15.055854385648079,44.21698577351144,0
,15.055926248042795,44.217470302501766,0
,15.055953196440813,44.2176641129738,0
,15.05597116203949,44.2178514624862,0
,15.055989127638169,44.21796774808855,0
,15.056016076036189,44.21807757316732,0
,15.056043024434207,44.21816801719497,0
,15.056240646019674,44.21903368866808,0
,15.0564741988025,44.22004146916426,0
,15.056680803187305,44.22128179054657,0
,15.056644871989949,44.22150788796332,0
,15.056411319207124,44.22198591962321,0
,15.056168783624958,44.22205697804983,0
,15.055602867266574,44.22179212347541,0
,15.054408154954428,44.22132055016583,0
,15.052908027464742,44.220622873088175,0
,15.05198279913278,44.220215890948445,0
,15.051749246349955,44.22011899002147,0
,15.050599448034507,44.21953758108729,0
,15.049449649719058,44.21898846734122,0
,15.047913591032016,44.21827784189762,0
,15.046260755953558,44.21752198535712,0
,15.044545041279726,44.21674673773071,0
,15.043224569776829,44.21617821627279,0
,15.042236461849491,44.21571951879521,0
,15.041086663534042,44.21513806611763,0
,15.039927882419255,44.21455014697695,0
,15.038751135705787,44.2140009863971,0
,15.038167253748725,44.2137360953327,0
,15.03775404497911,44.213471203068586,0
,15.036505435870929,44.21285742369965,0
,15.03585867431849,44.21248915298648,0
,15.035095136374638,44.211888285265836,0
,15.034313632832104,44.211242184055244,0
,15.033702802477023,44.210725297948095,0
,15.03345128409552,44.20997580497922,0
,15.033136886118639,44.2094459851901,0
,15.032535038562896,44.20878047304536,0
,15.032058950197907,44.20841217666219,0
,15.031457102642165,44.20738481133759,0
,15.03072949589567,44.20648019800062,0
,15.029777319165689,44.205401105224546,0
,15.02929224800136,44.204767855884846,0
,15.028843108034387,44.204082905004924,0
,15.028169398083929,44.20308131145149,0
,15.027316032146683,44.20185999030454,0
,15.026507580206133,44.200703265817424,0
,15.025474558282099,44.19932679850343,0
,15.024908641923714,44.198473760254956,0
,15.024522381552119,44.19794383629308,0
,15.02397443079241,44.19700676388298,0
,15.023372583236672,44.196037362840464,0
,15.022815649677623,44.195164888172286,0
,15.021854490148305,44.193904624021485,0
,15.021342470585957,44.19301919143834,0
,15.020758588628892,44.192088503334645,0
,15.020057930280416,44.1908087830275,0
,15.01924049554053,44.18949671750222,0
,15.018773389974879,44.18885036899245,0
,15.018530854392711,44.18836560292645,0
,15.01791104123829,44.18742191347049,0
,15.017506815268018,44.18698884540835,0
,15.017102589297743,44.18642649851673,0
,15.016527690140018,44.18568315812899,0
,15.016195326564459,44.18502383962568,0
,15.01536890902523,44.18400252767681,0
,15.014398766696571,44.18287777111863,0
,15.013725056746114,44.181921064626295,0
,15.013033381196978,44.18107423705345,0
,15.0123327228485,44.18031143531966,0
,15.012063238868317,44.18009810763287,0
,15.011712909694078,44.179645591785,0
,15.011102079338997,44.179057315954545,0
,15.010131937010339,44.17802943520893,0
,15.009422295862521,44.177150227298405,0
,15.008568929925275,44.176342120150224,0
,15.007374217613132,44.175430561903106,0
,15.006646610866635,44.174893964243665,0
,15.006125608504947,44.17446726861969,0
,15.004894964995446,44.173697915623485,0
,15.0043380314364,44.17325828080225,0
,15.003565510693209,44.17282510797129,0
,15.00290078354209,44.17265054488002,0
,15.002460626374459,44.17260528769733,0
,15.001984538009467,44.172417793282285,0
,15.001589294838531,44.17201694114023,0
,15.00129286246033,44.171829444841734,0
,15.000753894499963,44.171700136699975,0
,14.999747820973948,44.171234625025825,0
,14.999469354194426,44.17159022455499,0
,14.999047162625471,44.17260528769733,0
,14.998607005457838,44.17299967054231,0
,14.998148882691527,44.1732130240892,0
,14.9979602439054,44.173465168188045,0
,14.997834484714646,44.17347809862538,0
,14.99776262231993,44.17354921597976,0
,14.99778957071795,44.17363972885132,0
,14.997511103938427,44.17382075417485,0
,14.997277551155602,44.17374317196185,0
,14.997196705961548,44.17382075417485,0
,14.99760093193182,44.17476466286772,0
,14.9979602439054,44.175320656758764,0
,14.998355487076335,44.17605119884697,0
,14.998490229066427,44.176426163813204,0
,14.998481246267088,44.176807591229306,0
,14.99858903985916,44.17698214193011,0
,14.998696833451232,44.17701446607686,0
,14.998822592641986,44.17698860676088,0
,14.998804627043308,44.17689163422427,0
,14.998921403434718,44.17685284516465,0
,14.99909207662217,44.17698860676088,0
,14.999056145424811,44.17690456390509,0
,14.99909207662217,44.17700153642029,0
,14.998966317431417,44.17700800124895,0
,14.99909207662217,44.17700153642029,0
,14.999083093822827,44.17709850877493,0
,14.998831575441324,44.17719548096898,0
,14.998562091461142,44.17719548096898,0
,14.998454297869069,44.177033860556364,0
,14.998526160263783,44.17712436804237,0
,14.998373452675013,44.17729245300242,0
,14.99811295149417,44.177357100935545,0
,14.997196705961548,44.177467002258005,0
,14.996702651997877,44.17756397384184,0
,14.996487064813733,44.177777310761016,0
,14.996253512030908,44.17798418218283,0
,14.995903182856669,44.17786781709798,0
,14.995633698876484,44.17786781709798,0
,14.995283369702246,44.177977717461964,0
,14.994528814557734,44.177925999669306,0
,14.994654573748488,44.17793246439587,0
,14.99443898656434,44.17771266329183,0
,14.994555762955752,44.177680339530454,0
,14.994609659751788,44.17785488762985,0
,14.994465934962358,44.17821044696362,0
,14.993873070205954,44.1787082264039,0
,14.993028687068048,44.17947104902338,0
,14.99265140949579,44.179858921120406,0
,14.992624461097773,44.17995588874323,0
,14.992911910676636,44.18040840219307,0
,14.993900018603973,44.181662492620546,0
,14.994358141370284,44.182399419826574,0
,14.994942023327347,44.183207443382805,0
,14.99505879971876,44.18369871625378,0
,14.995103713715459,44.18448732987393,0
,14.995013885722063,44.185482777800665,0
,14.994663556547826,44.186555774142406,0
,14.994555762955752,44.18747362287573,0
,14.994349158570946,44.18826218564613,0
,14.994304244574248,44.188753416100425,0
,14.994133571386799,44.18972940121859,0
,14.994025777794725,44.19051147026398,0
,14.99381917340992,44.19098975527459,0
,14.993675448620488,44.191474499608354,0
,14.993414947439643,44.1922436190463,0
,14.993109532262102,44.19325186115184,0
,14.99283106548258,44.193988642475844,0
,14.992579547101077,44.19498392883467,0
,14.992319045920231,44.19595981006334,0
,14.9921753211308,44.19645097591604,0
,14.992112441535424,44.19726526811559,0
,14.99188787155194,44.19826049874976,0
,14.991959733946654,44.19899075461733,0
,14.992193286729481,44.19946250798732,0
,14.992759203087864,44.1999148706604,0
,14.99283106548258,44.20011520158403,0
,14.992750220288526,44.20062571922384,0
,14.992417856712965,44.201284861993365,0
,14.992103458736086,44.201763058962804,0
,14.99169923276581,44.20290037659397,0
,14.991348903591572,44.20345610330495,0
,14.991214161601482,44.204037672117366,0
,14.991277041196858,44.20453523195698,0
,14.991537542377701,44.20509740486598,0
,14.99155550797638,44.20560787903463,0
,14.991492628381003,44.206312196840706,0
,14.9912411099995,44.20694542946392,0
,14.990926712022619,44.208063262160216,0
,14.990729090437151,44.20853494238089,0
,14.990486554854986,44.20959459366398,0
,14.99025300207216,44.21038285838661,0
,14.990037414888015,44.211416632085474,0
,14.989893690098583,44.21219841131182,0
,14.989615223319062,44.21321277043516,0
,14.989552343723686,44.21340013420822,0
,14.989426584532932,44.21344535985661,0
,14.989264894144823,44.213186927109,0
,14.988914564970585,44.21309647537757,0
,14.988627115391724,44.21286388456866,0
,14.98788154304655,44.21257314475677,0
,14.987270712691467,44.212353473718174,0
,14.986489209148937,44.21194643402472,0
,14.98612091437602,44.21184305841339,0
,14.98498009885991,44.211300333456485,0
,14.983785386547767,44.210764064564565,0
,14.982608639834298,44.21029240231867,0
,14.982015775077898,44.20999518853903,0
,14.980794114367734,44.209484752654454,0
,14.979823972039073,44.20893554451296,0
,14.978997554499845,44.20856724910617,0
,14.978216050957315,44.20817956722545,0
,14.97766810019761,44.20777895991615,0
,14.977066252641865,44.206919583368595,0
,14.976760837464326,44.20646081327603,0
,14.976203903905281,44.20589219183017,0
,14.975215795977942,44.20531064145282,0
,14.973994135267779,44.20483247347847,0
,14.972574852972146,44.2039730536459,0
,14.971990971015085,44.20368226964118,0
,14.970823207100958,44.20310069729591,0
,14.970068651956446,44.20249327111872,0
,14.969942892765692,44.202460961039016,0
,14.96983509917362,44.20302961583502,0
,14.969709339982867,44.203210550292866,0
,14.969359010808628,44.20414752335503,0
,14.969098509627784,44.20501986409627,0
,14.96901766443373,44.20564664904267,0
,14.96901766443373,44.20635742796969,0
,14.969511718397397,44.20805033936093,0
,14.969556632394097,44.208870931451415,0
,14.969421890404004,44.21012441210704,0
,14.969323079611272,44.211125885079404,0
,14.969296131213254,44.211655689652225,0
,14.9691703720225,44.21265067551459,0
,14.969071561229768,44.214369247590774,0
,14.968900888042317,44.21551924130341,0
,14.968784111650905,44.216649831054774,0
,14.968694283657511,44.217625350930795,0
,14.968685300858171,44.21792252593733,0
,14.968631404062133,44.21839412665207,0
,14.968622421262795,44.21848457019009,0
,14.96854157606874,44.218898024582536,0
,14.968532593269401,44.21901430810372,0
,14.968442765276004,44.21987996704832,0
,14.968469713674024,44.2199897885357,0
,14.968505644871382,44.22010606988573,0
,14.96854157606874,44.2201965107759,0
,14.968586490065436,44.22031279171484,0
,14.968622421262795,44.22040323228526,0
,14.968685300858171,44.22061641307632,0
,14.968730214854867,44.220726233180514,0
,14.968775128851565,44.220836053078436,0
,14.968811060048923,44.22093941279396,0
,14.968838008446943,44.221029852395155,0
,14.968954784838353,44.221346389897725,0
,14.96898173323637,44.22145620863088,0
,14.968990716035712,44.22155956725012,0
,14.969089526828446,44.221856722262714,0
,14.969116475226462,44.221947160445055,0
,14.969152406423822,44.22203759848748,0
,14.969224268818538,44.22213449623487,0
,14.969296131213254,44.22221847415273,0
,14.969457821601363,44.2227158793469,0
,14.969385959206647,44.22374943504954,0
,14.969385959206647,44.22451813025535,0
,14.969448838802023,44.22509303014768,0
,14.969323079611272,44.22573251889169,0
,14.969215286019198,44.22633970375032,0
,14.969098509627784,44.2263720006406,0
,14.968927836440336,44.22620405661619,0
,14.968469713674024,44.2259908961981,0
,14.96776007252621,44.22582941051542,0
,14.966035375053035,44.2252932748501,0
,14.965092181122396,44.22489924429877,0
,14.963951365606286,44.22442123645837,0
,14.962532083310656,44.2240788770896,0
,14.961283474202473,44.223742975383125,0
,14.95957674232798,44.22332955524893,0
,14.958624565597999,44.22301302848275,0
,14.957717302864715,44.222606062979715,0
,14.956253106572387,44.22204405834232,0
,14.954914669470812,44.22155956725012,0
,14.953701991559988,44.22102339242828,0
,14.952103053277568,44.22035155197643,0
,14.951168842146267,44.21995102803429,0
,14.951043082955513,44.21989934732579,0
,14.94984837064337,44.219414838462136,0
,14.949174660692911,44.21905952941061,0
,14.949066867100836,44.218994927532904,0
,14.948959073508764,44.21893032558385,0
,14.948851279916692,44.21887218376866,0
,14.947755378397279,44.21822615971029,0
,14.947225393236252,44.21791606562717,0
,14.946704390874567,44.2175672078181,0
,14.946605580081831,44.21750260429172,0
,14.945734248545905,44.21701807556901,0
,14.945204263384879,44.21669505419021,0
,14.94374904989189,44.21602316400684,0
,14.942509423583049,44.21536418729031,0
,14.94104522729072,44.21456952902086,0
,14.939652893393108,44.2138846929068,0
,14.937919213120596,44.21313524042245,0
,14.935978928463276,44.21237285649006,0
,14.93369729743106,44.2113778659015,0
,14.932412757125519,44.2108674420829,0
,14.931451597596201,44.21040224181154,0
,14.930319764879432,44.20952352009314,0
,14.929789779718403,44.20916815094355,0
,14.928666929800974,44.20847032887687,0
,14.927364423896755,44.207617423934636,0
,14.926322419173381,44.206971275547865,0
,14.92519956925595,44.20628635046561,0
,14.924049770940503,44.205582032348325,0
,14.92343894058542,44.205271871222116,0
,14.922684385440908,44.204787241170436,0
,14.922154400279881,44.20428322165798,0
,14.921453741931405,44.20379858341649,0
,14.920564444796799,44.20305546364897,0
,14.91993564884304,44.20242865094149,0
,14.919531422872765,44.201950459411925,0
,14.919531422872765,44.20139471839969,0
,14.919396680882674,44.20113623240941,0
,14.918965506514382,44.200780812308224,0
,14.917806725399592,44.20007642791039,0
,14.917141998248475,44.19968222743673,0
,14.916153890321137,44.19901660421554,0
,14.915354421179925,44.198518997444005,0
,14.914707659627487,44.198189411408656,0
,14.913503964516002,44.19743975782706,0
,14.912623650180738,44.19689043660576,0
,14.912120613417729,44.19647036395724,0
,14.911689439049438,44.19600504919581,0
,14.911195385085767,44.19557204463611,0
,14.91101572909898,44.19532645853662,0
,14.910476761138613,44.19480296893749,0
,14.910431847141915,44.19471895165217,0
,14.910593537530024,44.194583231167236,0
,14.910584554730685,44.19449921356645,0
,14.910386933145219,44.194738340267186,0
,14.909919827579566,44.19505502006974,0
,14.909461704813253,44.19540401215307,0
,14.909129341237696,44.195565581857224,0
,14.90839275169186,44.19611491551479,0
,14.907988525721587,44.195526805168896,0
,14.907269901774432,44.19435702965961,0
,14.906488398231902,44.19343282584512,0
,14.905599101097296,44.19242458685704,0
,14.904763700758728,44.191623153733026,0
,14.904269646795061,44.19115133716525,0
,14.903910334821482,44.190737686634485,0
,14.90347916045319,44.1903628133159,0
,14.903110865680274,44.189871596367716,0
,14.902778502104713,44.18905073779378,0
,14.902374276134438,44.188139377388445,0
,14.902140723351613,44.18746715920258,0
,14.901493961799172,44.186549310367916,0
,14.900793303450696,44.18565730264127,0
,14.900065696704203,44.184804065141144,0
,14.899508763145157,44.18393142301699,0
,14.899185382368938,44.18340136737695,0
,14.898987760783472,44.18291655618723,0
,14.898529638017159,44.18221195676783,0
,14.897298994507656,44.18082859012229,0
,14.896634267356538,44.18009810763287,0
,14.895906660610041,44.17946458446665,0
,14.895214985060905,44.17900559911541,0
,14.89419094593621,44.17828802325864,0
,14.893265717604248,44.177725592791376,0
,14.892044056894084,44.17698860676088,0
,14.891469157736362,44.17659425077733,0
,14.891190690956838,44.17713729767182,0
,14.890885275779297,44.17776438127287,0
,14.89018461743082,44.17870176176297,0
,14.889663615069134,44.17942579711134,0
,14.889052784714051,44.18031789978289,0
,14.888226367174823,44.18144916985614,0
,14.887516726027007,44.18238649135903,0
,14.886609463293725,44.18362114712717,0
,14.886277099718166,44.18414473673739,0
,14.886250151320146,44.18463600174337,0
,14.886232185721468,44.18519836583445,0
,14.886268116918826,44.185696085868535,0
,14.886232185721468,44.18619380167109,0
,14.886106426530716,44.187247393890544,0
,14.885917787744587,44.187893760100124,0
,14.88571118335978,44.18886329603257,0
,14.885468647777616,44.18961952291224,0
,14.88507340460668,44.19033695989507,0
,14.8847590066298,44.19097036541775,0
,14.88457036784367,44.191112557552174,0
,14.884318849462167,44.191164263697225,0
,14.883860726695856,44.19150681575452,0
,14.883609208314352,44.19153266865863,0
,14.883339724334167,44.19134523484522,0
,14.882962446761912,44.19131938185836,0
,14.882450427199565,44.191474499608354,0
,14.882091115225986,44.1917394914803,0
,14.881372491278833,44.19228886105144,0
,14.881004196505915,44.192708963714814,0
,14.879692707802358,44.19389816105846,0
,14.879396275424156,44.19433764091828,0
,14.878408167496817,44.19491283751322,0
,14.877842251138434,44.195371698158716,0
,14.87693498840515,44.19614076638343,0
,14.876378054846105,44.19663193071738,0
,14.875632482500931,44.19723941774371,0
,14.874752168165665,44.19803431145557,0
,14.873925750626439,44.198809807110074,0
,14.872937642699101,44.19969515208453,0
,14.872192070353927,44.20031553182178,0
,14.871545308801485,44.20087774527722,0
,14.870287716893966,44.202170169518936,0
,14.86939841975936,44.20308131145149,0
,14.868383363434004,44.20427029802364,0
,14.867682705085528,44.205136175212324,0
,14.867080857529785,44.206014962837436,0
,14.866434095977347,44.20702296768143,0
,14.866092749602448,44.20784357418386,0
,14.86557174724076,44.20829587205945,0
,14.865230400865862,44.20873524378986,0
,14.86462855331012,44.20964628347942,0
,14.863900946563625,44.210641303524234,0
,14.863128425820435,44.21173968261938,0
,14.862589457860068,44.2125602229538,0
,14.862553526662708,44.21313524042245,0
,14.862769113846856,44.213600418957064,0
,14.863056563425719,44.213923457429274,0
,14.863101477422415,44.21420772980884,0
,14.863155374218453,44.21429171911112,0
,14.863254185011185,44.21422711196625,0
,14.86348773779401,44.21430464053153,0
,14.863541634590048,44.21438216899406,0
,14.863721290576835,44.21413666184348,0
,14.863838066968249,44.21409143672966,0
,14.864026705754377,44.21420772980884,0
,14.864044671353057,44.21430464053153,0
,14.86395484335966,44.21437570829278,0
,14.863317064606562,44.21431756194911,0
,14.863191305415809,44.21434340477565,0
,14.863236219412507,44.21415604402443,0
,14.863469772195332,44.213936378931045,0
,14.863595531386085,44.21394283968086,0
,14.86367637658014,44.21400744713977,0
,14.863595531386085,44.213936378931045,0
2013-08-04T21:06:00Z,14.863352995803918,44.21398160416478,0

2013-08-05T12:45:00Z,14.86364942818212,44.21425941554759,0
,14.863541634590048,44.21420772980884,0
,14.863586548586746,44.21429171911112,0
,14.86367637658014,44.214356326184635,0
,14.863739256175515,44.2144403152735,0
,14.86381111857023,44.21451784355616,0
,14.863820101369571,44.2146082930894,0
,14.863820101369571,44.21470520314831,0
,14.863829084168911,44.214821495007065,0
,14.863838066968249,44.21473104580356,0
,14.86351468619203,44.21431756194911,0
,14.863191305415809,44.214149583298166,0
,14.863065546225059,44.21409143672966,0
,14.862948769833643,44.21403329010336,0
,14.862849959040911,44.21396222192603,0
,14.86274216544884,44.2138846929068,0
,14.862634371856764,44.21380716378481,0
,14.862526578264692,44.21372963456004,0
,14.862418784672617,44.21365856601374,0
,14.862302008281205,44.21358749738105,0
,14.862185231889791,44.213516428662004,0
,14.86207743829772,44.21344535985661,0
,14.861978627504985,44.213361369338905,0
,14.861906765110271,44.213277378700575,0
,14.861825919916216,44.213199848773506,0
,14.861718126324142,44.21293495408062,0
,14.86173609192282,44.21263775372875,0
,14.861772023120178,44.21253437933931,0
,14.861825919916216,44.21243746568328,0
,14.861870833912912,44.21233409093985,0
,14.862194214689131,44.21167507265536,0
,14.862634371856764,44.21074468125954,0
,14.863137408619773,44.20978843023643,0
,14.86352366899137,44.20905184784388,0
,14.863847049767589,44.20860601715292,0
,14.863963826159,44.20830233343233,0
,14.864008740155699,44.208211874146976,0
,14.864044671353057,44.20811495332887,0
,14.864098568149092,44.20800510954089,0
,14.864125516547112,44.2079146497959,0
,14.86414348214579,44.20781772848534,0
,14.86414348214579,44.20772726845059,0
,14.864368052129276,44.20724912022883,0
,14.864978882484358,44.20665466023294,0
,14.86544598805001,44.20560141736412,0
,14.866083766803108,44.20464508226041,0
,14.866407147579327,44.20385027835354,0
,14.866640700362153,44.20324932188961,0
,14.866901201542998,44.202784061032965,0
,14.867197633921199,44.201775983150995,0
,14.867458135102043,44.201304248433,0
,14.867871343871656,44.200658030317,0
,14.868419294631364,44.19915231441883,0
,14.868823520601637,44.198170023937,0
,14.8690660561838,44.19737513206865,0
,14.86922774657191,44.19647036395724,0
,14.869802645729637,44.195391086557464,0
,14.870341613690004,44.19451213935906,0
,14.870691942864239,44.193581474995995,0
,14.871177014028572,44.192443976232134,0
,14.871877672377046,44.19151327898163,0
,14.87260527912354,44.190265862928946,0
,14.873162212682587,44.189070128286545,0
,14.873808974235025,44.18775802378811,0
,14.874141337810583,44.18702762775347,0
,14.8751474113366,44.18530178852748,0
,14.875425878116124,44.18477820926521,0
,14.875928914879132,44.18386678234221,0
,14.876387037645445,44.182968269572065,0
,14.87677329801704,44.18202449310888,0
,14.877042781997222,44.18119706013256,0
,14.877429042368819,44.1807510171931,0
,14.877941061931168,44.18035668654723,0
,14.878749513871716,44.17929004116547,0
,14.878956118256523,44.17888277143938,0
,14.878947135457183,44.17837852880626,0
,14.879279499032743,44.17793892912175,0
,14.879728638999714,44.17747993181179,0
,14.880043036976595,44.17696921226642,0
,14.880833523318467,44.176206357055214,0
,14.881462319272227,44.175378841860855,0
,14.882091115225986,44.17443494306696,0
,14.882755842377106,44.17361386804516,0
,14.883097188752004,44.17315483683529,0
,14.883779881501802,44.1724371892841,0
,14.884974593813947,44.17143505411686,0
,14.885756097356477,44.17062686810522,0
,14.886591497695045,44.16968935836116,0
,14.887444863632291,44.16896520263217,0
,14.887920951997282,44.168564326861116,0
,14.888001797191336,44.16848027191604,0
,14.888082642385392,44.16839621685031,0
,14.888468902756987,44.16808585863979,0
,14.888962956720658,44.16763971583137,0
,14.89034630781893,44.166488781013236,0
,14.89132543294693,44.165732255361156,0
,14.89244828286436,44.164794667278464,0
,14.89340944239368,44.1640704510397,0
,14.895134139866851,44.16288711417091,0
,14.896643250155877,44.16192361458703,0
,14.897272046109636,44.16147095830538,0
,14.898430827224423,44.16036516896849,0
,14.898799121997342,44.1598478334583,0
,14.899571642740533,44.15906535482029,0
,14.90075737225334,44.15814059386738,0
,14.901754462980017,44.15744863032206,0
,14.90267969131198,44.15683426331714,0
,14.90331747006508,44.15643977163401,0
,14.903991180015538,44.1558706641991,0
,14.904404388785151,44.15532095290663,0
,14.904997253541554,44.15482944197288,0
,14.905320634317773,44.15435732890512,0
,14.905491307505224,44.15396282054808,0
,14.90650636383058,44.152966836815246,0
,14.90747650615924,44.15234595527465,0
,14.908841891658833,44.151705664297054,0
,14.909650343599383,44.15111064014844,0
,14.910710313921438,44.15043799688044,0
,14.911869095036225,44.14951309978287,0
,14.91274042657215,44.1488533740545,0
,14.913324308529214,44.14817423687225,0
,14.913503964516002,44.14713287791064,0
,14.913683620502791,44.14612384164285,0
,14.913539895713361,44.14554169743402,0
,14.913459050519306,44.14493367397731,0
,14.913279394532516,44.14406043776829,0
,14.913252446134498,44.143083691486915,0
,14.91304584174969,44.142100460252394,0
,14.91273144377281,44.14154415106586,0
,14.911428937868592,44.14008219711173,0
,14.910710313921438,44.1393641444319,0
,14.909829999586172,44.139073039489105,0
,14.909641360800045,44.13893719002124,0
,14.909542550007309,44.13874311880687,0
,14.909560515605989,44.138542577877224,0
,14.909749154392117,44.13837438172997,0
,14.910009655572962,44.138290283475435,0
,14.910539640733989,44.138290283475435,0
,14.912668564177434,44.139066570473965,0
,14.91385429369024,44.13959055838825,0
,14.914887315614274,44.140230981702345,0
,14.915534077166717,44.14078083452237,0
,14.91626168391321,44.14138890104848,0
,14.917689949008182,44.14210692893283,0
,14.918300779363262,44.142339800952826,0
,14.91976497565559,44.142740856152486,0
,14.920950705168396,44.14314837717427,0
,14.922118469082523,44.143581769438505,0
,14.922899972625055,44.1438857889657,0
,14.92361859657221,44.1443579863819,0
,14.923870114953715,44.14457791264743,0
,14.924966016473126,44.145250623161786,0
,14.92553193283151,44.14570987302148,0
,14.926043952393858,44.146052690994104,0
,14.92649309236083,44.14649252998514,0
,14.927445269090809,44.14714581416028,0
,14.928020168248535,44.14774087855799,0
,14.928595067406258,44.148698143392274,0
,14.92938555374813,44.149901170272216,0
,14.929762831320383,44.15053501321278,0
,14.929762831320383,44.15151810298912,0
,14.929583175333596,44.1526693318978,0
,14.92951131293888,44.15325787277322,0
,14.929601140932274,44.15351657018925,0
,14.9298346937151,44.15372999469784,0
,14.929619106530955,44.15363298365393,0
,14.929601140932274,44.153801136027994,0
,14.92955622693558,44.15371705990126,0
,14.929619106530955,44.1537946686379,0
,14.929690968925671,44.153723527299896,0
,14.929448433343504,44.15375586428243,0
,14.929655037728311,44.15341955879206,0
,14.929816728116421,44.152966836815246,0
,14.929744865721705,44.152688734438435,0
,14.929897573310477,44.152313617514224,0
,14.929870624912459,44.15203551203786,0
,14.929969435705193,44.1514598941853,0
,14.929466398942184,44.1504962066991,0
,14.929062172971909,44.149836492035746,0
,14.929008276175873,44.14933846722444,0
,14.929268777356716,44.14846529662811,0
,14.92955622693558,44.14739160236115,0
,14.929610123731614,44.14688708862497,0
,14.929861642113119,44.14642137978385,0
,14.93049942086622,44.145768087535494,0
,14.930903646836493,44.1453153064583,0
,14.931083302823284,44.14515359808322,0
,14.931218044813374,44.144985420899964,0
,14.932664275507022,44.14389872593186,0
,14.933131381072673,44.143491210125696,0
,14.933733228628416,44.143103097200616,0
,14.933912884615207,44.14294785131119,0
,14.934757267753113,44.14248857981474,0
,14.93529623571348,44.142081054206834,0
,14.93545792610159,44.1419258056111,0
,14.935745375680453,44.14173821300949,0
,14.936203498446764,44.14126599449318,0
,14.936643655614395,44.14077436569561,0
,14.936931105193256,44.14032801492762,0
,14.937326348364191,44.139939881063086,0
,14.937541935548339,44.13982990933435,0
,14.937928195919934,44.13956468255176,0
,14.938377335886907,44.13898247321217,0
,14.938754613459164,44.13845847986391,0
,14.939042063038025,44.13801211146654,0
,14.939859497777913,44.13726168737255,0
,14.940335586142906,44.13681530986503,0
,14.940820657307233,44.13638833689576,0
,14.941674023244481,44.135812565393394,0
,14.942365698793617,44.13532736030001,0
,14.943632273500478,44.13458337135985,0
,14.944710209421212,44.13396876468163,0
,14.945473747365064,44.13353530136173,0
,14.946875064062015,44.13272012285866,0
,14.947458946019077,44.13244839417307,0
,14.948465019545097,44.131775536771514,0
,14.94903093590348,44.13145851474365,0
,14.950378355804396,44.13074682639913,0
,14.95142934332711,44.13017099950949,0
,14.952740832030667,44.129426945157014,0
,14.953270817191694,44.12911638054844,0
,14.954492477901857,44.128301140627556,0
,14.955363809437785,44.12769940865632,0
,14.956271072171068,44.12692944154024,0
,14.95748375008189,44.126088289442414,0
,14.957959838446882,44.12570006132927,0
,14.958094580436972,44.125531828349054,0
,14.95876829038743,44.12491065624271,0
,14.9589209979762,44.12463889137797,0
,14.959666570321374,44.12384947201215,0
,14.960304349074475,44.123221811329515,0
,14.960933145028234,44.12273650207481,0
,14.961876338958877,44.12205059148184,0
,14.96262191130405,44.12167527851786,0
,14.963789675218177,44.121015239550715,0
,14.964077124797038,44.12080816697209,0
,14.96438253997458,44.12066580415036,0
,14.964643041155425,44.12044578820099,0
,14.965208957513807,44.120232242520004,0
,14.96581978786889,44.119876331324576,0
,14.96646654942133,44.11938452321095,0
,14.967239070164522,44.118873297249706,0
,14.967292966960557,44.11878917103182,0
,14.967849900519603,44.11840736591179,0
,14.968146332897804,44.118245583331934,0
,14.968496662072042,44.118129099598235,0
,14.968811060048923,44.117973787593584,0
,14.969188337621178,44.117915545485886,0
,14.969933909966352,44.117760232916034,0
,14.97031118753861,44.11766316235112,0
,14.971236415870571,44.11760491993508,0
,14.972574852972146,44.11744960654308,0
,14.973751599685615,44.11737842110102,0
,14.975512228356145,44.11728134990452,0
,14.976859648257058,44.11717780711791,0
,14.978027412171187,44.117009549700015,0
,14.979644316052285,44.11690600643382,0
,14.980964787555182,44.11686070619742,0
,14.982455932245529,44.1168477632663,0
,14.983785386547767,44.1168477632663,0
,14.98533042803415,44.1168477632663,0
,14.987369523484203,44.11681540592604,0
,14.98994758689462,44.1167377482366,0
,14.991357886390913,44.116750691191974,0
,14.992911910676636,44.11671833379819,0
,14.994295261774909,44.116692447870285,0
,14.995588784879788,44.11665361895708,0
,14.99746618994173,44.11663420449082,0
,14.998768695845948,44.116524189060755,0
,15.000250857736956,44.11645300249609,0
,15.00191267561475,44.116472417022294,0
,15.003296026713025,44.116472417022294,0
,15.005119534978931,44.11642064493815,0
,15.00657474847192,44.11633651520402,0
,15.010446334987218,44.11621355614486,0
,15.012368654045858,44.11609706837746,0
,15.013743022344793,44.11604529596219,0
,15.015270098232497,44.11593527942805,0
,15.016707346126807,44.11585762057391,0
,15.018378146803942,44.11579937636586,0
,15.018647630784125,44.11578643320065,0
,15.019689635507499,44.11608412527793,0
,15.020516053046729,44.116472417022294,0
,15.021854490148305,44.11732017840238,0
,15.022923443269699,44.11790260278742,0
,15.024100189983164,44.11854326293418,0
,15.025249988298611,44.11919038729451,0
,15.026507580206133,44.119966927106404,0
,15.02719925575527,44.12032930883497,0
,15.027792120511673,44.12069168832544,0
,15.02909462641589,44.12135173093234,0
,15.029804267563708,44.12169469131625,0
,15.031007962675192,44.122315897473484,0
,15.032247588984033,44.12298886338826,0
,15.033810596069097,44.12384947201215,0
,15.034798703996437,44.12417300582376,0
,15.03566105273302,44.12466477380028,0
,15.036235951890744,44.124936538545136,0
,15.037331853410157,44.125467123228184,0
,15.038032511758633,44.125764766193214,0
,15.038589445317678,44.12602358493529,0
,15.038849946498523,44.1260494667467,0
,15.04000872761331,44.12589417570701,0
,15.040862093550556,44.12560300389958,0
,15.041535803501015,44.12528594851009,0
,15.041787321882518,44.12505947932565,0
,15.042308324244205,44.12478771515032,0
,15.043161690181453,44.12453536157453,0
,15.04432047129624,44.12406300452799,0
,15.044895370453965,44.12382358923014,0
,15.046197876358184,44.123648880152956,0
,15.047078190693448,44.123532407145774,0
,15.047329709074951,44.12344181686923,0
,15.047805797439942,44.12307945436422,0
,15.048479507390399,44.12259414393192,0
,15.049305924929627,44.12207647504603,0
,15.050267084458948,44.12139055673681,0
,15.050797069619975,44.12106700758119,0
,15.051470779570431,44.12021282923772,0
,15.052045678728156,44.11931981131016,0
,15.052530749892485,44.11845913624314,0
,15.052934975862762,44.11796731625114,0
,15.053240391040301,44.11738489250842,0
,15.05407579137887,44.11635592976876,0
,15.054480017349144,44.11562464339484,0
,15.055207624095639,44.114647423484456,0
,15.055944213641473,44.11389022865631,0
,15.056662837588627,44.11299064261585,0
,15.057561117522571,44.11205868282351,0
,15.058028223088222,44.11167036187572,0
,15.058405500660479,44.111379119478826,0
,15.058773795433396,44.11094548923242,0
,15.059079210610937,44.11049891145102,0
,15.059887662551485,44.10970282958757,0
,15.060875770478823,44.10879670701086,0
,15.061845912807483,44.10774170381569,0
,15.062259121577096,44.10724979400388,0
,15.062896900330198,44.10638894191431,0
,15.063947887852912,44.105236804326495,0
,15.064531769809976,44.104712509511195,0
,15.064864133385534,44.10414937282742,0
,15.06497192697761,44.10362506830051,0
,15.06492701298091,44.10263470252995,0
,15.06509768616836,44.101838514012364,0
,15.065016840974303,44.10121061789181,0
,15.065115651767039,44.10057624179627,0
,15.065277342155149,44.0999677521625,0
,15.065043789372325,44.098983798135414,0
,15.064711425796764,44.0980127747073,0
,15.063920939454894,44.09704173522178,0
,15.063759249066784,44.09676984128833,0
,15.063777214665462,44.09645910382287,0
,15.064181440635735,44.095727569547776,0
,15.064675494599406,44.095021921656645,0
,15.064720408596102,44.094834179046565,0
,15.064397027819883,44.0944004265833,0
,15.063310109099811,44.093494067811626,0
,15.06269927874473,44.09293082352787,0
,15.062618433550675,44.0927430742329,0
,15.062708261544069,44.09266538469394,0
,15.06364247267537,44.0927430742329,0
,15.064531769809976,44.09249705700688,0
,15.065160565763735,44.09213450342701,0
,15.06555580893467,44.091901432086686,0
,15.06591512090825,44.09179137029893,0
,15.066894246036249,44.091292852559846,0
,15.068079975549052,44.09069074107763,0
,15.06895130708498,44.09025048361417,0
,15.06954417184138,44.08990733947929,0
,15.070424486176647,44.08948649959587,0
,15.071116161725783,44.089182198109484,0
,15.071610215689452,44.08885199684082,0
,15.072490530024718,44.0885476920673,0
,15.073173222774516,44.08825633495584,0
,15.07438590068534,44.08789375519889,0
,15.075113507431833,44.08764124297466,0
,15.075895010974364,44.08727865942103,0
,15.076757359710951,44.086818952055154,0
,15.07693701569774,44.086676506789146,0
,15.077862244029701,44.086145571391086,0
,15.0785449367795,44.08565348063977,0
,15.07867069597025,44.08548513285749,0
,15.079245595127976,44.085213185420834,0
,15.080619963426908,44.084721086859254,0
,15.08186857253509,44.08426783453731,0
,15.083072267646576,44.08356204895962,0
,15.084051392774574,44.08281092838937,0
,15.085003569504554,44.08199504516541,0
,15.085937780635856,44.081185626009635,0
,15.08698876815857,44.08046037697443,0
,15.087887048092515,44.07973511898708,0
,15.088893121618531,44.07893861999046,0
,15.089396158381541,44.078543604287916,0
,15.090141730726712,44.07773413758479,0
,15.09160592701904,44.07638068434847,0
,15.092486241354306,44.07563594798047,0
,15.092962329719297,44.07520205374535,0
,15.094264835623516,44.074470254717816,0
,15.094830751981899,44.07414644693025,0
,15.095926653501312,44.07360244583066,0
,15.096959675425346,44.07285767425456,0
,15.097831006961274,44.072274802959356,0
,15.098307095326263,44.07184736033565,0
,15.099438928043032,44.07116733157297,0
,15.100337207976974,44.07042900572212,0
,15.101208539512902,44.06967771726605,0
,15.102241561436935,44.068887558701434,0
,15.103247634962953,44.068097389514875,0
,15.104199811692935,44.067119378517155,0
,15.10520588521895,44.06616078241127,0
,15.10618501034695,44.06542887080662,0
,15.107739034632672,44.064094566025815,0
,15.108484606977846,44.063207171806994,0
,15.108996626540193,44.062604772478544,0
,15.109760164484046,44.06193111430596,0
,15.110730306812705,44.06102425457691,0
,15.111709431940705,44.06011090314063,0
,15.112050778315602,44.05967041652571,0
,15.112455004285879,44.058744088319095,0
,15.11276041946342,44.05805095207402,0
,15.113155662634355,44.057079251993656,0
,15.113389215417179,44.05610105769479,0
,15.113568871403968,44.0552459341173,0
,15.113595819801985,44.054053922928894,0
,15.113461077811895,44.053477343630036,0
,15.11320057663105,44.05302385032242,0
,15.112437038687197,44.052460218051955,0
,15.111826208332117,44.05224642508809,0
,15.111107584384962,44.0520002382882,0
,15.110793186408081,44.051844751357315,0
,15.110721324013367,44.05176052909812,0
,15.110927928398175,44.05165039211567,0
,15.112230434302392,44.05214924621123,0
,15.113137697035674,44.05258331061801,0
,15.113398198216519,44.05263513898979,0
,15.114089873765655,44.05245373948871,0
,15.115491190462608,44.05181883682887,0
,15.11687454156088,44.05136533073276,0
,15.118123150669064,44.05106083182037,0
,15.11944362217196,44.050866469988186,0
,15.12023410851383,44.05072393756971,0
,15.121356958431262,44.05073689507657,0
,15.122012702783039,44.050866469988186,0
,15.122740309529535,44.0511385763734,0
,15.123665537861497,44.05173461453258,0
,15.12392603904234,44.05176052909812,0
,15.124042815433754,44.0517151786009,0
,15.12411467782847,44.051443074883316,0
,15.12424043701922,44.05139124546104,0
,15.124375179009311,44.05154673359081,0
,15.124339247811955,44.05164391346321,0
,15.124006884236394,44.05176052909812,0
,15.124033832634414,44.05203910995669,0
,15.123863159446962,44.052285296593865,0
,15.123503847473387,44.05235656095441,0
,15.123270294690561,44.052557396415,0
,15.123144535499808,44.05257683206831,0
,15.123198432295846,44.05249908941643,0
,15.123440967878011,44.0524796537374,0
,15.123485881874709,44.052201074965524,0
,15.12360265826612,44.05193545211694,0
,15.123827228249606,44.051844751357315,0
,15.124060781032432,44.051954887975825,0
,15.124132643427147,44.05253796075522,0
,15.123961970239698,44.05352917121394,0
,15.123674520660837,44.05406040131588,0
,15.123252329091883,44.05444262488424,0
,15.122291169562562,44.05472119303852,0
,15.121500683220692,44.054630496575,0
,15.121033577655043,44.05444910322837,0
,15.120844938868913,44.05418349053281,0
,15.120853921668251,44.05409279324003,0
,15.120503592494016,44.05396322543632,0
,15.120530540892032,44.053879006210835,0
,15.120207160115813,44.05371056739802,0
,15.12022512571449,44.053619869375936,0
,15.120350884905244,44.053606912504215,0
,15.120440712898638,44.05367817526332,0
,15.12071019687882,44.05348382208052,0
,15.120835956069573,44.05349030053029,0
,15.120853921668251,44.05358099875221,0
,15.12074612807618,44.053626347810706,0
,15.120826973270233,44.05369761054628,0
,15.120979680859005,44.05355508498878,0
,15.120341902105906,44.053218205025274,0
,15.119668192155448,44.05311454926367,0
,15.118859740214896,44.05302385032242,0
,15.117629096705393,44.052926672730095,0
,15.116811661965505,44.052790623831136,0
,15.115320517275158,44.05255091786243,0
,15.114619858926682,44.05241486809425,0
,15.113568871403968,44.052188117781235,0
,15.113299387423785,44.052175160594096,0
,15.112113657910978,44.0520067169014,0
,15.111233343575716,44.05176052909812,0
,15.110802169207421,44.051553212253985,0
,15.110523702427898,44.051559690916434,0
,15.109903889273477,44.05188362312857,0
,15.109823044079421,44.05214924621123,0
,15.109858975276781,44.05223994650129,0
,15.109760164484046,44.052311210916784,0
,15.110002700066213,44.0526480960756,0
,15.110101510858945,44.05270640292645,0
,15.109984734467531,44.0526480960756,0
,15.1095445772999,44.05206502438807,0
,15.10935593851377,44.0517151786009,0
,15.109149334128963,44.05159856287609,0
,15.109194248125661,44.05151434026435,0
,15.109158316928305,44.05143011753202,0
,15.109023574938213,44.0514236388553,0
,15.108718159760672,44.05172165724552,0
,15.10858341777058,44.05173461453258,0
,15.108286985392377,44.051553212253985,0
,15.108224105797001,44.05136533073276,0
,15.108053432609553,44.05122927822206,0
,15.1079276734188,44.05122279952321,0
,15.108161226201625,44.05131997993083,0
,15.108233088596341,44.05139124546104,0
,15.108152243402285,44.051572648239166,0
,15.108439692981149,44.051151533788904,0
,15.108799004954726,44.05087942746364,0
,15.108861884550103,44.05069154379009,0
,15.108709176961332,44.050542532173935,0
,15.108763073757368,44.05027042303123,0
,15.108709176961332,44.05018619851763,0
,15.108843918951422,44.04982986270257,0
,15.109050523336231,44.04960958130078,0
,15.109427800908486,44.049629017928225,0
,15.109778130082725,44.04975859528049,0
,15.10986795807612,44.0500242279602,0
,15.10986795807612,44.05021211376544,0
,15.109948803270175,44.050283380638,0
,15.10986795807612,44.05021211376544,0
,15.109796095681403,44.04983634155484,0
,15.109598474095936,44.04970676437386,0
,15.109113402931607,44.049570708026586,0
,15.108879850148782,44.049803947286335,0
,15.10893374694482,44.05008253741227,0
,15.108987643740853,44.05035464742421,0
,15.108799004954726,44.05100900206124,0
,15.108340882188415,44.05133941599308,0
,15.108556469372562,44.05109970410974,0
,15.108502572576525,44.05101548078362,0
,15.108511555375864,44.051112661533786,0
,15.108269019793699,44.05133941599308,0
,15.108035467010874,44.05188362312857,0
,15.107972587415498,44.05196784521148,0
2013-08-05T20:59:00Z,15.108008518612854,44.05205854578129,0

2013-08-06T11:52:00Z,15.121895926391627,44.05482484596837,0
,15.122012702783039,44.05482484596837,0
,15.12214744477313,44.05484428087239,0
,15.122434894351994,44.05483780257176,0
,15.123216397894524,44.054552756637804,0
,15.124051798233092,44.054364884698686,0
,15.124905164170338,44.05409927162273,0
,15.126198687275219,44.053373688325145,0
,15.127213743600574,44.052628660445826,0
,15.12731255439331,44.05257035351792,0
,15.127411365186042,44.05250556797469,0
,15.127510175978776,44.05245373948871,0
,15.12810304073518,44.05209093880805,0
,15.128399473113381,44.05189658037994,0
,15.128507266705453,44.05183827272627,0
,15.128606077498187,44.05177348637662,0
,15.12871387109026,44.05170222130958,0
,15.128812681882994,44.05163095615617,0
,15.128902509876388,44.051553212253985,0
,15.129001320669124,44.05147546824904,0
,15.129100131461858,44.051404202820876,0
,15.12919894225459,44.0513329373064,0
,15.129288770247983,44.051255193010256,0
,15.129396563840059,44.0511839273152,0
,15.12950435743213,44.051112661533786,0
,15.129603168224865,44.05104139566605,0
,15.12981875540901,44.05089238493626,0
,15.129917566201746,44.05082759754467,0
,15.13002535979382,44.05076928883123,0
,15.132289025227356,44.04948000362024,0
,15.13240580161877,44.04941521467293,0
,15.132522578010184,44.04935042565425,0
,15.132630371602255,44.049279157651284,0
,15.134525742262877,44.0480092769396,0
,15.135684523377664,44.047244743698364,0
,15.13674449369972,44.04653851348575,0
,15.137921240413185,44.0457415646232,0
,15.138118861998652,44.04559254046698,0
,15.139080021527972,44.04493812557295,0
,15.14057116621832,44.04393381132946,0
,15.142215018497437,44.04275453013904,0
,15.143346851214206,44.04197696917027,0
,15.1443708903389,44.0413095544763,0
,15.145376963864917,44.040596773141885,0
,15.14645489978565,44.03983214356514,0
,15.147972992874015,44.03878886175875,0
,15.14967074194917,44.03758355664214,0
,15.150820540264617,44.03676704560039,0
,15.15176373419526,44.0358403566448,0
,15.15254523773779,44.03525063789318,0
,15.15333572407966,44.03451834154769,0
,15.155033473154813,44.03313797056225,0
,15.156003615483474,44.03239268638328,0
,15.156803084624684,44.03180941392083,0
,15.157099517002884,44.0315761033173,0
,15.15719832779562,44.03149833291063,0
,15.157297138588353,44.03143352415988,0
,15.157386966581747,44.031362234451635,0
,15.157782209752682,44.03095393718639,0
,15.158060676532205,44.030597484877205,0
,15.158878111272095,44.02985864958008,0
,15.158976922064827,44.02977439584308,0
,15.159075732857561,44.02970310412523,0
,15.159201492048314,44.02963181232106,0
,15.159300302841046,44.02955403934527,0
,15.159408096433122,44.029463304077,0
,15.159506907225856,44.0293855308786,0
,15.160171634376972,44.028795747446125,0
,15.161285501495064,44.028043927030275,0
,15.161393295087136,44.02796615195643,0
,15.161986159843538,44.02749949935534,0
,15.163594080925298,44.026248592883654,0
,15.163692891718032,44.02616433397922,0
,15.164618120049996,44.02541247995425,0
,15.165103191214325,44.02497821506491,0
,15.165687073171389,44.024518020417474,0
,15.16677399189146,44.02358465684607,0
,15.167151269463718,44.02324760525308,0
,15.16725008025645,44.02316334205335,0
,15.168148360190395,44.02241793157243,0
,15.168345981775861,44.02222995700459,0
,15.168435809769255,44.022152174249214,0
,15.169720350074796,44.02107616892372,0
,15.17014254164375,44.0206872464978,0
,15.170241352436483,44.02049278432146,0
,15.170322197630538,44.01974734002887,0
,15.17078930319619,44.018690737602086,0
,15.171157597969106,44.017562809794214,0
,15.171498944344004,44.01653209825004,0
,15.172352310281251,44.01355654672923,0
,15.172621794261435,44.012473901357716,0
,15.172864329843598,44.011514414573575,0
,15.173205676218497,44.01023075240443,0
,15.173564988192075,44.00872662780272,0
,15.173960231363012,44.00731971787138,0
,15.174256663741211,44.006133219322265,0
,15.174499199323378,44.00518011301498,0
,15.17480461450092,44.00415566863292,0
,15.175127995277139,44.002995042397764,0
,15.175361548059962,44.002048369431826,0
,15.175640014839484,44.00099793367999,0
,15.175945430017025,43.99985021394897,0
,15.176232879595888,43.99870895634244,0
,15.176646088365503,43.99714617569358,0
,15.176933537944363,43.996017835269164,0
,15.17718505632587,43.99500620134785,0
,15.177526402700767,43.99358599365549,0
,15.17780486948029,43.9925548625163,0
,15.178056387861794,43.99152371333628,0
,15.17844264823339,43.99011639257556,0
,15.178604338621499,43.98953270129553,0
,15.17908042698649,43.98834584453385,0
,15.179439738960067,43.98708762055935,0
,15.179781085334968,43.98606934747424,0
,15.180122431709865,43.984947280965926,0
,15.180391915690047,43.98400680414543,0
,15.180715296466268,43.9830857709249,0
,15.181020711643809,43.982151750710884,0
,15.181389006416724,43.98109447386385,0
,15.181847129183035,43.979758256370715,0
,15.182188475557936,43.9788176967719,0
,15.182484907936137,43.977481427680864,0
,15.182817271511697,43.97613864134332,0
,15.183104721090558,43.97468554341989,0
,15.183383187870081,43.97373841567754,0
,15.183652671850265,43.972791272724024,0
,15.184003001024504,43.97133809231965,0
,15.184290450603363,43.970300084394715,0
,15.18453298618553,43.96936586164299,0
,15.185233644534007,43.96699131221552,0
,15.185530076912208,43.965972692043756,0
,15.185826509290408,43.964960542476824,0
,15.186131924467949,43.96396784045625,0
,15.186473270842848,43.96276100373761,0
,15.186868514013783,43.96141139365071,0
,15.18720986038868,43.96019152720157,0
,15.187488327168204,43.959153323123104,0
,15.187802725145083,43.958037233364216,0
,15.18818000271734,43.956732938930784,0
,15.188494400694221,43.955636271051894,0
,15.18881778147044,43.954429263910015,0
,15.18916811064468,43.95320925310971,0
,15.189365732230147,43.95241104090573,0
,15.189743009802404,43.95108715296143,0
,15.19011130457532,43.94975025558871,0
,15.190488582147577,43.94831597765033,0
,15.190865859719832,43.94691411576061,0
,15.191153309298695,43.945908129535326,0
,15.192446832403574,43.94391557718049,0
,15.193228335946104,43.94272780225229,0
,15.1942523750708,43.94117002842002,0
,15.194872188225224,43.940131489697166,0
,15.196390281313587,43.93787909607207,0
,15.197126870859421,43.936756112686595,0
,15.198195823980814,43.93576942757796,0
,15.199273759901548,43.93475026841339,0
,15.200324747424261,43.93375056653966,0
,15.201196078960187,43.932919632623104,0
,15.202848914038643,43.93118631877776,0
,15.204070574748808,43.930004779809515,0
,15.204708353501907,43.9294399698649,0
,15.205103596672842,43.92910887186904,0
,15.205894083014712,43.92834279488123,0
,15.207304382511005,43.92723261483459,0
,15.20789724726741,43.92675217957391,0
,15.209334495161716,43.9256939097437,0
,15.210169895500284,43.92496674402472,0
,15.210358534286414,43.92480442902616,0
,15.21152629820054,43.92388896408334,0
,15.21247847493052,43.923064384225334,0
,15.213403703262482,43.92235017189729,0
,15.21425706919973,43.92153855649844,0
,15.214571467176611,43.92133078116386,0
,15.2156853342947,43.92061654787821,0
,15.216592597027983,43.91990230595838,0
,15.218011879323615,43.918694568159836,0
,15.218478984889266,43.91826601010371,0
,15.219619800405376,43.917382910974375,0
,15.220562994336015,43.91668161696968,0
,15.221838551842216,43.91589589805978,0
,15.222808694170874,43.915233548383945,0
,15.22367104290746,43.91448677268906,0
,15.224542374443386,43.91375946902836,0
,15.225790983551567,43.91310358930172,0
,15.226770108679567,43.91252562984602,0
,15.227282128241916,43.91222041302145,0
,15.22734500783729,43.912032086960366,0
,15.227614491817475,43.91183077223146,0
,15.227821096202282,43.911181365206275,0
,15.227857027399638,43.91090861212785,0
,15.22816244257718,43.9106098811215,0
,15.228216339373217,43.91041505573869,0
,15.228647513741508,43.90993448371528,0
,15.229123602106501,43.909616264954856,0
,15.229249361297251,43.90944741348828,0
,15.229455965682059,43.90922011267542,0
,15.230839316780333,43.909012294024414,0
,15.232213685079266,43.908804474642714,0
,15.233794657763008,43.90860314891992,0
,15.23518699166062,43.90840831692237,0
,15.23586070161108,43.90833038394352,0
,15.237172190314636,43.90814853992664,0
,15.238851973791112,43.907882267321135,0
,15.240190410892687,43.90766145498239,0
,15.240980897234557,43.90749909244237,0
,15.242292385938118,43.907219827830275,0
,15.242966095888573,43.90712890418347,0
,15.244304532990151,43.9068626269848,0
,15.245696866887762,43.90658985397651,0
,15.24653226722633,43.90630409042735,0
,15.248131205508752,43.90589492657684,0
,15.249397780215611,43.905505244086186,0
,15.25071825171851,43.905174011949384,0
,15.252011774823387,43.90489473635273,0
,15.253314280727606,43.90460896460899,0
,15.253952059480707,43.904453088530154,0
,15.254616786631823,43.904362160627684,0
,15.255712688151236,43.90422576851175,0
,15.2575721276145,43.90390751901749,0
,15.2588476851207,43.90369318675995,0
,15.26011425982756,43.90341390416755,0
,15.261398800133101,43.90314111524544,0
,15.262791134030714,43.90292028519611,0
,15.264120588332952,43.902738424536096,0
,15.265450042635187,43.902504602865505,0
,15.266815428134782,43.9021928391995,0
,15.268198779233057,43.901913549519314,0
,15.26974382071944,43.90164724882806,0
,15.271360724600537,43.90136146138599,0
,15.272636282106738,43.90110165342171,0
,15.274414876375946,43.90075740611047,0
,15.275941952263652,43.90053007188153,0
,15.277298354963907,43.90030923207927,0
,15.2786637404635,43.900042924161774,0
,15.279759641982913,43.89981558718564,0
,15.280559111124122,43.899744138241175,0
,15.28124180387392,43.89959474471467,0
,15.282562275376817,43.89934791980037,0
,15.284008506070466,43.89907511211737,0
,15.285095424790537,43.898964689602124,0
,15.285769134740995,43.89886725779976,0
,15.286370982296738,43.898626925334185,0
,15.286658431875601,43.89807480651072,0
,15.28667639747428,43.897243370790534,0
,15.286748259868995,43.89671072613857,0
,15.28682910506305,43.89663927344223,0
,15.287251296632006,43.896723717528644,0
,15.288365163750093,43.89747721326849,0
,15.289443099670827,43.89802284212071,0
,15.290026981627891,43.898276168090646,0
,15.29145524672286,43.89889973508505,0
,15.293512307771591,43.90011437274518,0
,15.294365673708837,43.90075740611047,0
,15.295084297655995,43.90105618691059,0
,15.29543462683023,43.901225062347116,0
,15.295569368820324,43.90119258633909,0
,15.295775973205131,43.90071843459044,0
,15.29582987000117,43.900081896127084,0
,15.296063422783993,43.89959474471467,0
,15.296135285178709,43.89949081856056,0
,15.296323923964836,43.89884777142003,0
,15.296386803560212,43.89835411432457,0
,15.29658442514568,43.89776301948569,0
,15.29657544234634,43.89747721326849,0
,15.297150341504064,43.896684743349894,0
,15.29770727506311,43.89630799163104,0
,15.297922862247257,43.895768842754556,0
,15.297824051454523,43.8950867799042,0
,15.298300139819514,43.89403443893155,0
,15.29866843459243,43.89307302463696,0
,15.299180454154778,43.891916708363404,0
,15.2994589209343,43.890942266984,0
,15.299737387713824,43.889941823798274,0
,15.30027635567419,43.888895887828404,0
,15.300536856855032,43.88772649652222,0
,15.30055482245371,43.88673899252601,0
,15.300536856855032,43.88577096273929,0
,15.300635667647766,43.88527069952681,0
,15.300500925657676,43.884757438067766,0
,15.300042802891365,43.88399078607586,0
,15.299647559720428,43.883704913298516,0
,15.298327088217532,43.88341254198373,0
,15.297141358704726,43.88323711850126,0
,15.295686145211738,43.8832046326141,0
,15.294886676070526,43.8832046326141,0
,15.293665015360363,43.88315915234209,0
,15.292317595459448,43.88304220291068,0
,15.292048111479263,43.88302271131629,0
,15.29165286830833,43.88291225882685,0
,15.290889330364477,43.88278231445761,0
,15.290619846384294,43.882736833860925,0
,15.290556966788918,43.88265886704243,0
,15.290601880785614,43.88256790562434,0
,15.291221693940034,43.882405474172714,0
,15.292335561058126,43.88229502053091,0
,15.293889585343848,43.882139085626676,0
,15.294886676070526,43.88201563686934,0
,15.296216130372764,43.88211309643601,0
,15.297626429869055,43.88199614493673,0
,15.297949810645274,43.881846706573434,0
,15.298758262585824,43.88182071725433,0
,15.299288247746851,43.88176873858187,0
,15.30041109766428,43.8820741126286,0
,15.300797358035876,43.88202213417876,0
,15.301462085186994,43.8817037651771,0
,15.302414261916974,43.88072915554269,0
,15.303483215038368,43.879507622130134,0
,15.303608974229121,43.8794686366059,0
,15.303878458209304,43.87965706640157,0
,15.30411201099213,43.88012488950665,0
,15.304183873386846,43.88061869877125,0
,15.303806595814589,43.881729754547564,0
,15.30349219783771,43.8826783587567,0
,15.303366438646956,43.883315084557694,0
,15.302989161074699,43.884309142770284,0
,15.302719677094515,43.884919863061775,0
,15.302405279117636,43.88599835371005,0
,15.301965121950005,43.88697937330633,0
,15.301506999183694,43.88755108583227,0
,15.301147687210115,43.888480106901575,0
,15.301048876417381,43.88925319722731,0
,15.301129721611437,43.889941823798274,0
,15.300994979621345,43.89096175596891,0
,15.30071651284182,43.89195568568465,0
,15.300689564443804,43.892358449833246,0
,15.300491942858335,43.89331987574445,0
,15.3004380460623,43.893657670327116,0
,15.30041109766428,43.89450214834241,0
,15.300339235269565,43.895470035236045,0
,15.30040211486494,43.8960156826093,0
,15.30057278805239,43.89661329062217,0
,15.300994979621345,43.89702901437338,0
,15.301641741173782,43.8974187527357,0
,15.302710694295175,43.89796438212737,0
,15.303707785021853,43.89866589823279,0
,15.304309632577596,43.89946483699349,0
,15.304534202561083,43.8999260081118,0
,15.304633013353815,43.90044563323101,0
,15.304597082156459,43.90101072036448,0
,15.304067096995432,43.902485117684556,0
,15.303878458209304,43.90288781011927,0
,15.303258645054884,43.90375164108908,0
,15.302468158713012,43.90461545943672,0
,15.301650723973124,43.90538184409527,0
,15.301650723973124,43.90584296905983,0
,15.301785465963214,43.906031314841684,0
,15.302045967144059,43.906128734838205,0
,15.30233341672292,43.906089766858855,0
,15.302773573890553,43.90584946375197,0
,15.303806595814589,43.90449205758839,0
,15.304255735781561,43.90392700372961,0
,15.304318615376935,43.903842569930575,0
,15.304444374567689,43.90367370197076,0
,15.304507254163065,43.903582772869505,0
,15.304561150959103,43.90349184362838,0
,15.304633013353815,43.90340091424742,0
,15.304695892949193,43.903316479697004,0
,15.30568400087653,43.90171220032676,0
,15.305737897672568,43.90162126820857,0
,15.306016364452091,43.9010691773459,0
,15.306061278448787,43.900978244238715,0
,15.306636177606512,43.90006241014765,0
,15.30697752398141,43.89912058015196,0
,15.307148197168859,43.89863991630322,0
,15.307534457540454,43.89833462777573,0
,15.307812924319977,43.898399582913584,0
,15.30792970071139,43.89889323962942,0
,15.308549513865813,43.89979610111845,0
,15.308783066648639,43.90035469916481,0
,15.308783066648639,43.90101721558749,0
,15.308567479464491,43.901991490958146,0
,15.308549513865813,43.90260202867398,0
,15.308899843040049,43.9036282374376,0
,15.309348983007022,43.90453102662095,0
,15.309492707796453,43.90505061126704,0
,15.309357965806361,43.90555720190002,0
,15.308854929043353,43.90634955290256,0
,15.308459685872416,43.90679768114461,0
,15.307462595145738,43.907693927436874,0
,15.30662719480717,43.908447283373256,0
,15.30651041841576,43.9087200478102,0
,15.306555332412458,43.90914867509653,0
,15.30698650678075,43.90983706999098,0
,15.307211076764235,43.90997344916003,0
,15.307462595145738,43.90990850673782,0
,15.307705130727905,43.909674713427044,0
,15.307893769514033,43.90926557290789,0
,15.30792970071139,43.90870705905603,0
,15.307741061925261,43.90775237781002,0
,15.307552423139136,43.906700262250546,0
,15.30748056074442,43.90650542398077,0
,15.30729192195829,43.90622615467416,0
,15.307022437978109,43.90510906425396,0
,15.306618212007832,43.90391401392222,0
,15.306411607623026,43.90342689408482,0
,15.306151106442181,43.90244614730336,0
,15.30571993207389,43.90128351911658,0
,15.305243843708897,43.9003417085725,0
,15.304857583337302,43.89964021234966,0
,15.30428268417958,43.89819822175394,0
,15.303734733419873,43.89720439695431,0
,15.303034075071398,43.896113119110446,0
,15.302953229877343,43.8956908931127,0
,15.303285593452902,43.89468403433656,0
,15.303707785021853,43.89369015047378,0
,15.304210821784864,43.892696249907395,0
,15.304525219761743,43.89201415161835,0
,15.304947411330698,43.89135153431884,0
,15.305180964113523,43.891260586266974,0
,15.305459430893045,43.89128007514701,0
,15.305836708465302,43.89138401573205,0
,15.306357710826989,43.89140350457141,0
,15.30665414320519,43.89121511218856,0
,15.307229042362913,43.89065642780057,0
,15.307489543543758,43.89043555112178,0
,15.307687165129225,43.889961313112856,0
,15.307866821116015,43.889474078321584,0
,15.30810037389884,43.88890888093528,0
,15.308217150290252,43.88833068491707,0
,15.308244098688272,43.887180772667485,0
,15.308208167490912,43.88657657252688,0
,15.308396806277042,43.88585542234474,0
,15.309106447424858,43.88497833595043,0
,15.309950830562764,43.88401027735129,0
,15.310453867325771,43.88343203344966,0
,15.310947921289442,43.883048700107366,0
,15.311199439670945,43.882970733699885,0
,15.311477906450468,43.88302271131629,0
,15.311962977614797,43.88374389603132,0
,15.312367203585072,43.8846599828573,0
,15.312187547598285,43.885712490634084,0
,15.311765356029332,43.88674548931672,0
,15.311046732082175,43.88764203958829,0
,15.31033709093436,43.88840214765243,0
,15.309771174575976,43.88933765186074,0
,15.30969931218126,43.88967546918861,0
,15.309807105773332,43.890195184387004,0
,15.310561660917847,43.89077336217895,0
,15.31130723326302,43.891663355149255,0
,15.311513837647826,43.89204663266763,0
,15.311576717243202,43.89215706810181,0
,15.311639596838578,43.892248014775106,0
,15.311684510835276,43.892345457484154,0
,15.311720442032634,43.892436403867755,0
,15.31177433882867,43.89253384626642,0
,15.312160599200267,43.89349526932628,0
,15.312466014377808,43.894716513919505,0
,15.312681601561954,43.89599619528982,0
,15.312780412354687,43.896535342093415,0
,15.312933119943457,43.897074483981335,0
,15.313166672726283,43.897483708879676,0
,15.31318463832496,43.89758763856163,0
,15.313058879134209,43.89764609892744,0
,15.312807360752705,43.89758763856163,0
,15.312421100381108,43.89717841438255,0
,15.312151616400927,43.896619786328245,0
,15.311900098019422,43.89602217838107,0
,15.311100628878211,43.89495036639008,0
,15.3106425061119,43.894554115826395,0
,15.309384914204378,43.893872038965355,0
,15.308217150290252,43.893313379675895,0
,15.307534457540454,43.892904125917106,0
,15.307184128366218,43.892436403867755,0
,15.307013455178769,43.89172831761531,0
,15.30634872802765,43.89071489501867,0
,15.30630381403095,43.890182191562694,0
,15.306573298011136,43.88952605022389,0
,15.306726005599906,43.88905180492246,0
,15.307255990760932,43.88792789333956,0
,15.30748056074442,43.88736917790067,0
,15.307803941520639,43.886193259560685,0
,15.308208167490912,43.88516674819851,0
,15.308378840678362,43.88432213688469,0
,15.308783066648639,43.88351649639451,0
,15.308684255855903,43.8833475703842,0
,15.30842375467506,43.88326310719815,0
,15.307965631908749,43.88344502775671,0
,15.307624285533851,43.883587964946,0
,15.306941592784053,43.88369191904856,0
,15.306267882833595,43.883730901789896,0
,15.304650978952496,43.88373739891098,0
,15.303312541850918,43.88352949068304,0
,15.302297485525562,43.88334107322033,0
,15.301399205591618,43.8830876832726,0
,15.299899078101934,43.882957739288656,0
,15.298488778605641,43.88293175045763,0
,15.297150341504064,43.88273033662998,0
,15.295811904402488,43.88251592760835,0
,15.294428553304215,43.8823080150877,0
,15.293602135764985,43.88222355041748,0
,15.29226369866341,43.88220405855338,0
,15.290943227160513,43.88205462071527,0
,15.289461065269505,43.881918177142104,0
,15.288535836937543,43.881801225257526,0
,15.288257370158021,43.88162579699715,0
,15.287296210628702,43.881580315511414,0
,15.287026726648518,43.881580315511414,0
,15.286577586681547,43.88139838921878,0
,15.286505724286831,43.88132042063641,0
,15.286577586681547,43.881034534955255,0
,15.28668538027362,43.880969560744184,0
,15.286963847053142,43.881015042699445,0
,15.287404004220775,43.88123595455623,0
,15.287574677408225,43.88141788134833,0
,15.28779026459237,43.88152183926407,0
,15.287826195789728,43.88125544673928,0
,15.287439935418131,43.88131392324992,0
,15.287197399835968,43.88128143630668,0
,15.286891984658427,43.881430876097774,0
,15.286550638283527,43.88155432607528,0
,15.286065567119199,43.88165828375127,0
,15.28555354755685,43.881651786401896,0
,15.285652358349585,43.88171026252078,0
,15.285562530356188,43.881651786401896,0
,15.285643375550245,43.88171675986376,0
2013-08-06T17:04:00Z,15.28554456475751,43.881651786401896,0

2013-08-07T10:52:00Z,15.28569727234628,43.88169077048756,0
,15.285832014336373,43.881677775795204,0
,15.285966756326465,43.88166478109995,0
,15.286101498316556,43.88161929964418,0
,15.286218274707968,43.88156082343537,0
,15.286344033898722,43.881508844534586,0
,15.286469793089472,43.88146986032904,0
,15.286613517878903,43.881443870844386,0
,15.286748259868995,43.881430876097774,0
,15.286874019059749,43.881430876097774,0
,15.287017743849177,43.88143737347144,0
,15.287161468638608,43.881430876097774,0
,15.287287227829362,43.88142437872341,0
,15.288248387358683,43.88138539446218,0
,15.28936225447677,43.88141138397252,0
,15.29017968921666,43.88132691802218,0
,15.290880347565137,43.881242451951294,0
,15.291275590736072,43.88121646236673,0
,15.29164388550899,43.88109301168425,0
,15.292039128679924,43.881067022034074,0
,15.292748769827739,43.88128143630668,0
,15.293135030199336,43.8812749389159,0
,15.293952464939224,43.88159980758102,0
,15.294275845715443,43.8817362518884,0
,15.295416661231553,43.88229502053091,0
,15.296620356343038,43.882756325549494,0
,15.2972042383001,43.882996722513816,0
,15.297329997490854,43.88305519730338,0
,15.297446773882267,43.88310067765528,0
,15.297572533073017,43.88315915234209,0
,15.29804862143801,43.88336706187153,0
,15.29817438062876,43.88343203344966,0
,15.298282174220835,43.883484010660766,0
,15.298416916210925,43.88353598782622,0
,15.298533692602339,43.88357497067033,0
,15.29864148619441,43.88362694775585,0
,15.298758262585824,43.8836789247957,0
,15.298884021776574,43.88373739891098,0
,15.29900079816799,43.883795872968456,0
,15.2991175745594,43.88384784985987,0
,15.299225368151475,43.88390632380815,0
,15.299360110141567,43.88395180350576,0
,15.299961957697308,43.884309142770284,0
,15.300087716888061,43.884387107413865,0
,15.300204493279475,43.88445857491357,0
,15.300312286871547,43.88453653936023,0
,15.30042906326296,43.88460800667941,0
,15.300536856855032,43.884692467945285,0
,15.300815323634556,43.88492636005223,0
,15.300977014022665,43.88509528155437,0
,15.301255480802187,43.885381147612954,0
,15.301354291594922,43.885485098564466,0
,15.302252571528864,43.88630370592433,0
,15.30263883190046,43.88662205017158,0
,15.302836453485929,43.88679096683157,0
,15.303052040670076,43.88696637977561,0
,15.303968286202698,43.887739489885966,0
,15.304947411330698,43.88859704558265,0
,15.305648069679174,43.88912976331537,0
,15.306645160405852,43.88980539841635,0
,15.30763326833319,43.890818836597,0
,15.308648324658545,43.891539926267136,0
,15.30939389700372,43.89204663266763,0
,15.310040658556158,43.892306480419826,0
,15.310983852486798,43.89286514922093,0
,15.311657562437256,43.893215938561625,0
,15.313292431917036,43.89418384650653,0
,15.314738662610683,43.8948724156693,0
,15.31558304574859,43.89524268067784,0
,15.315834564130096,43.895034812888305,0
,15.316184893304333,43.894021446950646,0
,15.31656217087659,43.89306652854129,0
,15.316840637656114,43.89248837316702,0
,15.317577227201946,43.89137102316891,0
,15.317918573576845,43.890916281660765,0
,15.318358730744478,43.89043555112178,0
,15.318807870711451,43.88963649036464,0
,15.31925701067842,43.88914275637086,0
,15.319948686227558,43.88779795998752,0
,15.32027206700378,43.88701185712065,0
,15.320442740191227,43.88652459803295,0
,15.320811034964146,43.8864661266727,0
,15.321457796516585,43.88662205017158,0
,15.323164528391077,43.88744064179766,0
,15.324835329068213,43.888194255818995,0
,15.325437176623955,43.88846711370053,0
,15.326667820133459,43.889116770257026,0
,15.327386444080615,43.889480574811856,0
,15.328383534807292,43.88996780954963,0
,15.329227917945198,43.890487522179235,0
,15.330440595856022,43.89092927432382,0
,15.330566355046775,43.89096175596891,0
,15.331258030595912,43.89012372381803,0
,15.331850895352314,43.889272686768805,0
,15.33204851693778,43.88878544630477,0
,15.332228172924571,43.88809680627054,0
,15.332587484898147,43.88736917790067,0
,15.333351022841999,43.88626472487836,0
,15.33478827073631,43.88436761626262,0
,15.33545299788743,43.88343203344966,0
,15.336117725038548,43.88241197143935,0
,15.336728555393627,43.88146336295893,0
,15.338022078498508,43.87983250049943,0
,15.338659857251608,43.87892283656999,0
,15.339091031619901,43.87787670576155,0
,15.34006117394856,43.87593384233265,0
,15.340321675129402,43.875251550743414,0
,15.340851660290431,43.874081889716685,0
,15.341453507846174,43.8727952358851,0
,15.342450598572851,43.87074822895531,0
,15.342782962148412,43.87005288033305,0
,15.342971600934538,43.869545985535,0
,15.34359141408896,43.868525684124634,0
,15.344148347648003,43.867531360733125,0
,15.344301055236775,43.86702444434056,0
,15.344804091999784,43.865952106897794,0
,15.345271197565435,43.86481475807928,0
,15.34550475034826,43.86415183611637,0
,15.346070666706643,43.862780473984046,0
,15.34647489267692,43.86185104936015,0
,15.34695098104191,43.860726621045714,0
,15.347409103808221,43.85958917183294,0
,15.34792112337057,43.858386701761646,0
,15.348289418143485,43.85745720816201,0
,15.34866669571574,43.85654720029304,0
,15.348918214097248,43.855884185753524,0
,15.34918769807743,43.85479864592171,0
,15.349448199258275,43.85414861254472,0
,15.34980751123185,43.852998035975645,0
,15.349861408027888,43.85239998734782,0
,15.350202754402785,43.85144439711488,0
,15.350669859968436,43.85062530750037,0
,15.351388483915592,43.849786704016466,0
,15.35190948627728,43.849838710779444,0
,15.353247923378856,43.85019625603855,0
,15.355008552049386,43.850573301428106,0
,15.355942763180686,43.85082683059905,0
,15.35747882186773,43.85121687335824,0
,15.359176570942886,43.85167191999742,0
,15.360631784435874,43.85204245539243,0
,15.363667970612603,43.85271201347234,0
,15.365114201306254,43.85301103696569,0
,15.365257926095685,43.8530240379529,0
,15.365437582082473,43.852881026936714,0
,15.365293857293041,43.85232198055983,0
,15.365311822891721,43.85223097251064,0
,15.365114201306254,43.85210746136306,0
,15.365087252908236,43.85191894385166,0
,15.365132166904932,43.85076832396363,0
,15.365248943296345,43.85030026879956,0
,15.365248943296345,43.84974119806144,0
,15.36659636319726,43.84989721833315,0
,15.368680372644011,43.850027234912325,0
,15.369991861347568,43.85017025281975,0
,15.373090927119675,43.850404281377905,0
,15.376818788845542,43.850716318016936,0
,15.37925312746653,43.85091134008151,0
,15.381687466087516,43.85110636150392,0
,15.383340301165973,43.85118436989307,0
,15.385253637425274,43.85132088432686,0
,15.386241745352612,43.8513663890682,0
,15.387355612470701,43.8514313957809,0
,15.387616113651546,43.85147690043731,0
,15.38755323405617,43.85091134008151,0
,15.38754425125683,43.85035227511156,0
,15.387229853279951,43.849786704016466,0
,15.386556143329493,43.848954589598705,0
,15.385900398977713,43.847959937495425,0
,15.385505155806777,43.84741384688534,0
,15.38355588835012,43.84487836024456,0
,15.382468969630049,43.843604074700195,0
,15.381741362883552,43.842778375044404,0
,15.38066342696282,43.841614574098614,0
,15.37954057704539,43.84037922964648,0
,15.378777039101537,43.839592496859645,0
,15.377923673164291,43.838734230996,0
,15.37683675444422,43.83748582209201,0
,15.376154061694422,43.836601516537385,0
,15.375453403345947,43.83573670495919,0
,15.37474376219813,43.834897890694066,0
,15.374043103849656,43.83403955682941,0
,15.373899379060225,43.83376644799258,0
,15.373980224254279,43.833681914049905,0
,15.37507612577369,43.83370792450663,0
,15.376324734881871,43.833903002568334,0
,15.377447584799302,43.83405256198072,0
,15.379136351075116,43.83424763890792,0
,15.380438856979335,43.83446872531578,0
,15.381157480926491,43.8345532581361,0
,15.382298296442597,43.8347873483938,0
,15.383582836748138,43.835027940195076,0
,15.385190757829898,43.83535956513084,0
,15.386672919720906,43.835639169026805,0
,15.388433548391435,43.83596428817713,0
,15.389933675881121,43.83615935881113,0
,15.391379906574771,43.8363284195078,0
,15.391766166946367,43.83641945199085,0
,15.391811080943064,43.83633492183268,0
,15.391460751768825,43.83589926448977,0
,15.391047542999212,43.83548311120102,0
,15.390373833048754,43.83461828330045,0
,15.389619277904242,43.83368841666516,0
,15.38899946474982,43.83279755172796,0
,15.388703032371618,43.83232935456764,0
,15.38836168599672,43.83190017058804,0
,15.387625096450886,43.83083369996971,0
,15.386942403701088,43.829962301194094,0
,15.386071072165164,43.8288177579645,0
,15.385469224609421,43.82790731006717,0
,15.384588910274154,43.82682125749915,0
,15.38371757873823,43.82575469549139,0
,15.38321454197522,43.82517588246635,0
,15.38243303843269,43.824252371330836,0
,15.382055760860434,43.82384914364678,0
,15.381570689696105,43.823270312015566,0
,15.380923928143664,43.822379290481265,0
,15.380654444163481,43.8218069484174,0
,15.379935820216327,43.820746800225976,0
,15.379549559844731,43.81977769112272,0
,15.379324989861246,43.819179307122184,0
,15.37909143707842,43.818626446971734,0
,15.378543486318712,43.817715842545105,0
,15.377609275187412,43.81623282826021,0
,15.376728960852148,43.81502947800831,0
,15.375938474510276,43.8140212468343,0
,15.375480351743963,43.8134683385902,0
,15.375040194576334,43.81296095943047,0
,15.374222759836444,43.811926673084535,0
,15.373522101487968,43.81091188404464,0
,15.372839408738171,43.81007271845343,0
,15.372219595583749,43.80931160450974,0
,15.371411143643199,43.808394351651046,0
,15.370503880909915,43.807412029668356,0
,15.369614583775313,43.80627355668693,0
,15.368788166236083,43.80512855610716,0
,15.368087507887608,43.80416569760377,0
,15.367431763535828,43.80303366829437,0
,15.367288038746397,43.80287101863027,0
,15.367297021545738,43.8027799346236,0
,15.36776412711139,43.8025977661907,0
,15.368590544650615,43.80264981437148,0
,15.370207448531715,43.80285150064062,0
,15.371689610422722,43.803079210120394,0
,15.372453148366574,43.803261377074925,0
,15.373809551066831,43.80346306126495,0
,15.37508510857303,43.80356715606251,0
,15.376127113296405,43.80373630971894,0
,15.376657098457432,43.80380136868914,0
,15.376702012454128,43.80399654517168,0
,15.376773874848844,43.80407461558486,0
,15.376630150059412,43.803924980535974,0
,15.376576253263377,43.80410714489339,0
,15.377043358829027,43.804230756103046,0
,15.377447584799302,43.80426328532593,0
,15.377717068779486,43.80417870930931,0
,15.378489589522678,43.80337848410746,0
,15.379019574683705,43.802474151578394,0
,15.379369903857942,43.80194716007832,0
,15.379396852255962,43.801758482971145,0
,15.379127368275777,43.801211966584795,0
,15.37863331431211,43.80065243268792,0
,15.378480606723338,43.80050278900717,0
,15.37891178109163,43.80025555079465,0
,15.379100419877759,43.799806615617044,0
,15.379145333874455,43.79961793170243,0
,15.37956752544341,43.79910392764994,0
,15.379801078226235,43.79863546438175,0
,15.380250218193208,43.7981800104361,0
,15.381067652933094,43.797620447945356,0
,15.381453913304691,43.79709991996057,0
,15.381947967268362,43.796507813826594,0
,15.382190502850525,43.7960393300613,0
,15.382352193238635,43.795466733769615,0
,15.382855230001644,43.794516732279746,0
,15.383178610777863,43.79337150478691,0
,15.383573853948798,43.792460512589834,0
,15.383924183123037,43.79195295372824,0
,15.384490099481422,43.79127620182705,0
,15.385253637425274,43.79024153736788,0
,15.385990226971108,43.78916780989542,0
,15.386636988523547,43.78847150351551,0
,15.38707714569118,43.788087555382205,0
,15.387957460026444,43.78749535932402,0
,15.389008447549159,43.78687061861665,0
,15.390113331867909,43.78630444167093,0
,15.391110422594586,43.785601593811556,0
,15.392206324114,43.78495730929642,0
,15.392772240472382,43.78453429040791,0
,15.39349086441954,43.784111268504915,0
,15.39409271197528,43.783746816448144,0
,15.394820318721775,43.78303743013597,0
,15.39552995986959,43.782581856474714,0
,15.396203669820048,43.78224342806321,0
,15.397101949753994,43.78164466537829,0
,15.398494283651607,43.780525223290304,0
,15.3995183227763,43.77986786664647,0
,15.40066812109175,43.77917145117333,0
,15.401539452627675,43.778481536201554,0
,15.402338921768886,43.777674455683076,0
,15.402743147739159,43.77728392891316,0
,15.403794135261874,43.77662002750959,0
,15.404548690406386,43.77616440460418,0
,15.405024778771377,43.77574132306164,0
,15.40659676865578,43.77477798768823,0
,15.407566910984437,43.77426376849023,0
,15.407953171356032,43.77399038431884,0
,15.409120935270161,43.77346313986273,0
,15.410603097161168,43.77272108417942,0
,15.411797809473315,43.772219865883685,0
,15.41281286579867,43.77180326563947,0
,15.41345962735111,43.77143873802851,0
,15.413711145732613,43.771341096324235,0
,15.414878909646742,43.77068363800251,0
,15.415471774403143,43.770449294663095,0
,15.416549710323878,43.77039070868374,0
,15.417717474238003,43.77054042829386,0
,15.41838220138912,43.77051439012789,0
,15.41919963612901,43.77014985460599,0
,15.419558948102589,43.76986343226914,0
,15.420268589250403,43.76953795066424,0
,15.421112972388311,43.769062744317964,0
,15.422532254683942,43.76853545611397,0
,15.423726966996087,43.768014673046146,0
,15.424391694147205,43.76768267145708,0
,15.425784028044818,43.76737670756521,0
,15.427275172735166,43.76725952948713,0
,15.427697364304118,43.76722047007639,0
,15.428550730241366,43.76690799386587,0
,15.429080715402392,43.7665955160115,0
,15.429987978135676,43.76583384435477,0
,15.431110828053106,43.76513726428944,0
,15.432143849977141,43.7645253087069,0
,15.432943319118351,43.76395891866728,0
,15.435278846946604,43.76266336252646,0
,15.435889677301686,43.762370393653086,0
,15.436922699225724,43.761999297672745,0
,15.437515563982124,43.761732367551794,0
,15.438647396698894,43.76122454596172,0
,15.439931937004435,43.76057999692334,0
,15.441027838523844,43.760065654795504,0
,15.44348912554285,43.75900440316903,0
,15.444647906657638,43.75847702567847,0
,15.445510255394225,43.758066839949535,0
,15.446669036509013,43.757519921239385,0
,15.448250009192753,43.75681673264348,0
,15.448851856748496,43.756569312454666,0
,15.450477743428932,43.75604191335052,0
,15.45116043617873,43.755761934146236,0
,15.451672455741079,43.75543637527315,0
,15.452696494865775,43.754362018337034,0
,15.45354087800368,43.75339182477751,0
,15.453936121174618,43.752962069548225,0
,15.454223570753479,43.752493242117296,0
,15.454600848325736,43.75208301508123,0
,15.455400317466946,43.75158162263608,0
,15.456172838210138,43.751438366874794,0
,15.456568081381073,43.75144487850781,0
,15.457457378515679,43.75137325050552,0
,15.457951432479346,43.75140580869909,0
,15.458795815617254,43.75121697092817,0
,15.459307835179603,43.75118441263115,0
,15.460179166715527,43.750995574156754,0
,15.460960670258057,43.75089789884835,0
,15.461607431810497,43.750748129730354,0
,15.462326055757652,43.75045510210357,0
,15.46317043889556,43.75012300238001,0
,15.464589721191192,43.74938716696983,0
,15.46590120989475,43.749015989899185,0
,15.467203715798968,43.748638298570725,0
,15.468775705683369,43.74808478108093,0
,15.469485346831187,43.74774615607528,0
,15.470311764370413,43.747173093978496,0
,15.470437523561165,43.747134021361624,0
,15.471219027103697,43.747127509256295,0
,15.471722063866705,43.74723821494956,0
,15.472252049027732,43.747186118178426,0
,15.473545572132611,43.746854000188996,0
,15.474587576855985,43.74667817226686,0
,15.475279252405121,43.74635256363027,0
,15.475782289168132,43.74601392875614,0
,15.477039881075651,43.74557109562521,0
,15.477830367417523,43.74536921472074,0
,15.478414249374586,43.74508918523427,0
,15.479034062529006,43.74485474092874,0
,15.480183860844456,43.74424908885984,0
,15.48074977720284,43.743916954460346,0
,15.482240921893187,43.743233142500536,0
,15.483058356633077,43.742842389277655,0
,15.484387810935312,43.74229533045067,0
,15.485402867260667,43.74161149983774,0
,15.485941835221034,43.74104489137118,0
,15.486633510770174,43.74014612203755,0
,15.4874599283094,43.739377598353194,0
,15.488214483453913,43.73862860384818,0
,15.488771417012957,43.73833551647346,0
,15.489750542140957,43.73801637524462,0
,15.490136802512552,43.73794473105981,0
,15.49147523961413,43.73772328485201,0
,15.492777745518348,43.7373520349474,0
,15.494214993412657,43.73696124306993,0
,15.494825823767739,43.736733279955324,0
,15.496011553280546,43.736446696514115,0
,15.496694246030343,43.73630340427555,0
,15.49752964636891,43.73589306550031,0
,15.498589616690966,43.735020272021984,0
,15.499038756657935,43.734512222158244,0
,15.499353154634818,43.7340823304217,0
,15.500035847384613,43.73356124536244,0
,15.500467021752907,43.73303364208791,0
,15.500925144519218,43.73239530100438,0
,15.501868338449858,43.73163970474412,0
,15.50279356678182,43.7307407932411,0
,15.50282051517984,43.73063657073859,0
,15.502452220406923,43.73054537589908,0
,15.502056977235988,43.73052583412957,0
,15.501104800506006,43.73062354291293,0
,15.500143640976688,43.73072776543825,0
,15.498948928664541,43.731001348698285,0
,15.498131493924653,43.73104694578592,0
,15.498005734733901,43.73102089031154,0
,15.498077597128617,43.73092318218099,0
,15.499002825460579,43.73051280627964,0
,15.499245361042743,43.730415097314356,0
,15.499407051430852,43.73025224868213,0
,15.49946094822689,43.7294640550004,0
,15.49945196542755,43.72918395059792,0
,15.499532810621606,43.728512997478795,0
,15.499550776220284,43.727770380347664,0
,15.499703483809055,43.72674763806871,0
,15.49977534620377,43.72656523632401,0
,15.499766363404431,43.7259984844769,0
,15.499874156996503,43.72533400991726,0
,15.500125675378008,43.724904051835175,0
,15.500260417368098,43.72474118811374,0
,15.500790402529127,43.72377702574952,0
,15.501041920910632,43.72304086423455,0
,15.501122766104686,43.72266300788363,0
,15.501500043676943,43.72205712975988,0
,15.501625802867695,43.721679267160724,0
,15.50203901163731,43.72109943885026,0
,15.501922235245896,43.721047319174744,0
,15.501347336088173,43.72124928266301,0
,15.500493970150924,43.7208844448945,0
,15.499326206236798,43.72032415396525,0
,15.498185390720689,43.71978340306475,0
,15.496990678408546,43.719210071440955,0
,15.496604418036949,43.7190993135587,0
,15.495894776889132,43.71906022249221,0
,15.49496954855717,43.71884522116744,0
,15.493316713478714,43.71829142629845,0
,15.491816585989028,43.71790702447638,0
,15.490756615666973,43.71763989632394,0
,15.490073922917176,43.71754216621245,0
,15.48984037013435,43.71745746665264,0
,15.488609726624848,43.71707957483989,0
,15.487244341125253,43.71681895839828,0
,15.486148439605842,43.716590918075504,0
,15.484666277714835,43.71623256723112,0
,15.483130219027792,43.71583512104324,0
,15.481315693561225,43.71541812546781,0
,15.479573030489373,43.715118408092984,0
,15.477102760671029,43.71454503151743,0
,15.475072648020316,43.71399771235967,0
,15.473770142116098,43.71365889321551,0
,15.473491675336575,43.71361328279878,0
,15.473338967747804,43.71360025124474,0
,15.472782034188759,43.71352206186045,0
,15.471551390679256,43.71297473329403,0
,15.469997366393532,43.712297081427785,0
,15.469359587640433,43.71201038023839,0
,15.468488256104509,43.71168458175573,0
,15.467832511752729,43.71143045770107,0
,15.466853386624729,43.71116981651783,0
,15.466143745476915,43.71105252761296,0
,15.46526343114165,43.71090917419309,0
,15.46413159842488,43.71045956350009,0
,15.463377043280367,43.710003433239294,0
,15.462667402132553,43.70956033192425,0
,15.46234402135633,43.70935832875941,0
,15.462110468573506,43.70879141298966,0
,15.462002674981433,43.7084134661432,0
,15.461481672619746,43.70763801596208,0
,15.460691186277876,43.7067973904883,0
,15.46044865069571,43.706478080026535,0
,15.46027797750826,43.70623045032591,0
,15.460538478689106,43.70642594754359,0
,15.460233063511565,43.70612618488059,0
,15.460574409886462,43.706250000076565,0
,15.460412719498352,43.70610011849074,0
,15.46014323551817,43.706093601891496,0
,15.459909682735345,43.70621090056882,0
,15.458562262834429,43.70636078187569,0
,15.457026204147384,43.706354265304995,0
,15.456100975815422,43.70642594754359,0
,15.45487931510526,43.706556278665346,0
,15.453774430786508,43.70680390701048,0
,15.452427010885591,43.70701895184286,0
,15.451699404139097,43.70712973221087,0
,15.450971797392603,43.70715579814986,0
,15.450244190646107,43.70718838055752,0
,15.448878805146515,43.707390391087024,0
,15.447190038870701,43.707585884495046,0
,15.44606718895327,43.70774227875916,0
,15.445375513404134,43.70785957418758,0
,15.443920299911145,43.70817887723829,0
,15.443372349151439,43.70824404091574,0
,15.442770501595696,43.708491662239375,0
,15.441647651678265,43.7087132172873,0
,15.440192438185276,43.709058580864244,0
,15.43952771103416,43.70925406879321,0
,15.438791121488325,43.70940394243722,0
,15.437443701587409,43.70972975340482,0
,15.437165234807887,43.70978839918958,0
,15.436204075278566,43.71035530546297,0
,15.434587171397467,43.711528197850505,0
,15.434290739019266,43.71175625757495,0
,15.433320596690606,43.712688035369254,0
,15.432476213552698,43.713411293390195,0
,15.431542002421399,43.714199699777765,0
,15.43073355048085,43.71493597069095,0
,15.430113737326428,43.71539857872852,0
,15.429404096178612,43.716095741793936,0
,15.428604627037402,43.71672122693839,0
,15.427706347103458,43.717535650865976,0
,15.427140430745075,43.718415216187054,0
,15.42671823917612,43.71908628320605,0
,15.426134357219057,43.719822493656096,0
,15.425083369696342,43.720506574847114,0
,15.424418642545223,43.72086489995092,0
,15.424068313370986,43.721190648172524,0
,15.423717984196747,43.72241544552485,0
,15.423277827029114,43.72389428957449,0
,15.422900549456857,43.72506691511069,0
,15.422586151479978,43.72582910931364,0
,15.422343615897812,43.72648054960955,0
,15.421732785542732,43.72663037986845,0
,15.421975321124895,43.726571750681664,0
,15.421912441529521,43.72673460939117,0
,15.422029217920933,43.726695523341576,0
,15.421975321124895,43.72687141036261,0
,15.422065149118293,43.726930039254036,0
,15.42190345873018,43.72678672408406,0
,15.422011252322255,43.72673460939117,0
,15.422181925509703,43.72687141036261,0
2013-08-07T17:46:00Z,15.422316667499796,43.72687792468671,0

2013-08-08T09:06:00Z,15.4219304071282,43.727079868380734,0
,15.42207413191763,43.72711895417781,0
,15.422163959911025,43.727184097115824,0
,15.42220887390772,43.72709289698259,0
,15.42223582230574,43.72700169670954,0
,15.422262770703759,43.72691049629665,0
,15.42208311471697,43.72699518239897,0
,15.421993286723577,43.72691049629665,0
,15.421957355526217,43.726812781413386,0
,15.421912441529521,43.72672158071084,0
,15.421894475930841,43.72663037986845,0
,15.421885493131501,43.726539178886235,0
,15.421867527532823,43.72642843464843,0
,15.421894475930841,43.72634374773921,0
,15.421912441529521,43.726233003137544,0
,15.421894475930841,43.72614180154605,0
,15.421867527532823,43.72603757098456,0
,15.421840579134805,43.7257509359987,0
,15.421822613536126,43.72565973366809,0
,15.421705837144714,43.72526886495307,0
,15.421732785542732,43.72506691511069,0
,15.421292628375099,43.724167904267134,0
,15.421238731579063,43.72408321413961,0
,15.421283645575759,43.72399852389151,0
,15.422011252322255,43.72383565769091,0
,15.422092097516309,43.72376399642138,0
,15.42224480510508,43.72341871818547,0
,15.422424461091868,43.72327539455558,0
,15.422415478292528,43.72297571675909,0
,15.422658013874694,43.72242847514838,0
,15.42272089347007,43.721842139265014,0
,15.422747841868087,43.72174441605593,0
,15.422774790266107,43.72165972247824,0
,15.422801738664125,43.72154896915627,0
,15.422855635460161,43.721255797602815,0
,15.422873601058841,43.721164588380425,0
,15.422891566657519,43.721066864058415,0
,15.422918515055539,43.72097565454638,0
,15.422945463453557,43.72087792991401,0
,15.422972411851573,43.72078672011234,0
,15.423412569019206,43.71910582873396,0
,15.423825777788823,43.718128544473664,0
,15.424265934956452,43.71716427493764,0
,15.4247779545188,43.716199989774616,0
,15.425083369696342,43.715541921334264,0
,15.425155232091058,43.715450703352374,0
,15.425658268854065,43.715496312360784,0
,15.426412823998579,43.71569829469215,0
,15.427311103932523,43.71588072975701,0
,15.427957865484961,43.71605664875411,0
,15.428389039853256,43.716095741793936,0
,15.428514799044008,43.716082710783525,0
,15.428829197020889,43.714994611345475,0
,15.429080715402392,43.71384785028381,0
,15.42941307897795,43.71287047966301,0
,15.429799339349549,43.711834449279266,0
,15.430221530918502,43.71064853072688,0
,15.430311358911895,43.71023149880666,0
,15.430374238507271,43.71014678884078,0
,15.431263535641877,43.71030969251431,0
,15.431640813214132,43.71044001513203,0
,15.431775555204222,43.710420466757576,0
,15.431892331595638,43.70943652361423,0
,15.432350454361949,43.70788563980693,0
,15.432691800736846,43.70656931176182,0
,15.433024164312407,43.7050965538015,0
,15.433230768697213,43.70421679161793,0
,15.433383476285982,43.703245779743,0
,15.433464321480038,43.70282869595419,0
,15.433500252677396,43.702724424550404,0
,15.433554149473434,43.70251588119491,0
,15.433572115072112,43.702418126245554,0
,15.433626011868148,43.702222615865296,0
,15.433652960266167,43.702131377468085,0
,15.433679908664184,43.70204013893107,0
,15.433715839861543,43.7019423832005,0
,15.43376075385824,43.70174687125785,0
,15.433778719456917,43.70164911504572,0
,15.433868547450313,43.70126460572069,0
,15.43405718623644,43.700306580159896,0
,15.434236842223228,43.699335504505456,0
,15.434479377805395,43.69768659479948,0
,15.434605136996145,43.69708697994816,0
,15.434703947788881,43.69648084140697,0
,15.434946483371046,43.695679164827105,0
,15.435108173759156,43.694949173512214,0
,15.43535070934132,43.69389979531877,0
,15.435557313726127,43.69270700137648,0
,15.435719004114237,43.692009564341674,0
,15.435763918110933,43.69142292873567,0
,15.435934591298384,43.69023008518288,0
,15.43614119568319,43.689030699271825,0
,15.436347800067997,43.68826803371197,0
,15.436401696864035,43.688170255369826,0
,15.436518473255447,43.68813766255343,0
,15.436895750827704,43.68824847805639,0
,15.43774911676495,43.688789515492495,0
,15.438467740712106,43.68907632852558,0
,15.439168399060582,43.68933054801394,0
,15.439294158251332,43.68935662174625,0
,15.439392969044068,43.689291437394054,0
,15.439392969044068,43.68909588390936,0
,15.439545676632838,43.688730849020125,0
,15.439446865840102,43.68835277481199,0
,15.439366020646048,43.688170255369826,0
,15.439258227053976,43.687212019122235,0
,15.439554659432178,43.68656666765608,0
,15.43967143582359,43.68639066149727,0
,15.439644487425571,43.68568663166132,0
,15.439437883040764,43.68531505700419,0
,15.439258227053976,43.68517164160431,0
,15.438701293494931,43.684923923282135,0
,15.438602482702196,43.68474791226934,0
,15.438629431100216,43.6844545594256,0
,15.439042639869829,43.68383525423358,0
,15.439096536665867,43.68305296478811,0
,15.439051622669167,43.68254447113965,0
,15.439419917442086,43.68159266367062,0
,15.439779229415663,43.68054305013235,0
,15.439743298218305,43.67979331485476,0
,15.439446865840102,43.67920655892599,0
,15.439195347458599,43.67886102217562,0
,15.439069588267849,43.6783524927473,0
,15.439105519465205,43.67785699836026,0
,15.439635504626231,43.67694423475548,0
,15.43969838422161,43.676455248501156,0
,15.43967143582359,43.67595973833663,0
,15.439806177813681,43.675470744003064,0
,15.440084644593204,43.67482526533831,0
,15.440201420984616,43.674786145194524,0
,15.440345145774048,43.67494914562424,0
,15.440461922165461,43.67522298534241,0
,15.440830216938378,43.67562722262641,0
,15.44143206449412,43.67588149951292,0
,15.441800359267036,43.67599885770995,0
,15.442734570398338,43.67683339822286,0
,15.443264555559365,43.677146347901825,0
,15.443857420315767,43.67741365778434,0
,15.444719769052353,43.67828729635283,0
,15.445034167029233,43.67850896380289,0
,15.445797704973085,43.67871107164155,0
,15.446552260117599,43.679219598009404,0
,15.447459522850883,43.67959121068727,0
,15.447962559613892,43.67993022374002,0
,15.448600338366992,43.68027575428953,0
,15.449354893511504,43.68093421261876,0
,15.449606411893008,43.68116238954984,0
,15.450226225047428,43.681488355078216,0
,15.450917900596565,43.68206856930601,0
,15.451385006162216,43.68221199217664,0
,15.452364131290215,43.68287694824714,0
,15.453163600431427,43.68332024817067,0
,15.45340613601359,43.683418034474414,0
,15.453549860803022,43.68346366802789,0
,15.453684602793112,43.68350930154642,0
,15.453828327582544,43.68356145409621,0
,15.453954086773297,43.68361360660037,0
,15.454295433148195,43.68377658288149,0
,15.454636779523094,43.68397215383033,0
,15.454762538713846,43.684050382030094,0
,15.4548433839079,43.68412209112295,0
,15.454987108697331,43.68433069890226,0
,15.455067953891385,43.68463709025372,0
,15.455229644279498,43.684936961114275,0
,15.455606921851752,43.68538024570818,0
,15.455930302627973,43.68583656463855,0
,15.456325545798908,43.68626680499968,0
,15.456559098581733,43.686553630180676,0
,15.456648926575127,43.68664489244862,0
,15.456738754568521,43.686736154576735,0
,15.456981290150686,43.68715986976848,0
,15.457044169746062,43.6872706870906,0
,15.45742144731832,43.68785736359626,0
,15.457807707689915,43.68820936672593,0
,15.457906518482648,43.68829410790943,0
,15.457987363676706,43.68838536751066,0
,15.45805024327208,43.68847662697206,0
,15.458104140068116,43.68855484925626,0
,15.458373624048301,43.68916758692832,0
,15.458598194031786,43.6896695056438,0
,15.458966488804702,43.69011275501829,0
,15.459622233156482,43.690640738938725,0
,15.460107304320811,43.69118175464372,0
,15.460251029110243,43.69148159255631,0
,15.460251029110243,43.69202260062285,0
,15.460825928267967,43.693280588330786,0
,15.461481672619746,43.69500783385926,0
,15.462002674981433,43.69631138221652,0
,15.462335038556992,43.69704135683183,0
,15.462739264527269,43.6982731687025,0
,15.463089593701504,43.699120431916114,0
,15.463466871273761,43.70029354569222,0
,15.463916011240734,43.70160349542515,0
,15.464365151207705,43.702457228244576,0
,15.464850222372034,43.70320016134593,0
,15.465146654750237,43.70378016407688,0
,15.465380207533062,43.704868468557926,0
,15.465505966723814,43.70584597059134,0
,15.465514949523154,43.70615225125903,0
,15.46523648274363,43.706334715588575,0
,15.46443701360242,43.70629561613646,0
,15.46365551005989,43.70615876785187,0
,15.463071628102826,43.705904620202894,0
,15.46284705811934,43.70580035418685,0
,15.462739264527269,43.705533171687094,0
,15.46268536773123,43.70572215455498,0
,15.462694350530569,43.70581338744886,0
,15.462595539737837,43.705754737747405,0
,15.462577574139155,43.70565698811661,0
,15.462568591339817,43.70574822111034,0
,15.462496728945101,43.70567653805559,0
,15.462586556938497,43.705741704472594,0
,15.462487746145761,43.7056830547005,0
,15.462613505336515,43.7056830547005,0
,15.462577574139155,43.7057742876543,0
,15.462649436533871,43.70556575498301,0
,15.463017731306788,43.70546800504183,0
,15.463278232487633,43.70548755504292,0
,15.464041770431486,43.70573518783408,0
,15.464715480381942,43.70610663508926,0
,15.46539817313174,43.706471563468675,0
,15.46555986351985,43.706647510280774,0
,15.465802399102015,43.707787893675466,0
,15.466143745476915,43.70878489668505,0
,15.466305435865024,43.70928665005228,0
,15.466404246657756,43.71023801495289,0
,15.466413229457098,43.71081794910977,0
,15.466386281059078,43.71165200180936,0
,15.466413229457098,43.71225798589239,0
,15.466296453065684,43.71288351137687,0
,15.46605391748352,43.71334613537023,0
,15.466000020687483,43.71354812499996,0
,15.465964089490125,43.713652377443836,0
,15.465937141092105,43.71376966122489,0
,15.465919175493427,43.713880429028066,0
,15.465919175493427,43.71399119662509,0
,15.46590120989475,43.71411499546009,0
,15.46590120989475,43.71421273120057,0
,15.46590120989475,43.71431046678051,0
,15.46590120989475,43.714401686510286,0
,15.465892227095411,43.71487732997865,0
,15.46590120989475,43.714968548839494,0
,15.46590120989475,43.715066283178054,0
,15.46591019269409,43.715352969645174,0
,15.46590120989475,43.71544418777688,0
,15.46590120989475,43.715541921334264,0
,15.465856295898051,43.71650621716159,0
,15.465703588309282,43.717692018984465,0
,15.465631725914566,43.71932082911702,0
,15.465685622710602,43.71995279544175,0
,15.465613760315886,43.72093656471269,0
,15.465523932322492,43.72156199896954,0
,15.465640708713904,43.72264997831151,0
,15.465658674312586,43.7231841884295,0
,15.46555986351985,43.72506040058823,0
,15.46557782911853,43.72610271510689,0
,15.465919175493427,43.727685695349024,0
,15.466143745476915,43.72872796386524,0
,15.46635933266106,43.72964644785567,0
,15.466251539068987,43.73090364053559,0
,15.466062900282859,43.732043559112,0
,15.465856295898051,43.73300107383117,0
,15.465802399102015,43.73354170458388,0
,15.465838330299373,43.73373711208041,0
,15.465991037888143,43.73421260097309,0
,15.46605391748352,43.73489000323996,0
,15.466035951884841,43.73517659418374,0
,15.466071883082199,43.735267781921635,0
,15.46617967667427,43.73532640253646,0
,15.46668271343728,43.73531988913766,0
,15.466790507029353,43.735274295326136,0
,15.466799489828693,43.73518310759823,0
,15.467212698598306,43.73483138219494,0
,15.46718575020029,43.734740193787815,0
,15.466952197417465,43.734649005240875,0
,15.466826438226711,43.73468808606383,0
,15.466781524230013,43.73489000323996,0
,15.467077956608215,43.735209161249045,0
,15.46747319977915,43.73522870147966,0
,15.468182840926968,43.734942110787024,0
,15.46845232490715,43.734955137666645,0
,15.469287725245717,43.735104946577266,0
,15.46956619202524,43.735104946577266,0
,15.470733955939368,43.73556088441781,0
,15.47084174953144,43.73562601810966,0
,15.471910702652833,43.736134058457495,0
,15.473015586971584,43.736804925599806,0
,15.474156402487694,43.73731295587523,0
,15.475027734023618,43.73767769288331,0
,15.476042790348973,43.73802940145074,0
,15.476411085121892,43.738192228786694,0
,15.476536844312644,43.738250846518476,0
,15.47756088343734,43.738804455579555,0
,15.478486111769302,43.7397292968653,0
,15.47935744330523,43.7405889955811,0
,15.47977963487418,43.74100581472613,0
,15.480031153255684,43.74145519459325,0
,15.479968273660308,43.74204133714121,0
,15.479806583272198,43.74290751499318,0
,15.479815566071538,43.743402468099475,0
,15.479761669275502,43.74368250553165,0
,15.479770652074842,43.7442751385382,0
,15.479689806880787,43.745050111247565,0
,15.479707772479465,43.74554504651476,0
,15.479671841282109,43.7457404145648,0
,15.479707772479465,43.745929269736166,0
,15.479635910084749,43.74620929526512,0
,15.480408430827941,43.747140533466215,0
,15.481189934370471,43.74798058897697,0
,15.482061265906399,43.74892482324653,0
,15.483750032182213,43.75074161802103,0
,15.484594415320121,43.75190720262751,0
,15.485555574849439,43.75315090177416,0
,15.486148439605842,43.75406900852883,0
,15.486543682776777,43.75460944771663,0
,15.4874599283094,43.75584657916106,0
,15.487756360687602,43.75630235793761,0
,15.488528881430794,43.75733110289664,0
,15.4893732645687,43.7584509822243,0
,15.489921215328406,43.75914112990248,0
,15.490469166088113,43.75994846229544,0
,15.491214738433285,43.760892506421285,0
,15.49211301836723,43.76176492006979,0
,15.492966384304475,43.762637320907345,0
,15.493774836245025,43.763438095474115,0
,15.494556339787557,43.764212818318356,0
,15.495337843330088,43.76501357164812,0
,15.496406796451481,43.765827334298514,0
,15.497430835576175,43.76654994618707,0
,15.49911061905265,43.76783239789365,0
,15.501913252446556,43.770013153208424,0
,15.503000171166628,43.77083986638176,0
,15.50393438229793,43.771549398432626,0
,15.504832662231873,43.77226543135811,0
,15.505290784998184,43.77263646320552,0
,15.50631482412288,43.77343710297815,0
,15.5073208976489,43.774224713685626,0
,15.508156297987465,43.77488213280634,0
,15.509449821092344,43.77588452022891,0
,15.51065351620383,43.776808784546205,0
,15.511102656170802,43.7771797880074,0
,15.512512955667093,43.77828627579179,0
,15.513626822785184,43.77914541679162,0
,15.514605947913184,43.7799589858237,0
,15.515486262248446,43.7806749173502,0
,15.516375559383052,43.78141687364072,0
,15.517354684511051,43.78223691980562,0
,15.518702104411966,43.7833368052098,0
,15.519806988730718,43.7842869856614,0
,15.52057052667457,43.78495080133636,0
,15.52086695905277,43.78517207157844,0
,15.521109494634937,43.785523499091234,0
,15.521028649440883,43.786089683485706,0
,15.521019666641541,43.786675385797125,0
,15.520840010654753,43.788126601068534,0
,15.520696285865322,43.78915479489781,0
,15.52057052667457,43.790000763806,0
,15.520310025493725,43.791835824143725,0
,15.520148335105615,43.792785868551256,0
,15.519950713520148,43.79386603755187,0
,15.519744109135342,43.795317077009905,0
,15.519537504750534,43.79650130713294,0
,15.519348865964407,43.79756839535236,0
,15.519115313181581,43.799025850695415,0
,15.518917691596112,43.80000180524209,0
,15.518648207615929,43.80155679298612,0
,15.518504482826499,43.80222041551455,0
,15.518414654833103,43.80299463241566,0
,15.518217033247637,43.80406810972103,0
,15.518243981645654,43.80427629701011,0
,15.519384797161763,43.804868325620355,0
,15.520498664279854,43.8054408311844,0
,15.521890998177467,43.80609139898216,0
,15.522986899696878,43.80665738716227,0
,15.52426245720308,43.80730794161763,0
,15.525439203916545,43.80799101611675,0
,15.526589002231992,43.808583007653034,0
,15.52761304135669,43.8092660674684,0
,15.528843684866192,43.81013777047418,0
,15.529616205609384,43.81073624571735,0
,15.530550416740686,43.81160792711552,0
,15.531394799878592,43.81237551654442,0
,15.532571546592058,43.813474843423045,0
,15.53320932534516,43.814066780224664,0
,15.534395054857965,43.81466521582003,0
,15.53557180157143,43.81522461754589,0
,15.536488047104053,43.8156799406363,0
,15.53810495098515,43.81657756734583,0
,15.538661884544199,43.81687677322946,0
,15.539856596856342,43.81755323314017,0
,15.541096223165187,43.818255702571555,0
,15.541841795510358,43.81868498534935,0
,15.543207181009953,43.81943947482097,0
,15.543916822157769,43.81988826141826,0
,15.545201362463308,43.82060371128804,0
,15.546270315584701,43.821208584897335,0
,15.547509941893544,43.82191751492852,0
,15.549306501761432,43.82301666491312,0
,15.550052074106604,43.823452416958325,0
,15.550833577649136,43.823998728430226,0
,15.551336614412145,43.82433691872321,0
,15.553061311885317,43.825221407291075,0
,15.554256024197462,43.825878261584904,0
,15.555360908516214,43.82643105411272,0
,15.556887984403918,43.82717243835076,0
,15.55747186636098,43.8274520808742,0
,15.558989959449345,43.82797234252361,0
,15.560256534156208,43.82835603256431,0
,15.560633811728465,43.82846008367267,0
,15.560517035337051,43.82862916633417,0
,15.559978067376685,43.829025858377456,0
,15.55973553179452,43.82910389584393,0
,15.559070804643401,43.82919493942497,0
,15.557732367541826,43.82928598286617,0
,15.556456810035625,43.82963714911507,0
,15.555711237690451,43.82990377395151,0
,15.554516525378308,43.830085858516426,0
,15.554238058598783,43.83010536754376,0
,15.55351943465163,43.83033947537104,0
,15.552288791142127,43.83065812065007,0
,15.551525253198275,43.830872717525665,0
,15.550330540886128,43.83104179330462,0
,15.549593951340293,43.83123037725828,0
,15.548641774610314,43.83137994341551,0
,15.547959081860515,43.83140595488262,0
,15.547231475114023,43.831692080267025,0
,15.546988939531856,43.831796125518856,0
,15.546216418788664,43.831984707072245,0
,15.545776261621034,43.83201722107254,0
,15.545524743239527,43.83210826017843,0
,15.543602424180888,43.83232935456764,0
,15.542308901076009,43.832628480957865,0
,15.541365707145369,43.832999135477294,0
,15.540009304445112,43.83322022654297,0
,15.537781570208931,43.833454322066416,0
,15.53607483833444,43.83355836422445,0
,15.534556745246075,43.8335908773614,0
,15.533550671720057,43.833681914049905,0
,15.532023595832353,43.83386398700735,0
,15.531340903082555,43.83392901292804,0
,15.530676175931436,43.83400054135836,0
,15.529140117244392,43.83409807998785,0
,15.527810662942157,43.83433867458753,0
,15.527127970192359,43.83441020252338,0
,15.52681357221548,43.834579268210405,0
,15.526427311843882,43.834969417954945,0
,15.526337483850488,43.83515148695668,0
,15.526130879465681,43.835268531019544,0
,15.52613986226502,43.83535956513084,0
,15.52710102179434,43.83600330235531,0
,15.527873542537533,43.83621787987611,0
,15.529086220448358,43.83699165296773,0
,15.530065345576357,43.83778492245458,0
,15.531071419102373,43.83857818132146,0
,15.531969699036315,43.83918287152101,0
,15.532823064973565,43.83954048110061,0
,15.533954897690332,43.84010615002818,0
,15.534511831249379,43.84041173904103,0
,15.535239437995871,43.84071732647771,0
,15.536425167508678,43.84134800194891,0
,15.537125825857155,43.841653584556504,0
,15.538356469366658,43.84219972826979,0
,15.5389583169224,43.84245979493516,0
,15.539596095675499,43.8428303879608,0
,15.54071894559293,43.84341553012341,0
,15.54150044913546,43.84380562168765,0
,15.542165176286577,43.844130696029,0
,15.542677195848926,43.84444926715287,0
,15.54374614897032,43.845060398799006,0
,15.544312065328706,43.84532045290638,0
,15.544967809680482,43.84568452673879,0
,15.545434915246133,43.84584705897724,0
,15.545461863644153,43.845938076835985,0
,15.545246276460007,43.84605509959172,0
,15.544231220134648,43.84641266769077,0
,15.543117353016559,43.846926261729074,0
,15.542874817434395,43.84700427562379,0
,15.5424885570628,43.84730332793501,0
,15.54088063598104,43.84810296039468,0
,15.539632026872857,43.84870755338049,0
,15.538895437327024,43.84909761009624,0
,15.537314464643282,43.84981920824867,0
,15.53657787509745,43.85023526084534,0
,15.535670612364166,43.85063830901129,0
,15.535230455196533,43.850872335719984,0
,15.534889108821632,43.85100235015856,0
,15.534691487236167,43.85113236431173,0
,15.534143536476462,43.851405393104365,0
,15.53337101573327,43.85225697482467,0
,15.532778150976865,43.853212551946584,0
,15.532373925006592,43.85377809032716,0
,15.531700215056134,43.854733642905124,0
,15.531340903082555,43.85529916675966,0
,15.530810917921528,43.85616369278805,0
,15.530056362777016,43.85702820619479,0
,15.529454515221275,43.85787970706155,0
,15.52871792567544,43.85899768960639,0
,15.527406436971882,43.86095410826606,0
,15.526768658218781,43.86211752924083,0
,15.526148845064359,43.86353440212106,0
,15.52569970509739,43.86450929495979,0
,15.525313444725791,43.865087723788626,0
,15.524451095989207,43.86593260967356,0
,15.524145680811666,43.86658901269118,0
,15.5239480592262,43.86730389878621,0
,15.523382142867813,43.86848669136512,0
,15.522609622124621,43.8693445261405,0
,15.522043705766238,43.8702543373165,0
,15.521316099019742,43.87129410439268,0
,15.520669337467304,43.87201543206979,0
,15.520058507112221,43.87299018523346,0
,15.51895362279347,43.87424434401954,0
,15.518261947244333,43.87505660884444,0
,15.516986389738134,43.87672659029874,0
,15.516546232570501,43.87728540625356,0
,15.51577371182731,43.878169104433724,0
,15.515010173883457,43.87955310520921,0
,15.514408326327715,43.880553724103464,0
,15.513950203561404,43.881333415407255,0
,15.513384287203019,43.88226903140875,0
,15.512000936104746,43.88462100072815,0
,15.511452985345041,43.88550458934755,0
,15.510976896980049,43.88642714573377,0
,15.51013251384214,43.88784343669321,0
,15.509557614684418,43.88876595660275,0
,15.508749162743868,43.88999379528958,0
,15.508551541158402,43.89037708362754,0
,15.508488661563026,43.891117667617124,0
,15.508282057178217,43.89194269324708,0
,15.50794969360266,43.89242990770216,0
,15.507267000852861,43.893034048052115,0
,15.506674136096459,43.8933003875366,0
,15.505479423784314,43.894125382717796,0
,15.505093163412718,43.89439821323743,0
,15.504293694271507,43.89478796893917,0
,15.503404397136903,43.89550251438729,0
,15.502595945196354,43.89637294899519,0
,15.501823424453162,43.89725636206359,0
,15.500961075716576,43.89806831096447,0
,15.499847208598485,43.89906861668102,0
,15.498904014667845,43.89987404534872,0
,15.497888958342488,43.900562548253475,0
,15.496837970819774,43.90130300469356,0
,15.496245106063371,43.90165374398112,0
,15.494924634560475,43.90228377043859,0
,15.493693991050971,43.90287482008356,0
,15.492508261538164,43.903498338578814,0
,15.49160099880488,43.90401143740806,0
,15.490406286492737,43.90456350079512,0
,15.489499023759453,43.90507659037947,0
,15.487909068276371,43.90545328622667,0
,15.486624527970832,43.90574554859238,0
,15.485241176872558,43.90610925085173,0
,15.483776980580231,43.90641449923511,0
,15.48154026354471,43.906693767651895,0
,15.479402357301923,43.90703798039684,0
,15.47802798900299,43.907258795064664,0
,15.477183605865083,43.907401674704275,0
,15.476482947516606,43.907538059492644,0
,15.475234338408425,43.90784330049776,0
,15.473806073313455,43.90809658439048,0
,15.47293474177753,43.90818750654878,0
,15.472198152231694,43.90820049541711,0
,15.471605287475292,43.90820698985022,0
,15.470805818334082,43.9083953280997,0
,15.470177022380323,43.9086745871581,0
,15.468829602479406,43.90907723743134,0
,15.468066064535554,43.909356493268014,0
,15.467015077012839,43.90994097795783,0
,15.465308345138347,43.91049298596888,0
,15.46413159842488,43.91103200058114,0
,15.462972817310094,43.91156451621419,0
,15.461580483412478,43.912148979068945,0
,15.460843893866645,43.9125451117175,0
,15.459945613932701,43.913259442569355,0
,15.459065299597437,43.91399973997776,0
,15.45787957008463,43.91475301554103,0
,15.457125014940118,43.91504523192463,0
,15.455849457433919,43.91536991510058,0
,15.454816435509882,43.91577901336234,0
,15.453846293181222,43.91661018840959,0
,15.452983944444636,43.91740888466657,0
,15.451834146129189,43.91830497005543,0
,15.450765193007795,43.9191685757228,0
,15.449786067879796,43.919915292252156,0
,15.448555424370292,43.9207723813315,0
,15.447567316442955,43.92148011975946,0
,15.446633105311653,43.922161878118054,0
,15.446103120150626,43.922499507916164,0
,15.445788722173747,43.92277220749837,0
,15.445680928581675,43.922856614256794,0
,15.445231788614702,43.92327215346317,0
,15.444504181868208,43.923992847343634,0
,15.4436597987303,43.9248303994559,0
,15.442833381191072,43.92570689476448,0
,15.442429155220797,43.926187338526674,0
,15.441701548474303,43.927083290780175,0
,15.440848182537056,43.92804415200793,0
,15.440425990968102,43.9284726391378,0
,15.440102610191882,43.92895955255778,0
,15.439896005807075,43.92943347776517,0
,15.439141450662563,43.93026446073019,0
,15.43856655150484,43.93086172251491,0
,15.43774911676495,43.931874456955114,0
,15.436752026038272,43.93294559948497,0
,15.436051367689796,43.933789516280136,0
,15.4356651073182,43.934380250861395,0
,15.435386640538677,43.935321519028754,0
,15.435323760943303,43.936347159674995,0
,15.435117156558494,43.93737927373443,0
,15.434937500571706,43.938365931943935,0
,15.434784792982937,43.938885219116365,0
,15.43424582502257,43.93982641547609,0
,15.434138031430496,43.94033270800151,0
,15.434443446608036,43.9413842247592,0
,15.435018345765762,43.94229292785969,0
,15.435494434130751,43.94281218049473,0
,15.435719004114237,43.942941992939886,0
,15.436698129242236,43.943097767497335,0
,15.437488615584106,43.94322757931455,0
,15.43777606516297,43.94320810756017,0
,15.438836035485023,43.94294848355468,0
,15.43995888540245,43.94246168546701,0
,15.440533784560177,43.942059262683955,0
,15.440093627392544,43.94147509569864,0
,15.440219386583296,43.94147509569864,0
,15.440336162974708,43.94174121693098,0
,15.440551750158855,43.94184506879381,0
,15.440812251339699,43.94183208732094,0
,15.440875130935074,43.94192295757104,0
,15.440668526550267,43.942150132584416,0
,15.439392969044068,43.942552554748076,0
,15.43854858590616,43.9429160304737,0
,15.437084389613833,43.943584560340156,0
,15.436311868870641,43.943837691032094,0
,15.436033402091118,43.94385067206398,0
,15.435844763304988,43.94371437108699,0
,15.43598848809442,43.943260032224266,0
,15.436275937673281,43.943045842690516,0
,15.436410679663375,43.942864105507056,0
,15.436410679663375,43.94277323670552,0
,15.436509490456107,43.94270833033306,0
,15.436446610860731,43.94252010144946,0
,15.43663524964686,43.94239028807663,0
,15.436123230084512,43.94207873481725,0
,15.435476468532073,43.94188401319527,0
,15.43500038016708,43.941507549571675,0
,15.434910552173687,43.9412284456805,0
,15.43486563817699,43.94095583130375,0
,15.434721913387559,43.94079356024377,0
,15.434120065831817,43.94052743473992,0
,15.433724822660881,43.94009254413969,0
,15.433356527887964,43.939294154550325,0
,15.433248734295892,43.938599611736684,0
,15.4331139923058,43.93842435197882,0
,15.432386385559305,43.93788558724343,0
,15.4312006560465,43.93715208036415,0
,15.429493924172007,43.936314702965454,0
,15.428532764642686,43.93563959936262,0
,15.427823123494871,43.93497097953348,0
,15.427149413544413,43.934477624126174,0
,15.426251133610469,43.93348440929217,0
,15.42592775283425,43.93299753317442,0
,15.425739114048122,43.93249117775405,0
,15.425245060084452,43.93163425869089,0
,15.42512828369304,43.9313356324596,0
,15.4247779545188,43.93088769028159,0
,15.424751006120784,43.93060853619147,0
,15.424364745749187,43.93005022405306,0
,15.424050347772306,43.92956981170957,0
,15.423942554180233,43.92926468292182,0
,15.424014416574948,43.92918028531926,0
,15.42478693731814,43.92908939545853,0
,15.425433698870581,43.92894656825201,0
,15.426296047607167,43.928927091788005,0
,15.427041619952341,43.92889463100036,0
,15.427751261100155,43.92894656825201,0
,15.428362091455238,43.9289205996319,0
,15.42908969820173,43.92884269370306,0
,15.430176616921802,43.92883620153767,0
,15.431029982859052,43.928784264188984,0
,15.431443191628665,43.92876478767145,0
,15.430751516079528,43.927790953606504,0
,15.429952046938318,43.92687553494612,0
,15.429359182181916,43.926278232852944,0
,15.428263280662502,43.92564846214852,0
,15.427131447945735,43.9249927143831,0
,15.42658349718603,43.92464860620796,0
,15.426358927202543,43.92454472410082,0
,15.426403841199239,43.924440841811005,0
,15.426933826360266,43.92451875354549,0
,15.42721229313979,43.9244797976911,0
,15.427966848284303,43.924220091338604,0
,15.429314268185218,43.92377858791915,0
,15.430526946096041,43.9233111101139,0
,15.431083879655086,43.92319424008459,0
,15.432359437161287,43.92327215346317,0
,15.433221785897873,43.923200732870086,0
,15.434155997029174,43.92299945618866,0
,15.43500038016708,43.92294102089464,0
,15.4356651073182,43.922733250492264,0
,15.437057441215813,43.922415100647534,0
,15.437785047962308,43.92226576441528,0
,15.438898915080397,43.92199955541292,0
,15.440048713395845,43.92169438751987,0
,15.441369184898745,43.921389218050564,0
,15.442635759605604,43.921058074928325,0
,15.444387405476794,43.920473700185,0
,15.445393479002812,43.92000619622876,0
,15.446597174114297,43.91962309995151,0
,15.446974451686554,43.91945427707472,0
,15.446938520489194,43.91935038583385,0
,15.446462432124205,43.91886988646873,0
,15.44541144460149,43.91826601010371,0
,15.444351474279438,43.91769459452708,0
,15.443390314750117,43.91720758825349,0
,15.442599828408248,43.91698031728554,0
,15.44157578928355,43.916869928214275,0
,15.440929027731112,43.91664914945308,0
,15.440111592991222,43.91620758945605,0
,15.439051622669167,43.915824468549914,0
,15.438332998722014,43.915694596492614,0
,15.437569460778162,43.91596083390292,0
,15.4365993184495,43.9166751234678,0
,15.43601543649244,43.916967330346665,0
,15.435117156558494,43.9170971996068,0
,15.434200911025872,43.91712966687722,0
,15.43229655756591,43.91761018039391,0
,15.43102100005971,43.917980303006146,0
,15.43069761928349,43.91833743666224,0
,15.43103896565839,43.918785474014555,0
,15.431236587243857,43.918915339278705,0
,15.43151505402338,43.91899325830017,0
,15.432197746773177,43.91933090620586,0
,15.433015181513067,43.919545181760604,0
,15.433410424684002,43.91958414086891,0
,15.434173962627854,43.91940882467933,0
,15.435296812545282,43.91934389262526,0
,15.436868802429686,43.91935038583385,0
,15.43823418792928,43.919473756662036,0
,15.438952811876435,43.91953219538548,0
,15.439788212215003,43.91950622262665,0
,15.441171563313276,43.919551674947115,0
,15.442465086418155,43.91953219538548,0
,15.4433633663521,43.919558168132895,0
,15.443596919134926,43.91964907265897,0
,15.443884368713785,43.919889319661735,0
,15.444028093503217,43.920265921105575,0
,15.444010127904539,43.92084380486022,0
,15.444315543082078,43.921389218050564,0
,15.444692820654335,43.92189566864757,0
,15.444809597045747,43.92207747036703,0
,15.44556415219026,43.92230472172966,0
,15.446758864502407,43.922499507916164,0
,15.44750443684758,43.922635857864606,0
,15.447621213238993,43.92267481493493,0
,15.447702058433046,43.92259690076861,0
,15.447396643255505,43.92207747036703,0
,15.447091228077966,43.92187618985874,0
,15.445797704973085,43.9211489771467,0
,15.445546186591582,43.92091522830261,0
,15.444881459440463,43.9200646344256,0
,15.44384843751643,43.91942181108158,0
,15.443210658763329,43.9192010418551,0
,15.442518983214192,43.9192010418551,0
,15.44173747967166,43.919415317880805,0
,15.44031819737603,43.91962309995151,0
,15.438773155889647,43.91971400437767,0
,15.437964703949095,43.91975296337463,0
,15.437838944758344,43.91977244286348,0
,15.437811996360326,43.92017501752856,0
,15.43839587831739,43.921103526055,0
,15.438898915080397,43.92183073932647,0
,15.439132467863223,43.92240860777573,0
,15.439285175451992,43.92290855681743,0
,15.439240261455298,43.923538356731264,0
,15.439150433461903,43.92501219214438,0
,15.439060605468507,43.92617435361151,0
,15.438925863478417,43.92716769137904,0
,15.438764173090307,43.92781043044514,0
,15.438755190290966,43.92803116750092,0
,15.438431809514746,43.929050442618305,0
,15.438153342735225,43.92993336735617,0
,15.438009617945795,43.93121877830594,0
,15.437847927557685,43.93194586706153,0
,15.437605391975518,43.93254960360103,0
,15.437282011199299,43.9337051251433,0
,15.43711133801185,43.93465938712419,0
,15.436931682025062,43.93519818129545,0
,15.43629390327196,43.93639259903837,0
,15.43597950529508,43.93710664158521,0
,15.435494434130751,43.937586992622286,0
,15.434712930588221,43.93857364736093,0
,15.434470395006056,43.9388008352616,0
,15.43424582502257,43.93933310063443,0
,15.43420989382521,43.94033270800151,0
,15.434299721818606,43.941163537609725,0
,15.434596154196807,43.941624383366914,0
,15.435566296525467,43.94246168546701,0
,15.43601543649244,43.94296795539467,0
,15.436257972074603,43.94307180509964,0
,15.437075406814493,43.94315618285041,0
,15.438171308333905,43.94309127689899,0
,15.439464831438784,43.9427407835282,0
,15.440057696195185,43.94249413879772,0
,15.440542767359515,43.94217609538743,0
,15.441647651678265,43.94161140184553,0
,15.442348310026741,43.94134528002807,0
,15.442968123181162,43.941468604921866,0
,15.44352505674021,43.94172174468634,0
,15.443767592322374,43.9417671799138,0
,15.443758609523035,43.94157894802958,0
,15.44384843751643,43.941643855643655,0
,15.443758609523035,43.94157894802958,0
2013-08-08T17:40:00Z,15.443857420315767,43.941637364885445,0

2013-08-09T09:05:00Z,15.435305795344622,43.940248326215446,0
,15.434551240200111,43.940780578539695,0
,15.434003289440403,43.94134528002807,0
,15.433841599052293,43.94161789260658,0
,15.433248734295892,43.94248115746758,0
,15.432763663131562,43.94300040844712,0
,15.43244926515468,43.94322757931455,0
,15.431964193990352,43.94340282481504,0
,15.430949137664996,43.94345474930786,0
,15.429484941372666,43.94370788055641,0
,15.428757334626173,43.9438312005151,0
,15.425200146087754,43.94436991099819,0
,15.422792755864785,43.94464900003826,0
,15.421867527532823,43.944733375534824,0
,15.42048417643455,43.94489563576613,0
,15.418597788573267,43.94511630896504,0
,15.417250368672352,43.94533698133903,0
,15.415732275583988,43.94561606580718,0
,15.414384855683071,43.94592111011193,0
,15.413208108969606,43.9463494675385,0
,15.41185170626935,43.946719410087255,0
,15.411025288730121,43.947043919186086,0
,15.409866507615334,43.94752418937841,0
,15.409435333247043,43.94766048155902,0
,15.408114861744142,43.948127766646344,0
,15.40690218383332,43.94858855804046,0
,15.405716454320514,43.949140204978406,0
,15.404575638804404,43.949639927753886,0
,15.40323720170283,43.950275932440036,0
,15.402078420588042,43.95074968657893,0
,15.400982519068629,43.95130131331876,0
,15.399949497144595,43.951904851963,0
,15.398727836434432,43.95266413374902,0
,15.396562981793627,43.954409795850594,0
,15.394730490728382,43.9558439257056,0
,15.393913055988492,43.95663560236929,0
,15.393221380439355,43.95753109267884,0
,15.39282613726842,43.95797883273747,0
,15.391604476558257,43.95904301286616,0
,15.390706196624313,43.959769758997936,0
,15.389583346706884,43.960781997621616,0
,15.387418492066077,43.96251444266127,0
,15.386511229332793,43.96326709956076,0
,15.385226689027256,43.964331184310396,0
,15.38512787823452,43.964422019924264,0
,15.385038050241127,43.964493390665616,0
,15.384939239448393,43.964584226029764,0
,15.382307279241939,43.96688750459532,0
,15.380870031347628,43.96812020828951,0
,15.379989717012363,43.96885981814081,0
,15.378893815492951,43.96978756124505,0
,15.37777994837486,43.970605001117626,0
,15.375983388506974,43.97201927509244,0
,15.375031211776994,43.97281722204872,0
,15.374034121050316,43.973589209235335,0
,15.372875339935527,43.97427685317759,0
,15.371959094402904,43.974847721302496,0
,15.370701502495384,43.97556129868749,0
,15.369776274163423,43.9760607977194,0
,15.368752235038727,43.97667705692865,0
,15.36721617635168,43.97750088812764,0
,15.366012481240197,43.97808469854442,0
,15.365347754089079,43.97849984910194,0
,15.363209847846292,43.97962203832344,0
,15.362149877524239,43.980212314255446,0
,15.361062958804167,43.98086096231081,0
,15.359931126087396,43.981587439660906,0
,15.358206428614226,43.98256038637529,0
,15.355978694378045,43.984058692912804,0
,15.3547839820659,43.984817560917186,0
,15.35366113214847,43.98562830653879,0
,15.352717938217829,43.98628986670457,0
,15.351388483915592,43.98725625007321,0
,15.350166823205429,43.98798264861818,0
,15.348738558110457,43.98884523526386,0
,15.348100779357358,43.989240853487935,0
,15.347319275814828,43.99010990714866,0
,15.346205408696736,43.99144589002449,0
,15.345046627581949,43.99217872213829,0
,15.34390581206584,43.992943970725996,0
,15.34327701611208,43.99334604651049,0
,15.3423248393821,43.99400103505945,0
,15.34103131627722,43.99483110909846,0
,15.339782707169038,43.99565468662886,0
,15.336935159778436,43.99745095359631,0
,15.335623671074877,43.998280979041056,0
,15.333584575624824,43.999558417232485,0
,15.332165293329195,44.000388412990844,0
,15.331087357408462,44.00104332326627,0
,15.329964507491031,44.0017047104138,0
,15.328536242396062,44.00254764405617,0
,15.327458306475329,44.00321549830206,0
,15.325931230587626,44.004090829781454,0
,15.324314326706524,44.0051023077377,0
,15.321969816078933,44.00652223787327,0
,15.32087391455952,44.007190047062,0
,15.317649089596662,44.00914156256377,0
,15.314433247433143,44.01111894587709,0
,15.312645670364596,44.01222754813434,0
,15.311379095657736,44.01299253635441,0
,15.310139469348892,44.013757514638016,0
,15.306968541182071,44.015760673403484,0
,15.30633974522831,44.016136663246584,0
,15.30470487574853,44.01717386416118,0
,15.302001053147361,44.01884631215587,0
,15.300024837292684,44.02014923290693,0
,15.29900079816799,44.02081040554399,0
,15.297437791082928,44.02182159639254,0
,15.295982577589939,44.02278091524638,0
,15.294868710471848,44.023500394128725,0
,15.29291944301519,44.0247837670612,0
,15.290125792420623,44.026572664469,0
,15.288347198151415,44.02771338225673,0
,15.286550638283527,44.028873521423826,0
,15.28539185716874,44.029612369086756,0
,15.284376800843384,44.03029935946993,0
,15.282957518547752,44.031213173873546,0
,15.281520270653443,44.03215937809193,0
,15.28029860994328,44.03294354951239,0
,15.279202708423867,44.03370178797476,0
,15.278169686499831,44.0344211333831,0
,15.276409057829301,44.035620022857714,0
,15.275394001503946,44.03632638414058,0
,15.274280134385855,44.037091059274466,0
,15.272806955294188,44.038108450614736,0
,15.271675122577419,44.038873102591126,0
,15.270570238258667,44.039676624469074,0
,15.269303663551806,44.0405384542869,0
,15.26828860722645,44.04123827673142,0
,15.267183722907701,44.04198344888748,0
,15.266150700983664,44.04270917269809,0
,15.26511767905963,44.04340248976297,0
,15.264003811941539,44.04420594978566,0
,15.262665374839962,44.04510658950877,0
,15.261659301313944,44.04581931620703,0
,15.260249001817654,44.046810639892875,0
,15.258272785962976,44.04821012724465,0
,15.256997228456777,44.04906535312427,0
,15.25549710096709,44.0501214103482,0
,15.25405087027344,44.0511385763734,0
,15.252829209563277,44.05198728105967,0
,15.251311116474911,44.053062721314355,0
,15.249775057787867,44.054131663525496,0
,15.248553397077703,44.054980325020615,0
,15.246819716805193,44.05621118634261,0
,15.245786694881158,44.0569108223469,0
,15.244574016970333,44.05777239969273,0
,15.243451167052903,44.05855622977009,0
,15.242337299934812,44.05935948281076,0
,15.241331226408796,44.06009794769906,0
,15.241043776829933,44.06033114521062,0
,15.240783275649092,44.06029875672265,0
,15.240432946474852,44.06009794769906,0
,15.23985804731713,44.05942426080363,0
,15.239516700942229,44.059119803616596,0
,15.239525683741569,44.05902911393699,0
,15.239902961313824,44.05903559177589,0
,15.23997482370854,44.05896433550879,0
,15.239902961313824,44.05869874320706,0
,15.239947875310524,44.05860805287804,0
,15.239759236524396,44.05826472393686,0
,15.239777202123074,44.05769466390896,0
,15.239723305327036,44.057610450027255,0
,15.239606528935624,44.05757806004062,0
,15.239372976152797,44.05778535564671,0
,15.239148406169313,44.058238812237306,0
,15.23821419503801,44.05897081335482,0
,15.237630313080949,44.05924288224374,0
,15.2371182935186,44.05939187181612,0
,15.237001517127188,44.059430738599005,0
,15.236857792337757,44.05947608314655,0
,15.236723050347665,44.05952142765913,0
,15.236588308357572,44.05956029435639,0
,15.236471531966162,44.059612116579395,0
,15.235151060463261,44.060033170448364,0
,15.233650932973577,44.060531953437795,0
,15.232016063493798,44.06088822441113,0
,15.2307405059876,44.061367567405355,0
,15.230408142412038,44.06156837209286,0
,15.230291366020626,44.061626670099464,0
,15.230165606829875,44.06167201295353,0
,15.229941036846387,44.06178213116785,0
,15.229824260454976,44.06183395143261,0
,15.229707484063562,44.06189872669937,0
,15.229590707672152,44.061950546861375,0
,15.229482914080076,44.06201532199966,0
,15.228934963320372,44.062319764193695,0
,15.228189390975198,44.063207171806994,0
,15.227892958596998,44.06368001856878,0
,15.227704319810869,44.06392615647394,0
,15.227785165004923,44.064198202433346,0
,15.22799176938973,44.064334224940986,0
,15.228342098563967,44.06444433816903,0
,15.228899032123014,44.06473581336536,0
,15.229213430099895,44.06489774340556,0
,15.230021882040443,44.06499490121557,0
,15.230794402783634,44.06518273919297,0
,15.231414215938058,44.065402962264244,0
,15.231908269901725,44.06572034112159,0
,15.231962166697762,44.065914653862066,0
,15.231782510710973,44.066173736516895,0
,15.230641695194864,44.06674371433829,0
,15.229680535665546,44.06721005571788,0
,15.228566668547455,44.06796785256925,0
,15.228054648985108,44.06833055529761,0
,15.227318059439272,44.06883574465397,0
,15.226662315087495,44.06912072134984,0
,15.225961656739017,44.06926968589097,0
,15.225575396367422,44.06940569666404,0
,15.224847789620927,44.06999507304394,0
,15.223680025706802,44.07099894228306,0
,15.222817676970214,44.0717890724643,0
,15.221973293832306,44.072605097403034,0
,15.221452291470621,44.073181489142975,0
,15.220913323510253,44.07364130321906,0
,15.220221647961116,44.07428244641833,0
,15.219179643237743,44.0751696734501,0
,15.218856262461523,44.07551290367205,0
,15.218452036491247,44.076497250925726,0
,15.217975948126258,44.07716426633741,0
,15.21677225301477,44.078206867493925,0
,15.215712282692719,44.079165267145434,0
,15.21555957510395,44.07932068183217,0
,15.215577540702627,44.079696265628,0
,15.215451781511874,44.079974714133826,0
,15.215074503939618,44.0800135673088,0
,15.214041482015583,44.080311440796734,0
,15.212712027713346,44.08052513171653,0
,15.211238848621678,44.080823002611055,0
,15.209909394319443,44.08104964249743,0
,15.208535026020508,44.08130218305533,0
,15.207232520116289,44.081625951413464,0
,15.206055773402824,44.08194324267344,0
,15.205400029051043,44.082124551195534,0
,15.204160402742202,44.08254544382195,0
,15.20339686479835,44.08275912661677,0
,15.201815892114608,44.08316058915985,0
,15.20116014776283,44.0833807448736,0
,15.199731882667859,44.08367860129087,0
,15.198303617572886,44.08406710739178,0
,15.197674821619128,44.084287259708525,0
,15.19699212886933,44.08447503603266,0
,15.19699212886933,44.0847534618913,0
,15.197351440842908,44.08516786072568,0
,15.197513131231018,44.085446283300755,0
,15.198186841181476,44.086184420485374,0
,15.198492256359016,44.08661175882682,0
,15.19904918991806,44.087175063708926,0
,15.199327656697584,44.08749879970264,0
,15.200055263444078,44.08793260313703,0
,15.20116913056217,44.0887678275931,0
,15.201672167325176,44.08911745290898,0
,15.202229100884223,44.08941528024033,0
,15.202821965640624,44.08986201840596,0
,15.203810073567963,44.090658369317715,0
,15.20434904152833,44.091092149418266,0
,15.205382063452365,44.09172662797448,0
,15.206397119777721,44.09227693545745,0
,15.20738522770506,44.0929761422333,0
,15.208193679645609,44.093539386082405,0
,15.208705699207957,44.09403141077157,0
,15.20929856396436,44.09473059665993,0
,15.209316529563038,44.09484065293965,0
,15.209244667168322,44.09491833960116,0
,15.208076903254197,44.09519671596099,0
,15.20674744895196,44.09530029752547,0
,15.205804255021318,44.09533266672689,0
,15.20496885468275,44.09537798357891,0
,15.203423813196366,44.09533266672689,0
,15.201995548101397,44.09535208823918,0
,15.200576265805765,44.09538445741209,0
,15.19921088030617,44.0953909312445,0
,15.198348531569586,44.09540387890724,0
,15.197028060066689,44.095572198262985,0
,15.19586029615256,44.09570167436218,0
,15.194432031057591,44.09572109575244,0
,15.193039697159978,44.09564341015286,0
,15.191656346061704,44.09573404334239,0
,15.190147235772677,44.09563693634826,0
,15.18916811064468,44.095662831562414,0
,15.187641034756973,44.09590883552715,0
,15.187272739984056,44.09602536336128,0
,15.18720087758934,44.09610304845559,0
,15.187434430372166,44.096575630565106,0
,15.187623069158295,44.0974495737615,0
,15.187946449934515,44.098323503951356,0
,15.188144071519984,44.09894495750659,0
,15.188422538299506,44.09983828546941,0
,15.18867405668101,44.100207264792175,0
,15.189536405417597,44.10074454632634,0
,15.190210115368055,44.101534276524454,0
,15.190820945723136,44.10241461897885,0
,15.191476690074914,44.103107232073,0
,15.191665328861044,44.10339204256336,0
,15.191943795640565,44.103638014147684,0
,15.192285142015464,44.104304721417634,0
,15.192617505591024,44.104783710316426,0
,15.192833092775171,44.105825821311605,0
,15.192931903567903,44.10733393676394,0
,15.1929768175646,44.108434254063546,0
,15.193111559554694,44.1094245219988,0
,15.193363077936198,44.11032416269857,0
,15.193713407110433,44.111314398749904,0
,15.194045770685994,44.112537608454105,0
,15.194387117060892,44.11349544799105,0
,15.194530841850323,44.114019664361926,0
,15.194405082659571,44.11407791033633,0
,15.193578665120343,44.11398083368022,0
,15.192222262420088,44.11399377724364,0
,15.191270085690107,44.11404555146879,0
,15.189608267812313,44.11408438210768,0
,15.188880661065816,44.11408438210768,0
,15.187524258365563,44.11383845429413,0
,15.186868514013783,44.113644300029165,0
,15.18595226848116,44.11329482073364,0
,15.185188730537307,44.11284826082753,0
,15.18482043576439,44.11272529445967,0
,15.184371295797417,44.11272529445967,0
,15.184003001024504,44.112809429370785,0
,15.183446067465455,44.11270587869382,0
,15.182853202709055,44.11230461809493,0
,15.182377114344064,44.11188393871496,0
,15.181415954814744,44.111204373347014,0
,15.180796141660323,44.11071896469547,0
,15.179915827325058,44.11001996918479,0
,15.178936702197058,44.10937274369717,0
,15.178245026647922,44.1087319834344,0
,15.177095228332472,44.10772228640125,0
,15.176062206408439,44.106977947339395,0
,15.174714786507522,44.105981165465685,0
,15.173538039794057,44.105217386083474,0
,15.172415189876626,44.10459599891634,0
,15.171391150751932,44.10383220151265,0
,15.17058269881138,44.10321727265353,0
,15.169612556482724,44.102304576893914,0
,15.168983760528963,44.101495437582734,0
,15.168750207746134,44.10111351995411,0
,15.168624448555384,44.10040146350442,0
,15.168462758167275,44.0998188654408,0
,15.16837293017388,44.09974118526222,0
,15.16822920538445,44.09975413196579,0
,15.168022600999642,44.10000659211479,0
,15.167941755805588,44.100181371582025,0
,15.167672271825403,44.10016842497267,0
,15.167573461032669,44.10000011879117,0
,15.167618375029368,44.09990949218592,0
,15.167860910611532,44.09978649871221,0
,15.168345981775861,44.099300995642466,0
,15.169468831693292,44.09836234499124,0
,15.17027728363384,44.09761141366682,0
,15.170995907580997,44.09687342007809,0
,15.17107675277505,44.09668568338711,0
,15.170933027985619,44.09643320895985,0
,15.170573716012042,44.09640731408544,0
,15.170205421239125,44.096472051250096,0
,15.16982814366687,44.09637494547634,0
,15.169334089703199,44.096057732163054,0
,15.169280192907163,44.09597357324134,0
,15.169396969298576,44.09594120439316,0
,15.16947781449263,44.09612246971309,0
,15.16932510690386,44.09627136580734,0
2013-08-09T12:59:00Z,15.169379003699898,44.09635552430232,0
