,104.17171,16.99358,0
,104.17175,16.9937,0
,104.17176,16.99371,0
,104.17188,16.99405,0
,104.17208,16.99434,0
,104.17274,16.99537,0
,104.17276,16.99542,0
,104.17276,16.99547,0
,104.17274,16.99551,0
,104.17197,16.99588,0
,104.17196,16.99591,0
,104.17196,16.99596,0
,104.17197,16.99597,0
,104.17199,16.99602,0
,104.17225,16.99607,0
,104.17252,16.99616,0
,104.17327,16.99651,0
,104.17395,16.99679,0
,104.17435,16.99686,0
,104.17445,16.99686,0
,104.17459,16.99682,0
,104.17481,16.99665,0
,104.17507,16.99635,0
,104.1751,16.99625,0
,104.17511,16.99618,0
,104.1751,16.99422,0
,104.17509,16.99411,0
,104.17508,16.99354,0
,104.17509,16.99349,0
,104.17508,16.99221,0
,104.17505,16.99176,0
,104.17502,16.99153,0
,104.17487,16.99078,0
,104.17481,16.99021,0
,104.17473,16.98917,0
,104.17464,16.98742,0
,104.17461,16.98706,0
,104.1746,16.98674,0
,104.17464,16.98508,0
,104.17485,16.98179,0
,104.17492,16.98156,0
,104.17499,16.98128,0
,104.17529,16.98037,0
,104.17536,16.98022,0
,104.17538,16.98015,0
,104.17548,16.97995,0
,104.17551,16.97987,0
,104.17612,16.9788,0
,104.17634,16.97833,0
,104.17638,16.9782,0
,104.17638,16.97816,0
,104.17654,16.97757,0
,104.17658,16.97732,0
,104.17664,16.97708,0
,104.17666,16.97694,0
,104.17675,16.97651,0
,104.17684,16.97585,0
,104.1769,16.97474,0
,104.17687,16.97428,0
,104.17692,16.97298,0
,104.17679,16.9721,0
,104.17668,16.9716,0
,104.17605,16.97002,0
,104.17586,16.96976,0
,104.1758,16.96969,0
,104.17567,16.9696,0
,104.17549,16.96952,0
,104.17525,16.96944,0
,104.17492,16.9693,0
,104.17449,16.96916,0
,104.17357,16.96881,0
,104.17349,16.96877,0
,104.17308,16.9686,0
,104.17301,16.96856,0
,104.1727,16.96833,0
,104.17257,16.96821,0
,104.1723,16.96776,0
,104.17218,16.96751,0
,104.17198,16.96703,0
,104.17182,16.96651,0
,104.17163,16.96603,0
,104.17147,16.96557,0
,104.17138,16.96503,0
,104.17135,16.96382,0
,104.17196,16.9538,0
,104.17197,16.95346,0
,104.17208,16.95272,0
,104.17263,16.95106,0
,104.17292,16.94978,0
,104.17313,16.94867,0
,104.17375,16.94583,0
,104.17388,16.94515,0
,104.17261,16.9449,0
,104.17111,16.94455,0
,104.17065,16.94447,0
,104.17036,16.94445,0
,104.16995,16.94447,0
,104.16768,16.94478,0
,104.16752,16.94478,0
,104.16738,16.94477,0
,104.16711,16.94473,0
,104.16681,16.9446,0
,104.16654,16.94443,0
,104.16452,16.94296,0
,104.16314,16.94225,0
,104.16304,16.94219,0
,104.16303,16.94218,0
,104.16281,16.94211,0
,104.16268,16.94206,0
,104.16266,16.94206,0
,104.16246,16.94202,0
,104.16222,16.942,0
,104.1617,16.94206,0
,104.15853,16.94258,0
,104.15801,16.94265,0
,104.15778,16.94264,0
,104.15757,16.9426,0
,104.15731,16.94249,0
,104.15711,16.94237,0
,104.15694,16.9422,0
,104.15679,16.942,0
,104.15637,16.94137,0
,104.1561,16.94093,0
,104.15572,16.94038,0
,104.15522,16.93973,0
,104.1547,16.93933,0
,104.15457,16.93927,0
,104.15439,16.9392,0
,104.15411,16.93913,0
,104.15406,16.93911,0
,104.15369,16.93908,0
,104.15239,16.9391,0
,104.15217,16.93912,0
,104.15139,16.93913,0
,104.15101,16.93917,0
,104.1491,16.9396,0
,104.14348,16.94097,0
,104.14259,16.94125,0
,104.14191,16.94152,0
,104.14189,16.94152,0
,104.14137,16.94173,0
,104.14111,16.94182,0
,104.14081,16.94187,0
,104.14048,16.94188,0
,104.14045,16.94187,0
,104.14027,16.94185,0
,104.1399,16.94179,0
,104.13961,16.94172,0
,104.13954,16.94168,0
,104.13937,16.94161,0
,104.13929,16.94157,0
,104.13911,16.94145,0
,104.13898,16.9413,0
,104.13886,16.94109,0
,104.13854,16.94029,0
,104.13844,16.93999,0
,104.13826,16.93968,0
,104.13796,16.93934,0
,104.13752,16.93892,0
,104.13679,16.93845,0
,104.13662,16.93836,0
,104.13616,16.93808,0
,104.13614,16.93808,0
,104.13597,16.93801,0
,104.13579,16.93795,0
,104.13522,16.93773,0
,104.13398,16.93743,0
,104.13319,16.93732,0
,104.13309,16.93729,0
,104.13302,16.93724,0
,104.13292,16.93715,0
,104.13277,16.93694,0
,104.13274,16.93685,0
,104.13266,16.93669,0
,104.13256,16.93654,0
,104.13241,16.93628,0
,104.13237,16.93623,0
,104.1322,16.93597,0
,104.13199,16.93552,0
,104.13191,16.93494,0
,104.13191,16.93488,0
,104.13187,16.93452,0
,104.13186,16.93435,0
,104.13185,16.93428,0
,104.13195,16.93325,0
,104.13194,16.93309,0
,104.13194,16.93291,0
,104.13193,16.93278,0
,104.13183,16.93233,0
,104.13173,16.932,0
,104.13159,16.93171,0
,104.13137,16.93136,0
,104.13112,16.93112,0
,104.13088,16.93091,0
,104.13045,16.93066,0
,104.13044,16.93065,0
,104.13006,16.93051,0
,104.12899,16.93017,0
,104.12859,16.92996,0
,104.12835,16.92989,0
,104.12831,16.92987,0
,104.12789,16.92984,0
,104.12741,16.92984,0
,104.12723,16.92983,0
,104.12701,16.92983,0
,104.12666,16.92985,0
,104.12654,16.92989,0
,104.12648,16.9299,0
,104.12633,16.92995,0
,104.12595,16.93012,0
,104.12493,16.93066,0
,104.12466,16.93075,0
,104.12436,16.9308,0
,104.12393,16.93078,0
,104.12388,16.93077,0
,104.12376,16.93073,0
,104.12251,16.93042,0
,104.12243,16.93039,0
,104.12199,16.93016,0
,104.12156,16.92981,0
,104.12125,16.92957,0
,104.12087,16.92912,0
,104.12063,16.9287,0
,104.12061,16.92864,0
,104.12051,16.92848,0
,104.12029,16.92807,0
,104.12015,16.92766,0
,104.12005,16.92741,0
,104.11966,16.9263,0
,104.11946,16.92586,0
,104.11946,16.92585,0
,104.11921,16.92554,0
,104.11913,16.92549,0
,104.11903,16.92545,0
,104.11892,16.92542,0
,104.11862,16.92538,0
,104.11838,16.92541,0
,104.11819,16.9254,0
,104.11805,16.92536,0
,104.11792,16.92528,0
,104.11766,16.92505,0
,104.11755,16.9249,0
,104.11749,16.92483,0
,104.11722,16.92421,0
,104.11702,16.92381,0
,104.117,16.92376,0
,104.11649,16.92316,0
,104.11645,16.9231,0
,104.11629,16.92292,0
,104.11577,16.92224,0
,104.11532,16.92161,0
,104.11531,16.9216,0
,104.11429,16.92012,0
,104.11428,16.9201,0
,104.11395,16.91966,0
,104.11389,16.91956,0
,104.1137,16.91933,0
,104.1135,16.91915,0
,104.11335,16.91906,0
,104.1133,16.91902,0
,104.11314,16.91893,0
,104.1131,16.9189,0
,104.11299,16.91887,0
,104.11283,16.91884,0
,104.11266,16.91885,0
,104.11247,16.9189,0
,104.11204,16.91906,0
,104.11157,16.91931,0
,104.11144,16.9194,0
,104.1113,16.91945,0
,104.11124,16.91948,0
,104.11112,16.91952,0
,104.11088,16.91957,0
,104.11083,16.91959,0
,104.11051,16.91965,0
,104.11001,16.91966,0
,104.10995,16.91967,0
,104.10971,16.91967,0
,104.10913,16.91964,0
,104.10735,16.91932,0
,104.10727,16.9193,0
,104.10673,16.91921,0
,104.10656,16.91916,0
,104.10646,16.91912,0
,104.10639,16.91907,0
,104.10631,16.91899,0
,104.10627,16.91892,0
,104.10613,16.91879,0
,104.106,16.91869,0
,104.10573,16.91859,0
,104.10517,16.91843,0
,104.10434,16.91812,0
,104.10412,16.91798,0
,104.10356,16.91756,0
,104.10327,16.91729,0
,104.10296,16.917,0
,104.10252,16.91637,0
,104.1024,16.91614,0
,104.1022,16.9159,0
,104.10217,16.91585,0
,104.10208,16.91576,0
,104.10185,16.9156,0
,104.10125,16.91535,0
,104.10111,16.91528,0
,104.10073,16.91515,0
,104.10069,16.91513,0
,104.10046,16.91506,0
,104.10021,16.91495,0
,104.10012,16.91491,0
,104.1,16.91484,0
,104.09976,16.91466,0
,104.09946,16.9143,0
,104.09933,16.91406,0
,104.09911,16.91375,0
,104.09884,16.9133,0
,104.09877,16.91313,0
,104.09876,16.91312,0
,104.09862,16.91282,0
,104.09862,16.91279,0
,104.09849,16.91219,0
,104.09826,16.91083,0
,104.09806,16.90998,0
,104.09806,16.90997,0
,104.09802,16.90988,0
,104.09793,16.90975,0
,104.09783,16.90964,0
,104.0977,16.90956,0
,104.09624,16.90883,0
,104.09621,16.90882,0
,104.09538,16.90839,0
,104.09537,16.90838,0
,104.09487,16.90814,0
,104.09455,16.90797,0
,104.09453,16.90797,0
,104.09373,16.90758,0
,104.09355,16.90747,0
,104.09309,16.90714,0
,104.09301,16.90709,0
,104.09236,16.90661,0
,104.0914,16.9058,0
,104.09136,16.90578,0
,104.09121,16.90565,0
,104.09072,16.90528,0
,104.0903,16.90501,0
,104.09016,16.90492,0
,104.09014,16.90492,0
,104.08959,16.90462,0
,104.08926,16.9044,0
,104.08899,16.90405,0
,104.08886,16.90385,0
,104.08848,16.90309,0
,104.08837,16.90273,0
,104.08835,16.90268,0
,104.08834,16.90255,0
,104.08831,16.90238,0
,104.08825,16.90166,0
,104.08815,16.90076,0
,104.08814,16.90022,0
,104.08811,16.89977,0
,104.08811,16.89933,0
,104.08822,16.89866,0
,104.08834,16.89811,0
,104.08848,16.89758,0
,104.08855,16.89698,0
,104.08856,16.8966,0
,104.08848,16.8957,0
,104.0885,16.89538,0
,104.08856,16.89516,0
,104.0887,16.89492,0
,104.08872,16.8949,0
,104.08888,16.8947,0
,104.0892,16.8944,0
,104.08923,16.89436,0
,104.08926,16.89434,0
,104.08993,16.89371,0
,104.09031,16.89329,0
,104.0905,16.8929,0
,104.09061,16.89253,0
,104.09069,16.89218,0
,104.09073,16.89203,0
,104.09077,16.89168,0
,104.09076,16.89127,0
,104.09072,16.89103,0
,104.09066,16.89081,0
,104.09024,16.88994,0
,104.09014,16.88973,0
,104.08997,16.88931,0
,104.08995,16.8892,0
,104.08982,16.88872,0
,104.08884,16.88187,0
,104.08883,16.88175,0
,104.08874,16.88132,0
,104.08839,16.88013,0
,104.0882,16.87957,0
,104.08736,16.87659,0
,104.08709,16.87578,0
,104.0869,16.87543,0
,104.08673,16.87522,0
,104.08562,16.8742,0
,104.08499,16.87359,0
,104.08491,16.87348,0
,104.08426,16.8726,0
,104.08394,16.87223,0
,104.08372,16.87203,0
,104.0837,16.87202,0
,104.08343,16.87179,0
,104.08316,16.87162,0
,104.08242,16.87133,0
,104.08229,16.87129,0
,104.08212,16.87122,0
,104.08194,16.87116,0
,104.08162,16.87108,0
,104.08141,16.87105,0
,104.08122,16.87105,0
,104.07944,16.87119,0
,104.07923,16.87119,0
,104.07905,16.87118,0
,104.07887,16.87113,0
,104.07879,16.87109,0
,104.07862,16.87102,0
,104.07845,16.87093,0
,104.07838,16.8709,0
,104.07597,16.86965,0
,104.0759,16.86962,0
,104.07089,16.86698,0
,104.07086,16.86697,0
,104.06839,16.86565,0
,104.06806,16.86549,0
,104.06772,16.86531,0
,104.06756,16.86523,0
,104.06734,16.86514,0
,104.06708,16.86506,0
,104.06669,16.86498,0
,104.06467,16.86468,0
,104.06409,16.86464,0
,104.06362,16.86463,0
,104.06306,16.86468,0
,104.06238,16.86478,0
,104.06188,16.86489,0
,104.06131,16.86504,0
,104.06085,16.86518,0
,104.06057,16.86525,0
,104.06047,16.86528,0
,104.06044,16.86528,0
,104.06017,16.86532,0
,104.05985,16.86533,0
,104.05969,16.86532,0
,104.05954,16.86532,0
,104.05909,16.86525,0
,104.05785,16.86498,0
,104.05692,16.86472,0
,104.05689,16.86472,0
,104.05671,16.86467,0
,104.05642,16.86461,0
,104.0564,16.8646,0
,104.05589,16.86455,0
,104.05568,16.86456,0
,104.05543,16.86459,0
,104.05497,16.86467,0
,104.05376,16.86494,0
,104.05359,16.86499,0
,104.05336,16.86509,0
,104.05314,16.86524,0
,104.05291,16.86543,0
,104.05271,16.86563,0
,104.05246,16.86593,0
,104.05223,16.86614,0
,104.05201,16.8663,0
,104.05169,16.86643,0
,104.05167,16.86644,0
,104.04712,16.86792,0
,104.04694,16.86797,0
,104.04644,16.86814,0
,104.04586,16.8683,0
,104.04516,16.86844,0
,104.04236,16.86871,0
,104.04233,16.86872,0
,104.04204,16.86875,0
,104.04163,16.86883,0
,104.04124,16.86898,0
,104.04091,16.86914,0
,104.04059,16.86935,0
,104.04035,16.86953,0
,104.04008,16.86968,0
,104.03997,16.86975,0
,104.03992,16.86977,0
,104.03972,16.86988,0
,104.03958,16.86993,0
,104.03945,16.86999,0
,104.03901,16.8701,0
,104.03848,16.87015,0
,104.03797,16.87015,0
,104.03571,16.87022,0
,104.03535,16.87029,0
,104.0352,16.87035,0
,104.03457,16.87067,0
,104.03432,16.87078,0
,104.03228,16.87183,0
,104.03098,16.87249,0
,104.02893,16.87351,0
,104.02881,16.87356,0
,104.02545,16.87524,0
,104.02542,16.87526,0
,104.02495,16.87548,0
,104.02468,16.87557,0
,104.02425,16.87566,0
,104.02338,16.87578,0
,104.02329,16.8758,0
,104.01984,16.87624,0
,104.0198,16.87624,0
,104.01779,16.8765,0
,104.01773,16.8765,0
,104.01481,16.87685,0
,104.01393,16.87693,0
,104.01253,16.87702,0
,104.00832,16.877,0
,104.00814,16.87701,0
,104.00607,16.87702,0
,104.00476,16.877,0
,104.00439,16.87697,0
,104.00419,16.87693,0
,104.00411,16.87692,0
,104.00346,16.87678,0
,104.00328,16.87673,0
,104.0004,16.87607,0
,104.00036,16.87607,0
,103.99997,16.87599,0
,103.99987,16.87598,0
,103.99963,16.87594,0
,103.99831,16.87585,0
,103.99799,16.87581,0
,103.99772,16.87571,0
,103.99758,16.87563,0
,103.99746,16.87552,0
,103.99745,16.87552,0
,103.99735,16.87542,0
,103.99628,16.87404,0
,103.99616,16.87392,0
,103.99601,16.8738,0
,103.99592,16.87376,0
,103.99574,16.87372,0
,103.99489,16.87384,0
,103.99444,16.87392,0
,103.99398,16.87393,0
,103.9938,16.87391,0
,103.99347,16.87379,0
,103.99296,16.87349,0
,103.99277,16.87333,0
,103.9927,16.87326,0
,103.99266,16.8732,0
,103.99262,16.87311,0
,103.99197,16.87085,0
,103.99182,16.87046,0
,103.9917,16.87024,0
,103.99147,16.86993,0
,103.99124,16.86967,0
,103.99104,16.86939,0
,103.99094,16.86923,0
,103.99087,16.86909,0
,103.9908,16.8689,0
,103.9907,16.86819,0
,103.99065,16.86796,0
,103.99052,16.86749,0
,103.99042,16.86719,0
,103.99029,16.86691,0
,103.9898,16.86571,0
,103.98966,16.8654,0
,103.98965,16.86539,0
,103.98957,16.86523,0
,103.98949,16.86512,0
,103.98938,16.865,0
,103.9893,16.86496,0
,103.9892,16.86488,0
,103.9885,16.86453,0
,103.98825,16.86443,0
,103.9879,16.86438,0
,103.98759,16.86441,0
,103.98559,16.86485,0
,103.98538,16.8649,0
,103.98485,16.86496,0
,103.98407,16.86502,0
,103.97599,16.86536,0
,103.97562,16.8654,0
,103.97546,16.86546,0
,103.97545,16.86546,0
,103.97537,16.86551,0
,103.9751,16.86575,0
,103.97428,16.86663,0
,103.97414,16.86676,0
,103.97391,16.86694,0
,103.97375,16.86702,0
,103.97355,16.86709,0
,103.97232,16.86745,0
,103.96974,16.86859,0
,103.96949,16.86865,0
,103.96941,16.86866,0
,103.96923,16.86866,0
,103.96417,16.86796,0
,103.9633,16.8677,0
,103.96103,16.8671,0
,103.96056,16.86693,0
,103.96017,16.86675,0
,103.95912,16.86636,0
,103.95894,16.86628,0
,103.95886,16.86624,0
,103.95873,16.86616,0
,103.95862,16.86607,0
,103.95846,16.86591,0
,103.95742,16.86495,0
,103.95741,16.86495,0
,103.95724,16.8648,0
,103.95685,16.8645,0
,103.95546,16.86356,0
,103.95481,16.86304,0
,103.95427,16.86268,0
,103.954,16.86253,0
,103.95386,16.86247,0
,103.95342,16.86236,0
,103.95328,16.86234,0
,103.95309,16.86233,0
,103.95255,16.86235,0
,103.95251,16.86236,0
,103.95166,16.8624,0
,103.951,16.86245,0
,103.95044,16.86246,0
,103.95033,16.86245,0
,103.94988,16.86235,0
,103.94936,16.8622,0
,103.94871,16.86198,0
,103.94853,16.86193,0
,103.94849,16.86191,0
,103.94765,16.86166,0
,103.94737,16.8616,0
,103.94716,16.86157,0
,103.94662,16.86156,0
,103.9435,16.86189,0
,103.94265,16.862,0
,103.9425,16.86205,0
,103.94223,16.86216,0
,103.9418,16.86244,0
,103.94042,16.8634,0
,103.94023,16.86348,0
,103.94006,16.86354,0
,103.93987,16.86358,0
,103.93888,16.86372,0
,103.93838,16.86375,0
,103.93813,16.86375,0
,103.93794,16.86376,0
,103.93652,16.86377,0
,103.9361,16.8638,0
,103.93594,16.86383,0
,103.93578,16.86388,0
,103.93561,16.86396,0
,103.93492,16.8644,0
,103.93469,16.8645,0
,103.93458,16.86452,0
,103.93422,16.86453,0
,103.93324,16.86441,0
,103.93342,16.86341,0
,103.93348,16.86317,0
,103.93359,16.86238,0
,103.9338,16.86111,0
,103.93395,16.86005,0
,103.93398,16.85967,0
,103.93397,16.85944,0
,103.93394,16.85919,0
,103.93387,16.85899,0
,103.93376,16.85873,0
,103.93367,16.85856,0
,103.93359,16.85845,0
,103.93338,16.85812,0
,103.93302,16.85768,0
,103.93287,16.85747,0
,103.93272,16.8573,0
,103.93258,16.85721,0
,103.93099,16.85513,0
,103.93087,16.85499,0
,103.93056,16.85459,0
,103.93047,16.85446,0
,103.9295,16.85322,0
,103.92901,16.85256,0
,103.9282,16.85153,0
,103.9281,16.85139,0
,103.92798,16.8512,0
,103.92769,16.85081,0
,103.92696,16.84993,0
,103.9268,16.84979,0
,103.92669,16.84971,0
,103.9265,16.8496,0
,103.92616,16.84944,0
,103.92353,16.84845,0
,103.92259,16.8481,0
,103.92258,16.8481,0
,103.91877,16.84669,0
,103.91802,16.84643,0
,103.91758,16.84623,0
,103.91746,16.84616,0
,103.91436,16.84392,0
,103.91132,16.84158,0
,103.91124,16.84153,0
,103.91112,16.84147,0
,103.91104,16.84145,0
,103.91081,16.84145,0
,103.91075,16.84146,0
,103.91066,16.84149,0
,103.91056,16.84154,0
,103.90909,16.84265,0
,103.90888,16.84283,0
,103.90876,16.84289,0
,103.90852,16.84294,0
,103.90838,16.84294,0
,103.90819,16.84291,0
,103.90763,16.84288,0
,103.90749,16.84291,0
,103.90743,16.84294,0
,103.90735,16.84302,0
,103.90731,16.84305,0
,103.90703,16.84336,0
,103.90688,16.8435,0
,103.90669,16.8436,0
,103.90664,16.84362,0
,103.90657,16.84362,0
,103.90649,16.8436,0
,103.90643,16.84357,0
,103.90621,16.8434,0
,103.9058,16.84293,0
,103.90571,16.84279,0
,103.90558,16.84248,0
,103.90557,16.84239,0
,103.90559,16.8423,0
,103.90562,16.84222,0
,103.90566,16.84207,0
,103.90571,16.84194,0
,103.90576,16.84158,0
,103.90583,16.84134,0
,103.90587,16.84125,0
,103.90596,16.84112,0
,103.90615,16.84096,0
,103.90615,16.84095,0
,103.90627,16.84081,0
,103.90646,16.84062,0
,103.90672,16.84026,0
,103.90679,16.84007,0
,103.90677,16.83979,0
,103.90665,16.8395,0
,103.90659,16.83939,0
,103.90655,16.83929,0
,103.90637,16.83898,0
,103.90602,16.83846,0
,103.90591,16.83831,0
,103.90588,16.83828,0
,103.90581,16.83816,0
,103.90569,16.83792,0
,103.90564,16.83774,0
,103.90561,16.83756,0
,103.90559,16.83724,0
,103.90566,16.83675,0
,103.90564,16.83662,0
,103.90562,16.83655,0
,103.90548,16.83619,0
,103.90541,16.83587,0
,103.90541,16.83572,0
,103.90539,16.83537,0
,103.9054,16.83512,0
,103.90539,16.83433,0
,103.90535,16.83411,0
,103.90529,16.83395,0
,103.90522,16.8338,0
,103.90493,16.83336,0
,103.90487,16.83317,0
,103.90485,16.83306,0
,103.90476,16.83281,0
,103.9047,16.83268,0
,103.90388,16.83168,0
,103.9037,16.83149,0
,103.90365,16.83141,0
,103.9036,16.83135,0
,103.90354,16.83129,0
,103.90348,16.83114,0
,103.90346,16.83106,0
,103.90326,16.83056,0
,103.90315,16.83039,0
,103.9031,16.83033,0
,103.90301,16.83026,0
,103.90295,16.83023,0
,103.90288,16.83022,0
,103.90275,16.83023,0
,103.9027,16.83025,0
,103.90264,16.83026,0
,103.90249,16.8303,0
,103.90229,16.8303,0
,103.90221,16.83029,0
,103.90176,16.83003,0
,103.90151,16.82991,0
,103.90141,16.82987,0
,103.90135,16.82983,0
,103.90133,16.82983,0
,103.90111,16.82974,0
,103.90104,16.82969,0
,103.90099,16.82967,0
,103.9007,16.8294,0
,103.90042,16.82896,0
,103.90038,16.82889,0
,103.90023,16.82873,0
,103.90014,16.82866,0
,103.90006,16.82862,0
,103.90002,16.82861,0
,103.89996,16.82861,0
,103.8999,16.82862,0
,103.89987,16.82863,0
,103.89981,16.82866,0
,103.89976,16.8287,0
,103.89974,16.82873,0
,103.89971,16.8288,0
,103.89969,16.8289,0
,103.89969,16.82911,0
,103.89968,16.82924,0
,103.89961,16.82948,0
,103.89938,16.83,0
,103.89932,16.83023,0
,103.8993,16.83044,0
,103.89935,16.83069,0
,103.89942,16.83093,0
,103.89942,16.83096,0
,103.89943,16.83099,0
,103.89942,16.83102,0
,103.89942,16.83106,0
,103.8994,16.8311,0
,103.89927,16.83124,0
,103.89924,16.83126,0
,103.89921,16.83127,0
,103.8991,16.83127,0
,103.89897,16.83125,0
,103.89891,16.83123,0
,103.8988,16.83116,0
,103.89866,16.83103,0
,103.89861,16.83093,0
,103.89855,16.83075,0
,103.89854,16.83059,0
,103.89854,16.83017,0
,103.89853,16.82999,0
,103.89855,16.8294,0
,103.89859,16.82927,0
,103.89862,16.82914,0
,103.89868,16.82896,0
,103.89873,16.82885,0
,103.89879,16.82868,0
,103.89885,16.82842,0
,103.89892,16.82779,0
,103.89895,16.82767,0
,103.89916,16.82705,0
,103.89921,16.82695,0
,103.89923,16.82691,0
,103.89931,16.82684,0
,103.89937,16.82682,0
,103.89942,16.82681,0
,103.89963,16.82681,0
,103.89971,16.82682,0
,103.89987,16.82694,0
,103.89994,16.82701,0
,103.90001,16.82711,0
,103.9001,16.82729,0
,103.90019,16.82743,0
,103.90026,16.82749,0
,103.90035,16.82755,0
,103.90043,16.82759,0
,103.9006,16.82763,0
,103.90076,16.82762,0
,103.90092,16.8276,0
,103.90101,16.82757,0
,103.9011,16.82753,0
,103.90117,16.82749,0
,103.90124,16.82742,0
,103.90132,16.8273,0
,103.90136,16.8272,0
,103.90139,16.82708,0
,103.90139,16.82691,0
,103.90131,16.82653,0
,103.90127,16.82642,0
,103.90111,16.82615,0
,103.90105,16.82603,0
,103.90099,16.82579,0
,103.90099,16.82571,0
,103.90098,16.82568,0
,103.90099,16.82556,0
,103.901,16.82553,0
,103.901,16.82546,0
,103.90119,16.82497,0
,103.90121,16.82487,0
,103.90122,16.82474,0
,103.9012,16.82464,0
,103.90117,16.82456,0
,103.90107,16.82435,0
,103.90083,16.82405,0
,103.90068,16.82378,0
,103.90055,16.82351,0
,103.90051,16.82336,0
,103.9005,16.82327,0
,103.90053,16.82307,0
,103.90056,16.82298,0
,103.90063,16.82283,0
,103.90078,16.82263,0
,103.90083,16.82254,0
,103.90085,16.82246,0
,103.90086,16.82233,0
,103.90085,16.82223,0
,103.90084,16.82219,0
,103.9008,16.8221,0
,103.90047,16.82156,0
,103.90023,16.82128,0
,103.89998,16.82107,0
,103.89993,16.82102,0
,103.8999,16.82097,0
,103.89988,16.82092,0
,103.89988,16.82069,0
,103.89991,16.82057,0
,103.90014,16.82006,0
,103.90018,16.8199,0
,103.90017,16.81976,0
,103.90013,16.81965,0
,103.90011,16.81956,0
,103.9001,16.81955,0
,103.89976,16.81868,0
,103.8997,16.81858,0
,103.89949,16.81833,0
,103.89939,16.81823,0
,103.89921,16.81811,0
,103.89913,16.81807,0
,103.89897,16.81807,0
,103.89876,16.8181,0
,103.89839,16.81818,0
,103.89825,16.8182,0
,103.89679,16.81817,0
,103.89667,16.81815,0
,103.89653,16.81815,0
,103.89629,16.8181,0
,103.89576,16.81795,0
,103.89536,16.81777,0
,103.89515,16.81763,0
,103.89401,16.81693,0
,103.89388,16.81684,0
,103.89368,16.81663,0
,103.89358,16.81649,0
,103.89347,16.81604,0
,103.89348,16.81592,0
,103.89351,16.81577,0
,103.89356,16.8157,0
,103.89363,16.81562,0
,103.89399,16.81533,0
,103.89409,16.81517,0
,103.8941,16.81509,0
,103.89408,16.81496,0
,103.89401,16.81478,0
,103.89395,16.81465,0
,103.89378,16.81438,0
,103.89347,16.81408,0
,103.89289,16.81365,0
,103.89042,16.81217,0
,103.89041,16.81217,0
,103.88982,16.81179,0
,103.88937,16.81152,0
,103.88911,16.81142,0
,103.88894,16.81139,0
,103.88878,16.81139,0
,103.8884,16.81143,0
,103.88825,16.81148,0
,103.88816,16.81152,0
,103.88811,16.81155,0
,103.88807,16.8116,0
,103.88788,16.81179,0
,103.88773,16.81199,0
,103.88763,16.81214,0
,103.88752,16.81226,0
,103.88751,16.81228,0
,103.88747,16.81233,0
,103.88741,16.81238,0
,103.88728,16.81247,0
,103.88693,16.81263,0
,103.8868,16.81267,0
,103.88672,16.81268,0
,103.88663,16.81268,0
,103.88647,16.81264,0
,103.88635,16.81255,0
,103.88633,16.81254,0
,103.88617,16.81234,0
,103.88591,16.81197,0
,103.88576,16.8117,0
,103.88564,16.8113,0
,103.88564,16.81125,0
,103.88566,16.81119,0
,103.88573,16.81107,0
,103.88588,16.81096,0
,103.88598,16.8109,0
,103.8861,16.81084,0
,103.88677,16.81061,0
,103.88686,16.81057,0
,103.88695,16.81051,0
,103.88703,16.81043,0
,103.88707,16.81035,0
,103.88708,16.81028,0
,103.88708,16.81019,0
,103.88705,16.81013,0
,103.88696,16.81002,0
,103.8868,16.8099,0
,103.88644,16.80974,0
,103.88629,16.80966,0
,103.88606,16.80952,0
,103.88557,16.80911,0
,103.88531,16.80898,0
,103.8852,16.80896,0
,103.88503,16.80895,0
,103.88501,16.80896,0
,103.88465,16.80898,0
,103.88444,16.80898,0
,103.88429,16.80897,0
,103.88417,16.80892,0
,103.88398,16.80876,0
,103.88387,16.80865,0
,103.88315,16.808,0
,103.88302,16.80786,0
,103.88269,16.80731,0
,103.88232,16.80659,0
,103.88222,16.80636,0
,103.88212,16.80626,0
,103.88183,16.80601,0
,103.88162,16.80581,0
,103.8813,16.80541,0
,103.88073,16.80457,0
,103.88051,16.80436,0
,103.88023,16.80418,0
,103.88018,16.80413,0
,103.87982,16.80391,0
,103.87966,16.80383,0
,103.87917,16.80367,0
,103.87789,16.80355,0
,103.87669,16.80348,0
,103.87589,16.80339,0
,103.87568,16.80331,0
,103.87559,16.80325,0
,103.87551,16.80318,0
,103.87541,16.80299,0
,103.87518,16.80178,0
,103.87518,16.8017,0
,103.8752,16.80162,0
,103.87522,16.80158,0
,103.87527,16.80152,0
,103.87531,16.80145,0
,103.87574,16.80108,0
,103.87583,16.80099,0
,103.87586,16.80093,0
,103.87586,16.80082,0
,103.87584,16.80075,0
,103.8758,16.80069,0
,103.87574,16.80064,0
,103.87572,16.80062,0
,103.87566,16.8006,0
,103.87563,16.8006,0
,103.87556,16.80061,0
,103.87544,16.80065,0
,103.8751,16.80087,0
,103.87499,16.801,0
,103.87491,16.80112,0
,103.87477,16.80144,0
,103.87471,16.80155,0
,103.87465,16.80178,0
,103.87465,16.80201,0
,103.87473,16.80232,0
,103.87475,16.80257,0
,103.8748,16.80286,0
,103.87497,16.80341,0
,103.87499,16.80363,0
,103.87494,16.80378,0
,103.87492,16.80382,0
,103.87485,16.80393,0
,103.87484,16.80393,0
,103.87463,16.80411,0
,103.87423,16.80434,0
,103.87403,16.80444,0
,103.87356,16.80463,0
,103.87319,16.80469,0
,103.87304,16.8047,0
,103.87287,16.80469,0
,103.87149,16.80413,0
,103.87104,16.804,0
,103.87091,16.80395,0
,103.87054,16.8037,0
,103.87028,16.80339,0
,103.87024,16.8033,0
,103.87022,16.80324,0
,103.87016,16.80294,0
,103.87014,16.80276,0
,103.87005,16.80248,0
,103.86994,16.80221,0
,103.86968,16.80174,0
,103.86945,16.80148,0
,103.86926,16.80122,0
,103.86908,16.80101,0
,103.86894,16.8009,0
,103.86843,16.80059,0
,103.86823,16.80043,0
,103.86812,16.80028,0
,103.86811,16.80025,0
,103.86778,16.79962,0
,103.86747,16.79914,0
,103.86709,16.7986,0
,103.86673,16.7982,0
,103.86638,16.79789,0
,103.8656,16.79726,0
,103.86507,16.79696,0
,103.86506,16.79696,0
,103.86388,16.79643,0
,103.86375,16.79636,0
,103.86364,16.79625,0
,103.86357,16.79613,0
,103.863,16.79443,0
,103.86279,16.794,0
,103.86272,16.79383,0
,103.86268,16.79377,0
,103.86254,16.79364,0
,103.86225,16.79334,0
,103.86165,16.79283,0
,103.86151,16.79273,0
,103.86133,16.79264,0
,103.86126,16.79262,0
,103.86083,16.79254,0
,103.86078,16.79255,0
,103.86027,16.79261,0
,103.85985,16.79271,0
,103.85966,16.79274,0
,103.85936,16.79277,0
,103.85899,16.79276,0
,103.85849,16.79267,0
,103.85815,16.79258,0
,103.85779,16.79239,0
,103.85744,16.79211,0
,103.85715,16.7918,0
,103.85687,16.79139,0
,103.85665,16.79093,0
,103.85656,16.79065,0
,103.85654,16.79055,0
,103.85654,16.79042,0
,103.85657,16.79031,0
,103.85663,16.7902,0
,103.85672,16.79009,0
,103.85685,16.78999,0
,103.85687,16.78998,0
,103.85696,16.7899,0
,103.85705,16.7898,0
,103.85709,16.78973,0
,103.85714,16.78962,0
,103.85715,16.78931,0
,103.85713,16.78921,0
,103.85707,16.78907,0
,103.85698,16.78893,0
,103.85637,16.78826,0
,103.85531,16.78723,0
,103.85523,16.78713,0
,103.85519,16.78706,0
,103.85519,16.78705,0
,103.85517,16.78699,0
,103.85517,16.78696,0
,103.85547,16.78604,0
,103.85549,16.78584,0
,103.85549,16.78579,0
,103.85547,16.78573,0
,103.85546,16.78568,0
,103.85544,16.78564,0
,103.85542,16.78561,0
,103.85536,16.78557,0
,103.85532,16.78556,0
,103.85529,16.78554,0
,103.85519,16.78554,0
,103.85513,16.78555,0
,103.85508,16.78557,0
,103.85489,16.78567,0
,103.85484,16.78571,0
,103.85478,16.78578,0
,103.85455,16.78611,0
,103.85449,16.78621,0
,103.85436,16.78635,0
,103.85426,16.78642,0
,103.85418,16.78646,0
,103.85383,16.78658,0
,103.85329,16.78672,0
,103.85272,16.7869,0
,103.85245,16.78696,0
,103.85085,16.78696,0
,103.85036,16.78706,0
,103.8503,16.78708,0
,103.85002,16.78728,0
,103.84959,16.78764,0
,103.84938,16.78792,0
,103.84925,16.78812,0
,103.84915,16.78825,0
,103.84891,16.78845,0
,103.84851,16.78869,0
,103.84825,16.78881,0
,103.84816,16.78884,0
,103.84805,16.78886,0
,103.84798,16.78886,0
,103.84788,16.78885,0
,103.84753,16.78869,0
,103.84734,16.78858,0
,103.84713,16.78851,0
,103.84704,16.78845,0
,103.84699,16.78839,0
,103.84696,16.78832,0
,103.84694,16.78824,0
,103.84694,16.78818,0
,103.84696,16.78811,0
,103.847,16.78802,0
,103.84735,16.7875,0
,103.84743,16.78733,0
,103.84748,16.7872,0
,103.84762,16.78606,0
,103.84781,16.78534,0
,103.84782,16.78533,0
,103.84784,16.78528,0
,103.8479,16.7852,0
,103.84795,16.78515,0
,103.84797,16.78514,0
,103.848,16.78514,0
,103.84807,16.78512,0
,103.84822,16.7851,0
,103.84829,16.78508,0
,103.84834,16.78504,0
,103.84841,16.785,0
,103.84844,16.78497,0
,103.84852,16.78484,0
,103.84854,16.78478,0
,103.84855,16.78467,0
,103.84854,16.7846,0
,103.84837,16.78423,0
,103.84828,16.78408,0
,103.84824,16.78404,0
,103.84819,16.78401,0
,103.84807,16.78399,0
,103.84798,16.784,0
,103.84733,16.78425,0
,103.84707,16.78433,0
,103.84645,16.78445,0
,103.84582,16.78455,0
,103.8454,16.78465,0
,103.84536,16.78467,0
,103.84535,16.78467,0
,103.84528,16.78472,0
,103.84522,16.78479,0
,103.84505,16.78508,0
,103.84484,16.78555,0
,103.84472,16.78565,0
,103.84465,16.78568,0
,103.84458,16.7857,0
,103.84447,16.7857,0
,103.84437,16.78567,0
,103.84419,16.78557,0
,103.84383,16.7853,0
,103.84317,16.78484,0
,103.842,16.78398,0
,103.84163,16.78361,0
,103.84162,16.78359,0
,103.84137,16.78329,0
,103.84125,16.78311,0
,103.84106,16.78278,0
,103.84076,16.78176,0
,103.8407,16.78162,0
,103.84063,16.7815,0
,103.84053,16.78137,0
,103.84047,16.78131,0
,103.84037,16.78124,0
,103.8401,16.78109,0
,103.84001,16.78101,0
,103.83928,16.78055,0
,103.8391,16.78046,0
,103.8389,16.78033,0
,103.83856,16.78013,0
,103.83838,16.78006,0
,103.8383,16.78004,0
,103.83818,16.78004,0
,103.83802,16.78007,0
,103.83789,16.78012,0
,103.83755,16.7803,0
,103.83714,16.78054,0
,103.83686,16.78075,0
,103.83677,16.78084,0
,103.83674,16.78091,0
,103.83671,16.78095,0
,103.83668,16.78101,0
,103.83664,16.78125,0
,103.83653,16.78169,0
,103.83648,16.78183,0
,103.83641,16.78193,0
,103.83628,16.78205,0
,103.83617,16.78213,0
,103.83612,16.78214,0
,103.83599,16.78219,0
,103.83575,16.78222,0
,103.8356,16.78221,0
,103.83551,16.78219,0
,103.83546,16.78217,0
,103.83539,16.78213,0
,103.83534,16.78209,0
,103.83526,16.782,0
,103.83521,16.78187,0
,103.8352,16.78182,0
,103.8352,16.78175,0
,103.83521,16.78166,0
,103.83525,16.7815,0
,103.83537,16.78113,0
,103.83543,16.78087,0
,103.83544,16.7808,0
,103.83545,16.78064,0
,103.83541,16.78032,0
,103.83536,16.78007,0
,103.8353,16.7799,0
,103.83521,16.77972,0
,103.83494,16.77926,0
,103.83444,16.77848,0
,103.83378,16.77754,0
,103.83377,16.77752,0
,103.83334,16.77703,0
,103.83329,16.77699,0
,103.8332,16.7769,0
,103.83315,16.77687,0
,103.83301,16.77676,0
,103.83301,16.77675,0
,103.83282,16.77664,0
,103.83208,16.77617,0
,103.83161,16.7759,0
,103.82748,16.77335,0
,103.82742,16.77328,0
,103.82739,16.77327,0
,103.82703,16.77303,0
,103.81783,16.76733,0
,103.81772,16.76727,0
,103.8119,16.76364,0
,103.81174,16.76355,0
,103.81116,16.76318,0
,103.81043,16.76274,0
,103.80961,16.76233,0
,103.80924,16.76221,0
,103.80861,16.76208,0
,103.80545,16.76163,0
,103.80536,16.76161,0
,103.79847,16.76063,0
,103.79658,16.76039,0
,103.79605,16.7603,0
,103.79449,16.76008,0
,103.79409,16.76004,0
,103.79093,16.7596,0
,103.79037,16.7595,0
,103.7903,16.7595,0
,103.78844,16.75924,0
,103.78811,16.75918,0
,103.78726,16.75906,0
,103.78723,16.75905,0
,103.78415,16.75863,0
,103.78414,16.75862,0
,103.78347,16.75854,0
,103.78301,16.75846,0
,103.78221,16.75829,0
,103.78172,16.75816,0
,103.78127,16.75802,0
,103.78072,16.75776,0
,103.78027,16.75747,0
,103.77983,16.75713,0
,103.77983,16.75712,0
,103.77935,16.75671,0
,103.77902,16.75633,0
,103.77852,16.75553,0
,103.77797,16.75459,0
,103.77795,16.75454,0
,103.77543,16.75026,0
,103.77538,16.75016,0
,103.77536,16.75014,0
,103.77532,16.75007,0
,103.77322,16.7466,0
,103.77095,16.74264,0
,103.77089,16.74256,0
,103.76403,16.73088,0
,103.76402,16.73088,0
,103.76349,16.72996,0
,103.76349,16.72995,0
,103.76344,16.72988,0
,103.76262,16.72851,0
,103.76234,16.728,0
,103.75783,16.72027,0
,103.75735,16.71954,0
,103.7573,16.71944,0
,103.7555,16.71631,0
,103.75493,16.71537,0
,103.75485,16.71521,0
,103.75443,16.71449,0
,103.75403,16.71375,0
,103.75399,16.7137,0
,103.75336,16.71266,0
,103.75263,16.71137,0
,103.75259,16.71131,0
,103.75226,16.71071,0
,103.75181,16.71,0
,103.75154,16.70952,0
,103.75143,16.70929,0
,103.75082,16.70828,0
,103.75072,16.70813,0
,103.75045,16.70763,0
,103.74976,16.70644,0
,103.74974,16.70638,0
,103.74765,16.70286,0
,103.74692,16.70158,0
,103.7464,16.70074,0
,103.74622,16.70039,0
,103.745,16.69825,0
,103.74495,16.69819,0
,103.74446,16.69737,0
,103.74441,16.69727,0
,103.74426,16.69737,0
,103.74404,16.69748,0
,103.74373,16.69771,0
,103.74328,16.69795,0
,103.74153,16.6988,0
,103.74134,16.69893,0
,103.7359,16.70129,0
,103.73537,16.70149,0
,103.73174,16.70308,0
,103.73173,16.70308,0
,103.72468,16.70604,0
,103.72392,16.7064,0
,103.7239,16.70642,0
,103.71654,16.70948,0
,103.71653,16.70948,0
,103.70937,16.71255,0
,103.70848,16.71291,0
,103.69974,16.71665,0
,103.69785,16.71749,0
,103.69696,16.71796,0
,103.69648,16.71826,0
,103.69165,16.72161,0
,103.69152,16.72169,0
,103.6915,16.72171,0
,103.68906,16.72342,0
,103.68845,16.72382,0
,103.68845,16.72383,0
,103.6874,16.72457,0
,103.68145,16.72912,0
,103.68144,16.72912,0
,103.6772,16.73242,0
,103.67663,16.73304,0
,103.67542,16.73398,0
,103.67531,16.73408,0
,103.67273,16.73603,0
,103.67227,16.73631,0
,103.6706,16.7376,0
,103.66858,16.73909,0
,103.66851,16.73915,0
,103.6658,16.74116,0
,103.66497,16.74174,0
,103.66419,16.74216,0
,103.66359,16.7424,0
,103.64906,16.74753,0
,103.64576,16.74864,0
,103.64573,16.74864,0
,103.64558,16.7487,0
,103.64556,16.7487,0
,103.64186,16.75004,0
,103.64166,16.7501,0
,103.64153,16.75013,0
,103.64142,16.75013,0
,103.6413,16.75016,0
,103.63893,16.7505,0
,103.63887,16.7505,0
,103.63775,16.7506,0
,103.63615,16.75086,0
,103.63605,16.75089,0
,103.62729,16.75196,0
,103.6264,16.75205,0
,103.62634,16.75186,0
,103.62545,16.74313,0
,103.62545,16.74306,0
,103.62543,16.74296,0
,103.62541,16.74279,0
,103.62536,16.74259,0
,103.62533,16.74242,0
,103.62521,16.74207,0
,103.62514,16.74193,0
,103.62501,16.74172,0
,103.6248,16.74149,0
,103.62456,16.74125,0
,103.62425,16.74099,0
,103.62382,16.74077,0
,103.6233,16.74055,0
,103.62325,16.74052,0
,103.62297,16.7404,0
,103.6228,16.74034,0
,103.621,16.73961,0
,103.62055,16.73941,0
,103.61736,16.73815,0
,103.61556,16.73737,0
,103.61499,16.73714,0
,103.61434,16.73673,0
,103.61434,16.73672,0
,103.6141,16.73654,0
,103.61346,16.73592,0
,103.61256,16.73489,0
,103.6107,16.73298,0
,103.60983,16.73205,0
,103.60941,16.73174,0
,103.60904,16.73157,0
,103.60903,16.73156,0
,103.60865,16.73144,0
,103.60852,16.73142,0
,103.6082,16.7314,0
,103.60692,16.73141,0
,103.60605,16.73138,0
,103.60575,16.73135,0
,103.60555,16.73132,0
,103.60507,16.7311,0
,103.60463,16.73078,0
,103.60435,16.73048,0
,103.60422,16.73028,0
,103.60417,16.73022,0
,103.60405,16.72992,0
,103.60396,16.72959,0
,103.60392,16.72925,0
,103.60394,16.72765,0
,103.60398,16.72656,0
,103.60397,16.72644,0
,103.60402,16.72541,0
,103.60392,16.72485,0
,103.60382,16.72457,0
,103.60269,16.72252,0
,103.60269,16.72251,0
,103.60185,16.721,0
,103.6014,16.72036,0
,103.60082,16.71978,0
,103.60036,16.71941,0
,103.5996,16.7189,0
,103.59909,16.71863,0
,103.59845,16.71841,0
,103.59826,16.71838,0
,103.59797,16.71836,0
,103.5974,16.71839,0
,103.59611,16.71863,0
,103.59596,16.71867,0
,103.59497,16.71897,0
,103.5945,16.71916,0
,103.59437,16.71923,0
,103.59406,16.71942,0
,103.59193,16.72052,0
,103.5916,16.72064,0
,103.59125,16.72073,0
,103.59105,16.72074,0
,103.59101,16.72075,0
,103.59065,16.72077,0
,103.58478,16.72091,0
,103.58274,16.72101,0
,103.57581,16.7211,0
,103.57549,16.72112,0
,103.57473,16.72111,0
,103.5707,16.72121,0
,103.56869,16.72129,0
,103.56861,16.7213,0
,103.56841,16.7213,0
,103.56831,16.72131,0
,103.56736,16.72134,0
,103.567,16.72138,0
,103.56668,16.7214,0
,103.56637,16.72136,0
,103.56607,16.7213,0
,103.56581,16.72119,0
,103.56547,16.72095,0
,103.56519,16.7207,0
,103.56493,16.72033,0
,103.56482,16.72006,0
,103.56472,16.71967,0
,103.56467,16.71726,0
,103.5646,16.71617,0
,103.5646,16.71466,0
,103.56453,16.71338,0
,103.56452,16.71275,0
,103.56443,16.71174,0
,103.55893,16.71187,0
,103.55364,16.71214,0
,103.5509,16.71218,0
,103.54286,16.71246,0
,103.53985,16.7125,0
,103.53192,16.71277,0
,103.53162,16.71279,0
,103.51992,16.71318,0
,103.51988,16.71316,0
,103.51984,16.71315,0
,103.51801,16.71319,0
,103.51796,16.7132,0
,103.51771,16.7132,0
,103.5177,16.71319,0
,103.51769,16.71319,0
,103.51768,16.71317,0
,103.51767,16.71316,0
,103.51761,16.71318,0
,103.51733,16.71313,0
,103.51727,16.71313,0
,103.51725,16.71314,0
,103.51694,16.71308,0
,103.51622,16.71287,0
,103.51602,16.71284,0
,103.51542,16.7127,0
,103.51476,16.71239,0
,103.51462,16.71232,0
,103.51422,16.71215,0
,103.51413,16.7121,0
,103.51405,16.71203,0
,103.514,16.71196,0
,103.51395,16.7118,0
,103.51395,16.71178,0
,103.51391,16.71172,0
,103.51387,16.71168,0
,103.51374,16.71157,0
,103.51359,16.7115,0
,103.51331,16.71139,0
,103.51304,16.71132,0
,103.5129,16.71127,0
,103.51276,16.71123,0
,103.5126,16.71121,0
,103.51238,16.71121,0
,103.51206,16.7113,0
,103.51193,16.71137,0
,103.51139,16.71173,0
,103.51117,16.71192,0
,103.51095,16.71209,0
,103.51072,16.71223,0
,103.51062,16.71226,0
,103.51019,16.71233,0
,103.50928,16.71244,0
,103.50837,16.71266,0
,103.50821,16.71268,0
,103.50811,16.7127,0
,103.50798,16.71277,0
,103.50789,16.71283,0
,103.50775,16.71291,0
,103.50761,16.71297,0
,103.50742,16.71302,0
,103.50711,16.71306,0
,103.50444,16.71312,0
,103.50265,16.71322,0
,103.50028,16.71343,0
,103.49975,16.7135,0
,103.4989,16.71358,0
,103.49632,16.71371,0
,103.49627,16.71265,0
,103.49622,16.71244,0
,103.49554,16.71224,0
,103.49505,16.71214,0
,103.49499,16.71214,0
,103.49477,16.7121,0
,103.49472,16.7121,0
,103.49442,16.71206,0
,103.49361,16.71207,0
,103.49349,16.71208,0
,103.49223,16.71209,0
,103.49211,16.7121,0
,103.48814,16.71214,0
,103.48666,16.7122,0
,103.48459,16.71221,0
,103.47949,16.71242,0
,103.47848,16.71243,0
,103.47742,16.71278,0
,103.47722,16.71283,0
,103.47704,16.71285,0
,103.47491,16.71262,0
,103.4747,16.71262,0
,103.47442,16.71267,0
,103.47407,16.71284,0
,103.47362,16.71303,0
,103.47342,16.71309,0
,103.47323,16.7131,0
,103.47313,16.71315,0
,103.47292,16.71323,0
,103.4727,16.71335,0
,103.47259,16.71344,0
,103.47249,16.71354,0
,103.4724,16.71365,0
,103.47234,16.7137,0
,103.47232,16.71371,0
,103.47224,16.7138,0
,103.4721,16.71388,0
,103.472,16.71391,0
,103.47191,16.71392,0
,103.47178,16.71392,0
,103.47104,16.71396,0
,103.47087,16.71396,0
,103.47056,16.71401,0
,103.47021,16.71411,0
,103.47,16.71419,0
,103.4695,16.71447,0
,103.46944,16.71449,0
,103.46889,16.71477,0
,103.46866,16.71486,0
,103.46865,16.71487,0
,103.46848,16.71492,0
,103.46839,16.71496,0
,103.46812,16.71502,0
,103.46793,16.71505,0
,103.46764,16.71507,0
,103.46705,16.71505,0
,103.46685,16.71503,0
,103.46663,16.71498,0
,103.45086,16.71055,0
,103.45026,16.71036,0
,103.44995,16.7102,0

,103.44995,16.7102,0
,103.44924,16.70986,0
,103.4482,16.70933,0
,103.44764,16.70915,0
,103.44744,16.70911,0
,103.44735,16.7091,0
,103.44725,16.7091,0
,103.44707,16.70912,0
,103.44678,16.70919,0
,103.44518,16.70969,0
,103.44376,16.71016,0
,103.44259,16.71051,0
,103.44226,16.71059,0
,103.44202,16.71063,0
,103.44174,16.71065,0
,103.44152,16.71064,0
,103.44128,16.7106,0
,103.44089,16.71049,0
,103.43819,16.70953,0
,103.43726,16.7095,0
,103.4352,16.70929,0
,103.4349,16.70925,0
,103.43466,16.70923,0
,103.43464,16.70922,0
,103.43453,16.70919,0
,103.43447,16.70916,0
,103.43418,16.70906,0
,103.43412,16.70903,0
,103.43394,16.70897,0
,103.43377,16.7089,0
,103.43166,16.70812,0
,103.43165,16.70812,0
,103.42975,16.70739,0
,103.42969,16.70736,0
,103.42775,16.70667,0
,103.42775,16.70666,0
,103.4277,16.70665,0
,103.42686,16.70638,0
,103.42668,16.70633,0
,103.42653,16.70628,0
,103.42651,16.70627,0
,103.42546,16.70587,0
,103.42528,16.70581,0
,103.42247,16.70474,0
,103.421,16.70425,0
,103.4205,16.70406,0
,103.42046,16.70404,0
,103.41857,16.70335,0
,103.41818,16.7032,0
,103.41643,16.70256,0
,103.41616,16.70244,0
,103.41515,16.70204,0
,103.41448,16.70175,0
,103.41296,16.70118,0
,103.41295,16.70118,0
,103.41216,16.7007,0
,103.41204,16.70062,0
,103.41066,16.69938,0
,103.40873,16.69781,0
,103.40863,16.69774,0
,103.40841,16.69766,0
,103.40826,16.69762,0
,103.40805,16.69761,0
,103.40784,16.69764,0
,103.40771,16.69768,0
,103.40731,16.69785,0
,103.4066,16.69808,0
,103.40607,16.69827,0
,103.40546,16.69847,0
,103.40482,16.69865,0
,103.40392,16.6989,0
,103.40246,16.69925,0
,103.40159,16.69962,0
,103.40124,16.6997,0
,103.40013,16.69973,0
,103.39976,16.69978,0
,103.39947,16.69983,0
,103.39933,16.69987,0
,103.39915,16.69995,0
,103.39726,16.70117,0
,103.39724,16.70119,0
,103.39705,16.7013,0
,103.39703,16.70132,0
,103.39689,16.70139,0
,103.39679,16.70146,0
,103.39442,16.70286,0
,103.39404,16.7031,0
,103.39396,16.70314,0
,103.39365,16.70335,0
,103.39355,16.70343,0
,103.38871,16.70656,0
,103.38865,16.70659,0
,103.38686,16.70777,0
,103.38589,16.70848,0
,103.38555,16.70864,0
,103.38524,16.70873,0
,103.38486,16.7088,0
,103.38464,16.7088,0
,103.38447,16.70879,0
,103.38427,16.70874,0
,103.38337,16.70836,0
,103.38301,16.70822,0
,103.38213,16.70793,0
,103.38161,16.70773,0
,103.38126,16.70757,0
,103.37997,16.70701,0
,103.37997,16.707,0
,103.37814,16.70618,0
,103.37811,16.70616,0
,103.37524,16.7048,0
,103.37476,16.70466,0
,103.37432,16.70457,0
,103.37371,16.70452,0
,103.37305,16.70449,0
,103.37301,16.70449,0
,103.37245,16.70444,0
,103.37202,16.70442,0
,103.37175,16.70438,0
,103.3712,16.70424,0
,103.37119,16.70424,0
,103.37084,16.70408,0
,103.37058,16.70389,0
,103.37052,16.70386,0
,103.37044,16.7038,0
,103.36975,16.70334,0
,103.36906,16.70285,0
,103.36856,16.70252,0
,103.36822,16.70226,0
,103.36787,16.70204,0
,103.36774,16.70194,0
,103.36766,16.7019,0
,103.36753,16.70188,0
,103.36746,16.70188,0
,103.36718,16.70192,0
,103.36715,16.70193,0
,103.36693,16.70195,0
,103.36631,16.70213,0
,103.36556,16.70231,0
,103.36537,16.70233,0
,103.36532,16.70235,0
,103.36474,16.7024,0
,103.36291,16.70253,0
,103.36245,16.70254,0
,103.36221,16.70252,0
,103.36206,16.70249,0
,103.36164,16.70237,0
,103.36163,16.70236,0
,103.36086,16.70205,0
,103.35995,16.70181,0
,103.35948,16.70166,0
,103.3589,16.70143,0
,103.3588,16.70138,0
,103.3563,16.70044,0
,103.35624,16.70041,0
,103.35622,16.70041,0
,103.3561,16.70036,0
,103.35597,16.70031,0
,103.35558,16.70019,0
,103.35544,16.70016,0
,103.35526,16.70015,0
,103.3551,16.70016,0
,103.35476,16.70021,0
,103.35448,16.70028,0
,103.35442,16.70029,0
,103.35352,16.70056,0
,103.35341,16.7006,0
,103.35096,16.70133,0
,103.35077,16.70137,0
,103.35059,16.70139,0
,103.35036,16.70139,0
,103.35018,16.70138,0
,103.34986,16.70134,0
,103.3498,16.70132,0
,103.34961,16.70129,0
,103.3496,16.70129,0
,103.3496,16.70128,0
,103.34948,16.70125,0
,103.34926,16.70117,0
,103.34924,16.70117,0
,103.34915,16.70113,0
,103.3487,16.70097,0
,103.34332,16.69887,0
,103.34319,16.6988,0
,103.34302,16.69867,0
,103.34293,16.69857,0
,103.34285,16.69846,0
,103.3428,16.69836,0
,103.34276,16.69824,0
,103.3427,16.698,0
,103.3427,16.69763,0
,103.34286,16.69545,0
,103.34284,16.69535,0
,103.34281,16.69524,0
,103.34276,16.69515,0
,103.34272,16.69509,0
,103.34255,16.69496,0
,103.34246,16.69491,0
,103.33831,16.69332,0
,103.33761,16.69307,0
,103.33707,16.69291,0
,103.33608,16.69269,0
,103.33408,16.69229,0
,103.33314,16.69207,0
,103.33298,16.69204,0
,103.33274,16.69203,0
,103.33238,16.69203,0
,103.33208,16.69205,0
,103.33184,16.6921,0
,103.33183,16.69211,0
,103.33151,16.69221,0
,103.33142,16.69226,0
,103.33131,16.69231,0
,103.3308,16.69267,0
,103.33075,16.6927,0
,103.33002,16.69325,0
,103.32745,16.69509,0
,103.32683,16.6955,0
,103.32682,16.69551,0
,103.32669,16.69557,0
,103.32639,16.69568,0
,103.32625,16.69572,0
,103.32602,16.69577,0
,103.32296,16.6962,0
,103.32298,16.6949,0
,103.32292,16.6946,0
,103.32288,16.69405,0
,103.3228,16.69359,0
,103.32274,16.69333,0
,103.32268,16.69313,0
,103.32251,16.69267,0
,103.32234,16.69233,0
,103.32204,16.69183,0
,103.32171,16.69137,0
,103.32097,16.69041,0
,103.31889,16.68762,0
,103.31681,16.6845,0
,103.3165,16.68411,0
,103.31556,16.68282,0
,103.31378,16.68025,0
,103.3116,16.67779,0
,103.31113,16.67731,0
,103.31088,16.67709,0
,103.31067,16.67693,0
,103.30756,16.67618,0
,103.30741,16.67617,0
,103.30715,16.67618,0
,103.30659,16.67624,0
,103.30609,16.67634,0
,103.30584,16.67637,0
,103.30565,16.67638,0
,103.3055,16.67637,0
,103.3054,16.67637,0
,103.30531,16.67525,0
,103.30525,16.67327,0
,103.30526,16.67304,0
,103.30525,16.67282,0
,103.30522,16.67254,0
,103.30513,16.67218,0
,103.30504,16.67173,0
,103.30502,16.67152,0
,103.30501,16.67096,0
,103.30494,16.67073,0
,103.30495,16.67069,0
,103.30499,16.67061,0
,103.30506,16.67035,0
,103.30508,16.67022,0
,103.30508,16.66995,0
,103.30504,16.6697,0
,103.30499,16.66947,0
,103.30488,16.66913,0
,103.30476,16.6687,0
,103.30461,16.66824,0
,103.3045,16.66786,0
,103.30409,16.66663,0
,103.304,16.66639,0
,103.30377,16.66595,0
,103.30361,16.66569,0
,103.30348,16.6655,0
,103.30322,16.66517,0
,103.30265,16.66449,0
,103.30247,16.66429,0
,103.30181,16.66349,0
,103.30115,16.66278,0
,103.30071,16.66224,0
,103.30007,16.66153,0
,103.29939,16.66072,0
,103.29864,16.65987,0
,103.2979,16.65898,0
,103.29771,16.65877,0
,103.29753,16.65854,0
,103.29688,16.65782,0
,103.29576,16.6565,0
,103.29558,16.65625,0
,103.29547,16.65608,0
,103.29515,16.65549,0
,103.29502,16.65513,0
,103.29485,16.65457,0
,103.29473,16.65422,0
,103.2947,16.65409,0
,103.29417,16.65245,0
,103.29407,16.65219,0
,103.29401,16.65206,0
,103.29387,16.65183,0
,103.29379,16.65175,0
,103.2936,16.65152,0
,103.29342,16.65132,0
,103.29256,16.65052,0
,103.29216,16.65032,0
,103.29188,16.65005,0
,103.29184,16.65002,0
,103.29173,16.64992,0
,103.29156,16.64981,0
,103.29151,16.64977,0
,103.29148,16.64976,0
,103.29131,16.64967,0
,103.29115,16.64961,0
,103.29097,16.64956,0
,103.29084,16.64955,0
,103.28735,16.64943,0
,103.28701,16.6494,0
,103.28612,16.64929,0
,103.2861,16.64929,0
,103.28572,16.64921,0
,103.28513,16.64909,0
,103.28458,16.64892,0
,103.28391,16.64865,0
,103.28134,16.64761,0
,103.28119,16.64756,0
,103.28047,16.64728,0
,103.28039,16.64724,0
,103.2803,16.64721,0
,103.27996,16.64707,0
,103.27947,16.64683,0
,103.27854,16.64631,0
,103.27743,16.64563,0
,103.27706,16.64539,0
,103.27563,16.64454,0
,103.27515,16.64423,0
,103.27485,16.64406,0
,103.27438,16.64377,0
,103.27415,16.64364,0
,103.27387,16.64346,0
,103.2734,16.64321,0
,103.27331,16.64317,0
,103.27282,16.64299,0
,103.27198,16.64277,0
,103.27186,16.64275,0
,103.26019,16.64024,0
,103.25797,16.63977,0
,103.25602,16.63941,0
,103.25373,16.63913,0
,103.25276,16.63906,0
,103.25273,16.63905,0
,103.25192,16.63897,0
,103.25111,16.63892,0
,103.25104,16.63891,0
,103.24955,16.63886,0
,103.24898,16.63886,0
,103.24612,16.63876,0
,103.24606,16.63875,0
,103.24564,16.63874,0
,103.2395,16.63842,0
,103.23872,16.63843,0
,103.23654,16.63861,0
,103.23305,16.63896,0
,103.23273,16.63898,0
,103.23235,16.63899,0
,103.23225,16.63898,0
,103.23218,16.63896,0
,103.23207,16.63892,0
,103.23186,16.63879,0
,103.23179,16.63873,0
,103.23169,16.63861,0
,103.23157,16.6384,0
,103.2315,16.63826,0
,103.23134,16.63767,0
,103.23132,16.63762,0
,103.23128,16.63755,0
,103.23124,16.6375,0
,103.23121,16.6375,0
,103.23119,16.63749,0
,103.23117,16.63749,0
,103.23103,16.63753,0
,103.22974,16.63819,0
,103.2289,16.63866,0
,103.22882,16.63869,0
,103.22879,16.6387,0
,103.22876,16.63869,0
,103.22875,16.63868,0
,103.22873,16.63872,0
,103.22871,16.63875,0
,103.22867,16.63879,0
,103.22733,16.63952,0
,103.22668,16.63982,0
,103.22612,16.64006,0
,103.22579,16.64017,0
,103.22534,16.64021,0
,103.22481,16.64021,0
,103.22342,16.64016,0
,103.22338,16.64015,0
,103.22225,16.64011,0
,103.22161,16.64011,0
,103.22121,16.64016,0
,103.22113,16.64018,0
,103.22091,16.64029,0
,103.21988,16.64103,0
,103.21955,16.64125,0
,103.21885,16.64166,0
,103.21758,16.64231,0
,103.217,16.64269,0
,103.21686,16.64277,0
,103.21686,16.64278,0
,103.21612,16.64316,0
,103.21586,16.64331,0
,103.21571,16.64338,0
,103.21406,16.64428,0
,103.21373,16.64449,0
,103.21283,16.64507,0
,103.21282,16.64508,0
,103.2121,16.64556,0
,103.21206,16.64558,0
,103.21198,16.64563,0
,103.21185,16.64569,0
,103.21174,16.64572,0
,103.21158,16.64575,0
,103.21088,16.64584,0
,103.21017,16.64582,0
,103.21009,16.64583,0
,103.20988,16.64593,0
,103.20815,16.6471,0
,103.20781,16.64724,0
,103.2075,16.64734,0
,103.20706,16.64745,0
,103.20681,16.6475,0
,103.20665,16.64752,0
,103.20638,16.64754,0
,103.20541,16.64753,0
,103.20489,16.6475,0
,103.2041,16.64748,0
,103.20318,16.64743,0
,103.20142,16.64737,0
,103.20195,16.64642,0
,103.2021,16.64618,0
,103.20238,16.64564,0
,103.20282,16.64485,0
,103.20273,16.6448,0
,103.20265,16.64491,0
,103.20186,16.64638,0
,103.20028,16.64917,0
,103.20015,16.64937,0
,103.19998,16.6496,0
,103.19967,16.64994,0
,103.19933,16.65022,0
,103.19911,16.65037,0
,103.19873,16.65058,0
,103.19828,16.6508,0
,103.19759,16.6511,0
,103.19601,16.65184,0
,103.19493,16.65232,0
,103.19446,16.65256,0
,103.19301,16.6532,0
,103.19287,16.65327,0
,103.19275,16.65332,0
,103.19183,16.65378,0
,103.19158,16.65389,0
,103.19123,16.65406,0
,103.18991,16.65464,0
,103.18757,16.65572,0
,103.18626,16.65635,0
,103.18494,16.65694,0
,103.1842,16.6573,0
,103.18262,16.65802,0
,103.18178,16.65844,0
,103.18023,16.65913,0
,103.17986,16.65932,0
,103.17577,16.66121,0
,103.17566,16.66125,0
,103.1756,16.66129,0
,103.17495,16.66157,0
,103.17405,16.66201,0
,103.15964,16.66865,0
,103.15944,16.66873,0
,103.15852,16.66919,0
,103.15838,16.6693,0
,103.15502,16.67086,0
,103.15485,16.67093,0
,103.15184,16.67232,0
,103.15178,16.67234,0
,103.1495,16.67337,0
,103.14949,16.67337,0
,103.14862,16.67379,0
,103.1454,16.67525,0
,103.14533,16.67527,0
,103.14385,16.67596,0
,103.14375,16.67602,0
,103.14334,16.67618,0
,103.12923,16.68267,0
,103.12885,16.68283,0
,103.12549,16.68436,0
,103.12532,16.68443,0
,103.11816,16.68768,0
,103.11727,16.68814,0
,103.09549,16.70041,0
,103.09504,16.70064,0
,103.09495,16.70066,0
,103.09353,16.70143,0
,103.09327,16.70159,0
,103.0929,16.70179,0
,103.09242,16.702,0
,103.09188,16.7022,0
,103.09172,16.70225,0
,103.09135,16.70234,0
,103.0911,16.70239,0
,103.09014,16.70253,0
,103.0864,16.70284,0
,103.08479,16.70302,0
,103.08415,16.70312,0
,103.08408,16.70316,0
,103.08395,16.70318,0
,103.08375,16.7032,0
,103.08349,16.7032,0
,103.08329,16.70321,0
,103.08307,16.70319,0
,103.083,16.7032,0
,103.08183,16.70323,0
,103.08133,16.70327,0
,103.07831,16.70336,0
,103.07803,16.70336,0
,103.07685,16.7034,0
,103.07637,16.7034,0
,103.07153,16.70351,0
,103.07097,16.70351,0
,103.07038,16.70354,0
,103.06719,16.7036,0
,103.06714,16.70361,0
,103.04736,16.7041,0
,103.04682,16.70413,0
,103.0328,16.7045,0
,103.03265,16.70451,0
,103.03233,16.70451,0
,103.03199,16.70456,0
,103.02805,16.70462,0
,103.0256,16.70472,0
,103.00112,16.70541,0
,102.99824,16.70553,0
,102.99813,16.70554,0
,102.99795,16.70554,0
,102.98595,16.70613,0
,102.98591,16.70614,0
,102.98574,16.70614,0
,102.97111,16.70688,0
,102.97097,16.70688,0
,102.97089,16.70689,0
,102.9631,16.70736,0
,102.95826,16.70761,0
,102.95802,16.70763,0
,102.95752,16.70765,0
,102.9568,16.70771,0
,102.95125,16.70805,0
,102.95091,16.70806,0
,102.94682,16.70829,0
,102.94679,16.7083,0
,102.93947,16.70874,0
,102.93938,16.70875,0
,102.92595,16.70951,0
,102.92344,16.70968,0
,102.92298,16.70969,0
,102.92246,16.70972,0
,102.92197,16.70972,0
,102.92172,16.70971,0
,102.92142,16.70968,0
,102.92108,16.70963,0
,102.92078,16.70956,0
,102.9203,16.70939,0
,102.91999,16.70926,0
,102.91961,16.70907,0
,102.91956,16.70905,0
,102.91938,16.70895,0
,102.91878,16.70854,0
,102.91781,16.70778,0
,102.91772,16.70773,0
,102.91329,16.70438,0
,102.91307,16.70423,0
,102.91286,16.7041,0
,102.91246,16.70389,0
,102.91193,16.70369,0
,102.91162,16.70361,0
,102.91109,16.70351,0
,102.91087,16.70349,0
,102.91042,16.70349,0
,102.9099,16.70354,0
,102.90829,16.70384,0
,102.90656,16.70413,0
,102.90638,16.70417,0
,102.90049,16.70526,0
,102.89958,16.70541,0
,102.89824,16.70567,0
,102.89809,16.70569,0
,102.89487,16.70628,0
,102.89033,16.70712,0
,102.89012,16.70715,0
,102.88909,16.70734,0
,102.88907,16.70734,0
,102.88573,16.70797,0
,102.88553,16.708,0
,102.88517,16.70807,0
,102.88481,16.70815,0
,102.88426,16.70832,0
,102.88378,16.70851,0
,102.88351,16.70863,0
,102.88291,16.70896,0
,102.87512,16.71352,0
,102.87454,16.71384,0
,102.87396,16.71418,0
,102.87393,16.71419,0
,102.87387,16.71423,0
,102.87017,16.71639,0
,102.87003,16.71648,0
,102.86935,16.71684,0
,102.86817,16.71757,0
,102.86589,16.71888,0
,102.86584,16.7189,0
,102.86498,16.71943,0
,102.86452,16.71969,0
,102.86395,16.72004,0
,102.86386,16.72007,0
,102.86322,16.7204,0
,102.86172,16.72125,0
,102.86135,16.72149,0
,102.86016,16.72216,0
,102.85775,16.72362,0
,102.85774,16.72362,0
,102.85768,16.72369,0
,102.85615,16.72459,0
,102.85591,16.72476,0
,102.85566,16.72496,0
,102.85539,16.72526,0
,102.85519,16.72561,0
,102.85507,16.72598,0
,102.85501,16.72623,0
,102.85498,16.72654,0
,102.85496,16.72699,0
,102.85471,16.73059,0
,102.8547,16.7306,0
,102.85463,16.73091,0
,102.85454,16.73116,0
,102.85445,16.73136,0
,102.85439,16.73147,0
,102.85415,16.73181,0
,102.85391,16.73209,0
,102.85377,16.73224,0
,102.85337,16.73263,0
,102.85298,16.73298,0
,102.85295,16.73302,0
,102.85205,16.73386,0
,102.85204,16.73386,0
,102.85173,16.73411,0
,102.85131,16.73439,0
,102.85077,16.73464,0
,102.84739,16.73563,0
,102.84682,16.73581,0
,102.84624,16.73597,0
,102.84593,16.73607,0
,102.84298,16.73693,0
,102.84218,16.73714,0
,102.84167,16.73732,0
,102.84109,16.73748,0
,102.83809,16.73837,0
,102.83744,16.7386,0
,102.83724,16.73869,0
,102.83642,16.7391,0
,102.83558,16.73957,0
,102.83519,16.73976,0
,102.83484,16.73989,0
,102.83452,16.73998,0
,102.83401,16.74005,0
,102.83345,16.74004,0
,102.83279,16.73996,0
,102.83193,16.73979,0
,102.83172,16.73974,0
,102.83072,16.73957,0
,102.83046,16.73954,0
,102.83017,16.73948,0
,102.82602,16.73877,0
,102.82525,16.73862,0
,102.82432,16.73833,0
,102.8221,16.73759,0
,102.82086,16.7372,0
,102.82015,16.73695,0
,102.81951,16.73669,0
,102.8187,16.7363,0
,102.81711,16.73543,0
,102.81602,16.73478,0
,102.8157,16.73452,0
,102.81528,16.73406,0
,102.81413,16.73251,0
,102.81395,16.73234,0
,102.81378,16.73222,0
,102.81242,16.73144,0
,102.8112,16.73086,0
,102.81097,16.73077,0
,102.81086,16.73072,0
,102.8105,16.73061,0
,102.80959,16.73041,0
,102.80828,16.7302,0
,102.80822,16.73016,0
,102.80819,16.73015,0
,102.80708,16.72996,0
,102.80637,16.72986,0
,102.80549,16.72971,0
,102.80475,16.72956,0
,102.80419,16.72948,0
,102.80252,16.72919,0
,102.80233,16.72785,0
,102.80224,16.72733,0
,102.80221,16.72706,0
,102.80221,16.72691,0
,102.80223,16.72658,0
,102.8023,16.72635,0
,102.80232,16.72626,0
,102.8023,16.72617,0
,102.80225,16.7261,0
,102.80217,16.72606,0
,102.80213,16.72605,0
,102.80205,16.72605,0
,102.80201,16.72607,0
,102.80198,16.72608,0
,102.80192,16.72614,0
,102.80188,16.72623,0
,102.80182,16.72658,0
,102.80179,16.72689,0
,102.8018,16.72706,0
,102.80187,16.72765,0
,102.80187,16.72771,0
,102.80189,16.72779,0
,102.80193,16.72805,0
,102.80195,16.72812,0
,102.80196,16.72823,0
,102.80201,16.72851,0
,102.80205,16.7288,0
,102.80209,16.7292,0
,102.80216,16.72973,0
,102.80237,16.73103,0
,102.80239,16.73121,0
,102.80267,16.73302,0
,102.80284,16.73434,0
,102.803,16.73538,0
,102.80302,16.73559,0
,102.80305,16.7358,0
,102.80253,16.73662,0
,102.80232,16.73691,0
,102.80208,16.7373,0
,102.802,16.73739,0
,102.80152,16.73751,0
,102.80102,16.73767,0
,102.79891,16.73829,0
,102.79872,16.73836,0
,102.79852,16.73842,0
,102.79764,16.73879,0
,102.79677,16.73921,0
,102.7967,16.73925,0
,102.79564,16.73976,0
,102.79487,16.7401,0
,102.79447,16.74029,0
,102.79447,16.7403,0
,102.79342,16.7408,0
,102.79339,16.74082,0
,102.79139,16.74174,0
,102.79134,16.74177,0
,102.78814,16.74317,0
,102.78798,16.74323,0
,102.78762,16.74334,0
,102.78752,16.74336,0
,102.78744,16.74337,0
,102.78735,16.74337,0
,102.78564,16.74297,0
,102.78517,16.74291,0
,102.78492,16.74289,0
,102.78271,16.74276,0
,102.78177,16.74265,0
,102.78176,16.74264,0
,102.78056,16.74233,0
,102.77965,16.74218,0
,102.7794,16.74211,0
,102.77885,16.74197,0
,102.77867,16.74191,0
,102.77861,16.74188,0
,102.77854,16.74186,0
,102.77842,16.7418,0
,102.77709,16.74131,0
,102.77704,16.7413,0
,102.77678,16.7412,0
,102.77676,16.7412,0
,102.77486,16.74071,0
,102.77471,16.74068,0
,102.77452,16.74063,0
,102.7745,16.74063,0
,102.77315,16.74036,0
,102.773,16.74032,0
,102.77272,16.74027,0
,102.77254,16.74022,0
,102.77196,16.7401,0
,102.7714,16.74002,0
,102.77108,16.73999,0
,102.77088,16.73998,0
,102.77049,16.73999,0
,102.77047,16.74,0
,102.77029,16.74003,0
,102.76987,16.74016,0
,102.76903,16.74048,0
,102.7685,16.74065,0
,102.76753,16.7409,0
,102.76713,16.74099,0
,102.76697,16.74104,0
,102.7669,16.74105,0
,102.76656,16.74116,0
,102.76597,16.74132,0
,102.76575,16.74139,0
,102.76532,16.74155,0
,102.76509,16.74166,0
,102.76498,16.74173,0
,102.76465,16.74199,0
,102.76457,16.74207,0
,102.76436,16.74233,0
,102.76416,16.74264,0
,102.76358,16.74365,0
,102.76341,16.74391,0
,102.763,16.74443,0
,102.76262,16.74488,0
,102.76246,16.74513,0
,102.7624,16.74528,0
,102.76237,16.7454,0
,102.76236,16.7455,0
,102.76235,16.7469,0
,102.76232,16.74728,0
,102.76227,16.74754,0
,102.76218,16.74779,0
,102.76201,16.74807,0
,102.76133,16.74907,0
,102.76125,16.74924,0
,102.76116,16.7495,0
,102.76082,16.75063,0
,102.76066,16.75104,0
,102.76044,16.75141,0
,102.76016,16.75176,0
,102.75958,16.75239,0
,102.7592,16.75286,0
,102.75908,16.75303,0
,102.75859,16.75379,0
,102.75835,16.75401,0
,102.75804,16.75421,0
,102.75761,16.75441,0
,102.75673,16.75471,0
,102.75509,16.75522,0
,102.75469,16.75536,0
,102.75458,16.75539,0
,102.75299,16.75602,0
,102.75173,16.75647,0
,102.75141,16.75654,0
,102.75038,16.75672,0
,102.74732,16.75714,0
,102.74666,16.75719,0
,102.74645,16.75719,0
,102.74557,16.75726,0
,102.74414,16.7575,0
,102.74165,16.758,0
,102.74071,16.75816,0
,102.73869,16.75871,0
,102.7375,16.75911,0
,102.7375,16.75912,0
,102.73676,16.75942,0
,102.73648,16.75957,0
,102.73527,16.76031,0
,102.73489,16.76057,0
,102.73479,16.76062,0
,102.73471,16.76064,0
,102.73448,16.76068,0
,102.73388,16.76145,0
,102.73229,16.7634,0
,102.73166,16.76404,0
,102.73127,16.76437,0
,102.73086,16.76469,0
,102.72973,16.76544,0
,102.72856,16.76613,0
,102.72041,16.77072,0
,102.7182,16.772,0
,102.71707,16.7726,0
,102.71572,16.77328,0
,102.71488,16.77368,0
,102.71465,16.77378,0
,102.71402,16.77397,0
,102.71381,16.77402,0
,102.71357,16.77406,0
,102.71277,16.77409,0
,102.71238,16.77409,0
,102.71226,16.77408,0
,102.71193,16.77409,0
,102.71177,16.77407,0
,102.71139,16.774,0
,102.71128,16.77399,0
,102.71103,16.77395,0
,102.71071,16.77394,0
,102.71025,16.77396,0
,102.70951,16.77402,0
,102.70915,16.77403,0
,102.70695,16.77416,0
,102.70657,16.77414,0
,102.70606,16.77408,0
,102.70543,16.77398,0
,102.70524,16.77394,0
,102.70204,16.77345,0
,102.70144,16.77338,0
,102.69895,16.77281,0
,102.69867,16.77272,0
,102.69844,16.77262,0
,102.69789,16.77235,0
,102.69753,16.77221,0
,102.6975,16.77221,0
,102.69643,16.77204,0
,102.69566,16.77198,0
,102.6949,16.7719,0
,102.69287,16.77161,0
,102.69197,16.7715,0
,102.69071,16.77131,0
,102.69069,16.7713,0
,102.69018,16.77123,0
,102.68934,16.77108,0
,102.68925,16.77107,0
,102.68863,16.77094,0
,102.68861,16.77094,0
,102.68838,16.77088,0
,102.68812,16.7708,0
,102.68756,16.77056,0
,102.68708,16.77037,0
,102.68664,16.77017,0
,102.68654,16.77014,0
,102.68646,16.7701,0
,102.68634,16.77007,0
,102.68608,16.76999,0
,102.68342,16.76941,0
,102.68294,16.76934,0
,102.68231,16.76927,0
,102.68214,16.76923,0
,102.68197,16.76916,0
,102.68138,16.7688,0
,102.68102,16.76895,0
,102.68006,16.76942,0
,102.67988,16.76949,0
,102.67979,16.76951,0
,102.67929,16.76955,0
,102.67616,16.76976,0
,102.67553,16.76982,0
,102.67299,16.77,0
,102.67183,16.77012,0
,102.67095,16.77023,0
,102.66857,16.77046,0
,102.66808,16.77053,0
,102.65368,16.77219,0
,102.65348,16.77222,0
,102.6533,16.77224,0
,102.6532,16.77226,0
,102.65184,16.77242,0
,102.65033,16.77268,0
,102.65024,16.77269,0
,102.64867,16.773,0
,102.64814,16.77305,0
,102.64699,16.77309,0
,102.64542,16.77311,0
,102.64525,16.7731,0
,102.64512,16.7731,0
,102.64494,16.77308,0
,102.64457,16.77306,0
,102.64454,16.77305,0
,102.64419,16.77304,0
,102.64417,16.77303,0
,102.64364,16.77303,0
,102.64234,16.77307,0
,102.64132,16.77308,0
,102.64004,16.77312,0
,102.63986,16.77314,0
,102.63847,16.77346,0
,102.63834,16.77348,0
,102.63828,16.7735,0
,102.63792,16.77358,0
,102.63775,16.77361,0
,102.63773,16.77362,0
,102.63595,16.77399,0
,102.63582,16.77401,0
,102.63574,16.77426,0
,102.63571,16.77442,0
,102.63568,16.77454,0
,102.63568,16.77468,0
,102.63569,16.77482,0
,102.63572,16.77496,0
,102.63616,16.77635,0
,102.63619,16.7765,0
,102.6362,16.77665,0
,102.63618,16.77686,0
,102.63611,16.77712,0
,102.63599,16.77732,0
,102.63578,16.77756,0
,102.63545,16.77789,0
,102.63463,16.77877,0
,102.63426,16.77926,0
,102.63386,16.77987,0
,102.63281,16.78138,0
,102.63266,16.78156,0
,102.63252,16.7817,0
,102.63237,16.78182,0
,102.6321,16.78197,0
,102.63191,16.78205,0
,102.63097,16.78237,0
,102.63044,16.7826,0
,102.63024,16.78272,0
,102.63005,16.78287,0
,102.62964,16.78329,0
,102.62935,16.78361,0
,102.62901,16.78403,0
,102.62891,16.78419,0
,102.62879,16.7844,0
,102.62871,16.78457,0
,102.62862,16.78487,0
,102.62859,16.7851,0
,102.6286,16.78568,0
,102.62864,16.78628,0
,102.62878,16.78939,0
,102.6288,16.78956,0
,102.62884,16.79027,0
,102.62885,16.79065,0
,102.62907,16.79468,0
,102.62909,16.7949,0
,102.6291,16.79512,0
,102.62911,16.79516,0
,102.62916,16.79594,0
,102.62912,16.7961,0
,102.62919,16.79729,0
,102.62907,16.7975,0
,102.629,16.7976,0
,102.62886,16.79771,0
,102.62874,16.79778,0
,102.62813,16.79767,0
,102.6271,16.79755,0
,102.62628,16.7974,0
,102.62598,16.79731,0
,102.62572,16.79719,0
,102.62531,16.79695,0
,102.62493,16.79677,0
,102.62464,16.79669,0
,102.6244,16.79666,0
,102.62232,16.79648,0
,102.62219,16.79648,0
,102.62197,16.79653,0
,102.62183,16.79658,0
,102.62169,16.79665,0
,102.62059,16.79745,0
,102.62017,16.79765,0
,102.61994,16.79773,0
,102.61913,16.79794,0
,102.61883,16.79804,0
,102.61875,16.79808,0
,102.61608,16.79962,0
,102.61598,16.79966,0
,102.61564,16.7999,0
,102.61557,16.79996,0
,102.61539,16.80017,0
,102.61511,16.80061,0
,102.61494,16.80092,0
,102.6148,16.80107,0
,102.61477,16.80109,0
,102.61472,16.8011,0
,102.61466,16.8011,0
,102.61456,16.80108,0
,102.61452,16.80106,0
,102.61449,16.80104,0
,102.61446,16.801,0
,102.61445,16.80099,0
,102.61441,16.8009,0
,102.61438,16.80086,0
,102.61432,16.80075,0
,102.61423,16.80066,0
,102.61418,16.80063,0
,102.61404,16.8006,0
,102.61401,16.8006,0
,102.61391,16.80062,0
,102.6139,16.80063,0
,102.61386,16.80065,0
,102.61382,16.80069,0
,102.61378,16.80077,0
,102.61376,16.80092,0
,102.61376,16.80129,0
,102.61375,16.8014,0
,102.61375,16.80146,0
,102.61369,16.80173,0
,102.61362,16.80192,0
,102.61289,16.80326,0
,102.61282,16.80339,0
,102.61281,16.80343,0
,102.61274,16.80356,0
,102.6126,16.80389,0
,102.61238,16.80447,0
,102.61206,16.8058,0
,102.61205,16.80583,0
,102.61203,16.80595,0
,102.61202,16.80597,0
,102.61198,16.80615,0
,102.61195,16.80637,0
,102.61192,16.80656,0
,102.61192,16.80668,0
,102.61191,16.8068,0
,102.61192,16.80722,0
,102.61193,16.8074,0
,102.61191,16.80785,0
,102.61189,16.80794,0
,102.61189,16.80797,0
,102.61185,16.8081,0
,102.61179,16.80823,0
,102.61156,16.8087,0
,102.61152,16.8088,0
,102.61147,16.80901,0
,102.61147,16.80913,0
,102.61161,16.81056,0
,102.61168,16.81113,0
,102.61185,16.812,0
,102.61234,16.81409,0
,102.61235,16.8141,0
,102.61248,16.81458,0
,102.61257,16.81487,0
,102.61262,16.815,0
,102.61287,16.81557,0
,102.613,16.81581,0
,102.61304,16.81594,0
,102.61304,16.816,0
,102.61305,16.81604,0
,102.61303,16.81618,0
,102.61298,16.81631,0
,102.61281,16.81664,0
,102.61275,16.81678,0
,102.61268,16.81697,0
,102.61264,16.81721,0
,102.61257,16.81847,0
,102.61256,16.8189,0
,102.61257,16.81908,0
,102.61265,16.8196,0
,102.61348,16.82331,0
,102.61353,16.82357,0
,102.61371,16.82431,0
,102.61374,16.82452,0
,102.61375,16.82466,0
,102.6137,16.82506,0
,102.61366,16.82523,0
,102.61357,16.8255,0
,102.61342,16.82609,0
,102.6134,16.82627,0
,102.6134,16.82648,0
,102.61341,16.8266,0
,102.61345,16.8268,0
,102.61345,16.82683,0
,102.61434,16.83069,0
,102.61441,16.83108,0
,102.61452,16.83151,0
,102.61472,16.8324,0
,102.61488,16.83284,0
,102.61549,16.83423,0
,102.61554,16.83436,0
,102.61593,16.83522,0
,102.61621,16.83595,0
,102.61639,16.83663,0
,102.61703,16.83926,0
,102.61762,16.84171,0
,102.61763,16.84174,0
,102.61793,16.84293,0
,102.61796,16.84308,0
,102.61797,16.84311,0
,102.61798,16.84318,0
,102.61809,16.84369,0
,102.61816,16.84417,0
,102.61817,16.84419,0
,102.61839,16.84595,0
,102.61846,16.84629,0
,102.61852,16.84653,0
,102.61879,16.84717,0
,102.61903,16.84766,0
,102.6192,16.848,0
,102.61969,16.84907,0
,102.61981,16.84937,0
,102.61996,16.84982,0
,102.62055,16.85187,0
,102.62081,16.85264,0
,102.62153,16.85393,0
,102.622,16.8547,0
,102.62253,16.85559,0
,102.62264,16.8558,0
,102.62282,16.85611,0
,102.62293,16.85627,0
,102.623,16.85636,0
,102.62315,16.85652,0
,102.62348,16.85674,0
,102.62363,16.85685,0
,102.62417,16.8572,0
,102.62432,16.85734,0
,102.62444,16.85748,0
,102.62449,16.85753,0
,102.62458,16.85769,0
,102.6246,16.85772,0
,102.62464,16.85781,0
,102.62466,16.85789,0
,102.62469,16.85803,0
,102.62476,16.85869,0
,102.6248,16.85885,0
,102.6248,16.85888,0
,102.62489,16.85912,0
,102.62494,16.85921,0
,102.62518,16.85977,0
,102.62532,16.86014,0
,102.62538,16.86037,0
,102.62539,16.86038,0
,102.62543,16.86063,0
,102.62551,16.86102,0
,102.62562,16.86175,0
,102.62567,16.86201,0
,102.62572,16.86219,0
,102.62576,16.86237,0
,102.62582,16.86253,0
,102.62593,16.8629,0
,102.626,16.86309,0
,102.62613,16.86339,0
,102.62625,16.86362,0
,102.62634,16.86373,0
,102.62636,16.86376,0
,102.62665,16.86409,0
,102.62707,16.8646,0
,102.62708,16.86462,0
,102.62729,16.8649,0
,102.62767,16.86548,0
,102.62779,16.86569,0
,102.62794,16.86596,0
,102.62817,16.86651,0
,102.6285,16.86738,0
,102.62923,16.86912,0
,102.62931,16.86933,0
,102.62936,16.8695,0
,102.62939,16.86975,0
,102.62939,16.8699,0
,102.62937,16.87012,0
,102.62935,16.87025,0
,102.62933,16.87049,0
,102.62935,16.8706,0
,102.62939,16.87071,0
,102.62944,16.87081,0
,102.62959,16.871,0
,102.63012,16.87153,0
,102.63023,16.87166,0
,102.63031,16.87177,0
,102.63037,16.8719,0
,102.63045,16.87216,0
,102.63049,16.87275,0
,102.63053,16.87286,0
,102.63059,16.87298,0
,102.63074,16.87322,0
,102.63091,16.87345,0
,102.63115,16.87382,0
,102.63119,16.8739,0
,102.6312,16.87396,0
,102.63125,16.87407,0
,102.6313,16.87428,0
,102.63133,16.87448,0
,102.63138,16.87498,0
,102.63139,16.87518,0
,102.63137,16.87536,0
,102.63128,16.87557,0
,102.6312,16.87569,0
,102.63106,16.87581,0
,102.63059,16.87616,0
,102.63002,16.87652,0
,102.62982,16.87662,0
,102.62949,16.87676,0
,102.62886,16.87696,0
,102.62828,16.87711,0
,102.62777,16.87721,0
,102.62712,16.87731,0
,102.6269,16.87738,0
,102.62664,16.87749,0
,102.62652,16.87755,0
,102.62644,16.8776,0
,102.62637,16.87763,0
,102.62626,16.8777,0
,102.62597,16.87794,0
,102.62581,16.87809,0
,102.62548,16.87846,0
,102.62522,16.87879,0
,102.62499,16.87902,0
,102.62489,16.87909,0
,102.62471,16.87918,0
,102.62464,16.87922,0
,102.62439,16.8793,0
,102.62227,16.8796,0
,102.62191,16.87962,0
,102.62169,16.8796,0
,102.62134,16.87954,0
,102.62093,16.87949,0
,102.62053,16.8795,0
,102.62022,16.87954,0
,102.62015,16.87954,0
,102.6194,16.87964,0
,102.61807,16.87989,0
,102.61805,16.87989,0
,102.618,16.87991,0
,102.61668,16.88022,0
,102.61663,16.88022,0
,102.60986,16.88162,0
,102.60916,16.88175,0
,102.60808,16.88198,0
,102.60688,16.8822,0
,102.60624,16.88226,0
,102.60464,16.88234,0
,102.60449,16.88236,0
,102.60398,16.88237,0
,102.60368,16.88235,0
,102.60337,16.88228,0
,102.60321,16.88221,0
,102.60249,16.88184,0
,102.60214,16.8817,0
,102.60186,16.88162,0
,102.60151,16.88157,0
,102.60126,16.88155,0
,102.59936,16.88162,0
,102.59601,16.88182,0
,102.59563,16.88183,0
,102.59516,16.8818,0
,102.59493,16.88175,0
,102.59422,16.88156,0
,102.59408,16.88154,0
,102.59407,16.88155,0
,102.59399,16.88154,0
,102.59382,16.88156,0
,102.59353,16.88168,0
,102.59316,16.88187,0
,102.59287,16.882,0
,102.59241,16.88223,0
,102.59209,16.88245,0
,102.59199,16.88258,0
,102.59188,16.88275,0
,102.59182,16.88289,0
,102.59177,16.88309,0
,102.59171,16.88328,0
,102.59133,16.88496,0
,102.59119,16.88552,0
,102.59104,16.88587,0
,102.59089,16.88612,0
,102.59064,16.88643,0
,102.58965,16.88724,0
,102.58935,16.88742,0
,102.58903,16.88755,0
,102.58797,16.88787,0
,102.58543,16.88853,0
,102.58499,16.88863,0
,102.5847,16.88866,0
,102.58436,16.88862,0
,102.58294,16.88838,0
,102.58277,16.88836,0
,102.58262,16.88836,0
,102.58215,16.88841,0
,102.58183,16.88852,0
,102.58161,16.88861,0
,102.58154,16.88865,0
,102.58146,16.88871,0
,102.58137,16.88882,0
,102.58134,16.88888,0
,102.58132,16.88895,0
,102.58131,16.88902,0
,102.58131,16.8894,0
,102.5813,16.88962,0
,102.58128,16.88974,0
,102.58125,16.88979,0
,102.58122,16.88986,0
,102.58107,16.89,0
,102.581,16.89004,0
,102.58082,16.89012,0
,102.58067,16.89014,0
,102.58027,16.89023,0
,102.58009,16.89025,0
,102.57844,16.8905,0
,102.57804,16.89054,0
,102.57786,16.88982,0
,102.57716,16.88763,0
,102.57703,16.88727,0
,102.57698,16.88711,0
,102.57659,16.88609,0
,102.5764,16.8857,0
,102.57562,16.88389,0
,102.57555,16.88371,0
,102.57428,16.88076,0
,102.57427,16.88072,0
,102.57404,16.88014,0
,102.57369,16.87913,0
,102.57333,16.87822,0
,102.57223,16.87598,0
,102.57159,16.87479,0
,102.57117,16.87406,0
,102.57102,16.87382,0
,102.5709,16.8736,0
,102.57082,16.87348,0
,102.56975,16.87163,0
,102.56965,16.87142,0
,102.56938,16.87092,0
,102.56924,16.87054,0
,102.5691,16.87018,0
,102.56898,16.8698,0
,102.56855,16.86848,0
,102.56725,16.86883,0
,102.56625,16.86912,0
,102.56372,16.86974,0
,102.56351,16.86977,0
,102.56334,16.86981,0
,102.56265,16.86988,0
,102.56245,16.86989,0
,102.56177,16.86989,0
,102.56122,16.86992,0
,102.56059,16.87,0
,102.55747,16.87032,0
,102.55606,16.87049,0
,102.55479,16.87077,0
,102.55383,16.87095,0
,102.55354,16.87102,0
,102.55338,16.87105,0
,102.55167,16.87144,0
,102.55137,16.87149,0
,102.55028,16.87172,0
,102.54937,16.87199,0
,102.54128,16.87491,0
,102.54118,16.87494,0
,102.54108,16.87495,0
,102.54099,16.87495,0
,102.54091,16.8749,0
,102.54088,16.87486,0
,102.54086,16.8748,0
,102.54085,16.87474,0
,102.54077,16.87385,0
,102.54055,16.87055,0
,102.54052,16.8704,0
,102.54041,16.87013,0
,102.54031,16.86997,0
,102.54021,16.86984,0
,102.54016,16.86979,0
,102.53972,16.86926,0
,102.5397,16.86922,0
,102.53959,16.86908,0
,102.53947,16.86887,0
,102.53939,16.86868,0
,102.53922,16.86795,0
,102.53915,16.86778,0
,102.53915,16.86777,0
,102.53883,16.8671,0
,102.53854,16.86657,0
,102.53835,16.86629,0
,102.5382,16.86611,0
,102.53808,16.86602,0
,102.5378,16.86588,0
,102.53759,16.86583,0
,102.53715,16.86575,0
,102.53646,16.86565,0
,102.53602,16.86561,0
,102.53598,16.8656,0
,102.53529,16.86553,0
,102.53329,16.86537,0
,102.53235,16.86525,0
,102.53158,16.8651,0
,102.53048,16.86481,0
,102.52981,16.86456,0
,102.52298,16.86172,0
,102.52245,16.86152,0
,102.52169,16.86127,0
,102.52139,16.86115,0
,102.52113,16.86103,0
,102.52073,16.86082,0
,102.51846,16.85954,0
,102.5181,16.85919,0
,102.51478,16.85557,0
,102.51425,16.85499,0
,102.51409,16.85483,0
,102.51264,16.85328,0
,102.51251,16.85317,0
,102.51243,16.85312,0
,102.51223,16.85302,0
,102.51103,16.85256,0
,102.50851,16.85169,0
,102.50787,16.85145,0
,102.50743,16.85127,0
,102.50726,16.85116,0
,102.50711,16.85104,0
,102.50666,16.85057,0
,102.50654,16.85046,0
,102.50619,16.85008,0
,102.50416,16.84804,0
,102.50365,16.84755,0
,102.50058,16.84513,0
,102.50011,16.84471,0
,102.49795,16.84261,0
,102.49774,16.84238,0
,102.49762,16.84222,0
,102.49752,16.84204,0
,102.49728,16.84144,0
,102.49664,16.83973,0
,102.4963,16.83895,0
,102.49613,16.83862,0
,102.49599,16.83861,0
,102.49562,16.83866,0
,102.4954,16.8387,0
,102.4951,16.83874,0
,102.49339,16.83903,0
,102.49304,16.8391,0
,102.49294,16.83913,0
,102.49285,16.83924,0
,102.49274,16.83945,0
,102.49267,16.83963,0
,102.49259,16.8398,0
,102.49257,16.83986,0
,102.49217,16.8407,0
,102.49193,16.84128,0
,102.49154,16.84199,0
,102.49101,16.84285,0
,102.49086,16.84314,0
,102.49068,16.84345,0
,102.49042,16.84399,0
,102.49001,16.8449,0
,102.48961,16.84585,0
,102.4896,16.84586,0
,102.48887,16.8475,0
,102.48868,16.84785,0
,102.48856,16.84805,0
,102.4884,16.84829,0
,102.48805,16.84875,0
,102.48716,16.84984,0
,102.48696,16.85007,0
,102.48692,16.85013,0
,102.48686,16.8503,0
,102.48683,16.85051,0
,102.48684,16.85091,0
,102.48707,16.85477,0
,102.48719,16.85595,0
,102.48735,16.85688,0
,102.48736,16.85699,0
,102.48736,16.85709,0
,102.48734,16.85717,0
,102.48733,16.85719,0
,102.48725,16.85725,0
,102.48716,16.85728,0
,102.48597,16.85732,0
,102.48568,16.85732,0
,102.48566,16.85733,0
,102.4853,16.85734,0
,102.48521,16.85737,0
,102.48497,16.85747,0
,102.48475,16.85759,0
,102.48382,16.85815,0
,102.48367,16.8582,0
,102.48348,16.85822,0
,102.48333,16.85822,0
,102.48195,16.85811,0
,102.48097,16.85806,0
,102.48041,16.85807,0
,102.47932,16.85813,0
,102.47912,16.85813,0
,102.47896,16.8581,0
,102.47885,16.85807,0
,102.47809,16.85766,0
,102.47789,16.85754,0
,102.47759,16.85738,0
,102.47667,16.85683,0
,102.47334,16.85496,0
,102.47317,16.85488,0
,102.47288,16.85481,0
,102.47274,16.8548,0
,102.47247,16.8548,0
,102.47179,16.85486,0
,102.47023,16.85496,0
,102.47016,16.85496,0
,102.46751,16.85518,0
,102.45912,16.85576,0
,102.45802,16.8559,0
,102.45768,16.85599,0
,102.45735,16.85611,0
,102.45657,16.85634,0
,102.45654,16.85634,0
,102.45653,16.85635,0
,102.45646,16.85636,0
,102.45645,16.85637,0
,102.45641,16.85637,0
,102.4564,16.85638,0
,102.45637,16.85638,0
,102.45636,16.85639,0
,102.45633,16.85639,0
,102.45632,16.8564,0
,102.45608,16.85642,0
,102.45594,16.85642,0
,102.45578,16.85643,0
,102.45555,16.85641,0
,102.4553,16.85634,0
,102.45504,16.85628,0
,102.45414,16.85602,0
,102.45394,16.85598,0
,102.4534,16.85591,0
,102.45304,16.85589,0
,102.45258,16.85584,0
,102.45224,16.85579,0
,102.45179,16.85574,0
,102.45106,16.85569,0
,102.45014,16.85556,0
,102.4498,16.85553,0
,102.44944,16.85544,0
,102.44913,16.85534,0
,102.44886,16.85527,0
,102.44865,16.85519,0
,102.44818,16.85506,0
,102.44782,16.85494,0
,102.44757,16.85489,0
,102.44736,16.85486,0
,102.44717,16.85486,0
,102.44699,16.85487,0
,102.44682,16.85489,0
,102.4466,16.85493,0
,102.44601,16.85501,0
,102.4458,16.85503,0
,102.44554,16.85509,0
,102.44503,16.85516,0
,102.44464,16.85517,0
,102.44431,16.85515,0
,102.44404,16.85512,0
,102.44372,16.85511,0
,102.44325,16.85507,0
,102.44309,16.85507,0
,102.44283,16.85513,0
,102.44265,16.85518,0
,102.44253,16.85522,0
,102.44116,16.8556,0
,102.44078,16.85566,0
,102.4399,16.85566,0
,102.43936,16.85563,0
,102.43893,16.85562,0
,102.43783,16.85567,0
,102.43362,16.8561,0
,102.43276,16.85623,0
,102.43199,16.85639,0
,102.43143,16.85648,0
,102.43114,16.85651,0
,102.42972,16.85659,0
,102.42953,16.85659,0
,102.42911,16.85664,0
,102.42861,16.85667,0
,102.42681,16.85684,0
,102.42647,16.85691,0
,102.42611,16.85703,0
,102.42478,16.85752,0
,102.42246,16.85844,0
,102.42178,16.85869,0
,102.42127,16.85886,0
,102.4209,16.85896,0
,102.42062,16.85902,0
,102.42002,16.85912,0
,102.41986,16.85916,0
,102.41963,16.85925,0
,102.41939,16.85939,0
,102.41933,16.85942,0
,102.41885,16.85972,0
,102.41797,16.86023,0
,102.41754,16.86045,0
,102.41726,16.86058,0
,102.41478,16.86163,0
,102.41461,16.86171,0
,102.41307,16.86236,0
,102.41306,16.86237,0
,102.40907,16.86413,0
,102.40822,16.86452,0
,102.40804,16.86459,0
,102.40707,16.86502,0
,102.40672,16.86519,0
,102.40365,16.86652,0
,102.40352,16.86657,0
,102.402,16.86723,0
,102.40101,16.86763,0
,102.40097,16.86764,0
,102.3966,16.86939,0
,102.39582,16.86968,0
,102.39566,16.86971,0
,102.39556,16.86971,0
,102.39433,16.86956,0
,102.39418,16.86955,0
,102.39372,16.86949,0
,102.39317,16.86945,0
,102.39296,16.86946,0
,102.39291,16.86947,0
,102.39281,16.86954,0
,102.39265,16.86976,0
,102.39182,16.87157,0
,102.39146,16.87227,0
,102.39109,16.87288,0
,102.38983,16.87482,0
,102.38924,16.87577,0
,102.38923,16.87577,0
,102.38915,16.8759,0
,102.38913,16.87595,0
,102.38756,16.87841,0
,102.38736,16.87867,0
,102.38715,16.87892,0
,102.38704,16.87908,0
,102.3847,16.8816,0
,102.3846,16.88173,0
,102.38452,16.88185,0
,102.38367,16.88334,0
,102.38362,16.8834,0
,102.38354,16.88346,0
,102.38269,16.88374,0
,102.3832,16.8848,0
,102.38332,16.88502,0
,102.38351,16.88544,0
,102.3827,16.88577,0
,102.38263,16.88579,0
,102.38254,16.88583,0
,102.38207,16.88597,0
,102.38159,16.88608,0
,102.38127,16.88613,0
,102.37918,16.88622,0
,102.37809,16.88636,0
,102.37778,16.88639,0
,102.37758,16.88642,0
,102.37749,16.88644,0
,102.37675,16.88672,0
,102.37576,16.88715,0
,102.3745,16.88776,0
,102.37433,16.88786,0
,102.37419,16.88796,0
,102.37281,16.88916,0
,102.37195,16.88996,0
,102.37161,16.89032,0
,102.37116,16.89086,0
,102.37089,16.89121,0
,102.36985,16.89246,0
,102.36978,16.89253,0
,102.36967,16.89262,0
,102.36947,16.89272,0
,102.36867,16.89296,0
,102.36658,16.89354,0
,102.36557,16.8938,0
,102.36555,16.89382,0
,102.36552,16.89384,0
,102.36551,16.89387,0
,102.36549,16.89389,0
,102.36547,16.89397,0
,102.36546,16.89399,0
,102.36549,16.89428,0
,102.36549,16.89438,0
,102.36548,16.89438,0
,102.36545,16.89442,0
,102.36544,16.89443,0
,102.36541,16.89444,0
,102.36537,16.89445,0
,102.36459,16.89456,0
,102.36421,16.89458,0
,102.36425,16.895,0
,102.36442,16.89636,0
,102.36486,16.89868,0
,102.36489,16.89888,0
,102.36498,16.89926,0
,102.3654,16.90128,0
,102.36562,16.90259,0
,102.36564,16.90265,0
,102.36587,16.90362,0
,102.36612,16.90463,0
,102.36661,16.90649,0
,102.36681,16.90737,0
,102.36693,16.90801,0
,102.36693,16.90806,0
,102.36706,16.90879,0
,102.3676,16.91246,0
,102.36764,16.91281,0
,102.36767,16.91298,0
,102.3677,16.91322,0
,102.3678,16.91377,0
,102.3684,16.91635,0
,102.36844,16.91649,0
,102.36844,16.91652,0
,102.36848,16.91669,0
,102.36898,16.91884,0
,102.36908,16.91922,0
,102.36917,16.91968,0
,102.3685,16.91993,0
,102.36831,16.91999,0
,102.36805,16.92009,0
,102.36792,16.92015,0
,102.36769,16.92024,0
,102.36742,16.92033,0
,102.36655,16.92066,0
,102.36561,16.92105,0
,102.36557,16.92106,0
,102.36532,16.92118,0
,102.36522,16.92126,0
,102.36518,16.92131,0
,102.36508,16.92149,0
,102.36476,16.92213,0
,102.36474,16.92223,0
,102.36473,16.92226,0
,102.36473,16.92232,0
,102.36474,16.92235,0
,102.36474,16.92239,0
,102.36488,16.92291,0
,102.36491,16.92304,0
,102.36487,16.92308,0
,102.36431,16.92349,0
,102.36403,16.92372,0
,102.36403,16.92373,0
,102.3639,16.92383,0
,102.36389,16.92385,0
,102.36375,16.924,0
,102.36366,16.92413,0
,102.36353,16.92436,0
,102.36333,16.92489,0
,102.36293,16.92549,0
,102.36155,16.92747,0
,102.36084,16.92838,0
,102.36018,16.92918,0
,102.35973,16.92966,0
,102.35952,16.92991,0
,102.35911,16.93033,0
,102.35902,16.93044,0
,102.35846,16.93102,0
,102.35816,16.93139,0
,102.35795,16.93167,0
,102.35795,16.93169,0
,102.35781,16.93187,0
,102.35726,16.93276,0
,102.35673,16.93358,0
,102.35614,16.93444,0
,102.35597,16.93467,0
,102.35447,16.93688,0
,102.35439,16.93698,0
,102.35429,16.93714,0
,102.35384,16.9378,0
,102.3527,16.9396,0
,102.35226,16.94038,0
,102.35225,16.94041,0
,102.35192,16.94114,0
,102.35177,16.94151,0
,102.35162,16.94193,0
,102.35128,16.94276,0
,102.35098,16.94339,0
,102.35079,16.9437,0
,102.35077,16.94374,0
,102.35039,16.9443,0
,102.34998,16.94481,0
,102.34993,16.94488,0
,102.34954,16.94531,0
,102.3493,16.94555,0
,102.34926,16.9456,0
,102.34864,16.94616,0
,102.34848,16.94626,0
,102.34766,16.94669,0
,102.34749,16.94677,0
,102.34746,16.94679,0
,102.34478,16.94807,0
,102.34407,16.94839,0
,102.34367,16.94862,0
,102.34345,16.94879,0
,102.34332,16.94892,0
,102.34306,16.94921,0
,102.34278,16.94956,0
,102.34211,16.95029,0
,102.34092,16.95162,0
,102.3409,16.95163,0
,102.33982,16.95281,0
,102.33953,16.95308,0
,102.33866,16.95378,0
,102.33716,16.95484,0
,102.33702,16.95495,0
,102.33683,16.95507,0
,102.33633,16.95526,0
,102.33612,16.95542,0
,102.33449,16.95652,0
,102.33426,16.95669,0
,102.33407,16.9568,0
,102.33388,16.95688,0
,102.3335,16.95702,0
,102.33037,16.95801,0
,102.33006,16.95812,0
,102.32442,16.95974,0
,102.32411,16.95982,0
,102.32393,16.95988,0
,102.32243,16.96031,0
,102.32209,16.96039,0
,102.32027,16.96095,0
,102.31969,16.96109,0
,102.31673,16.962,0
,102.31519,16.96244,0
,102.31478,16.96257,0
,102.31445,16.9627,0
,102.31315,16.96329,0
,102.31109,16.96418,0
,102.31109,16.96419,0
,102.31058,16.96441,0
,102.30912,16.96469,0
,102.30852,16.96475,0
,102.30801,16.96485,0
,102.30583,16.96533,0
,102.30455,16.96545,0
,102.30397,16.96548,0
,102.30247,16.96549,0
,102.3022,16.96546,0
,102.30154,16.96541,0
,102.30106,16.96535,0
,102.30105,16.96534,0
,102.30082,16.96531,0
,102.30009,16.96517,0
,102.29661,16.96471,0
,102.29637,16.96467,0
,102.29633,16.96467,0
,102.29601,16.96464,0
,102.29529,16.96464,0
,102.29396,16.96455,0
,102.29358,16.96456,0
,102.29326,16.96459,0
,102.2929,16.96461,0
,102.29141,16.96474,0
,102.28669,16.96504,0
,102.28626,16.96511,0
,102.28614,16.96514,0
,102.28421,16.96587,0
,102.2835,16.96609,0
,102.28325,16.96617,0
,102.28283,16.96622,0
,102.28133,16.96661,0
,102.27986,16.96713,0
,102.27894,16.96738,0
,102.27836,16.96617,0
,102.27771,16.96472,0
,102.27713,16.96487,0
,102.27665,16.96505,0
,102.27565,16.96536,0
,102.27519,16.96554,0
,102.27417,16.96586,0
,102.27395,16.96592,0
,102.27373,16.966,0
,102.27123,16.96677,0
,102.26979,16.96725,0
,102.26947,16.96734,0
,102.26938,16.96739,0
,102.26906,16.96753,0
,102.26891,16.96763,0
,102.26875,16.96783,0
,102.26859,16.96795,0
,102.26816,16.96834,0
,102.268,16.96853,0
,102.26785,16.96877,0
,102.26773,16.969,0
,102.26761,16.96936,0
,102.2675,16.97015,0

,102.2675,16.97015,0
,102.26746,16.97053,0
,102.26741,16.97085,0
,102.26738,16.97097,0
,102.26732,16.97109,0
,102.26719,16.97131,0
,102.26711,16.97141,0
,102.26695,16.97158,0
,102.26686,16.97164,0
,102.26643,16.97189,0
,102.26564,16.97223,0
,102.26553,16.97231,0
,102.26547,16.97237,0
,102.2654,16.97246,0
,102.26534,16.97256,0
,102.26522,16.97285,0
,102.26482,16.97403,0
,102.2648,16.97412,0
,102.26478,16.97429,0
,102.26482,16.97486,0
,102.26482,16.97498,0
,102.26481,16.97503,0
,102.26481,16.97506,0
,102.26478,16.97515,0
,102.26462,16.97544,0
,102.26457,16.97549,0
,102.26353,16.97633,0
,102.26281,16.9771,0
,102.26277,16.97713,0
,102.26245,16.97757,0
,102.26236,16.97777,0
,102.26233,16.97799,0
,102.26233,16.97931,0
,102.26237,16.98025,0
,102.26237,16.98123,0
,102.26241,16.98226,0
,102.26241,16.98261,0
,102.26238,16.98283,0
,102.26226,16.98314,0
,102.26219,16.98329,0
,102.26211,16.98341,0
,102.26081,16.98566,0
,102.25973,16.98765,0
,102.25958,16.98813,0
,102.25927,16.98974,0
,102.25912,16.99028,0
,102.25894,16.99072,0
,102.25889,16.99081,0
,102.2588,16.99091,0
,102.25872,16.99096,0
,102.2581,16.99123,0
,102.25783,16.99133,0
,102.25611,16.99215,0
,102.25548,16.99248,0
,102.25525,16.99262,0
,102.25492,16.99285,0
,102.25447,16.99325,0
,102.25415,16.99358,0
,102.25406,16.99369,0
,102.25398,16.99377,0
,102.2535,16.99432,0
,102.25319,16.99464,0
,102.253,16.99477,0
,102.25268,16.99492,0
,102.25246,16.99497,0
,102.25012,16.99533,0
,102.24931,16.9955,0
,102.24676,16.99624,0
,102.2454,16.99667,0
,102.24327,16.99725,0
,102.2423,16.99744,0
,102.24169,16.99754,0
,102.23991,16.99791,0
,102.23974,16.99793,0
,102.23972,16.99794,0
,102.23742,16.99803,0
,102.23696,16.99802,0
,102.23674,16.99803,0
,102.23598,16.998,0
,102.23511,16.99791,0
,102.2331,16.99763,0
,102.23301,16.99761,0
,102.23281,16.99759,0
,102.23191,16.99771,0
,102.23178,16.99772,0
,102.23167,16.99774,0
,102.23154,16.99778,0
,102.23123,16.9979,0
,102.2311,16.99797,0
,102.2303,16.99849,0
,102.22703,17.00044,0
,102.21551,17.00723,0
,102.21512,17.00743,0
,102.21295,17.00846,0
,102.21278,17.00856,0
,102.21261,17.00868,0
,102.21241,17.00887,0
,102.21228,17.00902,0
,102.21215,17.00919,0
,102.212,17.0095,0
,102.21191,17.00976,0
,102.21186,17.01003,0
,102.21185,17.01024,0
,102.21186,17.01135,0
,102.21187,17.01142,0
,102.21187,17.01214,0
,102.21183,17.01241,0
,102.21178,17.01258,0
,102.21172,17.01273,0
,102.21035,17.0161,0
,102.21019,17.0164,0
,102.21009,17.01656,0
,102.20996,17.01674,0
,102.20973,17.01698,0
,102.20937,17.01725,0
,102.20907,17.01743,0
,102.20861,17.01764,0
,102.20757,17.01792,0
,102.20575,17.01835,0
,102.20573,17.01836,0
,102.2052,17.01849,0
,102.205,17.01855,0
,102.20359,17.01887,0
,102.20321,17.01901,0
,102.20292,17.01916,0
,102.2026,17.01944,0
,102.2024,17.01968,0
,102.20232,17.01984,0
,102.20224,17.02003,0
,102.20216,17.02037,0
,102.20154,17.02502,0
,102.20149,17.02528,0
,102.20131,17.0256,0
,102.20121,17.02572,0
,102.20108,17.02584,0
,102.20039,17.02632,0
,102.19943,17.02695,0
,102.19836,17.0278,0
,102.19761,17.02852,0
,102.19659,17.02945,0
,102.19638,17.02972,0
,102.19597,17.03018,0
,102.19502,17.03155,0
,102.19475,17.03201,0
,102.19472,17.03205,0
,102.19305,17.03515,0
,102.19301,17.03525,0
,102.19297,17.03542,0
,102.19298,17.03835,0
,102.19296,17.03849,0
,102.19288,17.03878,0
,102.19275,17.03906,0
,102.19261,17.03934,0
,102.19229,17.03976,0
,102.19211,17.03991,0
,102.192,17.03998,0
,102.19171,17.04012,0
,102.19132,17.04027,0
,102.19054,17.04061,0
,102.19021,17.0408,0
,102.19015,17.04069,0
,102.1899,17.04079,0
,102.18978,17.04076,0
,102.18963,17.0407,0
,102.18852,17.04015,0
,102.18803,17.04002,0
,102.18735,17.03992,0
,102.18728,17.03993,0
,102.1866,17.03992,0
,102.18538,17.03984,0
,102.18507,17.0398,0
,102.18452,17.03978,0
,102.18419,17.03979,0
,102.18392,17.03982,0
,102.18365,17.03987,0
,102.18223,17.04052,0
,102.18186,17.04063,0
,102.18098,17.04093,0
,102.18059,17.04109,0
,102.18036,17.04118,0
,102.17824,17.04231,0
,102.17807,17.04239,0
,102.17797,17.04245,0
,102.17751,17.04266,0
,102.17687,17.04288,0
,102.17635,17.04302,0
,102.17561,17.04327,0
,102.17538,17.04332,0
,102.17452,17.04344,0
,102.17371,17.04352,0
,102.17217,17.04373,0
,102.17181,17.04372,0
,102.17037,17.0436,0
,102.16997,17.04358,0
,102.16951,17.04358,0
,102.16922,17.0436,0
,102.1687,17.04369,0
,102.1687,17.0437,0
,102.16852,17.04375,0
,102.16848,17.04377,0
,102.16823,17.04385,0
,102.16783,17.04404,0
,102.16761,17.04416,0
,102.16701,17.04461,0
,102.16682,17.04478,0
,102.16631,17.0453,0
,102.16575,17.04583,0
,102.16516,17.04631,0
,102.1648,17.04657,0
,102.16411,17.04702,0
,102.1632,17.04765,0
,102.16319,17.04765,0
,102.16299,17.0478,0
,102.16168,17.0486,0
,102.16122,17.04885,0
,102.1601,17.04937,0
,102.15995,17.04944,0
,102.15977,17.04951,0
,102.15976,17.04951,0
,102.15967,17.04956,0
,102.15941,17.04966,0
,102.15909,17.04981,0
,102.15856,17.05001,0
,102.15685,17.05074,0
,102.15684,17.05075,0
,102.15648,17.05086,0
,102.1558,17.05104,0
,102.15523,17.05108,0
,102.15519,17.05109,0
,102.15468,17.05114,0
,102.15443,17.05114,0
,102.15335,17.05136,0
,102.15334,17.05136,0
,102.15237,17.05168,0
,102.15159,17.05203,0
,102.15026,17.0527,0
,102.1493,17.05249,0
,102.14854,17.05203,0
,102.14563,17.05006,0
,102.14475,17.04958,0
,102.14438,17.04945,0
,102.1443,17.04941,0
,102.14398,17.0493,0
,102.14317,17.04921,0
,102.14222,17.04923,0
,102.14204,17.04929,0
,102.14145,17.04944,0
,102.14113,17.04966,0
,102.14095,17.05002,0
,102.14068,17.05042,0
,102.14041,17.05064,0
,102.14028,17.05073,0
,102.13958,17.05098,0
,102.13859,17.05105,0
,102.1357,17.05095,0
,102.1352,17.0509,0
,102.13502,17.05095,0
,102.13478,17.05122,0
,102.13459,17.05142,0
,102.13421,17.05164,0
,102.13287,17.05222,0
,102.13077,17.05294,0
,102.12982,17.05304,0
,102.12984,17.05207,0
,102.12991,17.0514,0
,102.1301,17.05037,0
,102.13037,17.04867,0
,102.13043,17.04835,0
,102.13045,17.04787,0
,102.12987,17.04787,0
,102.12937,17.04785,0
,102.12927,17.04783,0
,102.1292,17.04779,0
,102.12912,17.04712,0
,102.12909,17.04704,0
,102.12904,17.04698,0
,102.12786,17.0469,0
,102.12748,17.04679,0
,102.12722,17.04665,0
,102.12699,17.04644,0
,102.12677,17.04615,0
,102.12647,17.04547,0
,102.12641,17.04537,0
,102.12632,17.04529,0
,102.12626,17.04527,0
,102.12621,17.04524,0
,102.126,17.0452,0
,102.12527,17.04518,0
,102.12502,17.04513,0
,102.12489,17.04507,0
,102.12445,17.04481,0
,102.12443,17.04479,0
,102.12439,17.04478,0
,102.12369,17.04446,0
,102.12212,17.04391,0
,102.1214,17.04375,0
,102.11753,17.04327,0
,102.11695,17.04304,0
,102.11639,17.04268,0
,102.11625,17.04256,0
,102.11596,17.04242,0
,102.11561,17.04233,0
,102.11176,17.04226,0
,102.10937,17.04227,0
,102.10852,17.04231,0
,102.10821,17.04231,0
,102.10818,17.04232,0
,102.10777,17.04239,0
,102.10738,17.04249,0
,102.10653,17.04265,0
,102.10196,17.04373,0
,102.10144,17.04381,0
,102.1006,17.04376,0
,102.09882,17.04351,0
,102.09525,17.04259,0
,102.09518,17.04258,0
,102.0945,17.04232,0
,102.09396,17.04208,0
,102.09299,17.04146,0
,102.09272,17.04134,0
,102.0925,17.0413,0
,102.09186,17.04138,0
,102.09061,17.04161,0
,102.0881,17.04202,0
,102.08617,17.04244,0
,102.08586,17.04257,0
,102.08391,17.0437,0
,102.07882,17.04676,0
,102.07839,17.04695,0
,102.07824,17.04702,0
,102.07806,17.04705,0
,102.06895,17.04701,0
,102.06462,17.04706,0
,102.05874,17.04905,0
,102.05597,17.0499,0
,102.0529,17.05146,0
,102.05179,17.05206,0
,102.05186,17.05222,0
,102.05212,17.05274,0
,102.05228,17.05313,0
,102.05242,17.05359,0
,102.05248,17.05385,0
,102.05249,17.05414,0
,102.05248,17.05426,0
,102.05238,17.0548,0
,102.0514,17.05892,0
,102.05139,17.05899,0
,102.05071,17.06191,0
,102.05068,17.06216,0
,102.05067,17.06237,0
,102.05069,17.06255,0
,102.05078,17.06286,0
,102.05081,17.06294,0
,102.05174,17.06491,0
,102.0518,17.0651,0
,102.05188,17.06555,0
,102.05176,17.06623,0
,102.05164,17.06675,0
,102.05164,17.06676,0
,102.05145,17.06746,0
,102.05121,17.06807,0
,102.05107,17.06835,0
,102.05071,17.06887,0
,102.05032,17.06928,0
,102.04995,17.06958,0
,102.04977,17.06968,0
,102.04959,17.06974,0
,102.04917,17.06983,0
,102.0484,17.06989,0
,102.04723,17.07002,0
,102.04667,17.07006,0
,102.04654,17.07008,0
,102.04524,17.07014,0
,102.04499,17.07013,0
,102.0446,17.07009,0
,102.04426,17.07001,0
,102.04408,17.06995,0
,102.04371,17.06979,0
,102.04281,17.06925,0
,102.04147,17.06817,0
,102.04118,17.06792,0
,102.04105,17.06783,0
,102.04014,17.06705,0
,102.03992,17.06688,0
,102.03964,17.06664,0
,102.03837,17.06571,0
,102.03787,17.06542,0
,102.03678,17.0647,0
,102.03612,17.06434,0
,102.03583,17.06422,0
,102.03449,17.06376,0
,102.03418,17.06368,0
,102.03234,17.06328,0
,102.03223,17.0634,0
,102.03164,17.06392,0
,102.03151,17.06398,0
,102.03137,17.064,0
,102.03049,17.06401,0
,102.03061,17.06466,0
,102.03071,17.06485,0
,102.03072,17.06489,0
,102.03075,17.06497,0
,102.03075,17.06502,0
,102.03072,17.06508,0
,102.03067,17.06512,0
,102.03061,17.06514,0
,102.03007,17.06512,0
,102.02935,17.06514,0
,102.02869,17.06528,0
,102.02778,17.06554,0
,102.02774,17.06556,0
,102.02773,17.06557,0
,102.02654,17.06596,0
,102.02652,17.06597,0
,102.0252,17.06634,0
,102.02448,17.06649,0
,102.02443,17.06651,0
,102.02377,17.0667,0
,102.02361,17.06677,0
,102.02255,17.06712,0
,102.02141,17.06756,0
,102.02119,17.06766,0
,102.02097,17.06781,0
,102.0206,17.0681,0
,102.02056,17.06814,0
,102.01911,17.06932,0
,102.01877,17.06957,0
,102.01702,17.07107,0
,102.0164,17.07155,0
,102.01585,17.07193,0
,102.01584,17.07194,0
,102.01396,17.0731,0
,102.01355,17.07333,0
,102.01125,17.07442,0
,102.01096,17.0746,0
,102.0105,17.07492,0
,102.0102,17.0752,0
,102.00998,17.07544,0
,102.00959,17.07599,0
,102.00914,17.07669,0
,102.00882,17.0773,0
,102.00861,17.07779,0
,102.00814,17.07899,0
,102.00777,17.07984,0
,102.00754,17.08042,0
,102.00735,17.08082,0
,102.00701,17.08144,0
,102.00685,17.08169,0
,102.00685,17.0817,0
,102.00558,17.08354,0
,102.0054,17.08383,0
,102.00487,17.08477,0
,102.00479,17.08494,0
,102.00386,17.08669,0
,102.00359,17.08713,0
,102.00255,17.08871,0
,102.00185,17.08969,0
,102.00118,17.09043,0
,102.00092,17.09067,0
,102.00044,17.09103,0
,102.00026,17.0911,0
,101.99957,17.09129,0
,101.99733,17.09173,0
,101.9973,17.09174,0
,101.99693,17.09182,0
,101.99679,17.09184,0
,101.9966,17.09188,0
,101.99658,17.09189,0
,101.99638,17.09193,0
,101.99566,17.09211,0
,101.99565,17.09212,0
,101.99515,17.09225,0
,101.99511,17.09227,0
,101.99497,17.0923,0
,101.99406,17.09255,0
,101.9904,17.09343,0
,101.9889,17.09369,0
,101.98875,17.09371,0
,101.98875,17.09372,0
,101.98712,17.09398,0
,101.98607,17.09428,0
,101.98525,17.09455,0
,101.98499,17.09466,0
,101.98481,17.09476,0
,101.98467,17.09487,0
,101.98456,17.095,0
,101.98424,17.09542,0
,101.98399,17.09578,0
,101.98385,17.09604,0
,101.98381,17.0961,0
,101.98355,17.09662,0
,101.98293,17.09842,0
,101.98232,17.10036,0
,101.98159,17.10019,0
,101.98102,17.10014,0
,101.98079,17.10015,0
,101.98039,17.1002,0
,101.98012,17.10026,0
,101.97746,17.10112,0
,101.97505,17.10195,0
,101.97173,17.103,0
,101.97069,17.10337,0
,101.9684,17.10411,0
,101.96695,17.10462,0
,101.96078,17.10655,0
,101.95821,17.10742,0
,101.95751,17.10768,0
,101.95617,17.10812,0
,101.95478,17.10853,0
,101.95449,17.10859,0
,101.9538,17.10865,0
,101.95201,17.10863,0
,101.95173,17.10864,0
,101.94774,17.10862,0
,101.94655,17.10859,0
,101.94558,17.10859,0
,101.94524,17.10862,0
,101.94514,17.10862,0
,101.94499,17.10865,0
,101.94487,17.10869,0
,101.94477,17.10872,0
,101.94469,17.10878,0
,101.94445,17.10903,0
,101.94291,17.11085,0
,101.94275,17.11109,0
,101.94164,17.11306,0
,101.94074,17.1145,0
,101.94001,17.1156,0
,101.93891,17.11735,0
,101.93891,17.11736,0
,101.93871,17.11765,0
,101.93854,17.11782,0
,101.93838,17.11795,0
,101.9382,17.11806,0
,101.93766,17.11833,0
,101.93692,17.11874,0
,101.93659,17.11895,0
,101.93604,17.11937,0
,101.93462,17.12061,0
,101.93402,17.12109,0
,101.9338,17.12121,0
,101.93362,17.12127,0
,101.93347,17.12129,0
,101.93338,17.12129,0
,101.93316,17.12126,0
,101.93303,17.12122,0
,101.93043,17.12006,0
,101.93019,17.11992,0
,101.93004,17.11981,0
,101.92982,17.11961,0
,101.92967,17.11945,0
,101.92623,17.11522,0
,101.92615,17.11518,0
,101.92606,17.11518,0
,101.92596,17.11519,0
,101.92482,17.1157,0
,101.92468,17.11573,0
,101.92451,17.1158,0
,101.9242,17.11588,0
,101.92365,17.11598,0
,101.92329,17.11606,0
,101.92284,17.11611,0
,101.92273,17.11613,0
,101.92192,17.11612,0
,101.9204,17.11596,0
,101.91992,17.11593,0
,101.91917,17.11594,0
,101.91425,17.11639,0
,101.91414,17.11639,0
,101.91382,17.11642,0
,101.91263,17.11651,0
,101.91107,17.11668,0
,101.90592,17.11714,0
,101.90487,17.11726,0
,101.90432,17.11738,0
,101.90387,17.11754,0
,101.90293,17.11796,0
,101.90162,17.11861,0
,101.90093,17.1189,0
,101.90053,17.11901,0
,101.89947,17.11926,0
,101.89932,17.11928,0
,101.89811,17.11955,0
,101.89753,17.11963,0
,101.8971,17.11967,0
,101.89431,17.11961,0
,101.89299,17.11954,0
,101.89221,17.11956,0
,101.8918,17.11963,0
,101.89117,17.11979,0
,101.89082,17.11992,0
,101.89005,17.12025,0
,101.88964,17.12051,0
,101.88964,17.12052,0
,101.887,17.12237,0
,101.88658,17.12262,0
,101.88621,17.12278,0
,101.88405,17.12339,0
,101.88279,17.12368,0
,101.88277,17.12369,0
,101.88144,17.12402,0
,101.88122,17.12406,0
,101.87991,17.12437,0
,101.87952,17.12449,0
,101.87947,17.1245,0
,101.87834,17.12462,0
,101.87684,17.12468,0
,101.87677,17.12469,0
,101.87575,17.1247,0
,101.87505,17.12462,0
,101.87171,17.12415,0
,101.87168,17.12415,0
,101.87165,17.12414,0
,101.87131,17.12409,0
,101.87106,17.12405,0
,101.87001,17.12383,0
,101.86843,17.1234,0
,101.86842,17.1234,0
,101.86716,17.12305,0
,101.86716,17.12304,0
,101.86623,17.12281,0
,101.86431,17.12225,0
,101.86418,17.12222,0
,101.86248,17.12173,0
,101.86241,17.12172,0
,101.86089,17.12131,0
,101.86013,17.12106,0
,101.8599,17.12103,0
,101.85985,17.121,0
,101.85979,17.12098,0
,101.85966,17.12125,0
,101.85961,17.12132,0
,101.85954,17.12145,0
,101.85948,17.12159,0
,101.8589,17.12275,0
,101.85877,17.12269,0
,101.85871,17.12283,0
,101.85848,17.12327,0
,101.8559,17.12234,0
,101.85525,17.12213,0
,101.85524,17.12212,0
,101.85433,17.12182,0
,101.85208,17.1209,0
,101.85149,17.12063,0
,101.85101,17.12047,0
,101.85049,17.12032,0
,101.84997,17.12021,0
,101.84937,17.12012,0
,101.84893,17.12008,0
,101.84737,17.12,0
,101.84697,17.11995,0
,101.84686,17.11992,0
,101.84663,17.1198,0
,101.84606,17.1193,0
,101.8452,17.11846,0
,101.84445,17.11789,0
,101.84395,17.11755,0
,101.84305,17.11699,0
,101.84273,17.11676,0
,101.84245,17.11649,0
,101.84218,17.11615,0
,101.84135,17.11499,0
,101.84051,17.11383,0
,101.84034,17.11362,0
,101.84024,17.11348,0
,101.83993,17.11311,0
,101.83975,17.11295,0
,101.83959,17.11279,0
,101.83815,17.1117,0
,101.83797,17.11159,0
,101.83766,17.11151,0
,101.83758,17.11151,0
,101.8375,17.1115,0
,101.83733,17.11152,0
,101.83717,17.11157,0
,101.83635,17.11196,0
,101.83439,17.11295,0
,101.83435,17.11296,0
,101.83227,17.11402,0
,101.83173,17.1143,0
,101.83149,17.11441,0
,101.83119,17.11457,0
,101.83066,17.11482,0
,101.83009,17.11505,0
,101.8298,17.11513,0
,101.82965,17.11515,0
,101.82923,17.11516,0
,101.82898,17.11513,0
,101.82852,17.11505,0
,101.82747,17.11482,0
,101.82724,17.11478,0
,101.82681,17.11468,0
,101.82674,17.11467,0
,101.82672,17.11466,0
,101.82578,17.11446,0
,101.8246,17.11424,0
,101.82411,17.11423,0
,101.8239,17.11425,0
,101.82376,17.11428,0
,101.82368,17.11429,0
,101.8193,17.11536,0
,101.81898,17.11548,0
,101.81602,17.11617,0
,101.81554,17.11624,0
,101.81505,17.11626,0
,101.81438,17.11624,0
,101.814,17.11621,0
,101.81398,17.1162,0
,101.81355,17.11616,0
,101.81337,17.11612,0
,101.81329,17.11609,0
,101.81317,17.11603,0
,101.81309,17.11617,0
,101.81304,17.11632,0
,101.81301,17.11889,0
,101.8129,17.11946,0
,101.81285,17.11963,0
,101.81284,17.11969,0
,101.8128,17.11976,0
,101.8127,17.11985,0
,101.81245,17.12001,0
,101.81208,17.12015,0
,101.81183,17.12021,0
,101.81162,17.12021,0
,101.81135,17.12019,0
,101.81108,17.12013,0
,101.81064,17.11994,0
,101.81041,17.11982,0
,101.8096,17.11952,0
,101.80905,17.11938,0
,101.80888,17.11936,0
,101.80854,17.11934,0
,101.80776,17.1194,0
,101.80735,17.11948,0
,101.80639,17.11977,0
,101.80594,17.11981,0
,101.80413,17.11958,0
,101.8036,17.11958,0
,101.80304,17.11966,0
,101.80277,17.11975,0
,101.80272,17.11976,0
,101.80238,17.11989,0
,101.80169,17.12025,0
,101.80078,17.1209,0
,101.80033,17.1212,0
,101.79976,17.12151,0
,101.79949,17.12162,0
,101.79916,17.12171,0
,101.79868,17.12175,0
,101.79843,17.1217,0
,101.79807,17.12166,0
,101.79775,17.1217,0
,101.79766,17.12174,0
,101.79757,17.1218,0
,101.79752,17.12181,0
,101.79738,17.12189,0
,101.7973,17.12192,0
,101.79687,17.12217,0
,101.7961,17.12277,0
,101.79585,17.12289,0
,101.7957,17.12295,0
,101.79567,17.12297,0
,101.79524,17.12312,0
,101.79409,17.12347,0
,101.79408,17.12348,0
,101.79364,17.12358,0
,101.7935,17.1236,0
,101.7934,17.1236,0
,101.79314,17.12357,0
,101.79272,17.1235,0
,101.79243,17.12349,0
,101.79164,17.12359,0
,101.79119,17.12362,0
,101.7905,17.12371,0
,101.79028,17.12372,0
,101.78946,17.1237,0
,101.78938,17.12371,0
,101.78931,17.12373,0
,101.78885,17.12399,0
,101.78884,17.124,0
,101.78853,17.1242,0
,101.78826,17.12441,0
,101.78799,17.1246,0
,101.78791,17.1247,0
,101.78782,17.12494,0
,101.78782,17.12495,0
,101.78775,17.12511,0
,101.78775,17.12512,0
,101.78766,17.12531,0
,101.78753,17.12555,0
,101.78747,17.12564,0
,101.78739,17.12574,0
,101.78697,17.12618,0
,101.78683,17.12628,0
,101.78682,17.12629,0
,101.78668,17.12638,0
,101.78666,17.1264,0
,101.78656,17.12645,0
,101.78643,17.1265,0
,101.78622,17.12656,0
,101.78583,17.12665,0
,101.78579,17.12667,0
,101.78404,17.12711,0
,101.78379,17.12716,0
,101.78288,17.12718,0
,101.78284,17.12717,0
,101.78279,17.12717,0
,101.78259,17.12714,0
,101.78174,17.12684,0
,101.78051,17.12648,0
,101.78049,17.12658,0
,101.7804,17.12677,0
,101.78034,17.12686,0
,101.7802,17.12703,0
,101.77992,17.12733,0
,101.7799,17.12734,0
,101.77975,17.12749,0
,101.77938,17.12782,0
,101.77907,17.12802,0
,101.77907,17.12803,0
,101.7789,17.12811,0
,101.77885,17.12814,0
,101.77856,17.12826,0
,101.77855,17.12827,0
,101.77826,17.12837,0
,101.77821,17.12838,0
,101.77816,17.1284,0
,101.77804,17.12842,0
,101.77802,17.12842,0
,101.77782,17.12847,0
,101.7775,17.12853,0
,101.77747,17.12853,0
,101.77728,17.12856,0
,101.7772,17.12858,0
,101.7771,17.12859,0
,101.77619,17.12875,0
,101.77562,17.12884,0
,101.77515,17.12891,0
,101.77498,17.12891,0
,101.77487,17.12889,0
,101.77469,17.12883,0
,101.77441,17.12869,0
,101.77424,17.12858,0
,101.77408,17.12849,0
,101.77398,17.12845,0
,101.77384,17.12841,0
,101.77376,17.1284,0
,101.7733,17.12845,0
,101.77312,17.12849,0
,101.77277,17.12863,0
,101.77189,17.12905,0
,101.77161,17.12916,0
,101.77135,17.1292,0
,101.7712,17.1292,0
,101.77102,17.12917,0
,101.77059,17.12905,0
,101.77044,17.12902,0
,101.77015,17.12899,0
,101.76988,17.12899,0
,101.76925,17.12908,0
,101.76903,17.12914,0
,101.76891,17.12916,0
,101.76852,17.1293,0
,101.76805,17.12952,0
,101.768,17.12955,0
,101.76215,17.13234,0
,101.76105,17.13286,0
,101.7608,17.13294,0
,101.76062,17.13296,0
,101.76037,17.13293,0
,101.76024,17.1329,0
,101.75988,17.13279,0
,101.75971,17.13273,0
,101.75919,17.13255,0
,101.7588,17.13252,0
,101.75865,17.13254,0
,101.75836,17.13263,0
,101.75791,17.13281,0
,101.75788,17.13283,0
,101.75779,17.13286,0
,101.75774,17.13289,0
,101.75706,17.13319,0
,101.75703,17.13321,0
,101.74941,17.13656,0
,101.74925,17.13664,0
,101.74635,17.13791,0
,101.74634,17.13791,0
,101.74566,17.13822,0
,101.74559,17.13824,0
,101.7452,17.13842,0
,101.74515,17.13845,0
,101.74504,17.1385,0
,101.745,17.13853,0
,101.74449,17.13883,0
,101.74378,17.13937,0
,101.74376,17.13938,0
,101.74363,17.13947,0
,101.7436,17.1395,0
,101.7414,17.14112,0
,101.74091,17.14149,0
,101.74063,17.14168,0
,101.74023,17.14191,0
,101.73938,17.14233,0
,101.73906,17.14247,0
,101.73893,17.1425,0
,101.73878,17.1425,0
,101.73872,17.14249,0
,101.73859,17.14244,0
,101.73844,17.14236,0
,101.73728,17.14166,0
,101.73718,17.14165,0
,101.73711,17.14164,0
,101.73692,17.14167,0
,101.73686,17.14169,0
,101.73583,17.14215,0
,101.7356,17.14223,0
,101.73002,17.14336,0
,101.72772,17.14374,0
,101.72715,17.14376,0
,101.72685,17.14375,0
,101.72666,17.14373,0
,101.72629,17.14367,0
,101.7247,17.14329,0
,101.724,17.14309,0
,101.7237,17.14302,0
,101.72226,17.14262,0
,101.72192,17.14254,0
,101.72108,17.1423,0
,101.72098,17.14228,0
,101.72012,17.14205,0
,101.71868,17.14166,0
,101.71705,17.14123,0
,101.71703,17.14122,0
,101.71685,17.14118,0
,101.71379,17.14035,0
,101.71379,17.14034,0
,101.71359,17.14029,0
,101.71269,17.14002,0
,101.71209,17.13982,0
,101.71147,17.13957,0
,101.7114,17.13955,0
,101.7088,17.13841,0
,101.70774,17.13799,0
,101.70773,17.13798,0
,101.70705,17.13769,0
,101.70643,17.13734,0
,101.70581,17.13696,0
,101.70544,17.13671,0
,101.70542,17.13669,0
,101.70419,17.13586,0
,101.70409,17.13578,0
,101.70402,17.13574,0
,101.70349,17.13538,0
,101.70347,17.13536,0
,101.70317,17.13516,0
,101.70286,17.13499,0
,101.70283,17.13498,0
,101.70255,17.13485,0
,101.70248,17.13483,0
,101.70185,17.13458,0
,101.70108,17.13432,0
,101.70106,17.13432,0
,101.69945,17.13385,0
,101.69737,17.13317,0
,101.69711,17.1331,0
,101.69688,17.13308,0
,101.69676,17.13308,0
,101.69647,17.13314,0
,101.69579,17.13333,0
,101.69558,17.13336,0
,101.69547,17.13336,0
,101.69531,17.13334,0
,101.69518,17.1333,0
,101.69501,17.13323,0
,101.69423,17.13283,0
,101.6942,17.13281,0
,101.69321,17.13229,0
,101.69285,17.13208,0
,101.69269,17.132,0
,101.69264,17.13196,0
,101.69069,17.13088,0
,101.69041,17.13075,0
,101.69022,17.13068,0
,101.69004,17.13065,0
,101.68966,17.13061,0
,101.68756,17.13067,0
,101.68731,17.13069,0
,101.68088,17.13093,0
,101.68045,17.13089,0
,101.67347,17.13116,0
,101.67339,17.13117,0
,101.67323,17.13116,0
,101.67272,17.13117,0
,101.67255,17.13121,0
,101.67254,17.13121,0
,101.67233,17.13133,0
,101.67214,17.13158,0
,101.67214,17.13159,0
,101.67036,17.13476,0
,101.6702,17.13501,0
,101.66982,17.13553,0
,101.66966,17.13573,0
,101.66936,17.13605,0
,101.66868,17.13543,0
,101.66864,17.1354,0
,101.66855,17.1353,0
,101.66831,17.13508,0
,101.66673,17.13329,0
,101.66666,17.13322,0
,101.66638,17.13307,0
,101.66616,17.13299,0
,101.66576,17.13288,0
,101.66524,17.13277,0
,101.66515,17.13276,0
,101.66513,17.13275,0
,101.66431,17.13257,0
,101.66383,17.13245,0
,101.66215,17.13168,0
,101.66189,17.13159,0
,101.66158,17.13152,0
,101.66133,17.1315,0
,101.66096,17.13151,0
,101.6581,17.13179,0
,101.65751,17.13187,0
,101.65748,17.13187,0
,101.65736,17.1319,0
,101.65723,17.13192,0
,101.65694,17.13199,0
,101.65663,17.1321,0
,101.6563,17.13226,0
,101.65588,17.13241,0
,101.65566,17.13247,0
,101.65541,17.13257,0
,101.65435,17.13313,0
,101.65417,17.13325,0
,101.65395,17.13338,0
,101.65241,17.13413,0
,101.65203,17.13427,0
,101.65,17.13464,0
,101.64939,17.13471,0
,101.64931,17.13471,0
,101.6492,17.1347,0
,101.64907,17.13467,0
,101.64875,17.13456,0
,101.64856,17.13448,0
,101.64823,17.13442,0
,101.64794,17.13442,0
,101.64771,17.13444,0
,101.64654,17.13464,0
,101.64544,17.13493,0
,101.64485,17.13504,0
,101.64414,17.13512,0
,101.64233,17.13514,0
,101.64006,17.1353,0
,101.63973,17.13516,0
,101.63939,17.13498,0
,101.6392,17.13486,0
,101.63888,17.13463,0
,101.63845,17.13427,0
,101.63738,17.1332,0
,101.63724,17.13304,0
,101.63703,17.13271,0
,101.63678,17.13214,0
,101.63662,17.13158,0
,101.63638,17.13087,0
,101.63608,17.13023,0
,101.63365,17.12622,0
,101.6331,17.12545,0
,101.63296,17.12533,0
,101.63263,17.12509,0
,101.62575,17.12084,0
,101.62552,17.12071,0
,101.62458,17.12012,0
,101.62452,17.12009,0
,101.62412,17.1198,0
,101.62403,17.11972,0
,101.624,17.11967,0
,101.62397,17.11964,0
,101.62391,17.11954,0
,101.6239,17.11951,0
,101.62382,17.11936,0
,101.62346,17.11842,0
,101.62142,17.11265,0
,101.62115,17.11183,0
,101.62078,17.11058,0
,101.62072,17.11041,0
,101.62019,17.10864,0
,101.6199,17.10795,0
,101.61983,17.10782,0
,101.6195,17.10734,0
,101.61605,17.10265,0
,101.61493,17.10099,0
,101.61435,17.09992,0
,101.61433,17.09987,0
,101.61416,17.09955,0
,101.61391,17.09899,0
,101.61301,17.09604,0
,101.61278,17.09546,0
,101.61255,17.09498,0
,101.61242,17.09459,0
,101.61171,17.09169,0
,101.61152,17.09099,0
,101.61149,17.09085,0
,101.6113,17.0902,0
,101.61123,17.09003,0
,101.61114,17.08988,0
,101.61102,17.08973,0
,101.61046,17.0892,0
,101.6103,17.08898,0
,101.61026,17.08889,0
,101.61023,17.08878,0
,101.61021,17.08863,0
,101.61024,17.08721,0
,101.61023,17.08701,0
,101.6102,17.08685,0
,101.61015,17.08668,0
,101.60997,17.0863,0
,101.60979,17.08601,0
,101.6095,17.08561,0
,101.60744,17.08302,0
,101.60713,17.08269,0
,101.60633,17.08198,0
,101.60462,17.08061,0
,101.60349,17.07963,0
,101.60339,17.07953,0
,101.60329,17.0794,0
,101.60319,17.0792,0
,101.60312,17.07901,0
,101.60221,17.07597,0
,101.60204,17.07521,0
,101.60192,17.07433,0
,101.60182,17.07385,0
,101.60171,17.07352,0
,101.60156,17.07318,0
,101.60147,17.07303,0
,101.60147,17.07302,0
,101.60139,17.07293,0
,101.60131,17.07286,0
,101.60121,17.07281,0
,101.60108,17.07277,0
,101.60095,17.07276,0
,101.60068,17.07276,0
,101.6003,17.0727,0
,101.60009,17.07263,0
,101.5999,17.07254,0
,101.59989,17.07254,0
,101.5996,17.07239,0
,101.59953,17.07234,0
,101.59947,17.07228,0
,101.59941,17.07219,0
,101.59939,17.07214,0
,101.59937,17.07179,0
,101.59935,17.07166,0
,101.59931,17.07153,0
,101.59925,17.07141,0
,101.59916,17.07127,0
,101.59901,17.07109,0
,101.59842,17.07029,0
,101.59837,17.0702,0
,101.59684,17.06795,0
,101.59682,17.06794,0
,101.5967,17.0678,0
,101.59657,17.06767,0
,101.59645,17.06758,0
,101.59626,17.06746,0
,101.59526,17.06698,0
,101.59394,17.06636,0
,101.59324,17.066,0
,101.59288,17.06579,0
,101.59226,17.06529,0
,101.59149,17.06459,0
,101.59108,17.06429,0
,101.59107,17.06429,0
,101.59089,17.06418,0
,101.59081,17.06412,0
,101.59076,17.06409,0
,101.59068,17.06406,0
,101.59057,17.064,0
,101.59047,17.06396,0
,101.59035,17.06394,0
,101.59021,17.06396,0
,101.59004,17.06401,0
,101.58891,17.0645,0
,101.58884,17.06452,0
,101.58842,17.06469,0
,101.58795,17.06486,0
,101.58779,17.0649,0
,101.58765,17.06492,0
,101.58751,17.06492,0
,101.58742,17.06489,0
,101.5873,17.06487,0
,101.58724,17.06484,0
,101.58706,17.06477,0
,101.58631,17.06431,0
,101.58588,17.06402,0
,101.5854,17.06376,0
,101.58519,17.0637,0
,101.58494,17.06365,0
,101.58456,17.06363,0
,101.58426,17.06363,0
,101.58344,17.06358,0
,101.58309,17.06353,0
,101.58251,17.06341,0
,101.58248,17.0634,0
,101.58211,17.06333,0
,101.58196,17.06333,0
,101.58185,17.06334,0
,101.58177,17.06336,0
,101.58176,17.06337,0
,101.58163,17.06342,0
,101.5816,17.06344,0
,101.5815,17.06349,0
,101.58145,17.06354,0
,101.58131,17.06364,0
,101.58109,17.06382,0
,101.5806,17.06418,0
,101.58008,17.0645,0
,101.57982,17.06462,0
,101.57966,17.06467,0
,101.57956,17.06469,0
,101.57927,17.06469,0
,101.57907,17.06464,0
,101.57897,17.0646,0
,101.57876,17.06447,0
,101.57856,17.0643,0
,101.57856,17.06429,0
,101.57847,17.06419,0
,101.5784,17.06405,0
,101.57821,17.06361,0
,101.57804,17.06336,0
,101.57787,17.06329,0
,101.5777,17.06324,0
,101.57752,17.06323,0
,101.57713,17.0633,0
,101.5768,17.0634,0
,101.57677,17.06342,0
,101.57522,17.06397,0
,101.57506,17.06401,0
,101.57472,17.06406,0
,101.57463,17.06408,0
,101.57233,17.0643,0
,101.57223,17.06432,0
,101.57196,17.06435,0
,101.57168,17.06445,0
,101.57154,17.06452,0
,101.57133,17.06465,0
,101.57019,17.06554,0
,101.57019,17.06555,0
,101.56964,17.06603,0
,101.56949,17.06614,0
,101.56918,17.0664,0
,101.5688,17.06675,0
,101.56786,17.06755,0
,101.56781,17.06758,0
,101.56734,17.06796,0
,101.56707,17.06813,0
,101.56679,17.06828,0
,101.56648,17.06832,0
,101.56553,17.06819,0
,101.5645,17.06802,0
,101.5643,17.06804,0
,101.56332,17.06819,0
,101.56304,17.06826,0
,101.56186,17.06864,0
,101.56147,17.06878,0
,101.5612,17.06885,0
,101.56118,17.06886,0
,101.56065,17.06899,0
,101.56063,17.069,0
,101.5604,17.06905,0
,101.56029,17.06906,0
,101.56027,17.06907,0
,101.55972,17.0691,0
,101.55928,17.06893,0
,101.55875,17.0687,0
,101.55848,17.06856,0
,101.55838,17.06851,0
,101.55821,17.06844,0
,101.55809,17.0684,0
,101.5577,17.06832,0
,101.55696,17.0682,0
,101.55644,17.06816,0
,101.5558,17.06808,0
,101.55557,17.06806,0
,101.55167,17.06769,0
,101.55165,17.06768,0
,101.5516,17.06768,0
,101.55123,17.06762,0
,101.55085,17.06754,0
,101.55025,17.06736,0
,101.54984,17.06717,0
,101.54979,17.06714,0
,101.54907,17.06686,0
,101.54866,17.06667,0
,101.54795,17.06646,0
,101.54498,17.06575,0
,101.54496,17.06574,0
,101.54446,17.06564,0
,101.54395,17.06544,0
,101.54321,17.06512,0
,101.5432,17.06511,0
,101.54186,17.06444,0
,101.54059,17.06385,0
,101.54053,17.06381,0
,101.5375,17.06235,0
,101.53664,17.06196,0
,101.53586,17.06158,0
,101.53582,17.06155,0
,101.53363,17.0605,0
,101.53322,17.06032,0
,101.53312,17.06026,0
,101.53278,17.06009,0
,101.53263,17.06,0
,101.53246,17.05992,0
,101.5324,17.05988,0
,101.5323,17.05983,0
,101.53214,17.05973,0
,101.53199,17.05962,0
,101.53185,17.0595,0
,101.5312,17.05875,0
,101.5306,17.05816,0
,101.53045,17.05805,0
,101.53029,17.05796,0
,101.53028,17.05795,0
,101.53009,17.05788,0
,101.52977,17.05774,0
,101.5296,17.05768,0
,101.52901,17.05751,0
,101.5269,17.05701,0
,101.5261,17.05689,0
,101.52587,17.05688,0
,101.5256,17.0569,0
,101.52528,17.05695,0
,101.5251,17.057,0
,101.52509,17.05701,0
,101.52497,17.05705,0
,101.52489,17.05709,0
,101.52465,17.05724,0
,101.52444,17.05743,0
,101.52376,17.05784,0
,101.52339,17.058,0
,101.52334,17.05801,0
,101.52328,17.05803,0
,101.52315,17.05804,0
,101.5231,17.05805,0
,101.52296,17.05805,0
,101.52293,17.05806,0
,101.52278,17.05804,0
,101.52271,17.05804,0
,101.52203,17.05788,0
,101.51916,17.05724,0
,101.51877,17.05721,0
,101.51862,17.05723,0
,101.5184,17.0573,0
,101.5179,17.05758,0
,101.51638,17.05872,0
,101.51556,17.05925,0
,101.51516,17.05943,0
,101.51409,17.05993,0
,101.51346,17.06017,0
,101.51329,17.06025,0
,101.5132,17.06028,0
,101.51314,17.06031,0
,101.51286,17.06037,0
,101.51271,17.06039,0
,101.51249,17.06039,0
,101.51201,17.06036,0
,101.51184,17.06037,0
,101.51177,17.06038,0
,101.51161,17.06045,0
,101.51153,17.0605,0
,101.51136,17.06066,0
,101.51132,17.06075,0
,101.5113,17.06079,0
,101.5113,17.06154,0
,101.51127,17.06171,0
,101.51127,17.06174,0
,101.51126,17.06175,0
,101.51121,17.06187,0
,101.51112,17.06201,0
,101.51094,17.06219,0
,101.51052,17.06254,0
,101.51052,17.06255,0
,101.50993,17.06303,0
,101.50953,17.06344,0
,101.50931,17.06372,0
,101.50925,17.06381,0
,101.50922,17.06384,0
,101.50914,17.06396,0
,101.50887,17.0643,0
,101.50815,17.06527,0
,101.50808,17.06544,0
,101.50805,17.06552,0
,101.50803,17.06565,0
,101.50802,17.06579,0
,101.50801,17.06583,0
,101.50801,17.06597,0
,101.50798,17.0662,0
,101.50793,17.06636,0
,101.50781,17.06658,0
,101.50773,17.06668,0
,101.50721,17.06717,0
,101.50706,17.06725,0
,101.50687,17.06734,0
,101.5068,17.06736,0
,101.50649,17.06739,0
,101.5059,17.06741,0
,101.5058,17.06743,0
,101.50579,17.06743,0
,101.50574,17.06746,0
,101.50564,17.06753,0
,101.5055,17.06767,0
,101.50547,17.06769,0
,101.50539,17.06781,0
,101.50516,17.0681,0
,101.50514,17.06812,0
,101.50514,17.06813,0
,101.50505,17.06824,0
,101.50455,17.06878,0
,101.50452,17.0688,0
,101.50443,17.06892,0
,101.50433,17.06903,0
,101.50429,17.06909,0
,101.50417,17.06923,0
,101.50407,17.06937,0
,101.50394,17.06963,0
,101.50379,17.07,0
,101.50373,17.07012,0
,101.50362,17.07025,0
,101.50348,17.07038,0
,101.50343,17.07041,0
,101.5034,17.07044,0
,101.50334,17.07048,0
,101.50307,17.07061,0
,101.50304,17.07061,0
,101.50294,17.07064,0
,101.50267,17.07061,0
,101.50254,17.07055,0
,101.50236,17.0704,0
,101.50222,17.07033,0
,101.5022,17.07031,0
,101.50207,17.07026,0
,101.50198,17.07025,0
,101.50184,17.07026,0
,101.50168,17.0703,0
,101.50167,17.07031,0
,101.50155,17.07035,0
,101.50121,17.07051,0
,101.50117,17.07052,0
,101.50079,17.07067,0
,101.50015,17.07087,0
,101.50011,17.07089,0
,101.49993,17.07094,0
,101.49989,17.07096,0
,101.49971,17.07102,0
,101.49947,17.07111,0
,101.49941,17.07115,0
,101.49932,17.07119,0
,101.49911,17.07134,0
,101.49898,17.07146,0
,101.49873,17.07173,0
,101.49845,17.07196,0
,101.49812,17.07219,0
,101.49739,17.07279,0
,101.49728,17.07291,0
,101.49717,17.07307,0
,101.49712,17.07319,0
,101.49708,17.07334,0
,101.49702,17.0737,0
,101.49701,17.07372,0
,101.49701,17.07376,0
,101.49693,17.07411,0
,101.49688,17.07425,0
,101.49681,17.07443,0
,101.49672,17.07457,0
,101.49662,17.0747,0
,101.49645,17.07487,0
,101.49643,17.0749,0
,101.49627,17.07505,0
,101.49614,17.07515,0
,101.49604,17.07524,0
,101.49586,17.07537,0
,101.49512,17.07585,0
,101.49416,17.07643,0
,101.49367,17.0767,0
,101.49352,17.0768,0
,101.49322,17.07695,0
,101.49309,17.077,0
,101.49296,17.07703,0
,101.49282,17.07705,0
,101.4924,17.07705,0
,101.49201,17.07703,0
,101.49157,17.07698,0
,101.49151,17.07698,0
,101.49084,17.07684,0
,101.49034,17.07677,0
,101.49015,17.07678,0
,101.48986,17.07684,0
,101.48973,17.07689,0
,101.48962,17.07695,0
,101.4895,17.077,0
,101.48891,17.07733,0
,101.4888,17.0774,0
,101.48875,17.07742,0
,101.48864,17.07749,0
,101.48863,17.07749,0
,101.48838,17.07768,0
,101.48828,17.0778,0
,101.48824,17.07786,0
,101.48818,17.07793,0
,101.48813,17.07807,0
,101.48809,17.07815,0
,101.48809,17.07818,0
,101.48807,17.07824,0
,101.48804,17.07842,0
,101.48797,17.07871,0
,101.48793,17.07895,0
,101.48774,17.07977,0
,101.48772,17.07982,0
,101.48757,17.08045,0
,101.48721,17.08149,0
,101.4872,17.08155,0
,101.48719,17.08155,0
,101.48696,17.08217,0
,101.48695,17.08218,0
,101.4868,17.08248,0
,101.48658,17.08275,0
,101.48642,17.08291,0
,101.48639,17.08295,0
,101.48618,17.08316,0
,101.48604,17.08337,0
,101.48598,17.08348,0
,101.48597,17.08348,0
,101.48595,17.08353,0
,101.48538,17.08447,0
,101.48499,17.08522,0
,101.48475,17.08577,0
,101.48469,17.08594,0
,101.48462,17.0861,0
,101.48436,17.08686,0
,101.48408,17.08751,0
,101.484,17.08764,0
,101.48391,17.08775,0
,101.48376,17.08785,0
,101.48366,17.08789,0
,101.48353,17.08791,0
,101.4833,17.08793,0
,101.4831,17.08793,0
,101.48296,17.08792,0
,101.48292,17.08791,0
,101.48283,17.0879,0
,101.48268,17.08786,0
,101.48257,17.08782,0
,101.48242,17.08774,0
,101.48223,17.08763,0
,101.48193,17.08737,0
,101.48146,17.08691,0
,101.48143,17.08687,0
,101.48134,17.08678,0
,101.48121,17.08667,0
,101.48115,17.08663,0
,101.48114,17.08662,0
,101.4808,17.08649,0
,101.48076,17.08647,0
,101.48062,17.08645,0
,101.48044,17.08641,0
,101.47969,17.0863,0
,101.47942,17.08624,0
,101.47911,17.08608,0
,101.47876,17.08583,0
,101.47861,17.08574,0
,101.47827,17.08557,0
,101.47793,17.08542,0
,101.47793,17.08541,0
,101.47746,17.08523,0
,101.47718,17.08517,0
,101.47667,17.08511,0
,101.47607,17.08509,0
,101.47585,17.08506,0
,101.47563,17.085,0
,101.47552,17.08496,0
,101.47542,17.08491,0
,101.47523,17.08479,0
,101.47514,17.08472,0
,101.47505,17.08463,0
,101.47493,17.08448,0
,101.47487,17.08439,0
,101.47469,17.08406,0
,101.47454,17.08377,0
,101.47449,17.08358,0
,101.47448,17.08357,0
,101.47444,17.08341,0
,101.4744,17.08307,0
,101.47441,17.08261,0
,101.4744,17.08249,0
,101.4744,17.08195,0
,101.47441,17.08177,0
,101.47447,17.08124,0
,101.47451,17.081,0
,101.47454,17.08061,0
,101.47454,17.08022,0
,101.47446,17.07957,0
,101.47428,17.07875,0
,101.47421,17.07808,0
,101.47419,17.07763,0
,101.47416,17.07731,0
,101.47415,17.07706,0
,101.47407,17.07659,0
,101.47395,17.07607,0
,101.47383,17.07545,0
,101.47383,17.07536,0
,101.47381,17.07519,0
,101.47382,17.07518,0
,101.47382,17.07464,0
,101.4738,17.07428,0
,101.47378,17.07417,0
,101.47378,17.0741,0
,101.47368,17.07357,0
,101.47353,17.07308,0
,101.4734,17.07272,0
,101.4732,17.07221,0
,101.47309,17.07201,0
,101.47298,17.07185,0
,101.47288,17.07175,0
,101.47274,17.07165,0
,101.47231,17.0713,0
,101.47219,17.07116,0
,101.47219,17.07115,0
,101.47216,17.07111,0
,101.47213,17.07101,0
,101.47212,17.07092,0
,101.47212,17.07072,0
,101.47215,17.0705,0
,101.47216,17.07046,0
,101.47216,17.07009,0
,101.47214,17.07001,0
,101.47206,17.06979,0
,101.47191,17.06956,0
,101.47177,17.06939,0
,101.47161,17.06923,0
,101.47137,17.06903,0
,101.47114,17.06886,0
,101.47098,17.06876,0
,101.47083,17.06868,0
,101.47061,17.06848,0
,101.47051,17.0683,0
,101.47032,17.06782,0
,101.47014,17.06731,0
,101.47007,17.06714,0
,101.47,17.0669,0
,101.46993,17.06658,0
,101.46982,17.06596,0
,101.46982,17.06591,0
,101.46971,17.0649,0
,101.46964,17.06458,0
,101.46946,17.06412,0
,101.46929,17.06375,0
,101.46916,17.06353,0
,101.46902,17.06337,0
,101.46874,17.06309,0
,101.46842,17.0628,0
,101.46835,17.06272,0
,101.46825,17.06258,0
,101.46823,17.06256,0
,101.46819,17.06249,0
,101.46813,17.06234,0
,101.46787,17.06157,0
,101.46784,17.0614,0
,101.46784,17.06131,0
,101.468,17.06014,0
,101.46808,17.05985,0
,101.46822,17.05948,0
,101.46832,17.0593,0
,101.46839,17.05913,0
,101.4685,17.05891,0
,101.46858,17.05866,0
,101.46864,17.05842,0
,101.46866,17.0583,0
,101.46867,17.05818,0
,101.46867,17.05804,0
,101.46864,17.05757,0
,101.46858,17.05732,0
,101.46852,17.05718,0
,101.46827,17.05684,0
,101.46782,17.05634,0
,101.46774,17.05623,0
,101.46772,17.05619,0
,101.46765,17.05609,0
,101.46757,17.05594,0
,101.46725,17.05541,0
,101.46708,17.05518,0
,101.4669,17.05499,0
,101.46675,17.05485,0
,101.46632,17.05453,0
,101.46525,17.05387,0
,101.46456,17.05349,0
,101.4644,17.05339,0
,101.46417,17.05321,0
,101.46406,17.0531,0
,101.464,17.05302,0
,101.46396,17.05298,0
,101.46388,17.05283,0
,101.46382,17.05267,0
,101.46371,17.05228,0
,101.46362,17.05174,0
,101.46361,17.0514,0
,101.46364,17.05099,0
,101.46371,17.05039,0
,101.46371,17.05017,0
,101.46368,17.05003,0
,101.46366,17.04998,0
,101.46357,17.04983,0
,101.46328,17.0495,0
,101.46266,17.04902,0
,101.46265,17.049,0
,101.46171,17.04818,0
,101.46145,17.04788,0
,101.46093,17.04736,0
,101.46091,17.04735,0
,101.46082,17.04725,0
,101.4606,17.04709,0
,101.46045,17.04701,0
,101.46029,17.04694,0
,101.45985,17.04686,0
,101.45966,17.04677,0
,101.45946,17.04661,0
,101.45924,17.04636,0
,101.45909,17.04625,0
,101.45846,17.0459,0
,101.45842,17.04587,0
,101.45834,17.04578,0
,101.45822,17.04546,0
,101.45807,17.04484,0
,101.45795,17.04455,0
,101.4578,17.04408,0
,101.45774,17.0438,0
,101.45764,17.04347,0
,101.45743,17.04289,0
,101.45722,17.04248,0
,101.45722,17.04247,0
,101.45674,17.04164,0
,101.45665,17.04151,0
,101.45647,17.04115,0
,101.4564,17.04093,0
,101.45637,17.04079,0
,101.45636,17.04067,0
,101.45646,17.04033,0
,101.45654,17.04012,0
,101.45659,17.04002,0
,101.45668,17.03979,0
,101.45683,17.03953,0
,101.45717,17.0391,0
,101.45721,17.03906,0
,101.45773,17.03837,0
,101.45814,17.03775,0
,101.45821,17.0376,0
,101.45825,17.03749,0
,101.45826,17.03741,0
,101.45826,17.03728,0
,101.45814,17.03705,0
,101.45796,17.03678,0
,101.45767,17.03642,0
,101.45757,17.03631,0
,101.45735,17.03613,0
,101.45656,17.0356,0
,101.45595,17.03526,0
,101.45521,17.03473,0
,101.45497,17.03449,0
,101.45488,17.03438,0
,101.45457,17.03391,0
,101.45448,17.03382,0
,101.45431,17.03368,0
,101.45413,17.03359,0
,101.45264,17.03305,0
,101.45212,17.03284,0
,101.4518,17.03267,0
,101.45169,17.03259,0
,101.45158,17.03248,0
,101.4515,17.03233,0
,101.45144,17.03217,0
,101.45136,17.0319,0
,101.45126,17.03168,0
,101.45115,17.03152,0
,101.45084,17.03128,0
,101.45051,17.03108,0
,101.45008,17.03093,0
,101.44963,17.03086,0
,101.44948,17.03085,0
,101.44931,17.03087,0
,101.44897,17.03095,0
,101.44861,17.03107,0
,101.44782,17.03137,0
,101.44757,17.03144,0
,101.44729,17.0315,0
,101.44719,17.03151,0
,101.44699,17.0315,0
,101.44671,17.03141,0
,101.44632,17.0312,0
,101.44589,17.031,0
,101.44562,17.03091,0
,101.44545,17.03088,0
,101.44504,17.03085,0
,101.44406,17.03089,0
,101.44354,17.03095,0
,101.44182,17.03121,0
,101.44149,17.03123,0
,101.44144,17.03124,0
,101.44108,17.03124,0
,101.44092,17.03123,0
,101.44074,17.0312,0
,101.44067,17.03118,0
,101.44053,17.03112,0
,101.44007,17.03087,0
,101.44006,17.03087,0
,101.43989,17.03082,0
,101.43978,17.0308,0
,101.43958,17.03081,0
,101.43952,17.03082,0
,101.4393,17.03088,0
,101.43899,17.031,0
,101.43892,17.03102,0
,101.43831,17.03126,0
,101.43829,17.03126,0
,101.43758,17.0315,0
,101.43651,17.03185,0
,101.43587,17.03222,0
,101.43586,17.03223,0
,101.43579,17.03226,0
,101.43571,17.03228,0
,101.43564,17.03228,0
,101.43553,17.03227,0
,101.43546,17.03225,0
,101.43533,17.03219,0
,101.43528,17.03216,0
,101.43462,17.03156,0
,101.43449,17.03147,0
,101.43433,17.03139,0
,101.43417,17.03133,0
,101.43393,17.03128,0
,101.43322,17.03118,0
,101.43247,17.03113,0
,101.43228,17.03113,0
,101.43223,17.03114,0
,101.43209,17.03115,0
,101.43193,17.03119,0
,101.43191,17.03119,0
,101.43173,17.03124,0
,101.43172,17.03125,0
,101.43161,17.03129,0
,101.43123,17.03149,0
,101.43043,17.03197,0
,101.43008,17.03222,0
,101.42971,17.03246,0
,101.42954,17.03254,0
,101.42942,17.03258,0
,101.42914,17.03262,0
,101.42872,17.03261,0
,101.42864,17.0326,0
,101.42856,17.03258,0
,101.42849,17.03255,0
,101.42838,17.03247,0
,101.42826,17.03235,0
,101.42819,17.0322,0
,101.4281,17.03176,0
,101.428,17.0305,0
,101.42801,17.03041,0
,101.42801,17.03029,0
,101.42813,17.0297,0
,101.42822,17.02938,0
,101.42843,17.02884,0
,101.4287,17.0282,0
,101.42871,17.02805,0
,101.4287,17.02801,0
,101.42867,17.02795,0
,101.4286,17.02786,0
,101.42847,17.02777,0
,101.42837,17.02772,0
,101.42826,17.02768,0
,101.42801,17.02761,0
,101.42783,17.02759,0
,101.42742,17.02763,0
,101.42735,17.02766,0
,101.42681,17.02782,0
,101.42615,17.02805,0
,101.4261,17.02806,0
,101.42604,17.02806,0
,101.42595,17.02805,0
,101.42583,17.02801,0
,101.42575,17.02797,0
,101.42545,17.02774,0
,101.42534,17.02763,0
,101.42532,17.02762,0
,101.42512,17.0274,0
,101.42494,17.02707,0
,101.42492,17.02701,0
,101.42488,17.02693,0
,101.42482,17.02672,0
,101.4248,17.02659,0
,101.4248,17.02649,0
,101.42481,17.02643,0
,101.42504,17.02562,0
,101.4251,17.02536,0
,101.42511,17.02527,0
,101.42511,17.02522,0
,101.42507,17.02497,0
,101.42501,17.02477,0
,101.42497,17.02469,0
,101.42485,17.02452,0
,101.42473,17.02441,0
,101.42462,17.02435,0
,101.42456,17.02433,0
,101.42445,17.02432,0
,101.42437,17.02433,0
,101.42429,17.02433,0
,101.42419,17.02436,0
,101.42417,17.02436,0
,101.42402,17.02445,0
,101.42384,17.02459,0
,101.4236,17.02481,0
,101.4235,17.02489,0
,101.42336,17.02495,0
,101.4232,17.02498,0
,101.42309,17.02497,0
,101.42294,17.02493,0
,101.4228,17.02485,0
,101.42277,17.0248,0
,101.42276,17.0248,0
,101.42258,17.02458,0
,101.42243,17.02447,0
,101.42236,17.02444,0
,101.42236,17.02443,0
,101.42235,17.02443,0
,101.42229,17.0244,0
,101.42218,17.02437,0
,101.42218,17.02436,0
,101.42205,17.02435,0
,101.42195,17.02433,0
,101.4214,17.0243,0
,101.42113,17.02427,0
,101.42092,17.0242,0
,101.4202,17.02391,0
,101.42001,17.02382,0
,101.41885,17.02335,0
,101.4187,17.0233,0
,101.41846,17.02324,0
,101.41842,17.02324,0
,101.41809,17.0232,0
,101.4179,17.02319,0
,101.41788,17.02318,0
,101.41766,17.02318,0
,101.41739,17.0232,0
,101.41734,17.02321,0
,101.4173,17.02321,0
,101.41714,17.02326,0
,101.41697,17.02331,0
,101.41623,17.0236,0
,101.4161,17.02364,0
,101.41538,17.02391,0
,101.41514,17.02397,0
,101.41479,17.02403,0
,101.41471,17.02405,0
,101.41441,17.02407,0
,101.41424,17.02409,0
,101.41422,17.02408,0
,101.41404,17.02407,0
,101.41393,17.02405,0
,101.41387,17.02402,0
,101.41386,17.02402,0
,101.41378,17.02397,0
,101.41355,17.0238,0
,101.41353,17.02378,0
,101.41347,17.02375,0
,101.41345,17.02375,0
,101.41336,17.02372,0
,101.41206,17.02362,0
,101.41195,17.02362,0
,101.41177,17.0236,0
,101.41169,17.02358,0
,101.4116,17.02357,0
,101.41148,17.02353,0
,101.41135,17.02345,0
,101.41135,17.02344,0
,101.41117,17.02327,0
,101.41111,17.02319,0
,101.41087,17.02274,0
,101.41083,17.02269,0
,101.41018,17.02163,0
,101.40996,17.02141,0
,101.40989,17.02136,0
,101.40986,17.02133,0
,101.40957,17.02117,0
,101.40937,17.02105,0
,101.40902,17.02081,0
,101.40786,17.02005,0
,101.40748,17.01974,0
,101.40721,17.01948,0
,101.40699,17.01923,0
,101.40693,17.01915,0
,101.4068,17.01902,0
,101.40675,17.01896,0
,101.40663,17.01888,0
,101.40649,17.01884,0
,101.4064,17.01884,0
,101.40638,17.01883,0
,101.40623,17.01884,0
,101.40592,17.0189,0
,101.4051,17.01911,0
,101.40465,17.01924,0
,101.4043,17.01928,0
,101.40383,17.01928,0
,101.4037,17.01927,0
,101.40358,17.01925,0
,101.40346,17.01921,0
,101.4033,17.01918,0
,101.40315,17.01917,0
,101.40296,17.0192,0
,101.40286,17.01921,0
,101.40272,17.01926,0
,101.4026,17.01929,0
,101.40255,17.01931,0
,101.40254,17.01931,0
,101.40227,17.01938,0
,101.40218,17.01939,0
,101.40214,17.0194,0
,101.40199,17.01941,0
,101.40197,17.01942,0
,101.40156,17.01942,0
,101.40143,17.01943,0
,101.40112,17.01946,0
,101.40105,17.01946,0
,101.40053,17.0195,0
,101.40049,17.01951,0
,101.39955,17.01959,0
,101.39937,17.01963,0
,101.39922,17.01965,0
,101.39868,17.0198,0
,101.39868,17.01981,0
,101.39864,17.01981,0
,101.39848,17.01985,0
,101.39846,17.01986,0
,101.39831,17.01988,0
,101.39823,17.0199,0
,101.39802,17.01992,0
,101.39789,17.01992,0
,101.39776,17.01991,0
,101.39774,17.0199,0
,101.39763,17.0199,0
,101.39716,17.01982,0
,101.39711,17.01981,0
,101.39681,17.01984,0
,101.39643,17.01984,0
,101.39641,17.01983,0
,101.39631,17.01982,0
,101.39624,17.0198,0
,101.39599,17.0197,0
,101.39585,17.01962,0
,101.3956,17.01944,0
,101.39554,17.01937,0
,101.39538,17.01924,0
,101.39518,17.01901,0
,101.39494,17.01869,0
,101.3949,17.01862,0
,101.39467,17.01835,0
,101.39442,17.01803,0
,101.39441,17.01803,0
,101.3943,17.01789,0
,101.3943,17.01788,0
,101.39418,17.01774,0
,101.39376,17.01714,0
,101.3935,17.01669,0
,101.39334,17.01622,0
,101.39319,17.01554,0
,101.39318,17.01545,0
,101.39318,17.01525,0
,101.3932,17.01508,0
,101.39324,17.01494,0
,101.39326,17.01492,0
,101.3936,17.01424,0
,101.3939,17.0135,0
,101.394,17.0131,0
,101.39401,17.01308,0
,101.39402,17.01292,0
,101.39402,17.01267,0
,101.39398,17.01227,0
,101.39392,17.01206,0
,101.39381,17.01182,0
,101.39369,17.0116,0
,101.39365,17.01156,0
,101.39364,17.01154,0
,101.39351,17.01141,0
,101.39336,17.01132,0
,101.39335,17.01131,0
,101.3932,17.01124,0
,101.3931,17.01118,0
,101.39265,17.01104,0
,101.39254,17.01102,0
,101.39247,17.01103,0
,101.39244,17.01103,0
,101.3923,17.01108,0
,101.39229,17.01108,0
,101.39221,17.01113,0
,101.39214,17.01121,0
,101.39207,17.01141,0
,101.39197,17.01201,0
,101.39194,17.01207,0
,101.39194,17.01209,0
,101.39186,17.01219,0
,101.3918,17.01225,0
,101.39173,17.0123,0
,101.39164,17.01234,0
,101.39157,17.01236,0
,101.3915,17.01236,0
,101.39146,17.01237,0
,101.39136,17.01236,0
,101.39113,17.0123,0
,101.39096,17.01223,0
,101.39077,17.01213,0
,101.39049,17.01193,0
,101.38996,17.01142,0
,101.38962,17.01099,0
,101.38961,17.01099,0
,101.38836,17.00943,0
,101.38809,17.00918,0
,101.38799,17.00911,0
,101.38793,17.00908,0
,101.3879,17.00906,0
,101.38769,17.00899,0
,101.38759,17.00897,0
,101.38746,17.009,0
,101.38628,17.00918,0
,101.38626,17.00918,0
,101.38566,17.00929,0
,101.38527,17.00934,0
,101.38502,17.00934,0
,101.38481,17.00929,0
,101.38475,17.00926,0
,101.3847,17.00922,0
,101.38459,17.00908,0
,101.38454,17.00898,0
,101.38449,17.00882,0
,101.38437,17.0083,0
,101.38423,17.00753,0
,101.38422,17.00741,0
,101.3842,17.0073,0
,101.3842,17.00691,0
,101.38421,17.00678,0
,101.38422,17.00608,0
,101.38423,17.00597,0
,101.38423,17.00572,0
,101.38417,17.00541,0
,101.38407,17.00503,0
,101.38389,17.00421,0
,101.38382,17.00396,0
,101.38381,17.00386,0
,101.38364,17.00297,0
,101.38363,17.00294,0
,101.38354,17.00212,0
,101.38353,17.00208,0
,101.38353,17.0019,0
,101.38357,17.00164,0
,101.38371,17.00102,0
,101.38373,17.00096,0
,101.38391,16.99962,0
,101.38391,16.99914,0
,101.38387,16.99815,0
,101.38381,16.99744,0
,101.38381,16.99728,0
,101.3838,16.99726,0
,101.3838,16.99691,0
,101.38384,16.99664,0
,101.38391,16.99637,0
,101.38408,16.99585,0
,101.38409,16.99585,0
,101.38429,16.99534,0
,101.38458,16.99469,0
,101.38461,16.99464,0
,101.38475,16.9943,0
,101.38488,16.99405,0
,101.3849,16.99398,0
,101.38481,16.99392,0
,101.38479,16.99389,0
,101.3847,16.99366,0
,101.38464,16.99329,0
,101.38462,16.99323,0
,101.3846,16.99319,0
,101.38459,16.99319,0
,101.38459,16.99318,0
,101.38457,16.99317,0
,101.38453,16.99309,0
,101.3845,16.99305,0
,101.38438,16.99297,0
,101.38427,16.99295,0
,101.38418,16.99295,0
,101.38405,16.99298,0
,101.38376,16.99309,0
,101.38361,16.99313,0
,101.3832,16.99313,0
,101.38297,16.99311,0
,101.38281,16.99311,0
,101.38263,16.99313,0
,101.38238,16.99322,0
,101.38201,16.99339,0
,101.38195,16.9934,0
,101.38177,16.99346,0
,101.38176,16.99347,0
,101.38157,16.9935,0
,101.38145,16.99352,0
,101.38121,16.9935,0
,101.38114,16.9935,0
,101.38088,16.99345,0
,101.38076,16.99344,0
,101.38065,16.99344,0
,101.38043,16.99348,0
,101.38038,16.9935,0
,101.3803,16.99355,0
,101.38025,16.99359,0
,101.38017,16.99368,0
,101.38013,16.99372,0
,101.38006,16.99384,0
,101.37997,16.99398,0
,101.3797,16.99447,0
,101.37962,16.99464,0
,101.37958,16.99476,0
,101.37956,16.99479,0
,101.37953,16.99486,0
,101.37945,16.99513,0
,101.37944,16.99515,0
,101.37941,16.99531,0
,101.37938,16.9954,0
,101.37933,16.99561,0
,101.37929,16.99572,0
,101.37925,16.99579,0
,101.3792,16.99586,0
,101.37915,16.99591,0
,101.3791,16.99594,0
,101.37889,16.99604,0
,101.37875,16.99608,0
,101.37874,16.99609,0
,101.37846,16.99617,0
,101.3784,16.9962,0
,101.37835,16.99621,0
,101.37829,16.99624,0
,101.37823,16.99628,0
,101.37818,16.99634,0
,101.37813,16.99643,0
,101.3781,16.99652,0
,101.37808,16.99657,0
,101.37808,16.9966,0
,101.37806,16.99671,0
,101.37806,16.99696,0
,101.37807,16.99708,0
,101.37807,16.99783,0
,101.37804,16.99804,0
,101.378,16.99819,0
,101.37794,16.99834,0
,101.37782,16.99856,0
,101.37776,16.99865,0
,101.37755,16.9989,0
,101.37743,16.999,0
,101.37733,16.99907,0
,101.37697,16.99921,0
,101.37679,16.99927,0
,101.37649,16.99933,0
,101.37623,16.99933,0
,101.37605,16.9993,0
,101.37588,16.99925,0
,101.37587,16.99924,0
,101.37553,16.9991,0
,101.37533,16.99899,0
,101.37503,16.99885,0
,101.37413,16.99825,0
,101.3734,16.99788,0
,101.37326,16.99783,0
,101.37298,16.99781,0
,101.3727,16.99782,0
,101.37261,16.99784,0
,101.37252,16.99789,0
,101.37238,16.99795,0
,101.37226,16.99799,0
,101.37216,16.99806,0
,101.37205,16.99816,0
,101.37004,17.00022,0
,101.36999,17.00028,0
,101.36891,17.00138,0
,101.36782,17.00258,0
,101.36664,17.00378,0
,101.36649,17.00388,0
,101.36643,17.0039,0
,101.36635,17.00395,0
,101.36625,17.00398,0
,101.36611,17.00401,0
,101.36593,17.00402,0
,101.36545,17.00401,0
,101.36542,17.004,0
,101.36254,17.00391,0
,101.36241,17.00389,0
,101.36229,17.00385,0
,101.36103,17.00327,0
,101.36056,17.00309,0
,101.36053,17.00307,0
,101.36035,17.00301,0
,101.35969,17.00275,0
,101.35966,17.00273,0
,101.3589,17.00244,0
,101.35874,17.0024,0
,101.35862,17.00239,0
,101.35851,17.0024,0
,101.35792,17.0026,0
,101.35752,17.00273,0
,101.35738,17.00275,0
,101.35723,17.00275,0
,101.35684,17.00267,0
,101.35682,17.00267,0
,101.35666,17.00263,0
,101.35664,17.00263,0
,101.3553,17.00231,0
,101.35517,17.00231,0
,101.35502,17.00233,0
,101.35499,17.00235,0
,101.35483,17.00241,0
,101.35464,17.00252,0
,101.35444,17.0027,0
,101.35417,17.00298,0
,101.35392,17.00336,0
,101.3537,17.00382,0
,101.35363,17.00399,0
,101.35362,17.00404,0
,101.35357,17.00416,0
,101.35352,17.00423,0
,101.35338,17.00431,0
,101.35328,17.00434,0
,101.35317,17.00435,0
,101.35278,17.00433,0
,101.3504,17.00405,0
,101.35032,17.00405,0
,101.35026,17.00406,0
,101.35023,17.00406,0
,101.34913,17.00424,0
,101.349,17.00425,0
,101.34889,17.00424,0
,101.34819,17.00422,0
,101.34816,17.00421,0
,101.34537,17.00412,0
,101.34495,17.00413,0
,101.34337,17.00424,0
,101.34328,17.00426,0
,101.34317,17.00431,0
,101.34033,17.00588,0
,101.33882,17.00668,0
,101.33821,17.00704,0
,101.33782,17.00733,0
,101.33568,17.00844,0
,101.33524,17.00875,0
,101.33494,17.00903,0
,101.33466,17.00946,0
,101.33436,17.00971,0
,101.3343,17.00977,0
,101.33425,17.00979,0
,101.33408,17.00988,0
,101.33392,17.00998,0
,101.33353,17.01019,0
,101.33337,17.01029,0
,101.33327,17.01034,0
,101.33264,17.01072,0
,101.33237,17.01099,0
,101.33234,17.01104,0
,101.33216,17.01128,0
,101.33212,17.01132,0
,101.33212,17.01134,0
,101.33208,17.01144,0
,101.33208,17.01145,0
,101.33205,17.0115,0
,101.33152,17.0127,0
,101.33129,17.01307,0
,101.33124,17.01313,0
,101.3309,17.01348,0
,101.33084,17.01352,0
,101.33072,17.01372,0
,101.32954,17.01548,0
,101.32915,17.01615,0
,101.3281,17.01773,0
,101.32806,17.01778,0
,101.328,17.01789,0
,101.32789,17.01804,0
,101.32748,17.01867,0
,101.32637,17.02014,0
,101.3263,17.02026,0
,101.32573,17.0214,0
,101.32514,17.02207,0
,101.3243,17.02292,0
,101.32427,17.02296,0
,101.32411,17.02312,0
,101.32342,17.02359,0
,101.32323,17.0237,0
,101.32248,17.02418,0
,101.32169,17.02462,0
,101.32167,17.02464,0
,101.32119,17.02491,0
,101.32117,17.02491,0
,101.32101,17.02497,0
,101.32082,17.02499,0
,101.31957,17.02497,0
,101.31879,17.02486,0
,101.31865,17.02485,0
,101.31844,17.02482,0
,101.31757,17.02476,0
,101.3157,17.0245,0
,101.31568,17.02449,0
,101.31471,17.02439,0
,101.31435,17.02439,0
,101.31421,17.02441,0
,101.31252,17.02483,0
,101.31217,17.02492,0
,101.31123,17.02509,0
,101.31116,17.02511,0
,101.31107,17.02512,0
,101.31017,17.02528,0
,101.30473,17.026,0
,101.30401,17.02619,0
,101.3039,17.02621,0
,101.30119,17.02733,0
,101.30031,17.0276,0
,101.3003,17.0276,0
,101.29719,17.02818,0
,101.29699,17.02825,0
,101.2969,17.02826,0
,101.29682,17.02828,0
,101.29675,17.02832,0
,101.29674,17.02832,0
,101.29604,17.02879,0
,101.29524,17.0294,0
,101.29474,17.02965,0
,101.29464,17.02971,0
,101.29415,17.02989,0
,101.29359,17.03004,0
,101.29354,17.03006,0
,101.29178,17.03052,0
,101.29106,17.03066,0
,101.29073,17.03076,0
,101.28636,17.03174,0
,101.28567,17.03177,0
,101.28412,17.03169,0
,101.28038,17.03128,0
,101.27996,17.03126,0
,101.27897,17.03117,0
,101.27879,17.03117,0
,101.27836,17.03108,0
,101.27816,17.03102,0
,101.27809,17.03096,0
,101.27753,17.03055,0
,101.27743,17.03045,0
,101.27713,17.03021,0
,101.27708,17.03016,0
,101.27551,17.0292,0
,101.27549,17.02918,0
,101.27539,17.02911,0
,101.27524,17.02896,0
,101.27505,17.02868,0
,101.275,17.02861,0
,101.27497,17.02854,0
,101.27493,17.02849,0
,101.27491,17.02844,0
,101.27482,17.02833,0
,101.27473,17.02824,0
,101.27465,17.02819,0
,101.27458,17.02816,0
,101.27451,17.02814,0
,101.27427,17.0281,0
,101.27388,17.02806,0
,101.27383,17.02805,0
,101.27249,17.02797,0
,101.27232,17.02794,0
,101.27222,17.02791,0
,101.27214,17.02787,0
,101.27206,17.02784,0
,101.27198,17.02779,0
,101.27133,17.0273,0
,101.27037,17.02647,0
,101.27025,17.02638,0
,101.2702,17.02636,0
,101.27016,17.02633,0
,101.27006,17.02629,0
,101.26984,17.02626,0
,101.26892,17.02627,0
,101.26873,17.02626,0
,101.26781,17.02626,0
,101.2676,17.02627,0
,101.26737,17.02626,0
,101.26709,17.02628,0
,101.26618,17.02625,0
,101.26596,17.02626,0
,101.26524,17.02624,0
,101.26496,17.02619,0
,101.26459,17.02607,0
,101.26382,17.02572,0
,101.26301,17.02527,0
,101.26277,17.0251,0
,101.26265,17.02496,0
,101.26256,17.02478,0
,101.26252,17.02464,0
,101.26245,17.02449,0
,101.26227,17.02433,0
,101.26216,17.02427,0
,101.2617,17.0241,0
,101.26165,17.02409,0
,101.26149,17.02401,0
,101.26143,17.02397,0
,101.26137,17.02394,0
,101.26117,17.02373,0
,101.2608,17.02323,0
,101.2608,17.02322,0
,101.26053,17.02281,0
,101.26048,17.02272,0
,101.2604,17.02244,0
,101.26038,17.02227,0
,101.26039,17.02197,0
,101.26042,17.02181,0
,101.26124,17.01983,0
,101.2613,17.0196,0
,101.26132,17.01938,0
,101.26126,17.01905,0
,101.26118,17.01879,0
,101.26103,17.01838,0
,101.26095,17.01824,0
,101.26086,17.01811,0
,101.26059,17.01783,0
,101.25972,17.01717,0
,101.25454,17.01353,0
,101.25426,17.01329,0
,101.25424,17.01328,0
,101.25362,17.01285,0
,101.25253,17.012,0
,101.2513,17.01083,0
,101.25107,17.01068,0
,101.25082,17.01058,0
,101.25058,17.0105,0
,101.25033,17.0104,0
,101.24876,17.00934,0
,101.24874,17.00933,0
,101.24861,17.00923,0
,101.24637,17.00768,0
,101.24611,17.00747,0
,101.24505,17.00672,0
,101.24486,17.00663,0
,101.24465,17.0065,0
,101.24441,17.00639,0
,101.24439,17.00639,0
,101.24411,17.0063,0
,101.24389,17.00627,0
,101.24333,17.00627,0
,101.2326,17.007,0
,101.23204,17.007,0
,101.23191,17.00699,0
,101.2318,17.00697,0
,101.23165,17.00692,0
,101.23119,17.00673,0
,101.23118,17.00672,0
,101.23102,17.00666,0
,101.23101,17.00665,0
,101.2304,17.00637,0
,101.22974,17.00603,0
,101.22966,17.006,0
,101.2295,17.00591,0
,101.22917,17.00575,0
,101.22914,17.00573,0
,101.22716,17.00479,0
,101.2255,17.00393,0
,101.22549,17.00393,0
,101.22529,17.00385,0
,101.22504,17.00377,0
,101.22469,17.00369,0
,101.22444,17.00369,0
,101.22367,17.00386,0
,101.22319,17.00402,0
,101.22106,17.00448,0
,101.22014,17.00464,0
,101.21999,17.00465,0
,101.21987,17.00464,0
,101.21977,17.00462,0
,101.21968,17.00459,0
,101.21964,17.00456,0
,101.21959,17.00454,0
,101.21949,17.00448,0
,101.2193,17.00431,0
,101.21927,17.00425,0
,101.21875,17.00342,0
,101.21784,17.00186,0
,101.21766,17.00163,0
,101.21731,17.00127,0
,101.21713,17.00111,0
,101.21647,17.00081,0
,101.21302,16.99954,0
,101.21214,16.99914,0
,101.21196,16.99902,0
,101.21169,16.99881,0
,101.21014,16.99726,0
,101.20924,16.9964,0
,101.20827,16.99554,0
,101.20689,16.99423,0
,101.20685,16.99421,0
,101.20658,16.994,0
,101.20627,16.99385,0
,101.20606,16.9938,0
,101.20588,16.99374,0
,101.20563,16.99368,0
,101.20552,16.99367,0
,101.20538,16.99367,0
,101.20508,16.99369,0
,101.2006,16.99421,0
,101.20051,16.99423,0
,101.20066,16.995,0
,101.20081,16.99563,0
,101.20087,16.99572,0
,101.20099,16.99622,0
,101.20108,16.9967,0
,101.20114,16.99694,0
,101.20175,17.00001,0
,101.20178,17.00023,0
,101.20179,17.00039,0
,101.20179,17.00064,0
,101.20178,17.00075,0
,101.20178,17.00085,0
,101.20175,17.00107,0
,101.20171,17.00127,0
,101.2014,17.00244,0
,101.20093,17.00402,0
,101.19814,17.01435,0
,101.19792,17.01497,0
,101.19778,17.01528,0
,101.1974,17.016,0
,101.19697,17.01657,0
,101.19632,17.01724,0
,101.19603,17.01745,0
,101.19544,17.01779,0
,101.19538,17.01781,0
,101.19323,17.01879,0
,101.19286,17.01901,0
,101.19245,17.01942,0
,101.19225,17.01973,0
,101.1921,17.02004,0
,101.1919,17.02056,0
,101.19183,17.02092,0
,101.1918,17.02134,0
,101.1918,17.02151,0
,101.19184,17.02176,0
,101.19184,17.02181,0
,101.19187,17.02192,0
,101.19188,17.02194,0
,101.19192,17.02214,0
,101.19198,17.02232,0
,101.19205,17.02246,0
,101.19214,17.02261,0
,101.19332,17.02433,0
,101.19429,17.02606,0
,101.19433,17.02617,0
,101.19434,17.02627,0
,101.19435,17.02631,0
,101.19435,17.02644,0
,101.19433,17.0265,0
,101.19433,17.02652,0
,101.19428,17.02663,0
,101.19403,17.02706,0
,101.19374,17.02744,0
,101.19361,17.02757,0
,101.19346,17.02775,0
,101.19332,17.02788,0
,101.19292,17.02818,0
,101.19235,17.02827,0
,101.19202,17.0283,0
,101.19082,17.02851,0
,101.19053,17.02861,0
,101.19043,17.02867,0
,101.19028,17.02878,0
,101.19016,17.02896,0
,101.19011,17.02905,0
,101.19001,17.02932,0
,101.18997,17.02947,0
,101.18995,17.0296,0
,101.18956,17.03119,0
,101.18944,17.03156,0
,101.18919,17.03219,0
,101.18635,17.03865,0
,101.18617,17.03913,0
,101.18591,17.0399,0
,101.18571,17.04057,0
,101.18551,17.04138,0
,101.18533,17.0423,0
,101.18528,17.04262,0
,101.18495,17.04548,0
,101.18494,17.04567,0
,101.18461,17.04877,0
,101.18456,17.04897,0
,101.1845,17.04914,0
,101.18442,17.04931,0
,101.18421,17.04961,0
,101.18409,17.04975,0
,101.18398,17.04985,0
,101.1838,17.04996,0
,101.18359,17.05011,0
,101.18229,17.05081,0
,101.18226,17.05082,0
,101.18194,17.051,0
,101.18161,17.05114,0
,101.18098,17.05136,0
,101.18063,17.05144,0
,101.18011,17.05151,0
,101.1798,17.05153,0
,101.17935,17.05153,0
,101.17904,17.05151,0
,101.17833,17.05141,0
,101.17751,17.05126,0
,101.1775,17.05125,0
,101.1761,17.05099,0
,101.17585,17.05096,0
,101.17548,17.05095,0
,101.17533,17.05096,0
,101.17502,17.051,0
,101.17459,17.05112,0
,101.17441,17.05119,0
,101.17421,17.0513,0
,101.1742,17.05131,0
,101.17391,17.05151,0
,101.17363,17.05176,0
,101.17344,17.05199,0
,101.17326,17.05225,0
,101.17312,17.05251,0
,101.17258,17.05381,0
,101.17248,17.05401,0
,101.17241,17.05419,0
,101.17237,17.05427,0
,101.17232,17.05435,0
,101.17225,17.05442,0
,101.17215,17.05449,0
,101.172,17.05454,0
,101.17189,17.05456,0
,101.1718,17.05456,0
,101.17171,17.05455,0
,101.17152,17.05448,0
,101.17127,17.05432,0
,101.17094,17.05414,0
,101.17079,17.05409,0
,101.17066,17.05408,0
,101.17044,17.05408,0
,101.17033,17.0541,0
,101.17019,17.05414,0
,101.17007,17.0542,0
,101.16994,17.05429,0
,101.16982,17.05441,0
,101.16964,17.05472,0
,101.16958,17.05485,0
,101.16957,17.05489,0
,101.16949,17.05505,0
,101.16885,17.05655,0
,101.16869,17.05703,0
,101.16866,17.05738,0
,101.16974,17.06354,0
,101.17001,17.06451,0
,101.17003,17.06467,0
,101.17001,17.06492,0
,101.16987,17.06528,0
,101.16945,17.06624,0
,101.16935,17.06651,0
,101.16933,17.06661,0
,101.16932,17.06672,0
,101.16932,17.06679,0
,101.16934,17.06697,0
,101.16949,17.06759,0
,101.16963,17.06802,0
,101.16965,17.06806,0
,101.16972,17.06817,0
,101.16984,17.06828,0
,101.16993,17.06835,0
,101.17022,17.06848,0
,101.17047,17.06857,0
,101.17062,17.06864,0
,101.17074,17.06872,0
,101.17082,17.06882,0
,101.17085,17.06888,0
,101.17092,17.06908,0
,101.17105,17.07062,0
,101.17105,17.07073,0
,101.17103,17.07082,0
,101.17096,17.07101,0
,101.17075,17.0714,0
,101.17064,17.07164,0
,101.1706,17.07177,0
,101.17055,17.07189,0
,101.17039,17.07243,0
,101.17018,17.07293,0
,101.17001,17.07325,0
,101.16978,17.07361,0
,101.16965,17.07375,0
,101.1695,17.07388,0
,101.16934,17.07398,0
,101.16905,17.07408,0
,101.16839,17.0742,0
,101.16818,17.07427,0
,101.16773,17.07451,0
,101.16761,17.07455,0
,101.16741,17.07458,0
,101.16729,17.07458,0
,101.16719,17.07459,0
,101.16716,17.0746,0
,101.16703,17.07461,0
,101.16687,17.07465,0
,101.16672,17.07473,0
,101.16665,17.07478,0
,101.16659,17.07485,0
,101.16572,17.07606,0
,101.16571,17.07606,0
,101.16522,17.07675,0
,101.1651,17.07697,0
,101.16506,17.07719,0
,101.16505,17.0773,0
,101.16506,17.07741,0
,101.16511,17.0776,0
,101.16515,17.07767,0
,101.16526,17.07781,0
,101.16535,17.0779,0
,101.16555,17.07804,0
,101.16576,17.07816,0
,101.16604,17.0783,0
,101.16604,17.07831,0
,101.16625,17.07838,0
,101.16657,17.07845,0
,101.16696,17.07846,0
,101.16786,17.07843,0
,101.16789,17.07844,0
,101.1682,17.07847,0
,101.16837,17.07853,0
,101.16847,17.07859,0
,101.16866,17.07874,0
,101.16885,17.07893,0
,101.16893,17.07905,0
,101.16898,17.07915,0
,101.16901,17.07929,0
,101.16901,17.07934,0
,101.169,17.07938,0
,101.16877,17.08003,0
,101.16874,17.08036,0
,101.16874,17.08119,0
,101.16873,17.08142,0
,101.16874,17.08155,0
,101.16875,17.08299,0
,101.16874,17.08319,0
,101.16876,17.08344,0
,101.16898,17.08508,0
,101.16919,17.08626,0
,101.16927,17.08692,0
,101.1693,17.08709,0
,101.16943,17.08827,0
,101.16954,17.08903,0
,101.16955,17.08939,0
,101.16947,17.09014,0
,101.16947,17.09027,0
,101.16949,17.09049,0
,101.16957,17.09065,0
,101.16957,17.09067,0
,101.16973,17.09088,0
,101.16979,17.09094,0
,101.16991,17.09104,0
,101.16992,17.09107,0
,101.16997,17.09114,0
,101.17,17.09121,0
,101.17001,17.09128,0
,101.17001,17.09136,0
,101.16998,17.09149,0
,101.16958,17.0926,0
,101.16956,17.09263,0
,101.16952,17.09277,0
,101.16905,17.09414,0
,101.16899,17.09447,0
,101.16898,17.09484,0
,101.16903,17.09576,0
,101.16902,17.09683,0
,101.16922,17.09862,0
,101.16923,17.0988,0
,101.16922,17.09902,0
,101.16931,17.09951,0
,101.16938,17.0997,0
,101.16947,17.09987,0
,101.16955,17.09997,0
,101.16974,17.1001,0
,101.16991,17.10019,0
,101.17037,17.10034,0
,101.17089,17.10057,0
,101.17098,17.10063,0
,101.17109,17.10073,0
,101.17149,17.10137,0
,101.17217,17.10266,0
,101.17229,17.10299,0
,101.1723,17.10306,0
,101.1723,17.10329,0
,101.17223,17.10373,0
,101.17217,17.10401,0
,101.17209,17.10431,0
,101.17203,17.10439,0
,101.17203,17.1044,0
,101.17193,17.10454,0
,101.17191,17.10455,0
,101.17186,17.10461,0
,101.17163,17.10476,0
,101.17162,17.10476,0
,101.17141,17.1049,0
,101.17126,17.10495,0
,101.17099,17.10501,0
,101.17086,17.10501,0
,101.17075,17.10499,0
,101.17073,17.10499,0
,101.17043,17.1049,0
,101.17029,17.10488,0
,101.17018,17.10485,0
,101.17002,17.10484,0
,101.16994,17.10483,0
,101.16979,17.10487,0
,101.16969,17.10492,0
,101.16959,17.10499,0
,101.1695,17.10507,0
,101.16941,17.10519,0
,101.16936,17.10531,0
,101.16935,17.10537,0
,101.16935,17.10545,0
,101.16945,17.10669,0
,101.16954,17.10701,0
,101.16965,17.10725,0
,101.16987,17.10761,0
,101.17008,17.10791,0
,101.17013,17.10801,0
,101.17007,17.10844,0
,101.16989,17.10923,0
,101.16978,17.10996,0
,101.16978,17.11002,0
,101.16976,17.11018,0
,101.16977,17.1102,0
,101.16981,17.1104,0
,101.1699,17.1106,0
,101.17128,17.11216,0
,101.17141,17.11236,0
,101.17149,17.11252,0
,101.17152,17.11264,0
,101.17156,17.11275,0
,101.17156,17.11308,0
,101.17161,17.11395,0
,101.17161,17.11413,0
,101.17166,17.11499,0
,101.17171,17.11518,0
,101.1718,17.11538,0
,101.17191,17.1155,0
,101.17201,17.11559,0
,101.17211,17.11565,0
,101.1724,17.1158,0
,101.17284,17.116,0
,101.17301,17.1161,0
,101.17316,17.11622,0
,101.17335,17.11643,0
,101.17354,17.11653,0
,101.17362,17.11656,0
,101.17369,17.11656,0
,101.1738,17.11658,0
,101.17399,17.1166,0
,101.17474,17.11661,0
,101.17516,17.11656,0
,101.17544,17.11658,0
,101.17561,17.11661,0
,101.17589,17.11673,0
,101.17628,17.1172,0
,101.17662,17.11769,0
,101.17698,17.11835,0
,101.17755,17.11929,0
,101.17758,17.11935,0
,101.17811,17.12014,0
,101.17835,17.12056,0
,101.17844,17.12087,0
,101.1785,17.12115,0
,101.17857,17.12157,0
,101.17875,17.12236,0
,101.17875,17.1226,0
,101.17876,17.12263,0
,101.17876,17.12268,0
,101.17858,17.12333,0
,101.17843,17.12369,0
,101.1783,17.12392,0
,101.17801,17.12428,0
,101.17777,17.12455,0
,101.17743,17.1249,0
,101.17722,17.12502,0
,101.17675,17.12521,0
,101.17661,17.12528,0
,101.17637,17.1255,0
,101.17612,17.12578,0
,101.17603,17.1259,0
,101.17598,17.12604,0
,101.17597,17.12614,0
,101.176,17.12635,0
,101.17617,17.12671,0
,101.1763,17.12694,0
,101.17631,17.12697,0
,101.17675,17.12756,0
,101.17704,17.12788,0
,101.17739,17.12842,0
,101.17782,17.12931,0
,101.1784,17.13068,0
,101.17844,17.13093,0
,101.17843,17.13104,0
,101.17841,17.13113,0
,101.17835,17.13123,0
,101.17826,17.13131,0
,101.17814,17.13138,0
,101.17786,17.13144,0
,101.17567,17.13156,0
,101.17542,17.1316,0
,101.17519,17.13165,0
,101.17499,17.13171,0
,101.17478,17.13183,0
,101.17373,17.13256,0
,101.17344,17.13281,0
,101.17329,17.133,0
,101.17322,17.13314,0
,101.17317,17.1333,0
,101.17313,17.13363,0
,101.17316,17.13525,0
,101.17317,17.13537,0
,101.17292,17.13725,0
,101.17291,17.1377,0
,101.17293,17.13804,0
,101.17297,17.13821,0
,101.17299,17.13842,0
,101.17297,17.13877,0
,101.17292,17.13909,0
,101.17285,17.13931,0
,101.17273,17.1396,0
,101.17247,17.14035,0
,101.17246,17.14036,0
,101.17215,17.14137,0
,101.17211,17.14163,0
,101.17211,17.14174,0
,101.1721,17.14176,0
,101.17206,17.14242,0
,101.17197,17.14336,0
,101.17191,17.14493,0
,101.17192,17.14546,0
,101.17213,17.1466,0
,101.17216,17.14692,0
,101.17216,17.14706,0
,101.17209,17.14763,0
,101.17178,17.14907,0
,101.17171,17.14946,0
,101.17169,17.14969,0
,101.17171,17.14986,0
,101.17175,17.14997,0
,101.17185,17.15011,0
,101.1719,17.1502,0
,101.17199,17.15028,0
,101.17211,17.15035,0
,101.17224,17.15041,0
,101.1725,17.1505,0
,101.17272,17.1506,0
,101.17281,17.1507,0
,101.17287,17.15075,0
,101.17291,17.15082,0
,101.17296,17.15097,0
,101.17296,17.1511,0
,101.17293,17.15121,0
,101.17288,17.15132,0
,101.1728,17.15142,0
,101.17265,17.15156,0
,101.17168,17.15233,0
,101.17158,17.15243,0
,101.17154,17.15248,0
,101.1715,17.15257,0
,101.17148,17.15264,0
,101.17146,17.15275,0
,101.17146,17.15281,0
,101.17147,17.15289,0
,101.17153,17.15311,0
,101.17156,17.15318,0
,101.17171,17.15335,0
,101.17175,17.15338,0
,101.17178,17.15341,0
,101.17185,17.15346,0
,101.1719,17.15348,0
,101.17193,17.1535,0
,101.17199,17.15352,0
,101.17208,17.15357,0
,101.17215,17.15359,0
,101.1727,17.15381,0
,101.17283,17.15389,0
,101.17292,17.15397,0
,101.17295,17.15401,0
,101.173,17.15411,0
,101.17304,17.15423,0
,101.17305,17.15434,0
,101.17307,17.1553,0
,101.17306,17.15537,0
,101.17305,17.15554,0
,101.17302,17.15569,0
,101.17298,17.15582,0
,101.17291,17.15597,0
,101.1727,17.15632,0
,101.17252,17.15649,0
,101.17246,17.15653,0
,101.17217,17.15666,0
,101.17184,17.15676,0
,101.17134,17.15685,0
,101.17124,17.15685,0
,101.17085,17.15678,0
,101.17031,17.15662,0
,101.17017,17.15659,0
,101.17002,17.15657,0
,101.16997,17.15657,0
,101.16987,17.1566,0
,101.16982,17.15661,0
,101.16977,17.15664,0
,101.16959,17.15678,0
,101.16942,17.15697,0
,101.16827,17.15841,0
,101.16817,17.15848,0
,101.16799,17.15854,0
,101.16764,17.15859,0
,101.16753,17.15858,0
,101.16742,17.15854,0
,101.16739,17.15851,0
,101.16736,17.1585,0
,101.16726,17.15839,0
,101.16726,17.15838,0
,101.16714,17.15821,0
,101.16706,17.15808,0
,101.16704,17.15806,0
,101.16696,17.15793,0
,101.16687,17.15782,0
,101.16683,17.15778,0
,101.16673,17.15775,0
,101.16663,17.15775,0
,101.16653,17.1578,0
,101.16646,17.15789,0
,101.16638,17.15803,0
,101.16547,17.15995,0
,101.16545,17.15998,0
,101.16512,17.16073,0
,101.16508,17.16087,0
,101.16506,17.16105,0
,101.16507,17.16114,0
,101.16514,17.16159,0
,101.16514,17.16173,0
,101.16512,17.16185,0
,101.16509,17.16193,0
,101.16403,17.16381,0
,101.16402,17.16381,0
,101.16348,17.16474,0
,101.16348,17.16476,0
,101.16339,17.1649,0
,101.16338,17.16491,0
,101.16334,17.16499,0
,101.16327,17.16518,0
,101.16322,17.1654,0
,101.16323,17.16557,0
,101.16324,17.16558,0
,101.16328,17.16574,0
,101.16362,17.16655,0
,101.16364,17.16658,0
,101.16375,17.16684,0
,101.16394,17.16742,0
,101.16453,17.16966,0
,101.16455,17.16976,0
,101.16455,17.16981,0
,101.16454,17.1699,0
,101.16447,17.17,0
,101.16442,17.17005,0
,101.16434,17.17011,0
,101.16388,17.17039,0
,101.16354,17.17063,0
,101.16323,17.17087,0
,101.16318,17.1709,0
,101.1629,17.17113,0
,101.16281,17.17123,0
,101.16271,17.17136,0
,101.16263,17.1716,0
,101.1626,17.172,0
,101.16257,17.17215,0
,101.16253,17.17226,0
,101.16243,17.17241,0
,101.16235,17.17249,0
,101.16218,17.17263,0
,101.16207,17.1727,0
,101.16186,17.17289,0
,101.1618,17.17296,0
,101.16174,17.17305,0
,101.16169,17.17318,0
,101.16164,17.17351,0
,101.16163,17.1737,0
,101.16155,17.17412,0
,101.16147,17.17441,0
,101.16088,17.17616,0
,101.16033,17.17821,0
,101.16033,17.17823,0
,101.16013,17.179,0
,101.15996,17.17954,0
,101.15971,17.18043,0
,101.15962,17.18067,0
,101.15952,17.18085,0
,101.15932,17.18107,0
,101.15919,17.18117,0
,101.15904,17.18126,0
,101.15903,17.18126,0
,101.15794,17.18176,0
,101.15762,17.18193,0
,101.15741,17.18207,0
,101.1571,17.18232,0
,101.15695,17.18251,0
,101.15679,17.18274,0
,101.15671,17.18291,0
,101.15668,17.18305,0
,101.15668,17.18319,0
,101.15669,17.18326,0
,101.15674,17.18341,0
,101.15683,17.18356,0
,101.15698,17.18371,0
,101.15743,17.18398,0
,101.15761,17.18408,0
,101.15796,17.1843,0
,101.15869,17.18492,0
,101.15889,17.18512,0
,101.15902,17.18529,0
,101.15912,17.18545,0
,101.15917,17.18555,0
,101.15923,17.18574,0
,101.15934,17.18628,0
,101.15995,17.19108,0
,101.15994,17.19153,0
,101.15989,17.19186,0
,101.15956,17.19267,0
,101.15944,17.19302,0
,101.15935,17.19358,0
,101.15938,17.19401,0
,101.15944,17.19446,0
,101.15951,17.19482,0
,101.15959,17.19512,0
,101.15981,17.19573,0
,101.16033,17.19689,0
,101.16041,17.19714,0
,101.16043,17.19723,0
,101.16042,17.19752,0
,101.16035,17.19808,0
,101.16021,17.19873,0
,101.16023,17.19888,0
,101.16023,17.19896,0
,101.16028,17.19912,0
,101.16034,17.19924,0
,101.16045,17.1994,0
,101.16102,17.20012,0
,101.16121,17.20046,0
,101.16125,17.2006,0
,101.16126,17.20067,0
,101.16117,17.20129,0
,101.16112,17.2015,0
,101.16094,17.20208,0
,101.1609,17.20216,0
,101.16086,17.2022,0
,101.16077,17.20231,0
,101.16024,17.20262,0
,101.16006,17.20275,0
,101.15993,17.20287,0
,101.15977,17.20308,0
,101.15974,17.20315,0
,101.15969,17.20331,0
,101.15965,17.20353,0
,101.15964,17.20364,0
,101.15957,17.20409,0
,101.15951,17.2047,0
,101.15946,17.20559,0
,101.15935,17.20562,0
,101.15935,17.20563,0
,101.1593,17.20565,0
,101.15923,17.20571,0
,101.15911,17.20579,0
,101.15903,17.2059,0
,101.15899,17.20602,0
,101.15899,17.20604,0
,101.15898,17.20605,0
,101.15898,17.20623,0
,101.15899,17.20629,0
,101.15908,17.20652,0
,101.15953,17.20749,0
,101.15962,17.20774,0
,101.15963,17.20784,0
,101.15961,17.20795,0
,101.15954,17.20807,0
,101.15907,17.20857,0
,101.15904,17.20866,0
,101.15879,17.20889,0
,101.15872,17.20897,0
,101.1582,17.20949,0
,101.15756,17.21018,0
,101.15745,17.21025,0
,101.15735,17.2103,0
,101.15714,17.21037,0
,101.15699,17.21041,0
,101.15401,17.21037,0
,101.15386,17.21042,0
,101.15379,17.21046,0
,101.15369,17.21054,0
,101.1536,17.21068,0
,101.15353,17.21094,0
,101.15352,17.21095,0
,101.15331,17.21198,0
,101.15328,17.21206,0
,101.15328,17.21208,0
,101.15316,17.21248,0
,101.15213,17.21437,0
,101.15207,17.2145,0
,101.15204,17.21462,0
,101.15202,17.21476,0
,101.15203,17.21562,0
,101.15204,17.21573,0
,101.15203,17.21654,0
,101.15204,17.21672,0
,101.15204,17.21706,0
,101.15203,17.21708,0
,101.15199,17.21729,0
,101.15196,17.21735,0
,101.15194,17.21741,0
,101.1518,17.21756,0
,101.15166,17.21767,0
,101.15135,17.21786,0
,101.15122,17.21792,0
,101.15099,17.21801,0
,101.15074,17.21803,0
,101.15042,17.21803,0
,101.14998,17.21808,0
,101.14976,17.21814,0
,101.14924,17.21837,0
,101.14919,17.21841,0
,101.14911,17.21852,0
,101.14907,17.2186,0
,101.14873,17.21958,0
,101.14832,17.22037,0
,101.14821,17.22055,0
,101.14796,17.22091,0
,101.14794,17.22093,0
,101.1479,17.22096,0
,101.14787,17.22099,0
,101.14784,17.221,0
,101.14764,17.22114,0
,101.14738,17.22127,0
,101.14732,17.22131,0
,101.14727,17.22137,0
,101.14723,17.22143,0
,101.14717,17.22157,0
,101.14705,17.22201,0
,101.14698,17.22218,0
,101.14694,17.22236,0
,101.14693,17.22237,0
,101.1469,17.22253,0
,101.14691,17.22261,0
,101.14695,17.22269,0
,101.147,17.22276,0
,101.14723,17.22294,0
,101.14803,17.22333,0
,101.14817,17.22341,0
,101.14831,17.22352,0
,101.14836,17.22358,0
,101.14842,17.22367,0
,101.14845,17.22374,0
,101.1485,17.22391,0
,101.14852,17.22402,0
,101.14859,17.22463,0
,101.14861,17.22474,0
,101.14863,17.2248,0
,101.14869,17.22492,0
,101.15002,17.22675,0
,101.15026,17.22701,0
,101.15045,17.22714,0
,101.15055,17.22719,0
,101.1507,17.22723,0
,101.15085,17.22725,0
,101.15181,17.22722,0
,101.15189,17.22723,0
,101.15198,17.22726,0
,101.15203,17.22729,0
,101.15208,17.22733,0
,101.1522,17.22745,0
,101.15227,17.22755,0
,101.1523,17.22767,0
,101.1523,17.22768,0
,101.1525,17.22814,0
,101.15251,17.22818,0
,101.15251,17.2283,0
,101.1525,17.22836,0
,101.15243,17.22851,0
,101.15239,17.22855,0
,101.15232,17.2286,0
,101.15223,17.22862,0
,101.15217,17.22862,0
,101.15204,17.2286,0
,101.15197,17.22858,0
,101.15193,17.22856,0
,101.15187,17.22852,0
,101.15182,17.22845,0
,101.15168,17.22807,0
,101.15167,17.22806,0
,101.15165,17.22803,0
,101.15157,17.22795,0
,101.15152,17.22791,0
,101.15135,17.22785,0
,101.15129,17.22784,0
,101.15125,17.22784,0
,101.15121,17.22785,0
,101.15102,17.22792,0
,101.15101,17.22793,0
,101.14961,17.22874,0
,101.14956,17.2288,0
,101.14954,17.22884,0
,101.14952,17.22894,0
,101.14952,17.22901,0
,101.14956,17.22916,0
,101.15055,17.23196,0
,101.15309,17.23701,0
,101.15318,17.23714,0
,101.15339,17.23738,0
,101.15361,17.23756,0
,101.15385,17.23779,0
,101.15402,17.23799,0
,101.1541,17.23813,0
,101.15438,17.23883,0
,101.15452,17.23924,0
,101.15484,17.24002,0
,101.15485,17.24003,0
,101.15499,17.2405,0
,101.15509,17.24075,0
,101.15517,17.24087,0
,101.15517,17.24088,0
,101.15524,17.24099,0
,101.15638,17.24213,0
,101.15654,17.24237,0
,101.15664,17.2427,0
,101.15665,17.24281,0
,101.15665,17.24297,0
,101.15662,17.24323,0
,101.15554,17.24592,0
,101.155,17.24734,0
,101.15497,17.2475,0
,101.15497,17.24777,0
,101.15585,17.25101,0
,101.15583,17.25133,0
,101.15576,17.25148,0
,101.15572,17.25155,0
,101.15565,17.25162,0
,101.15563,17.25165,0
,101.15523,17.25198,0
,101.15507,17.25207,0
,101.15472,17.25221,0
,101.15454,17.25227,0
,101.15422,17.25246,0
,101.15416,17.25251,0
,101.15405,17.25272,0
,101.15404,17.25277,0
,101.15403,17.25277,0
,101.154,17.25286,0
,101.154,17.25294,0
,101.15399,17.25294,0
,101.15398,17.25328,0
,101.15399,17.25353,0
,101.15426,17.25519,0
,101.15429,17.25532,0
,101.15439,17.2555,0
,101.1545,17.25563,0
,101.15542,17.25643,0
,101.15556,17.25654,0
,101.15557,17.25654,0
,101.15574,17.25668,0
,101.1558,17.25674,0
,101.15588,17.25689,0
,101.15589,17.25702,0
,101.15588,17.25707,0
,101.15582,17.25719,0
,101.15578,17.25723,0
,101.15566,17.2573,0
,101.15557,17.25732,0
,101.15552,17.25732,0
,101.15546,17.25731,0
,101.15539,17.25728,0
,101.15475,17.25693,0
,101.15454,17.25686,0
,101.15453,17.25685,0
,101.15445,17.25682,0
,101.15436,17.2568,0
,101.15407,17.25671,0
,101.15399,17.2567,0
,101.1537,17.25664,0
,101.15345,17.25662,0
,101.15328,17.25662,0
,101.15311,17.25664,0
,101.15304,17.25668,0
,101.15293,17.25676,0
,101.15287,17.25682,0
,101.15281,17.2569,0
,101.15271,17.25711,0
,101.1525,17.25779,0
,101.15242,17.25798,0
,101.15235,17.25808,0
,101.15225,17.25814,0
,101.15222,17.25815,0
,101.15218,17.25817,0
,101.15212,17.25818,0
,101.15201,17.25818,0
,101.15194,17.25815,0
,101.15187,17.2581,0
,101.15181,17.25803,0
,101.15176,17.25791,0
,101.15176,17.25785,0
,101.15178,17.25773,0
,101.15191,17.25725,0
,101.1521,17.2567,0
,101.15214,17.2566,0
,101.15214,17.25657,0
,101.15216,17.25653,0
,101.15217,17.25648,0
,101.15218,17.2563,0
,101.15211,17.25616,0
,101.15206,17.25611,0
,101.15196,17.25604,0
,101.1519,17.25602,0
,101.15184,17.25601,0
,101.15169,17.25602,0
,101.15071,17.25614,0
,101.15051,17.25619,0
,101.15041,17.25624,0
,101.15026,17.25633,0
,101.15011,17.25647,0
,101.15003,17.25658,0
,101.14997,17.25668,0
,101.1499,17.25684,0
,101.14962,17.25774,0
,101.14959,17.2579,0
,101.14958,17.25806,0
,101.14959,17.25836,0
,101.14971,17.25912,0
,101.14993,17.25992,0
,101.14998,17.26018,0
,101.14998,17.26036,0
,101.14997,17.26038,0
,101.14996,17.26043,0
,101.14985,17.26063,0
,101.14915,17.2616,0
,101.14794,17.26319,0
,101.14784,17.2633,0
,101.14784,17.26331,0
,101.14743,17.26368,0
,101.14688,17.26414,0
,101.14655,17.26444,0
,101.14647,17.26453,0
,101.14641,17.26462,0
,101.14634,17.26475,0
,101.1463,17.2649,0
,101.14629,17.26501,0
,101.14631,17.26516,0
,101.14647,17.26592,0
,101.14647,17.26595,0
,101.14663,17.26669,0
,101.14659,17.26697,0
,101.14653,17.2671,0
,101.1465,17.26715,0
,101.14645,17.26721,0
,101.14639,17.26726,0
,101.14636,17.26727,0
,101.14511,17.26804,0
,101.14494,17.26817,0
,101.14481,17.2683,0
,101.14469,17.26845,0
,101.1445,17.26874,0
,101.14377,17.2703,0
,101.14368,17.2704,0
,101.14338,17.27096,0
,101.14321,17.27145,0
,101.14317,17.27166,0
,101.14316,17.27184,0
,101.14315,17.27188,0
,101.14315,17.27191,0
,101.14319,17.27216,0
,101.1432,17.27218,0
,101.14323,17.27227,0
,101.14194,17.27321,0
,101.14179,17.27335,0
,101.14169,17.2735,0
,101.14142,17.27406,0
,101.14111,17.27443,0
,101.14076,17.27491,0
,101.14054,17.27533,0
,101.14038,17.27573,0
,101.14036,17.27587,0
,101.14039,17.27726,0
,101.14035,17.27747,0
,101.1403,17.27757,0
,101.14008,17.27788,0
,101.13973,17.27845,0
,101.13965,17.27861,0
,101.13936,17.2796,0
,101.13934,17.27965,0
,101.13926,17.28,0
,101.13921,17.28017,0
,101.13904,17.28091,0
,101.13886,17.2822,0
,101.13883,17.28258,0
,101.13877,17.28278,0
,101.13876,17.28284,0
,101.13872,17.28291,0
,101.13859,17.28319,0
,101.13842,17.28346,0
,101.13834,17.28357,0
,101.13825,17.28366,0
,101.13799,17.28388,0
,101.13712,17.28447,0
,101.13681,17.28466,0
,101.13671,17.28473,0
,101.13663,17.28477,0
,101.13655,17.2848,0
,101.1364,17.285,0
,101.13621,17.28532,0
,101.13618,17.28536,0
,101.13603,17.28564,0
,101.13597,17.28573,0
,101.13594,17.2858,0
,101.13498,17.28765,0
,101.13487,17.2878,0
,101.13474,17.28792,0
,101.13465,17.28796,0
,101.13449,17.28806,0
,101.13419,17.28821,0
,101.13406,17.28831,0
,101.13248,17.28999,0
,101.13068,17.29173,0
,101.13057,17.29186,0
,101.13053,17.29197,0
,101.13051,17.29208,0
,101.1305,17.29259,0
,101.13049,17.2927,0
,101.13049,17.29285,0
,101.13045,17.29304,0
,101.13039,17.29321,0
,101.13027,17.29349,0
,101.13011,17.29392,0
,101.12853,17.29682,0
,101.1285,17.29686,0
,101.12707,17.29946,0
,101.12705,17.29952,0
,101.12702,17.29957,0
,101.12696,17.29973,0
,101.12693,17.29986,0
,101.12692,17.29987,0
,101.12691,17.30004,0
,101.12691,17.30027,0
,101.12689,17.30045,0
,101.12688,17.30068,0
,101.12683,17.30087,0
,101.1267,17.30114,0
,101.12655,17.30137,0
,101.12634,17.30166,0
,101.12622,17.30185,0
,101.12617,17.30196,0
,101.12611,17.30214,0
,101.12609,17.30241,0
,101.12617,17.30466,0
,101.12624,17.30557,0
,101.12628,17.30583,0
,101.12635,17.3066,0
,101.12635,17.30677,0
,101.12634,17.30686,0
,101.12632,17.30696,0
,101.12616,17.30755,0
,101.12614,17.3076,0
,101.12612,17.30773,0
,101.12611,17.30785,0
,101.12611,17.30794,0
,101.12614,17.30821,0
,101.12614,17.30828,0
,101.12625,17.30916,0
,101.12625,17.30923,0
,101.12623,17.30936,0
,101.12621,17.30941,0
,101.12618,17.30946,0
,101.12596,17.30973,0
,101.12563,17.3101,0
,101.12554,17.31022,0
,101.12551,17.31025,0
,101.12547,17.31031,0
,101.12545,17.31036,0
,101.12541,17.31042,0
,101.12538,17.31049,0
,101.12534,17.31069,0
,101.12534,17.31082,0
,101.12537,17.31103,0
,101.12545,17.31126,0
,101.12596,17.31244,0
,101.12605,17.31271,0
,101.12605,17.31298,0
,101.126,17.31326,0
,101.12595,17.31341,0
,101.1259,17.31348,0
,101.12583,17.31354,0
,101.12572,17.3136,0
,101.12566,17.31362,0
,101.12553,17.31365,0
,101.12516,17.31369,0
,101.12502,17.31372,0
,101.12485,17.31377,0
,101.12475,17.31379,0
,101.12457,17.31381,0
,101.12451,17.31381,0
,101.12442,17.31379,0
,101.12433,17.31375,0
,101.12426,17.3137,0
,101.12408,17.31348,0
,101.12378,17.31303,0
,101.12368,17.31291,0
,101.12366,17.3129,0
,101.12365,17.31288,0
,101.12359,17.31286,0
,101.12355,17.31286,0
,101.12348,17.31288,0
,101.12343,17.31292,0
,101.1234,17.31302,0
,101.1234,17.31314,0
,101.12343,17.3132,0
,101.12345,17.31327,0
,101.12353,17.31339,0
,101.1237,17.31358,0
,101.12377,17.31368,0
,101.12382,17.31377,0
,101.12386,17.31386,0
,101.12389,17.31398,0
,101.12389,17.31405,0
,101.12387,17.31416,0
,101.12383,17.31425,0
,101.12379,17.3143,0
,101.12374,17.31435,0
,101.12364,17.31441,0
,101.12356,17.31445,0
,101.12337,17.31452,0
,101.12321,17.3146,0
,101.12315,17.31464,0
,101.12311,17.31468,0
,101.12308,17.31472,0
,101.12307,17.31476,0
,101.12305,17.31479,0
,101.12303,17.31487,0
,101.12303,17.31503,0
,101.12306,17.31556,0
,101.12302,17.31731,0
,101.12303,17.31736,0
,101.12306,17.31743,0
,101.12314,17.31755,0
,101.12349,17.31791,0
,101.12356,17.31801,0
,101.12365,17.3182,0
,101.12365,17.31821,0
,101.12367,17.31828,0
,101.1237,17.31877,0
,101.12374,17.31916,0
,101.12376,17.31928,0
,101.12379,17.31939,0
,101.12385,17.31955,0
,101.12396,17.31979,0
,101.124,17.3199,0
,101.12401,17.31996,0
,101.12401,17.32003,0
,101.12399,17.32015,0
,101.12395,17.32026,0
,101.12382,17.32047,0
,101.12372,17.32061,0
,101.12359,17.32086,0
,101.12341,17.32136,0
,101.12331,17.32152,0
,101.12328,17.32155,0
,101.12319,17.32161,0
,101.12314,17.32163,0
,101.12308,17.32164,0
,101.12299,17.32164,0
,101.12287,17.32162,0
,101.1227,17.32155,0
,101.12258,17.32149,0
,101.12217,17.32122,0
,101.12181,17.32096,0
,101.12166,17.3208,0
,101.12123,17.32027,0
,101.12103,17.31991,0
,101.12099,17.31987,0
,101.12094,17.31984,0
,101.12086,17.31984,0
,101.12081,17.31985,0
,101.12072,17.31991,0
,101.12063,17.32002,0
,101.12059,17.3201,0
,101.12054,17.32023,0
,101.12053,17.32027,0
,101.12053,17.32037,0
,101.1207,17.32106,0
,101.12087,17.32164,0
,101.12098,17.32213,0
,101.12098,17.32217,0
,101.121,17.3223,0
,101.12103,17.3229,0
,101.12105,17.32457,0
,101.12102,17.3247,0
,101.12099,17.32479,0
,101.12092,17.32488,0
,101.12089,17.32491,0
,101.12081,17.32497,0
,101.12031,17.32524,0
,101.11984,17.32547,0
,101.1194,17.32564,0
,101.11923,17.32576,0
,101.11916,17.32582,0
,101.11914,17.32583,0
,101.11882,17.32616,0
,101.11864,17.32637,0
,101.11856,17.32645,0
,101.11841,17.32663,0
,101.11829,17.32683,0
,101.11824,17.32695,0
,101.11814,17.32726,0
,101.11811,17.32738,0
,101.11801,17.32764,0
,101.11793,17.3278,0
,101.11788,17.32787,0
,101.11777,17.328,0
,101.11758,17.32815,0
,101.11624,17.32893,0
,101.11496,17.32972,0
,101.11449,17.32997,0
,101.11441,17.33002,0
,101.11394,17.33022,0
,101.11342,17.33035,0
,101.11281,17.33047,0
,101.11136,17.33066,0
,101.11105,17.33068,0
,101.11084,17.33068,0
,101.1106,17.33066,0
,101.11025,17.3306,0
,101.10994,17.33051,0
,101.10929,17.33028,0
,101.10902,17.3302,0
,101.10881,17.33016,0
,101.10856,17.33014,0
,101.10783,17.33015,0
,101.10687,17.3302,0
,101.10667,17.33023,0
,101.10641,17.3303,0
,101.10615,17.33041,0
,101.10583,17.33058,0
,101.10494,17.33111,0
,101.10417,17.3315,0
,101.10369,17.33165,0
,101.10354,17.33167,0
,101.10316,17.33168,0
,101.1029,17.33164,0
,101.10268,17.33158,0
,101.10244,17.33147,0
,101.10221,17.33133,0
,101.10207,17.33123,0
,101.10194,17.33111,0
,101.10186,17.33101,0
,101.10177,17.33082,0
,101.10172,17.33069,0
,101.10169,17.33054,0
,101.10168,17.3304,0
,101.10162,17.32997,0
,101.10158,17.32982,0
,101.10154,17.32971,0
,101.1015,17.32963,0
,101.10144,17.32954,0
,101.1013,17.3294,0
,101.10097,17.32916,0
,101.10069,17.32901,0
,101.10048,17.32895,0
,101.10001,17.32885,0
,101.09977,17.32884,0
,101.09959,17.32886,0
,101.09929,17.32895,0
,101.09867,17.3293,0
,101.09527,17.33145,0
,101.09493,17.33165,0
,101.09466,17.33179,0
,101.09439,17.33191,0
,101.09395,17.33208,0
,101.09303,17.33237,0
,101.0911,17.33311,0
,101.09078,17.33321,0
,101.09075,17.33321,0
,101.08973,17.33345,0
,101.08965,17.33348,0
,101.08929,17.33357,0
,101.08876,17.33372,0
,101.08828,17.33394,0
,101.08798,17.33411,0
,101.08742,17.33458,0
,101.08729,17.33471,0
,101.08717,17.33485,0
,101.08712,17.33492,0
,101.0871,17.33497,0
,101.08708,17.33509,0
,101.08709,17.33527,0
,101.08708,17.33545,0
,101.08705,17.33568,0
,101.08696,17.33607,0
,101.08684,17.33631,0
,101.08657,17.33656,0
,101.08657,17.33657,0
,101.08638,17.33675,0
,101.0862,17.33689,0
,101.08593,17.33707,0
,101.08559,17.33725,0
,101.08516,17.33744,0
,101.08514,17.33744,0
,101.08432,17.33775,0
,101.08416,17.33778,0
,101.08391,17.33785,0
,101.0839,17.33786,0
,101.08338,17.33803,0
,101.08337,17.33804,0
,101.0832,17.33808,0
,101.08302,17.33814,0
,101.08275,17.33827,0
,101.08251,17.33845,0
,101.0824,17.33856,0
,101.08232,17.33866,0
,101.08224,17.33887,0
,101.08224,17.33889,0
,101.08216,17.33903,0
,101.08216,17.33904,0
,101.08207,17.33918,0
,101.082,17.33927,0
,101.08181,17.33945,0
,101.08166,17.33955,0
,101.08148,17.33973,0
,101.08146,17.33983,0
,101.08146,17.33991,0
,101.08149,17.33999,0
,101.08151,17.34001,0
,101.08161,17.34019,0
,101.0818,17.34048,0
,101.08182,17.34052,0
,101.08191,17.34062,0
,101.08213,17.34091,0
,101.0822,17.341,0
,101.08227,17.34117,0
,101.08228,17.34123,0
,101.08227,17.34124,0
,101.08225,17.34129,0
,101.08221,17.34134,0
,101.08207,17.34147,0
,101.0819,17.3416,0
,101.08171,17.34169,0
,101.08163,17.34171,0
,101.0815,17.34171,0
,101.08117,17.34167,0
,101.08115,17.34166,0
,101.08098,17.34164,0
,101.08096,17.34163,0
,101.08073,17.34158,0
,101.08064,17.34157,0
,101.08032,17.34156,0
,101.08022,17.34157,0
,101.08002,17.34161,0
,101.07979,17.3417,0
,101.07948,17.34177,0
,101.07932,17.34181,0
,101.07931,17.34182,0
,101.0791,17.34189,0
,101.079,17.34196,0
,101.07895,17.34203,0
,101.07892,17.34209,0
,101.07892,17.34217,0
,101.07894,17.34222,0
,101.07894,17.34224,0
,101.07899,17.3423,0
,101.07904,17.34235,0
,101.07911,17.34238,0
,101.07919,17.3424,0
,101.07952,17.34243,0
,101.07968,17.34243,0
,101.07972,17.34244,0
,101.07974,17.34245,0
,101.07987,17.34255,0
,101.07988,17.34255,0
,101.0799,17.34257,0
,101.07993,17.34263,0
,101.07995,17.34266,0
,101.07996,17.3427,0
,101.07996,17.34272,0
,101.08002,17.34287,0
,101.08002,17.34289,0
,101.08005,17.34295,0
,101.08005,17.34298,0
,101.08006,17.343,0
,101.08006,17.34305,0
,101.08005,17.34307,0
,101.08005,17.34312,0
,101.08002,17.34316,0
,101.08001,17.34318,0
,101.07998,17.3432,0
,101.07996,17.34322,0
,101.07991,17.34324,0
,101.07988,17.34326,0
,101.0798,17.34328,0
,101.07963,17.34334,0
,101.07952,17.3434,0
,101.07947,17.34345,0
,101.07945,17.34349,0
,101.07945,17.34367,0
,101.07946,17.34374,0
,101.07946,17.34378,0
,101.07947,17.34379,0
,101.07947,17.34398,0
,101.07944,17.34408,0
,101.0794,17.34414,0
,101.07936,17.34417,0
,101.0793,17.34419,0
,101.07923,17.34418,0
,101.07901,17.34413,0
,101.07892,17.34409,0
,101.0785,17.34401,0
,101.07836,17.34404,0
,101.07828,17.34408,0
,101.07817,17.34419,0
,101.07726,17.34548,0
,101.07708,17.34571,0
,101.0767,17.34631,0
,101.07634,17.34674,0
,101.0758,17.34734,0
,101.07579,17.34734,0
,101.07553,17.3476,0
,101.07548,17.34764,0
,101.07543,17.34775,0
,101.07538,17.34784,0
,101.07523,17.34825,0
,101.07521,17.34829,0
,101.07505,17.34893,0
,101.07497,17.34911,0
,101.07474,17.34934,0
,101.07471,17.34938,0
,101.07453,17.3495,0
,101.07438,17.34957,0
,101.07406,17.34975,0
,101.07378,17.34986,0
,101.07374,17.34987,0
,101.07366,17.34992,0
,101.07344,17.35003,0
,101.07329,17.3502,0
,101.07325,17.35026,0
,101.07322,17.35034,0
,101.07321,17.35038,0
,101.07318,17.35043,0
,101.07314,17.35054,0
,101.07311,17.35065,0
,101.0731,17.35072,0
,101.07309,17.35073,0
,101.07304,17.35086,0
,101.07301,17.3509,0
,101.07296,17.35093,0
,101.07288,17.35094,0
,101.07281,17.35094,0
,101.07264,17.35085,0
,101.07244,17.35079,0
,101.07234,17.35077,0
,101.07228,17.35077,0
,101.07221,17.35079,0
,101.07215,17.35083,0
,101.07205,17.35088,0
,101.07199,17.35093,0
,101.07182,17.35102,0
,101.07172,17.35106,0
,101.07155,17.3511,0
,101.07147,17.35114,0
,101.07143,17.35121,0
,101.07132,17.35133,0
,101.07103,17.35155,0
,101.07094,17.3516,0
,101.07082,17.35166,0
,101.07065,17.35172,0
,101.07034,17.35179,0
,101.07032,17.35179,0
,101.06976,17.35187,0
,101.06699,17.35206,0
,101.06669,17.35211,0
,101.0665,17.35216,0
,101.0663,17.35224,0
,101.06613,17.35235,0
,101.06567,17.35277,0
,101.06567,17.35278,0
,101.06456,17.35406,0
,101.06433,17.35428,0
,101.06393,17.35438,0
,101.06389,17.35438,0
,101.05765,17.35557,0
,101.05731,17.35573,0
,101.05728,17.35575,0
,101.05681,17.35594,0
,101.0568,17.35595,0
,101.05595,17.35633,0
,101.0559,17.35636,0
,101.05557,17.35668,0
,101.05481,17.35779,0
,101.05461,17.35795,0
,101.05449,17.35806,0
,101.05441,17.3582,0
,101.05431,17.35843,0
,101.05394,17.35985,0
,101.05392,17.35988,0
,101.05357,17.36062,0
,101.05214,17.36269,0
,101.05208,17.36275,0
,101.05204,17.36276,0
,101.052,17.36276,0
,101.05193,17.36275,0
,101.05177,17.36271,0
,101.05167,17.3627,0
,101.05163,17.36269,0
,101.05148,17.36271,0
,101.05112,17.36279,0
,101.05107,17.36281,0
,101.05103,17.36285,0
,101.051,17.36291,0
,101.051,17.36298,0
,101.05101,17.36304,0
,101.05105,17.36316,0
,101.05109,17.3632,0
,101.0512,17.36338,0
,101.05121,17.36351,0
,101.0512,17.36359,0
,101.05119,17.36381,0
,101.05117,17.36385,0
,101.05114,17.36387,0
,101.0511,17.36388,0
,101.05107,17.36388,0
,101.05102,17.36382,0
,101.05094,17.36364,0
,101.05084,17.36354,0
,101.05071,17.36346,0
,101.0506,17.36344,0
,101.0504,17.36345,0
,101.05019,17.36352,0
,101.04999,17.36364,0
,101.0499,17.36372,0
,101.04982,17.3639,0
,101.04976,17.36407,0
,101.04944,17.36558,0
,101.04945,17.36567,0
,101.04952,17.36591,0
,101.0498,17.36644,0
,101.04993,17.36677,0
,101.04997,17.36705,0
,101.04994,17.3675,0
,101.04988,17.36769,0
,101.04981,17.36783,0
,101.04969,17.36793,0
,101.04962,17.36797,0
,101.04953,17.36801,0
,101.04876,17.36819,0
,101.04844,17.36832,0
,101.04839,17.36838,0
,101.04836,17.36845,0
,101.04835,17.3685,0
,101.04835,17.36853,0
,101.04841,17.3686,0
,101.04847,17.36864,0
,101.04864,17.36869,0
,101.0487,17.36869,0
,101.04926,17.36874,0
,101.04946,17.36879,0
,101.04953,17.36882,0
,101.04956,17.36886,0
,101.04957,17.3689,0
,101.04958,17.36891,0
,101.04956,17.36903,0
,101.04953,17.36909,0
,101.04903,17.36967,0
,101.04906,17.37081,0
,101.04933,17.37152,0
,101.04936,17.37179,0
,101.04936,17.37194,0
,101.04935,17.37196,0
,101.04931,17.37214,0
,101.04917,17.37243,0
,101.04893,17.3732,0
,101.04887,17.37332,0
,101.0488,17.37349,0
,101.04867,17.37376,0
,101.04862,17.37381,0
,101.04859,17.37383,0
,101.04853,17.37384,0
,101.04846,17.37384,0
,101.04845,17.37383,0
,101.04843,17.37383,0
,101.04827,17.37374,0
,101.04823,17.3737,0
,101.04816,17.37367,0
,101.04808,17.37365,0
,101.04724,17.37369,0
,101.04713,17.37373,0
,101.04703,17.3738,0
,101.04703,17.37381,0
,101.04698,17.37385,0
,101.04686,17.37398,0
,101.04676,17.37413,0
,101.04671,17.37429,0
,101.04662,17.37491,0
,101.04648,17.37533,0
,101.04639,17.37552,0
,101.04628,17.37567,0
,101.0457,17.37615,0
,101.04546,17.37642,0
,101.04482,17.37775,0
,101.04479,17.3778,0
,101.04467,17.37795,0
,101.0446,17.37801,0
,101.04451,17.37806,0
,101.04437,17.37809,0
,101.04435,17.3781,0
,101.04391,17.37819,0
,101.04362,17.37829,0
,101.04348,17.37838,0
,101.04343,17.37845,0
,101.0434,17.37853,0
,101.04339,17.37859,0
,101.04338,17.37866,0
,101.04339,17.37874,0
,101.04342,17.37883,0
,101.04347,17.3789,0
,101.04402,17.37939,0
,101.04408,17.37943,0
,101.04438,17.37982,0
,101.04464,17.3804,0
,101.04466,17.38051,0
,101.04466,17.38065,0
,101.04403,17.38333,0
,101.04401,17.38357,0
,101.04402,17.38379,0
,101.04409,17.38415,0
,101.04417,17.38432,0
,101.04439,17.38469,0
,101.04463,17.38499,0
,101.04484,17.3853,0
,101.04547,17.38599,0
,101.04561,17.3863,0
,101.04567,17.38649,0
,101.0457,17.38679,0
,101.04569,17.3871,0
,101.04561,17.38774,0
,101.0456,17.38894,0
,101.04571,17.39046,0
,101.04572,17.39051,0
,101.04571,17.39054,0
,101.0458,17.39305,0
,101.04579,17.39428,0
,101.04576,17.39489,0
,101.04568,17.39567,0
,101.0457,17.39588,0
,101.04573,17.39595,0
,101.04588,17.3962,0
,101.04622,17.39667,0
,101.04648,17.39713,0
,101.04666,17.3976,0
,101.04711,17.399,0
,101.04714,17.39926,0
,101.04713,17.39938,0
,101.04713,17.39949,0
,101.04674,17.40245,0
,101.04655,17.40412,0
,101.04657,17.40558,0
,101.04663,17.40691,0
,101.04679,17.40768,0
,101.04697,17.40822,0
,101.04731,17.40893,0
,101.04736,17.409,0
,101.04746,17.40918,0
,101.04764,17.40999,0
,101.04767,17.41089,0
,101.04753,17.41231,0
,101.04706,17.41438,0
,101.0466,17.41539,0
,101.04652,17.41559,0
,101.04646,17.4158,0
,101.04646,17.41587,0
,101.04647,17.4159,0
,101.04666,17.41622,0
,101.04722,17.41709,0
,101.04748,17.41771,0
,101.0476,17.41785,0
,101.04773,17.41844,0
,101.04767,17.41863,0
,101.04773,17.41902,0
,101.04835,17.42109,0
,101.04835,17.42112,0
,101.04903,17.42391,0
,101.04927,17.42464,0
,101.04954,17.42532,0
,101.04954,17.42533,0
,101.04968,17.42566,0
,101.04992,17.42656,0
,101.05025,17.42897,0
,101.05026,17.42899,0
,101.05031,17.42938,0
,101.05037,17.42964,0
,101.05073,17.43057,0
,101.05103,17.43124,0
,101.05108,17.43153,0
,101.05113,17.43215,0
,101.05121,17.43272,0
,101.0513,17.4332,0
,101.05147,17.43361,0
,101.05191,17.43456,0
,101.05195,17.43467,0
,101.05375,17.43865,0
,101.05453,17.44141,0
,101.0546,17.4417,0
,101.05515,17.44294,0
,101.05522,17.44324,0
,101.05524,17.4434,0
,101.05525,17.44344,0
,101.05525,17.44349,0
,101.05522,17.4438,0
,101.05527,17.44439,0
,101.05532,17.44472,0
,101.0554,17.44503,0
,101.05596,17.44623,0
,101.0563,17.44713,0
,101.05644,17.44768,0
,101.0567,17.44843,0
,101.05714,17.44946,0
,101.05797,17.45105,0
,101.05817,17.45159,0
,101.05835,17.4523,0
,101.05852,17.45378,0
,101.05852,17.45385,0
,101.05855,17.45414,0
,101.05857,17.45474,0
,101.05829,17.45568,0
,101.05827,17.45572,0
,101.05807,17.45641,0
,101.05801,17.45658,0
,101.05786,17.4571,0
,101.05782,17.45728,0
,101.05774,17.4578,0
,101.05775,17.4579,0
,101.05778,17.45798,0
,101.05785,17.45808,0
,101.05803,17.45823,0
,101.05836,17.45845,0
,101.05966,17.45948,0
,101.05986,17.45967,0
,101.05996,17.45982,0
,101.0601,17.46014,0
,101.06072,17.46176,0
,101.06276,17.46647,0
,101.06289,17.46692,0
,101.06292,17.46721,0
,101.06294,17.4688,0
,101.06297,17.4691,0
,101.06303,17.4693,0
,101.06303,17.46931,0
,101.06316,17.4695,0
,101.06338,17.46971,0
,101.06369,17.46993,0
,101.06473,17.47059,0
,101.06497,17.47065,0
,101.06557,17.47074,0
,101.066,17.47083,0
,101.06611,17.4709,0
,101.06624,17.47103,0
,101.06648,17.47148,0
,101.06649,17.47151,0
,101.06728,17.47298,0
,101.06737,17.47323,0
,101.06737,17.47326,0
,101.06742,17.47348,0
,101.06747,17.47398,0
,101.06748,17.47497,0
,101.06752,17.47552,0
,101.06757,17.47583,0
,101.06762,17.47604,0
,101.06768,17.47621,0
,101.06793,17.47669,0
,101.06873,17.47838,0
,101.06889,17.47862,0
,101.06944,17.47933,0
,101.06961,17.47965,0
,101.06969,17.47986,0
,101.0698,17.4803,0
,101.06984,17.48059,0
,101.06984,17.48083,0
,101.06973,17.48216,0
,101.06969,17.48244,0
,101.06969,17.48257,0
,101.0697,17.48269,0
,101.06974,17.48278,0
,101.06992,17.48304,0
,101.07002,17.48345,0
,101.07002,17.48358,0
,101.07009,17.48404,0
,101.06975,17.48451,0
,101.06933,17.48537,0
,101.06917,17.48564,0
,101.06904,17.48582,0
,101.0689,17.48589,0
,101.06872,17.48594,0
,101.06849,17.48598,0
,101.06818,17.48601,0
,101.06817,17.48602,0
,101.06762,17.48612,0
,101.06749,17.48616,0
,101.06735,17.48623,0
,101.06717,17.48639,0
,101.06699,17.48673,0
,101.06703,17.48694,0
,101.06704,17.48704,0
,101.06708,17.48712,0
,101.06713,17.48717,0
,101.06719,17.48719,0
,101.06726,17.4872,0
,101.06734,17.48719,0
,101.06756,17.48714,0
,101.06811,17.48697,0
,101.06831,17.48697,0
,101.06861,17.487,0
,101.0688,17.48707,0
,101.06894,17.48715,0
,101.06899,17.4872,0
,101.06901,17.48724,0
,101.06905,17.48743,0
,101.06905,17.48753,0
,101.06901,17.48766,0
,101.06896,17.48773,0
,101.06885,17.48786,0
,101.06869,17.4881,0
,101.06867,17.48816,0
,101.06867,17.48819,0
,101.06868,17.48822,0
,101.06871,17.48825,0
,101.06903,17.48844,0
,101.06916,17.48853,0
,101.06927,17.48865,0
,101.06931,17.48873,0
,101.06937,17.48899,0
,101.06938,17.48913,0
,101.06938,17.48936,0
,101.06934,17.48976,0
,101.06924,17.49033,0
,101.06918,17.49107,0
,101.0699,17.49154,0
,101.07009,17.49169,0
,101.07023,17.49184,0
,101.07047,17.49223,0
,101.07068,17.49262,0
,101.07074,17.49271,0
,101.07085,17.49291,0
,101.07108,17.49323,0
,101.07294,17.49544,0
,101.07379,17.49636,0
,101.07438,17.4973,0
,101.07463,17.49779,0
,101.07501,17.49842,0
,101.07515,17.4986,0
,101.0753,17.49874,0
,101.07555,17.49888,0
,101.07564,17.49894,0
,101.07643,17.49936,0
,101.0768,17.49959,0
,101.07698,17.49974,0
,101.07707,17.49995,0
,101.07713,17.5002,0
,101.07712,17.50048,0
,101.07707,17.50074,0
,101.07707,17.50075,0
,101.07688,17.50143,0
,101.0768,17.50161,0
,101.07668,17.50176,0
,101.07643,17.50192,0
,101.07515,17.50255,0
,101.07376,17.50316,0
,101.07137,17.50397,0

,101.07137,17.50397,0
,101.07066,17.50421,0
,101.0697,17.50437,0
,101.06681,17.50436,0
,101.0666,17.50434,0
,101.06643,17.50431,0
,101.06629,17.50425,0
,101.06621,17.50419,0
,101.06614,17.50415,0
,101.06407,17.50223,0
,101.06404,17.50219,0
,101.0639,17.50207,0
,101.06354,17.50172,0
,101.0635,17.50169,0
,101.063,17.5012,0
,101.06262,17.5009,0
,101.06253,17.50085,0
,101.06253,17.50084,0
,101.06183,17.50058,0
,101.0618,17.50058,0
,101.06027,17.50004,0
,101.05918,17.49962,0
,101.05855,17.49938,0
,101.05853,17.49938,0
,101.05834,17.49934,0
,101.05829,17.49934,0
,101.05815,17.49931,0
,101.0581,17.49931,0
,101.05443,17.49889,0
,101.05436,17.49889,0
,101.05417,17.49887,0
,101.0536,17.49889,0
,101.05286,17.499,0
,101.05256,17.49907,0
,101.0525,17.4991,0
,101.05237,17.49914,0
,101.05123,17.49962,0
,101.05099,17.49968,0
,101.05081,17.49968,0
,101.0491,17.49952,0
,101.04906,17.49951,0
,101.04801,17.49944,0
,101.04797,17.49943,0
,101.04722,17.49939,0
,101.04518,17.49935,0
,101.04514,17.49934,0
,101.04453,17.4993,0
,101.0434,17.49916,0
,101.04177,17.49895,0
,101.04172,17.49895,0
,101.04103,17.49886,0
,101.04087,17.49881,0
,101.04064,17.49869,0
,101.04049,17.49864,0
,101.0404,17.49859,0
,101.04008,17.4983,0
,101.03965,17.49797,0
,101.03947,17.49789,0
,101.03926,17.49783,0
,101.03914,17.49783,0
,101.03388,17.49743,0
,101.03376,17.49741,0
,101.03372,17.49741,0
,101.0334,17.49735,0
,101.03317,17.49729,0
,101.03063,17.49624,0
,101.02894,17.49543,0
,101.0284,17.49526,0
,101.02836,17.49524,0
,101.02803,17.4952,0
,101.02753,17.49521,0
,101.02747,17.49523,0
,101.02728,17.49527,0
,101.02726,17.49527,0
,101.0271,17.49533,0
,101.02691,17.4954,0
,101.02608,17.49578,0
,101.02477,17.49644,0
,101.02446,17.49657,0
,101.02416,17.49667,0
,101.02296,17.49692,0
,101.02282,17.49693,0
,101.02229,17.49706,0
,101.02222,17.49707,0
,101.02158,17.49727,0
,101.02151,17.4973,0
,101.02143,17.49732,0
,101.02133,17.49736,0
,101.02123,17.49738,0
,101.02087,17.4975,0
,101.02057,17.49758,0
,101.0192,17.49771,0
,101.01871,17.49773,0
,101.01865,17.49774,0
,101.01772,17.49777,0
,101.01763,17.49776,0
,101.01698,17.49776,0
,101.01688,17.49774,0
,101.01682,17.49774,0
,101.01661,17.49771,0
,101.01399,17.49758,0
,101.01392,17.49757,0
,101.0138,17.49757,0
,101.01298,17.4975,0
,101.01242,17.49749,0
,101.01236,17.49748,0
,101.01192,17.49749,0
,101.01152,17.49753,0
,101.01074,17.49767,0
,101.01063,17.49768,0
,101.01061,17.49769,0
,101.01031,17.49778,0
,101.00981,17.49796,0
,101.00972,17.49798,0
,101.00937,17.4981,0
,101.00922,17.49811,0
,101.00911,17.49809,0
,101.00899,17.49805,0
,101.00866,17.4979,0
,101.00832,17.49772,0
,101.00801,17.4976,0
,101.00791,17.49758,0
,101.00753,17.49762,0
,101.00741,17.49775,0
,101.00734,17.49785,0
,101.00731,17.498,0
,101.00731,17.49808,0
,101.00732,17.49809,0
,101.00733,17.49818,0
,101.00739,17.49843,0
,101.00738,17.49861,0
,101.00735,17.49868,0
,101.00724,17.49886,0
,101.00716,17.49891,0
,101.00699,17.49899,0
,101.00688,17.49902,0
,101.00661,17.49901,0
,101.00649,17.49897,0
,101.0063,17.49885,0
,101.00585,17.49847,0
,101.0057,17.49828,0
,101.00559,17.49802,0
,101.00556,17.49797,0
,101.00506,17.49609,0
,101.00496,17.49589,0
,101.00466,17.49551,0
,101.00418,17.49498,0
,101.00405,17.49482,0
,101.00297,17.4936,0
,101.00295,17.49359,0
,101.00263,17.49323,0
,101.00257,17.49319,0
,101.00227,17.49304,0
,101.00171,17.4929,0
,101.00169,17.49289,0
,101.00023,17.49254,0
,100.99976,17.49246,0
,100.99939,17.49243,0
,100.99922,17.49249,0
,100.99891,17.49269,0
,100.99874,17.49276,0
,100.99866,17.49275,0
,100.99854,17.49276,0
,100.99811,17.49273,0
,100.9979,17.49268,0
,100.99776,17.49257,0
,100.99745,17.49213,0
,100.99727,17.49194,0
,100.99669,17.49156,0
,100.99668,17.49131,0
,100.99665,17.49116,0
,100.99659,17.49101,0
,100.99596,17.4898,0
,100.99582,17.48948,0
,100.9958,17.4894,0
,100.99578,17.48925,0
,100.99582,17.48915,0
,100.99615,17.48867,0
,100.99641,17.48807,0
,100.99648,17.48787,0
,100.99651,17.4877,0
,100.99651,17.48764,0
,100.99652,17.48763,0
,100.99653,17.4873,0
,100.99652,17.48717,0
,100.99647,17.48705,0
,100.99642,17.48696,0
,100.99632,17.48684,0
,100.99608,17.4866,0
,100.99605,17.48658,0
,100.99604,17.48656,0
,100.99571,17.48628,0
,100.99558,17.48615,0
,100.99538,17.48598,0
,100.99439,17.48504,0
,100.99061,17.48171,0
,100.99016,17.48134,0
,100.98969,17.48101,0
,100.98946,17.48088,0
,100.9892,17.48076,0
,100.98903,17.48071,0
,100.98887,17.48068,0
,100.98855,17.48067,0
,100.98829,17.48064,0
,100.98809,17.48059,0
,100.98794,17.48053,0
,100.98693,17.47982,0
,100.98689,17.47978,0
,100.98654,17.4795,0
,100.98502,17.478,0
,100.98493,17.47793,0
,100.98474,17.47786,0
,100.98423,17.47762,0
,100.98374,17.47736,0
,100.98369,17.47734,0
,100.9835,17.47723,0
,100.98318,17.4771,0
,100.98288,17.477,0
,100.98176,17.47675,0
,100.98142,17.47663,0
,100.98125,17.47655,0
,100.98121,17.47652,0
,100.9812,17.47652,0
,100.98011,17.47582,0
,100.97939,17.47547,0
,100.97931,17.47545,0
,100.97896,17.47532,0
,100.97891,17.47531,0
,100.97862,17.4752,0
,100.97861,17.4752,0
,100.97604,17.47451,0
,100.97562,17.47443,0
,100.97538,17.47442,0
,100.97503,17.47446,0
,100.97477,17.47454,0
,100.97455,17.47463,0
,100.97444,17.47471,0
,100.97348,17.47566,0
,100.97318,17.47586,0
,100.97301,17.47593,0
,100.97291,17.47596,0
,100.97282,17.47596,0
,100.97269,17.47593,0
,100.97152,17.47555,0
,100.97052,17.47532,0
,100.96978,17.47521,0
,100.96967,17.47521,0
,100.96959,17.47522,0
,100.96954,17.47524,0
,100.9691,17.47558,0
,100.9691,17.47559,0
,100.96903,17.47564,0
,100.96895,17.47567,0
,100.9688,17.47569,0
,100.96862,17.47568,0
,100.96844,17.47563,0
,100.96773,17.47537,0
,100.96768,17.47536,0
,100.96765,17.47534,0
,100.96753,17.4753,0
,100.96748,17.47529,0
,100.96742,17.47529,0
,100.96722,17.47535,0
,100.96709,17.47541,0
,100.96675,17.4755,0
,100.96665,17.47551,0
,100.96573,17.47548,0
,100.96568,17.47549,0
,100.96563,17.47552,0
,100.96512,17.47596,0
,100.96502,17.47603,0
,100.96493,17.47604,0
,100.9648,17.47602,0
,100.9624,17.47532,0
,100.9621,17.47526,0
,100.96148,17.47521,0
,100.96132,17.47525,0
,100.96122,17.47529,0
,100.96117,17.47535,0
,100.96111,17.47551,0
,100.96098,17.47571,0
,100.96082,17.47585,0
,100.96063,17.47596,0
,100.9604,17.47605,0
,100.96008,17.47611,0
,100.95907,17.47611,0
,100.95899,17.47612,0
,100.95877,17.47629,0
,100.95877,17.4763,0
,100.95819,17.47659,0
,100.95803,17.47665,0
,100.95792,17.47666,0
,100.95772,17.47666,0
,100.95748,17.47661,0
,100.95719,17.47649,0
,100.95705,17.47642,0
,100.95691,17.47641,0
,100.95682,17.47643,0
,100.95668,17.47652,0
,100.9564,17.4767,0
,100.95609,17.47701,0
,100.95603,17.47705,0
,100.95595,17.47708,0
,100.95586,17.47709,0
,100.95569,17.47706,0
,100.95554,17.47697,0
,100.95361,17.47607,0
,100.95357,17.47604,0
,100.95352,17.47599,0
,100.95345,17.47586,0
,100.95341,17.47574,0
,100.95341,17.47572,0
,100.9533,17.47519,0
,100.95328,17.47515,0
,100.95324,17.47511,0
,100.95315,17.47508,0
,100.95303,17.47509,0
,100.95291,17.47513,0
,100.95283,17.47527,0
,100.95266,17.47579,0
,100.95261,17.47587,0
,100.95253,17.47593,0
,100.95248,17.47595,0
,100.95242,17.47595,0
,100.95234,17.47594,0
,100.95218,17.47588,0
,100.95095,17.47543,0
,100.95062,17.47525,0
,100.95062,17.47524,0
,100.95048,17.4752,0
,100.95026,17.4752,0
,100.95007,17.47523,0
,100.95,17.47525,0
,100.94954,17.47546,0
,100.94941,17.4755,0
,100.94928,17.47551,0
,100.94734,17.47544,0
,100.94712,17.47538,0
,100.94667,17.47519,0
,100.94664,17.47519,0
,100.94657,17.47517,0
,100.94626,17.47516,0
,100.94596,17.47518,0
,100.94584,17.47524,0
,100.94573,17.47534,0
,100.94536,17.47594,0
,100.94527,17.47601,0
,100.94517,17.47606,0
,100.94484,17.47613,0
,100.94481,17.47613,0
,100.94451,17.47619,0
,100.94418,17.4762,0
,100.94408,17.47618,0
,100.94399,17.47614,0
,100.9439,17.47608,0
,100.94384,17.47602,0
,100.94372,17.4758,0
,100.94363,17.4757,0
,100.94341,17.47558,0
,100.94326,17.47554,0
,100.94325,17.47553,0
,100.94298,17.47547,0
,100.94276,17.47545,0
,100.94131,17.47554,0
,100.94046,17.47566,0
,100.93986,17.47567,0
,100.93976,17.47443,0
,100.93976,17.47395,0
,100.93975,17.47387,0
,100.93972,17.47378,0
,100.93966,17.47371,0
,100.93964,17.47367,0
,100.93929,17.47331,0
,100.93861,17.47267,0
,100.93856,17.47264,0
,100.93841,17.47261,0
,100.93817,17.47264,0
,100.93741,17.473,0
,100.93724,17.473,0
,100.93712,17.47288,0
,100.93709,17.47286,0
,100.93667,17.47249,0
,100.9366,17.47244,0
,100.93652,17.47242,0
,100.9365,17.47241,0
,100.93624,17.47237,0
,100.93567,17.47234,0
,100.93462,17.47234,0
,100.93405,17.47231,0
,100.93393,17.47229,0
,100.93371,17.47221,0
,100.93356,17.47213,0
,100.93354,17.47211,0
,100.93347,17.47206,0
,100.9334,17.47199,0
,100.93282,17.47115,0
,100.93275,17.47112,0
,100.93262,17.47109,0
,100.93247,17.47109,0
,100.93172,17.47116,0
,100.93162,17.47114,0
,100.93153,17.4711,0
,100.93148,17.47105,0
,100.93148,17.47104,0
,100.93144,17.47097,0
,100.93143,17.47087,0
,100.93139,17.47067,0
,100.93135,17.47058,0
,100.93128,17.47051,0
,100.9312,17.47039,0
,100.93117,17.47036,0
,100.93105,17.47027,0
,100.93103,17.47026,0
,100.93091,17.47016,0
,100.93086,17.47013,0
,100.93078,17.47005,0
,100.93072,17.46992,0
,100.9307,17.46976,0
,100.9307,17.46958,0
,100.93072,17.46951,0
,100.93075,17.46945,0
,100.93097,17.46921,0
,100.93099,17.46914,0
,100.93099,17.46888,0
,100.931,17.46886,0
,100.931,17.46858,0
,100.93103,17.46834,0
,100.93108,17.46813,0
,100.93109,17.46798,0
,100.93107,17.46781,0
,100.93105,17.46773,0
,100.93101,17.46763,0
,100.93089,17.46745,0
,100.93051,17.46709,0
,100.93042,17.46703,0
,100.93036,17.467,0
,100.93031,17.46699,0
,100.93019,17.46693,0
,100.92996,17.46688,0
,100.92958,17.46685,0
,100.92936,17.4668,0
,100.928,17.46641,0
,100.92786,17.46638,0
,100.92728,17.46633,0
,100.92657,17.46635,0
,100.92653,17.46636,0
,100.92634,17.46638,0
,100.92623,17.46642,0
,100.92609,17.46649,0
,100.92596,17.46658,0
,100.92581,17.46672,0
,100.92564,17.46694,0
,100.92564,17.46695,0
,100.9248,17.46812,0
,100.92474,17.46816,0
,100.9246,17.4682,0
,100.92459,17.46819,0
,100.92455,17.46818,0
,100.9245,17.46814,0
,100.92399,17.46764,0
,100.92392,17.4676,0
,100.92372,17.46755,0
,100.92368,17.46756,0
,100.92347,17.46773,0
,100.92343,17.46778,0
,100.92278,17.46841,0
,100.9218,17.46946,0
,100.921,17.47021,0
,100.9205,17.47089,0
,100.92033,17.47126,0
,100.92013,17.47204,0
,100.92006,17.47222,0
,100.92,17.47234,0
,100.91987,17.47254,0
,100.91964,17.47279,0
,100.91931,17.47306,0
,100.91915,17.47323,0
,100.91902,17.47339,0
,100.91897,17.47348,0
,100.91892,17.47366,0
,100.91891,17.47378,0
,100.91896,17.47456,0
,100.91897,17.47503,0
,100.91893,17.47515,0
,100.91887,17.47526,0
,100.91866,17.47552,0
,100.91803,17.47597,0
,100.91793,17.476,0
,100.91785,17.47599,0
,100.91752,17.47586,0
,100.91727,17.47592,0
,100.91711,17.476,0
,100.91702,17.47607,0
,100.91702,17.47608,0
,100.91699,17.47612,0
,100.91694,17.47623,0
,100.91693,17.47678,0
,100.91691,17.4769,0
,100.91687,17.47695,0
,100.91675,17.47705,0
,100.91629,17.47721,0
,100.91621,17.47727,0
,100.91617,17.47734,0
,100.91616,17.4774,0
,100.91616,17.47755,0
,100.9162,17.47765,0
,100.91624,17.47769,0
,100.91629,17.47772,0
,100.91632,17.47772,0
,100.9165,17.47775,0
,100.91667,17.47783,0
,100.91708,17.47807,0
,100.91765,17.47864,0
,100.91772,17.47869,0
,100.91777,17.47874,0
,100.91786,17.47894,0
,100.91785,17.47895,0
,100.91785,17.479,0
,100.91783,17.47912,0
,100.91778,17.47918,0
,100.91774,17.4792,0
,100.91766,17.47922,0
,100.91687,17.47919,0
,100.91675,17.47921,0
,100.91668,17.47923,0
,100.91659,17.47928,0
,100.91529,17.47977,0
,100.91509,17.47987,0
,100.91498,17.47997,0
,100.91491,17.4801,0
,100.9149,17.48017,0
,100.91488,17.48023,0
,100.91487,17.48036,0
,100.91491,17.48051,0
,100.91508,17.48083,0
,100.91511,17.48094,0
,100.91508,17.48105,0
,100.91502,17.48116,0
,100.91475,17.48156,0
,100.91472,17.48159,0
,100.91464,17.48164,0
,100.91436,17.4817,0
,100.91402,17.48167,0
,100.91381,17.48168,0
,100.91307,17.4818,0
,100.91303,17.4818,0
,100.91299,17.48183,0
,100.91296,17.48187,0
,100.91291,17.48198,0
,100.9129,17.48205,0
,100.9129,17.48215,0
,100.91291,17.48224,0
,100.91295,17.48233,0
,100.91299,17.48247,0
,100.91302,17.48254,0
,100.91303,17.4826,0
,100.91304,17.48261,0
,100.91304,17.48268,0
,100.91298,17.48276,0
,100.91294,17.48279,0
,100.9129,17.48281,0
,100.91242,17.48287,0
,100.91225,17.48292,0
,100.91189,17.48308,0
,100.91175,17.48318,0
,100.91163,17.48324,0
,100.91158,17.48325,0
,100.91141,17.48331,0
,100.91121,17.48332,0
,100.91113,17.48331,0
,100.91094,17.48323,0
,100.91088,17.48319,0
,100.91075,17.48305,0
,100.91063,17.48298,0
,100.91059,17.48297,0
,100.91057,17.48296,0
,100.91042,17.48297,0
,100.91032,17.48299,0
,100.91028,17.48303,0
,100.90989,17.48333,0
,100.90976,17.48341,0
,100.90943,17.48348,0
,100.90868,17.48359,0
,100.90834,17.48369,0
,100.90684,17.48437,0
,100.90673,17.48439,0
,100.90636,17.48438,0
,100.90628,17.48439,0
,100.90619,17.48444,0
,100.90604,17.48474,0
,100.90592,17.48519,0
,100.90592,17.48522,0
,100.90586,17.48535,0
,100.90574,17.48553,0
,100.90562,17.48564,0
,100.90506,17.48603,0
,100.90315,17.48747,0
,100.90304,17.4875,0
,100.90287,17.4875,0
,100.90277,17.48748,0
,100.9027,17.48748,0
,100.9026,17.48746,0
,100.90226,17.48746,0
,100.90221,17.48748,0
,100.90214,17.48759,0
,100.90213,17.4878,0
,100.90214,17.48789,0
,100.90217,17.48799,0
,100.90243,17.48828,0
,100.90245,17.48832,0
,100.90244,17.48838,0
,100.90242,17.48843,0
,100.90238,17.48845,0
,100.90219,17.48851,0
,100.90211,17.48858,0
,100.90208,17.48862,0
,100.90207,17.48872,0
,100.90209,17.48885,0
,100.90211,17.48891,0
,100.90223,17.48917,0
,100.90223,17.48932,0
,100.90221,17.48938,0
,100.90217,17.48942,0
,100.90189,17.48949,0
,100.9017,17.48952,0
,100.90163,17.48955,0
,100.90158,17.48958,0
,100.90151,17.48966,0
,100.90136,17.48993,0
,100.90157,17.49081,0
,100.90161,17.49092,0
,100.90163,17.49105,0
,100.90157,17.49133,0
,100.90147,17.49148,0
,100.90147,17.49149,0
,100.90085,17.49207,0
,100.90078,17.49221,0
,100.90077,17.49231,0
,100.90083,17.49253,0
,100.90083,17.49278,0
,100.90082,17.49285,0
,100.9008,17.4929,0
,100.90057,17.49309,0
,100.90048,17.49315,0
,100.90013,17.49334,0
,100.89991,17.4935,0
,100.8997,17.49371,0
,100.8996,17.49378,0
,100.89948,17.4938,0
,100.89938,17.49383,0
,100.8992,17.49385,0
,100.89881,17.49396,0
,100.89877,17.49398,0
,100.89862,17.49409,0
,100.89849,17.49417,0
,100.89836,17.49422,0
,100.89813,17.49428,0
,100.89757,17.49428,0
,100.89751,17.49432,0
,100.89716,17.49475,0
,100.89704,17.49484,0
,100.89699,17.49488,0
,100.89687,17.4949,0
,100.89678,17.49488,0
,100.8967,17.49484,0
,100.89662,17.49476,0
,100.89658,17.49469,0
,100.89656,17.49459,0
,100.89667,17.49355,0
,100.89667,17.49348,0
,100.89665,17.49343,0
,100.8966,17.49337,0
,100.89652,17.49331,0
,100.89645,17.49328,0
,100.89635,17.49328,0
,100.89624,17.49333,0
,100.89618,17.49337,0
,100.89589,17.49368,0
,100.89582,17.49372,0
,100.89578,17.49373,0
,100.89567,17.49378,0
,100.89542,17.49384,0
,100.89516,17.49385,0
,100.89505,17.49383,0
,100.89492,17.49378,0
,100.89485,17.49373,0
,100.89476,17.49368,0
,100.89473,17.49364,0
,100.8947,17.49362,0
,100.89464,17.49354,0
,100.89448,17.49313,0
,100.89441,17.493,0
,100.89435,17.49294,0
,100.89426,17.49283,0
,100.89355,17.49231,0
,100.89344,17.49227,0
,100.89334,17.49226,0
,100.89325,17.49227,0
,100.89318,17.49226,0
,100.89302,17.49216,0
,100.89279,17.49199,0
,100.89268,17.49196,0
,100.89245,17.49196,0
,100.89231,17.49199,0
,100.89223,17.49204,0
,100.89208,17.49219,0
,100.89188,17.49248,0
,100.89176,17.4926,0
,100.89171,17.49263,0
,100.89162,17.49267,0
,100.89135,17.49274,0
,100.89116,17.49277,0
,100.89085,17.49286,0
,100.89028,17.49309,0
,100.8901,17.49314,0
,100.89003,17.49315,0
,100.88988,17.49315,0
,100.88974,17.49313,0
,100.88858,17.49273,0
,100.88819,17.49266,0
,100.88801,17.49266,0
,100.88792,17.49267,0
,100.88773,17.49271,0
,100.8874,17.49286,0
,100.88695,17.49301,0
,100.88661,17.4932,0
,100.88641,17.49329,0
,100.88624,17.49333,0
,100.88604,17.49333,0
,100.88579,17.4933,0
,100.88567,17.49325,0
,100.88554,17.49316,0
,100.88527,17.49287,0
,100.88498,17.49244,0
,100.88481,17.49226,0
,100.88472,17.49218,0
,100.88446,17.49201,0
,100.88431,17.49195,0
,100.88423,17.49193,0
,100.884,17.49191,0
,100.88377,17.49191,0
,100.88237,17.4921,0
,100.88173,17.49223,0
,100.88118,17.49231,0
,100.88095,17.49233,0
,100.88081,17.49232,0
,100.88069,17.4923,0
,100.87985,17.492,0
,100.87961,17.49198,0
,100.87906,17.49207,0
,100.87905,17.49208,0
,100.87869,17.49216,0
,100.87869,17.49217,0
,100.87843,17.49226,0
,100.87821,17.49236,0
,100.87805,17.49247,0
,100.87759,17.49293,0
,100.87734,17.49324,0
,100.87741,17.49343,0
,100.87755,17.49369,0
,100.87821,17.49461,0
,100.87824,17.49463,0
,100.87866,17.49533,0
,100.87871,17.49543,0
,100.87905,17.49661,0
,100.87922,17.49698,0
,100.87965,17.4975,0
,100.87981,17.49773,0
,100.88055,17.49854,0
,100.88078,17.49874,0
,100.88102,17.49891,0
,100.88162,17.49924,0
,100.88173,17.49936,0
,100.88193,17.49964,0
,100.88257,17.5008,0
,100.88263,17.50094,0
,100.88267,17.50107,0
,100.8827,17.50129,0
,100.88268,17.5015,0
,100.88274,17.50176,0
,100.88284,17.50194,0
,100.88311,17.50222,0
,100.8833,17.50236,0
,100.88357,17.50249,0
,100.88433,17.5028,0
,100.88478,17.50307,0
,100.88496,17.50321,0
,100.8851,17.50341,0
,100.88529,17.50382,0
,100.88533,17.50405,0
,100.88536,17.5045,0
,100.88542,17.50468,0
,100.88556,17.50496,0
,100.88571,17.50536,0
,100.88574,17.50547,0
,100.88577,17.50564,0
,100.88579,17.5057,0
,100.88588,17.50636,0
,100.88577,17.50698,0
,100.88557,17.50735,0
,100.88535,17.50768,0
,100.88491,17.50813,0
,100.88349,17.50936,0
,100.88261,17.51049,0
,100.88248,17.51072,0
,100.88238,17.511,0
,100.88233,17.51122,0
,100.88226,17.51174,0
,100.88231,17.51204,0
,100.88338,17.51452,0
,100.88343,17.51467,0
,100.88346,17.51483,0
,100.88354,17.51584,0
,100.88357,17.51712,0
,100.8835,17.51737,0
,100.88343,17.51756,0
,100.88341,17.51759,0
,100.88329,17.51787,0
,100.88313,17.51816,0
,100.88296,17.51837,0
,100.88279,17.51848,0
,100.88103,17.51943,0
,100.88084,17.51955,0
,100.88072,17.51968,0
,100.88061,17.51985,0
,100.88048,17.52022,0
,100.88045,17.52034,0
,100.88033,17.52068,0
,100.8803,17.52072,0
,100.88015,17.52099,0
,100.87988,17.52131,0
,100.8789,17.52202,0
,100.87829,17.52254,0
,100.87753,17.5234,0
,100.8774,17.52359,0
,100.87734,17.52375,0
,100.87734,17.5239,0
,100.8774,17.52445,0
,100.87765,17.52573,0
,100.8777,17.52586,0
,100.87779,17.52599,0
,100.87789,17.52609,0
,100.87804,17.52619,0
,100.87824,17.52626,0
,100.8784,17.52628,0
,100.87919,17.52624,0
,100.87939,17.52632,0
,100.87951,17.52643,0
,100.87964,17.52659,0
,100.8797,17.52669,0
,100.87977,17.52686,0
,100.8798,17.527,0
,100.87979,17.52731,0
,100.87925,17.53019,0
,100.87923,17.53043,0
,100.87925,17.53061,0
,100.87932,17.53074,0
,100.87948,17.53089,0
,100.87969,17.53102,0
,100.87982,17.53112,0
,100.87992,17.53132,0
,100.87991,17.53135,0
,100.87989,17.53151,0
,100.87982,17.5317,0
,100.87982,17.53171,0
,100.87864,17.53365,0
,100.87828,17.5344,0
,100.87806,17.53507,0
,100.87707,17.53843,0
,100.87702,17.53871,0
,100.87703,17.53897,0
,100.87763,17.5406,0
,100.87819,17.54231,0
,100.87859,17.54378,0
,100.87873,17.54441,0
,100.87876,17.5448,0
,100.87857,17.5472,0
,100.87855,17.54797,0
,100.87859,17.5482,0
,100.87866,17.54846,0
,100.87889,17.54896,0
,100.87912,17.5493,0
,100.88117,17.55178,0
,100.88162,17.55245,0
,100.882,17.55307,0
,100.8823,17.55334,0
,100.883,17.55389,0
,100.8851,17.55542,0
,100.88606,17.55593,0
,100.88652,17.55622,0
,100.88674,17.55643,0
,100.88697,17.55678,0
,100.8875,17.5575,0
,100.88794,17.55814,0
,100.88839,17.55891,0
,100.88858,17.55932,0
,100.88874,17.5598,0
,100.88881,17.56012,0
,100.88882,17.56029,0
,100.88813,17.56247,0
,100.88808,17.56298,0
,100.88814,17.56319,0
,100.88816,17.56323,0
,100.88822,17.5634,0
,100.88883,17.56471,0
,100.88894,17.56498,0
,100.88911,17.56519,0
,100.88932,17.5653,0
,100.89008,17.56575,0
,100.8903,17.56593,0
,100.89241,17.56821,0
,100.8927,17.56844,0
,100.89278,17.56847,0
,100.89288,17.56852,0
,100.89317,17.56858,0
,100.8941,17.5689,0
,100.89456,17.56919,0
,100.89474,17.56937,0
,100.89489,17.56961,0
,100.89517,17.57038,0
,100.89543,17.57099,0
,100.89578,17.57172,0
,100.89598,17.57201,0
,100.89629,17.57226,0
,100.89654,17.57241,0
,100.89662,17.57249,0
,100.89672,17.57265,0
,100.89676,17.57279,0
,100.89684,17.57297,0
,100.89692,17.57308,0
,100.89733,17.57349,0
,100.89737,17.57354,0
,100.89746,17.57376,0
,100.89751,17.57399,0
,100.89756,17.57415,0
,100.89771,17.57442,0
,100.89778,17.57445,0
,100.89787,17.57451,0
,100.89794,17.57453,0
,100.89816,17.57462,0
,100.89978,17.57492,0
,100.90018,17.57495,0
,100.90057,17.57511,0
,100.90124,17.57632,0
,100.90155,17.57676,0
,100.90277,17.57816,0
,100.90279,17.57819,0
,100.90303,17.5784,0
,100.90304,17.5784,0
,100.90353,17.57875,0
,100.90391,17.57909,0
,100.90419,17.57943,0
,100.90425,17.57952,0
,100.9048,17.58072,0
,100.90523,17.58137,0
,100.90574,17.58195,0
,100.90627,17.58237,0
,100.90706,17.5828,0
,100.90725,17.58304,0
,100.90732,17.58331,0
,100.90732,17.58377,0
,100.90718,17.58429,0
,100.90718,17.58431,0
,100.90705,17.58442,0
,100.90688,17.58459,0
,100.90659,17.58471,0
,100.90642,17.58479,0
,100.90608,17.58504,0
,100.90593,17.58534,0
,100.90598,17.58575,0
,100.90619,17.58596,0
,100.90665,17.58606,0
,100.90693,17.58622,0
,100.90725,17.58658,0
,100.90726,17.58661,0
,100.90787,17.58739,0
,100.90872,17.58913,0
,100.90879,17.58946,0
,100.90882,17.58987,0
,100.9088,17.59044,0
,100.90873,17.59095,0
,100.90867,17.59121,0
,100.90837,17.59206,0
,100.90838,17.59234,0
,100.90841,17.59254,0
,100.90844,17.59265,0
,100.90882,17.59367,0
,100.90867,17.59416,0
,100.90856,17.59432,0
,100.9084,17.59447,0
,100.90801,17.59477,0
,100.90783,17.59488,0
,100.90763,17.59491,0
,100.90737,17.59489,0
,100.90708,17.59484,0
,100.90554,17.59444,0
,100.90525,17.59438,0
,100.90477,17.59439,0
,100.9046,17.59443,0
,100.90436,17.59458,0
,100.9042,17.59477,0
,100.90318,17.59699,0
,100.90312,17.5971,0
,100.90293,17.59734,0
,100.90282,17.59745,0
,100.90263,17.59754,0
,100.90234,17.59771,0
,100.90214,17.59802,0
,100.90208,17.59828,0
,100.90202,17.59867,0
,100.90182,17.59901,0
,100.9015,17.59912,0
,100.90093,17.59935,0
,100.90075,17.59941,0
,100.89875,17.60022,0
,100.89874,17.60022,0
,100.89862,17.60039,0
,100.89854,17.60052,0
,100.89854,17.60063,0
,100.89855,17.6007,0
,100.89855,17.60075,0
,100.89868,17.60112,0
,100.8987,17.60121,0
,100.89874,17.60132,0
,100.89879,17.60156,0
,100.89879,17.60161,0
,100.89875,17.60169,0
,100.89868,17.60173,0
,100.89861,17.60175,0
,100.8985,17.60175,0
,100.8984,17.6017,0
,100.89805,17.60139,0
,100.89795,17.60137,0
,100.89784,17.60138,0
,100.89774,17.60141,0
,100.89773,17.60141,0
,100.89766,17.6015,0
,100.89764,17.60162,0
,100.89763,17.60207,0
,100.89753,17.60221,0
,100.89745,17.60227,0
,100.89737,17.60229,0
,100.89713,17.60228,0
,100.89621,17.60208,0
,100.8958,17.60187,0
,100.89532,17.60141,0
,100.8952,17.60134,0
,100.8951,17.60132,0
,100.89495,17.60132,0
,100.89487,17.60135,0
,100.89447,17.60155,0
,100.89457,17.60183,0
,100.89466,17.60215,0
,100.89466,17.60227,0
,100.89421,17.60403,0
,100.89414,17.60421,0
,100.89386,17.60459,0
,100.89377,17.60476,0
,100.89376,17.60485,0
,100.89378,17.60494,0
,100.89385,17.60514,0
,100.89387,17.60527,0
,100.89382,17.60537,0
,100.8937,17.60543,0
,100.89346,17.60548,0
,100.89315,17.6055,0
,100.89307,17.60557,0
,100.89306,17.60565,0
,100.89311,17.60572,0
,100.89407,17.60637,0
,100.89436,17.6066,0
,100.89439,17.60665,0
,100.89453,17.60683,0
,100.89458,17.60704,0
,100.89458,17.60721,0
,100.89453,17.60731,0
,100.89445,17.60737,0
,100.8942,17.60741,0
,100.89408,17.60746,0
,100.89399,17.60756,0
,100.89394,17.60769,0
,100.89391,17.60812,0
,100.89386,17.60839,0
,100.8938,17.60843,0
,100.89363,17.60851,0
,100.89346,17.60863,0
,100.89342,17.60875,0
,100.89342,17.60895,0
,100.89348,17.60903,0
,100.8936,17.60911,0
,100.89389,17.60919,0
,100.89409,17.60927,0
,100.89418,17.60934,0
,100.89421,17.60944,0
,100.89421,17.60955,0
,100.89422,17.60958,0
,100.89422,17.60973,0
,100.89425,17.60987,0
,100.89428,17.6099,0
,100.89435,17.61001,0
,100.89506,17.61063,0
,100.89511,17.61071,0
,100.89515,17.61083,0
,100.89513,17.61098,0
,100.89505,17.61112,0
,100.895,17.61113,0
,100.89495,17.61115,0
,100.89482,17.61116,0
,100.89415,17.61105,0
,100.89393,17.61107,0
,100.89389,17.61109,0
,100.89378,17.61112,0
,100.89362,17.61129,0
,100.89351,17.61154,0
,100.8935,17.61171,0
,100.89354,17.61197,0
,100.89364,17.61218,0
,100.8938,17.61246,0
,100.89428,17.61304,0
,100.89504,17.61374,0
,100.89519,17.61384,0
,100.89611,17.6142,0
,100.89614,17.61423,0
,100.89631,17.61434,0
,100.89648,17.61457,0
,100.89666,17.61491,0
,100.89687,17.61526,0
,100.89689,17.61531,0
,100.89705,17.61557,0
,100.89707,17.61562,0
,100.89727,17.61583,0
,100.89742,17.61593,0
,100.89763,17.616,0
,100.89902,17.61607,0
,100.89914,17.61614,0
,100.89925,17.61623,0
,100.89925,17.61625,0
,100.89931,17.6164,0
,100.8993,17.61642,0
,100.89928,17.61653,0
,100.89921,17.61666,0
,100.89925,17.61683,0
,100.8993,17.61693,0
,100.89942,17.61707,0
,100.89947,17.61711,0
,100.89964,17.61719,0
,100.89972,17.61725,0
,100.89972,17.61727,0
,100.89974,17.61732,0
,100.89974,17.61745,0
,100.89967,17.61783,0
,100.89967,17.618,0
,100.89971,17.61811,0
,100.89984,17.6183,0
,100.89986,17.6184,0
,100.89979,17.61891,0
,100.8998,17.61901,0
,100.89983,17.61916,0
,100.90012,17.61985,0
,100.9003,17.62022,0
,100.90034,17.62038,0
,100.90033,17.62054,0
,100.90011,17.62108,0
,100.89979,17.62173,0
,100.89937,17.62227,0
,100.8993,17.62239,0
,100.89922,17.62276,0
,100.89925,17.62303,0
,100.89933,17.62325,0
,100.89952,17.62348,0
,100.89985,17.62358,0
,100.90003,17.62357,0
,100.90018,17.62352,0
,100.90019,17.62352,0
,100.90028,17.62342,0
,100.90033,17.62331,0
,100.90046,17.62249,0
,100.90052,17.62238,0
,100.90061,17.6223,0
,100.90076,17.62231,0
,100.90092,17.62242,0
,100.90193,17.62411,0
,100.90194,17.62411,0
,100.90206,17.62425,0
,100.90208,17.62426,0
,100.90226,17.62442,0
,100.90461,17.62579,0
,100.90478,17.62594,0
,100.90486,17.62606,0
,100.90509,17.62877,0
,100.90506,17.6289,0
,100.90499,17.62902,0
,100.90485,17.62916,0
,100.90466,17.62919,0
,100.90349,17.62909,0
,100.90309,17.6292,0
,100.90296,17.62928,0
,100.90288,17.62935,0
,100.90273,17.62954,0
,100.90273,17.62956,0
,100.90266,17.62973,0
,100.90264,17.62976,0
,100.9027,17.6303,0
,100.90282,17.63112,0
,100.90274,17.63157,0
,100.90273,17.63177,0
,100.90279,17.63193,0
,100.90312,17.63214,0
,100.9032,17.63225,0
,100.90317,17.63267,0
,100.90321,17.63291,0
,100.90347,17.63315,0
,100.90415,17.63337,0
,100.90482,17.6334,0
,100.90497,17.63348,0
,100.90511,17.63359,0
,100.90513,17.63375,0
,100.90514,17.63377,0
,100.90493,17.63425,0
,100.90487,17.63442,0
,100.90466,17.63491,0
,100.90465,17.63505,0
,100.90477,17.63579,0
,100.90477,17.63591,0
,100.90498,17.6365,0
,100.90505,17.63664,0
,100.90523,17.63675,0
,100.90523,17.63676,0
,100.90541,17.63679,0
,100.90551,17.63678,0
,100.90589,17.63666,0
,100.90687,17.63605,0
,100.90695,17.63605,0
,100.90703,17.63608,0
,100.90709,17.63614,0
,100.90713,17.63627,0
,100.90712,17.63634,0
,100.90705,17.63643,0
,100.90692,17.63656,0
,100.90576,17.63787,0
,100.90572,17.63802,0
,100.90575,17.63813,0
,100.90575,17.63815,0
,100.90687,17.64,0
,100.90744,17.64078,0
,100.9078,17.6415,0
,100.90781,17.64151,0
,100.90792,17.6418,0
,100.90794,17.64188,0
,100.90792,17.64199,0
,100.9079,17.64226,0
,100.9079,17.64248,0
,100.90795,17.64262,0
,100.90802,17.6427,0
,100.90824,17.64298,0
,100.9096,17.64439,0
,100.90962,17.64442,0
,100.91025,17.64504,0
,100.91026,17.64506,0
,100.91055,17.64526,0
,100.91061,17.64531,0
,100.91161,17.646,0
,100.91161,17.64601,0
,100.91179,17.64616,0
,100.91191,17.6463,0
,100.91196,17.64642,0
,100.91197,17.64646,0
,100.91199,17.64667,0
,100.91205,17.64692,0
,100.91212,17.64712,0
,100.91213,17.64717,0
,100.91232,17.64751,0
,100.91249,17.64772,0
,100.9125,17.64774,0
,100.91294,17.64802,0
,100.91794,17.65192,0
,100.91831,17.65246,0
,100.91849,17.65262,0
,100.9187,17.65278,0
,100.91892,17.65291,0
,100.91904,17.653,0
,100.92015,17.65368,0
,100.92044,17.65388,0
,100.92191,17.65545,0
,100.92229,17.65596,0
,100.92229,17.65598,0
,100.92261,17.65671,0
,100.92297,17.65781,0
,100.92298,17.65782,0
,100.92298,17.65799,0
,100.92294,17.65817,0
,100.92248,17.65957,0
,100.92305,17.66067,0
,100.92317,17.66094,0
,100.9232,17.66124,0
,100.92315,17.66423,0
,100.92312,17.66434,0
,100.92288,17.66465,0
,100.92265,17.66489,0
,100.92253,17.66506,0
,100.92252,17.66523,0
,100.92258,17.66538,0
,100.92276,17.66553,0
,100.92276,17.66554,0
,100.92354,17.66599,0
,100.92372,17.66613,0
,100.92383,17.66625,0
,100.92398,17.66658,0
,100.9247,17.66858,0
,100.92482,17.66871,0
,100.92495,17.66878,0
,100.92523,17.66875,0
,100.92583,17.66862,0
,100.92596,17.66867,0
,100.92606,17.66872,0
,100.92612,17.66876,0
,100.92622,17.66885,0
,100.92685,17.66967,0
,100.92694,17.66974,0
,100.92705,17.66981,0
,100.92728,17.66991,0
,100.92768,17.67013,0
,100.92796,17.6704,0
,100.92807,17.67059,0
,100.9281,17.67071,0
,100.92806,17.67087,0
,100.92794,17.67102,0
,100.92779,17.67113,0
,100.92685,17.67149,0
,100.92668,17.67152,0
,100.92563,17.67151,0
,100.92549,17.67157,0
,100.92539,17.67167,0
,100.92529,17.67187,0
,100.92521,17.67224,0
,100.92523,17.67253,0
,100.92534,17.67294,0
,100.92537,17.67326,0
,100.92534,17.67344,0
,100.92492,17.67407,0
,100.9249,17.67422,0
,100.92492,17.67433,0
,100.92501,17.67449,0
,100.92568,17.67499,0
,100.92594,17.67537,0
,100.92749,17.67926,0
,100.92756,17.6795,0
,100.92803,17.68165,0
,100.92819,17.68189,0
,100.9285,17.68204,0
,100.92913,17.68224,0
,100.92964,17.68263,0
,100.92964,17.68264,0
,100.92972,17.68275,0
,100.92971,17.68279,0
,100.92971,17.6829,0
,100.92962,17.68307,0
,100.92878,17.68388,0
,100.92866,17.68407,0
,100.92861,17.68424,0
,100.92876,17.68564,0
,100.92877,17.68568,0
,100.92874,17.68642,0
,100.92863,17.68665,0
,100.9286,17.68668,0
,100.92849,17.68675,0
,100.92787,17.68676,0
,100.92771,17.68685,0
,100.92744,17.6871,0
,100.92708,17.68752,0
,100.92694,17.68774,0
,100.92691,17.68788,0
,100.92699,17.68817,0
,100.92699,17.68835,0
,100.92695,17.68844,0
,100.92686,17.68853,0
,100.92654,17.68863,0
,100.92652,17.68863,0
,100.92616,17.6887,0
,100.92597,17.68865,0
,100.92569,17.68844,0
,100.92548,17.68839,0
,100.92511,17.68848,0
,100.92491,17.68857,0
,100.92481,17.68871,0
,100.9248,17.68887,0
,100.92488,17.68949,0
,100.92481,17.68969,0
,100.9247,17.68979,0
,100.92444,17.68994,0
,100.92361,17.69032,0
,100.92352,17.69045,0
,100.92348,17.69059,0
,100.92361,17.69128,0
,100.92366,17.69144,0
,100.9237,17.69151,0
,100.92377,17.69156,0
,100.92389,17.69162,0
,100.9241,17.6917,0
,100.92446,17.69178,0
,100.92466,17.6918,0
,100.92485,17.69179,0
,100.92552,17.69165,0
,100.92603,17.6916,0
,100.92605,17.69159,0
,100.9262,17.69164,0
,100.92621,17.69164,0
,100.92639,17.69178,0
,100.9276,17.69324,0
,100.92766,17.69333,0
,100.92776,17.69343,0
,100.92813,17.69386,0
,100.92822,17.69395,0
,100.92837,17.69413,0
,100.92838,17.69413,0
,100.92851,17.69425,0
,100.92859,17.69431,0
,100.92871,17.69437,0
,100.92945,17.69462,0
,100.92963,17.69466,0
,100.93012,17.69456,0
,100.93049,17.69453,0
,100.9312,17.69453,0
,100.93124,17.69455,0
,100.93125,17.69455,0
,100.93166,17.69475,0
,100.93214,17.6951,0
,100.93249,17.69532,0
,100.93275,17.69546,0
,100.93285,17.69549,0
,100.93302,17.69552,0
,100.93336,17.69552,0
,100.93341,17.69553,0
,100.93372,17.69555,0
,100.93373,17.69556,0
,100.93403,17.69571,0
,100.93428,17.69592,0
,100.93438,17.69603,0
,100.93446,17.69614,0
,100.93457,17.69634,0
,100.93469,17.69666,0
,100.93475,17.69679,0
,100.93486,17.69693,0
,100.93499,17.69696,0
,100.93516,17.69691,0
,100.93601,17.69645,0
,100.93612,17.69642,0
,100.93625,17.69643,0
,100.93646,17.69647,0
,100.93766,17.69683,0
,100.93792,17.69702,0
,100.93801,17.69712,0
,100.93813,17.69722,0
,100.93822,17.69732,0
,100.9396,17.69862,0
,100.93971,17.6987,0
,100.93985,17.69875,0
,100.94038,17.69882,0
,100.94061,17.69889,0
,100.94078,17.69896,0
,100.94123,17.69923,0
,100.9414,17.6993,0
,100.94156,17.69933,0
,100.94177,17.69929,0
,100.94205,17.69918,0
,100.94281,17.69897,0
,100.94369,17.69879,0
,100.94407,17.69874,0
,100.94642,17.69857,0
,100.94651,17.69858,0
,100.94658,17.6986,0
,100.94669,17.69865,0
,100.94683,17.69876,0
,100.94694,17.6989,0
,100.94702,17.69905,0
,100.94708,17.69934,0
,100.94709,17.69977,0
,100.94712,17.69999,0
,100.94722,17.70024,0
,100.94722,17.70025,0
,100.94732,17.7004,0
,100.94744,17.70054,0
,100.9476,17.7007,0
,100.94796,17.70081,0
,100.94829,17.70082,0
,100.94943,17.70054,0
,100.94959,17.70052,0
,100.94972,17.70055,0
,100.94975,17.70057,0
,100.94978,17.7006,0
,100.94979,17.70069,0
,100.94978,17.70074,0
,100.94972,17.70084,0
,100.94837,17.70206,0
,100.94822,17.70222,0
,100.94816,17.70232,0
,100.94815,17.70245,0
,100.9482,17.70261,0
,100.9485,17.70281,0
,100.94864,17.70296,0
,100.94866,17.70303,0
,100.94863,17.70309,0
,100.94851,17.70318,0
,100.94824,17.70329,0
,100.94823,17.70329,0
,100.948,17.7034,0
,100.94791,17.70348,0
,100.94788,17.70362,0
,100.94789,17.70366,0
,100.9479,17.70377,0
,100.9481,17.70416,0
,100.94831,17.70448,0
,100.94854,17.70456,0
,100.94912,17.70455,0
,100.94979,17.70445,0
,100.95041,17.7042,0
,100.95111,17.70407,0
,100.9515,17.70414,0
,100.95179,17.70412,0
,100.95197,17.70415,0
,100.95204,17.70422,0
,100.95208,17.7044,0
,100.95208,17.70458,0
,100.95199,17.70468,0
,100.95175,17.70479,0
,100.95133,17.70486,0
,100.95133,17.70487,0
,100.95125,17.70491,0
,100.95124,17.70496,0
,100.95124,17.70504,0
,100.9513,17.70507,0
,100.95138,17.70507,0
,100.95157,17.70505,0
,100.95172,17.70506,0
,100.95175,17.70509,0
,100.95178,17.70511,0
,100.95177,17.70522,0
,100.95175,17.7053,0
,100.9517,17.70539,0
,100.95161,17.70542,0
,100.95142,17.70546,0
,100.95122,17.70553,0
,100.95076,17.70562,0
,100.94982,17.70572,0
,100.94974,17.70572,0
,100.94966,17.70579,0
,100.94965,17.70579,0
,100.94959,17.7059,0
,100.94958,17.70595,0
,100.94958,17.70603,0
,100.94964,17.7062,0
,100.94966,17.70636,0
,100.94962,17.70648,0
,100.94953,17.7066,0
,100.94941,17.70666,0
,100.94933,17.70665,0
,100.94932,17.70664,0
,100.94925,17.70662,0
,100.94888,17.70624,0
,100.94883,17.70621,0
,100.94874,17.70621,0
,100.9487,17.70623,0
,100.94864,17.70629,0
,100.94843,17.70669,0
,100.94839,17.70671,0
,100.94831,17.70671,0
,100.94826,17.70669,0
,100.94816,17.70659,0
,100.94815,17.70659,0
,100.94806,17.70653,0
,100.94797,17.70653,0
,100.9478,17.70656,0
,100.9477,17.70662,0
,100.9476,17.70684,0
,100.94729,17.70769,0
,100.94727,17.7078,0
,100.94727,17.7079,0
,100.9474,17.70818,0
,100.94742,17.7082,0
,100.94761,17.7085,0
,100.94803,17.70902,0
,100.94803,17.7091,0
,100.94802,17.70917,0
,100.94796,17.70921,0
,100.94785,17.70923,0
,100.94775,17.70919,0
,100.94774,17.70919,0
,100.94765,17.70912,0
,100.94722,17.70888,0
,100.94712,17.70888,0
,100.94708,17.70887,0
,100.94703,17.70887,0
,100.94692,17.70892,0
,100.94671,17.7091,0
,100.94667,17.70916,0
,100.94667,17.70934,0
,100.94668,17.70937,0
,100.94669,17.70949,0
,100.94695,17.71,0
,100.94748,17.71037,0
,100.9476,17.71056,0
,100.94774,17.71091,0
,100.94781,17.71131,0
,100.94781,17.71136,0
,100.9478,17.7114,0
,100.94778,17.71142,0
,100.94775,17.71144,0
,100.94765,17.71146,0
,100.94752,17.71152,0
,100.94744,17.71157,0
,100.9474,17.71165,0
,100.94739,17.71173,0
,100.9474,17.71183,0
,100.94757,17.71238,0
,100.94758,17.71251,0
,100.94757,17.71265,0
,100.94751,17.71281,0
,100.94751,17.71284,0
,100.94748,17.71298,0
,100.94747,17.71315,0
,100.94757,17.71353,0
,100.94756,17.71355,0
,100.94754,17.71368,0
,100.94671,17.71534,0
,100.94669,17.71537,0
,100.94666,17.7155,0
,100.94666,17.71564,0
,100.94669,17.71569,0
,100.94673,17.71579,0
,100.94726,17.71646,0
,100.94732,17.7166,0
,100.94734,17.71674,0
,100.94733,17.71676,0
,100.94729,17.71723,0
,100.9473,17.71763,0
,100.94733,17.71781,0
,100.94738,17.71794,0
,100.94745,17.71804,0
,100.94755,17.7181,0
,100.94756,17.71811,0
,100.94773,17.71818,0
,100.94809,17.71829,0
,100.94826,17.71837,0
,100.94832,17.71842,0
,100.94837,17.71849,0
,100.94837,17.71851,0
,100.94838,17.71856,0
,100.94836,17.71863,0
,100.94831,17.7187,0
,100.94822,17.71875,0
,100.94817,17.71876,0
,100.9481,17.71879,0
,100.94742,17.71887,0
,100.94711,17.71893,0
,100.9469,17.71904,0
,100.94672,17.71922,0
,100.9466,17.71929,0
,100.94619,17.71947,0
,100.94607,17.71958,0
,100.946,17.71967,0
,100.94599,17.71976,0
,100.946,17.71985,0
,100.94606,17.71993,0
,100.94614,17.71997,0
,100.94618,17.72,0
,100.94733,17.72022,0
,100.94747,17.72029,0
,100.94755,17.72036,0
,100.94758,17.72043,0
,100.94757,17.72049,0
,100.94753,17.72054,0
,100.94741,17.72061,0
,100.94701,17.72075,0
,100.94686,17.72084,0
,100.94681,17.72091,0
,100.94679,17.72098,0
,100.94681,17.72105,0
,100.94689,17.72113,0
,100.94706,17.72119,0
,100.94802,17.72139,0
,100.94815,17.72144,0
,100.94822,17.72151,0
,100.94825,17.72158,0
,100.94823,17.72165,0
,100.94818,17.72173,0
,100.94798,17.72185,0
,100.94796,17.72185,0
,100.94725,17.7221,0
,100.94708,17.72219,0
,100.94687,17.72234,0
,100.9467,17.72251,0
,100.94658,17.72267,0
,100.94652,17.72281,0
,100.94649,17.72294,0
,100.94649,17.72306,0
,100.94654,17.72366,0
,100.94657,17.72383,0
,100.94662,17.72394,0
,100.94668,17.72401,0
,100.94677,17.72403,0
,100.94691,17.72401,0
,100.94726,17.72392,0
,100.94732,17.72392,0
,100.9474,17.72393,0
,100.9475,17.72396,0
,100.94751,17.72396,0
,100.94759,17.72404,0
,100.94765,17.72414,0
,100.94765,17.72429,0
,100.94761,17.72441,0
,100.94751,17.7246,0
,100.94747,17.72466,0
,100.94744,17.72474,0
,100.94746,17.72481,0
,100.94749,17.72488,0
,100.94757,17.72496,0
,100.94782,17.72516,0
,100.94789,17.72526,0
,100.94793,17.72536,0
,100.94793,17.72549,0
,100.9479,17.72558,0
,100.94783,17.72571,0
,100.94765,17.72595,0
,100.94764,17.72595,0
,100.94752,17.72608,0
,100.94751,17.72617,0
,100.94751,17.72626,0
,100.94752,17.72633,0
,100.94753,17.72663,0
,100.94707,17.72725,0
,100.94698,17.72742,0
,100.94693,17.72761,0
,100.94697,17.72774,0
,100.94705,17.72781,0
,100.94717,17.72784,0
,100.94743,17.7278,0
,100.94746,17.72781,0
,100.94792,17.72784,0
,100.94805,17.72793,0
,100.94808,17.72802,0
,100.94807,17.72805,0
,100.94806,17.72816,0
,100.94798,17.72824,0
,100.9476,17.72847,0
,100.94726,17.72864,0
,100.94716,17.72873,0
,100.9471,17.72882,0
,100.94707,17.72893,0
,100.94711,17.72919,0
,100.94757,17.73093,0
,100.94757,17.73095,0
,100.94769,17.73107,0
,100.9481,17.73127,0
,100.94843,17.73148,0
,100.94852,17.73162,0
,100.94858,17.73178,0
,100.94872,17.73241,0
,100.94872,17.73243,0
,100.94868,17.73258,0
,100.94863,17.73268,0
,100.94846,17.7328,0
,100.94678,17.73374,0
,100.94666,17.73384,0
,100.9466,17.73393,0
,100.94653,17.73454,0
,100.94653,17.73495,0
,100.9466,17.73529,0
,100.94667,17.73538,0
,100.94684,17.73545,0
,100.94732,17.7356,0
,100.94857,17.73621,0
,100.94872,17.73634,0
,100.94879,17.73652,0
,100.94883,17.73674,0
,100.94881,17.73696,0
,100.94878,17.73706,0
,100.94867,17.7373,0
,100.94845,17.7375,0
,100.94841,17.73755,0
,100.94841,17.73769,0
,100.9485,17.73829,0
,100.94848,17.73855,0
,100.94843,17.73885,0
,100.94836,17.73905,0
,100.9481,17.73955,0
,100.9481,17.73956,0
,100.94776,17.7401,0
,100.94763,17.7404,0
,100.94762,17.74046,0
,100.94762,17.7405,0
,100.94763,17.74052,0
,100.94763,17.74053,0
,100.9477,17.74067,0
,100.94779,17.74078,0
,100.94784,17.74081,0
,100.94793,17.74089,0
,100.9482,17.74107,0
,100.94831,17.74116,0
,100.9484,17.74126,0
,100.94847,17.74139,0
,100.94851,17.74156,0
,100.94852,17.74173,0
,100.94851,17.74183,0
,100.94846,17.74196,0
,100.94838,17.74208,0
,100.94827,17.74222,0
,100.94794,17.74249,0
,100.9478,17.74264,0
,100.94772,17.74278,0
,100.94765,17.74287,0
,100.94763,17.74293,0
,100.94755,17.7431,0
,100.9475,17.7433,0
,100.94747,17.74353,0
,100.94746,17.74387,0
,100.94737,17.74458,0
,100.9473,17.74481,0
,100.94726,17.74487,0
,100.94718,17.74503,0
,100.94695,17.74538,0
,100.94671,17.74587,0
,100.94592,17.74703,0
,100.94591,17.74706,0
,100.94535,17.74797,0
,100.94508,17.74857,0
,100.94375,17.75205,0
,100.94366,17.75223,0
,100.94362,17.75234,0
,100.94358,17.7524,0
,100.94346,17.75263,0
,100.94319,17.75301,0
,100.94207,17.75414,0
,100.94006,17.75598,0
,100.93983,17.75611,0
,100.93892,17.75655,0
,100.93786,17.75697,0
,100.93633,17.75748,0
,100.93568,17.75764,0
,100.93538,17.75773,0
,100.93494,17.75781,0
,100.93363,17.75793,0
,100.9325,17.75808,0
,100.92936,17.75871,0
,100.92802,17.75903,0
,100.92774,17.75912,0
,100.92726,17.75942,0
,100.92519,17.76108,0
,100.925,17.76126,0
,100.925,17.76127,0
,100.92426,17.76218,0
,100.9238,17.76287,0
,100.92343,17.7635,0
,100.92329,17.76378,0
,100.92328,17.76383,0
,100.92324,17.76392,0
,100.92311,17.76453,0
,100.9231,17.76455,0
,100.92288,17.76598,0
,100.92264,17.76664,0
,100.92216,17.7677,0
,100.92177,17.76873,0
,100.92152,17.76958,0
,100.92127,17.77016,0
,100.92099,17.77052,0
,100.92012,17.77149,0
,100.91997,17.77168,0
,100.91986,17.7718,0
,100.91976,17.77193,0
,100.91967,17.77213,0
,100.91905,17.77426,0
,100.91898,17.77459,0
,100.919,17.77498,0
,100.91917,17.77605,0
,100.91919,17.77629,0
,100.91916,17.77654,0
,100.91905,17.77711,0
,100.91904,17.77741,0
,100.91911,17.77761,0
,100.91919,17.77771,0
,100.91926,17.77776,0
,100.91929,17.77779,0
,100.92127,17.7791,0
,100.92146,17.77921,0
,100.92187,17.77962,0
,100.92284,17.78071,0
,100.92408,17.78202,0
,100.92418,17.78215,0
,100.92429,17.78235,0
,100.92438,17.78256,0
,100.92453,17.78329,0
,100.92489,17.78468,0
,100.92512,17.78579,0
,100.92529,17.78633,0
,100.92561,17.787,0
,100.92579,17.78732,0
,100.9263,17.78811,0
,100.92724,17.78965,0
,100.92779,17.79037,0
,100.92822,17.79084,0
,100.92848,17.79124,0
,100.92848,17.79126,0
,100.9285,17.7913,0
,100.92855,17.79155,0
,100.92857,17.79161,0
,100.92885,17.79313,0
,100.92899,17.79364,0
,100.92904,17.79374,0
,100.92917,17.79392,0
,100.92935,17.79413,0
,100.92982,17.79461,0
,100.9306,17.79551,0
,100.93269,17.79808,0
,100.93412,17.79968,0
,100.9343,17.79992,0
,100.93433,17.80001,0
,100.93434,17.8001,0
,100.93434,17.80019,0
,100.9343,17.80044,0
,100.93379,17.80272,0
,100.93213,17.80889,0
,100.93185,17.81045,0
,100.93193,17.81175,0
,100.93165,17.81191,0
,100.93105,17.81219,0
,100.93096,17.81221,0
,100.93084,17.81221,0
,100.9306,17.81215,0
,100.92898,17.81146,0
,100.92879,17.8114,0
,100.92829,17.81142,0
,100.92804,17.81136,0
,100.92802,17.81136,0
,100.92768,17.81121,0
,100.92755,17.81111,0
,100.92739,17.81094,0
,100.92733,17.81081,0
,100.92728,17.81065,0
,100.92728,17.81064,0
,100.92664,17.80821,0
,100.92664,17.80818,0
,100.92656,17.80799,0
,100.92643,17.80782,0
,100.92574,17.80734,0
,100.9256,17.80722,0
,100.92543,17.80702,0
,100.9253,17.80676,0
,100.92524,17.80655,0
,100.92518,17.80613,0
,100.92508,17.80571,0
,100.925,17.80554,0
,100.92492,17.80543,0
,100.92411,17.80473,0
,100.92346,17.80378,0
,100.92332,17.80363,0
,100.92322,17.80347,0
,100.92315,17.80326,0
,100.92301,17.80245,0
,100.92286,17.80202,0
,100.92272,17.80182,0
,100.92221,17.8013,0
,100.92195,17.80081,0
,100.92193,17.80075,0
,100.92179,17.80047,0
,100.92135,17.79929,0
,100.92109,17.79879,0
,100.92072,17.79844,0
,100.92035,17.798,0
,100.92033,17.79799,0
,100.91977,17.79708,0
,100.9193,17.79658,0
,100.91854,17.79595,0
,100.9182,17.79578,0
,100.91787,17.79565,0
,100.91765,17.79559,0
,100.9172,17.79559,0
,100.91694,17.79564,0
,100.91671,17.79564,0
,100.91647,17.7956,0
,100.91601,17.79547,0
,100.91595,17.79546,0
,100.91556,17.79534,0
,100.91534,17.79534,0
,100.91507,17.79532,0
,100.91502,17.79533,0
,100.91468,17.79535,0
,100.91457,17.79538,0
,100.91439,17.79548,0
,100.9142,17.79565,0
,100.91391,17.79595,0
,100.91283,17.7973,0
,100.91252,17.79794,0
,100.91248,17.79814,0
,100.91249,17.7982,0
,100.91249,17.79845,0
,100.91247,17.79856,0
,100.91243,17.79867,0
,100.91234,17.79883,0
,100.91233,17.79883,0
,100.91216,17.79916,0
,100.9121,17.79925,0
,100.91206,17.79935,0
,100.91204,17.79941,0
,100.91203,17.79948,0
,100.91202,17.80067,0
,100.91201,17.8008,0
,100.91199,17.80091,0
,100.91197,17.80096,0
,100.91192,17.80102,0
,100.91179,17.80106,0
,100.91169,17.80103,0
,100.91168,17.80103,0
,100.91166,17.80101,0
,100.91151,17.80091,0
,100.91124,17.80069,0
,100.91122,17.80068,0
,100.91096,17.80043,0
,100.91004,17.79969,0
,100.90966,17.79947,0
,100.90912,17.79926,0
,100.90895,17.79916,0
,100.90891,17.79911,0
,100.90887,17.79903,0
,100.90858,17.79809,0
,100.90817,17.79747,0
,100.90809,17.79733,0
,100.90803,17.79719,0
,100.90775,17.79593,0
,100.90766,17.79565,0
,100.90754,17.7954,0
,100.90649,17.79434,0
,100.90602,17.79379,0
,100.90592,17.79369,0
,100.90578,17.79352,0
,100.90578,17.79351,0
,100.90563,17.79337,0
,100.90523,17.79306,0
,100.90496,17.79293,0
,100.90443,17.7928,0
,100.90375,17.79272,0
,100.90336,17.79274,0
,100.90318,17.79273,0
,100.90289,17.79268,0
,100.90246,17.79253,0
,100.90214,17.79246,0
,100.90186,17.79246,0
,100.90171,17.79248,0
,100.90169,17.79249,0
,100.90145,17.79254,0
,100.90115,17.79267,0
,100.90107,17.79269,0
,100.90103,17.79271,0
,100.90093,17.7927,0
,100.9009,17.7927,0
,100.90013,17.79247,0
,100.89972,17.79239,0
,100.89936,17.79229,0
,100.89913,17.79219,0
,100.89903,17.79212,0
,100.89903,17.79211,0
,100.89896,17.79203,0
,100.89891,17.79193,0
,100.89885,17.79165,0
,100.8987,17.79112,0
,100.89862,17.79048,0
,100.89856,17.79023,0
,100.8985,17.79008,0
,100.89829,17.78979,0
,100.89798,17.7893,0
,100.89787,17.78904,0
,100.89787,17.78882,0
,100.89791,17.78858,0
,100.89796,17.7884,0
,100.89826,17.78778,0
,100.89852,17.7871,0
,100.89867,17.78677,0
,100.89886,17.78646,0
,100.89936,17.78582,0
,100.89944,17.78575,0
,100.89969,17.78546,0
,100.89972,17.78541,0
,100.89974,17.78536,0
,100.89976,17.78528,0
,100.89991,17.78368,0
,100.89987,17.78349,0
,100.89974,17.78316,0
,100.89968,17.78305,0
,100.89955,17.78286,0
,100.89909,17.78228,0
,100.89884,17.78202,0
,100.89869,17.78193,0
,100.89848,17.78184,0
,100.8981,17.78178,0
,100.89807,17.78177,0
,100.89747,17.78174,0
,100.89712,17.78174,0
,100.89546,17.78187,0
,100.8952,17.78186,0
,100.89502,17.78184,0
,100.89483,17.78179,0
,100.89482,17.78179,0
,100.89458,17.78164,0
,100.89409,17.78124,0
,100.89396,17.78115,0
,100.89344,17.78073,0
,100.89303,17.78035,0
,100.89234,17.77959,0
,100.89209,17.77937,0
,100.89184,17.7792,0
,100.88932,17.77786,0
,100.88904,17.77766,0
,100.88887,17.77748,0
,100.88878,17.77735,0
,100.88861,17.777,0
,100.88839,17.77628,0
,100.88787,17.77517,0
,100.88742,17.77436,0
,100.88711,17.77396,0
,100.88657,17.77337,0
,100.88587,17.77266,0
,100.88469,17.77138,0
,100.88429,17.77101,0
,100.88395,17.77062,0
,100.88345,17.77017,0
,100.88333,17.7701,0
,100.88279,17.76988,0
,100.88243,17.76963,0
,100.88229,17.76942,0
,100.8821,17.76906,0
,100.88201,17.76885,0
,100.88192,17.76858,0
,100.88191,17.76846,0
,100.88189,17.76837,0
,100.88186,17.76782,0
,100.88184,17.76766,0
,100.88183,17.76766,0
,100.88183,17.76765,0
,100.88173,17.7674,0
,100.88157,17.76717,0
,100.88157,17.76716,0
,100.88111,17.76673,0
,100.88093,17.7666,0
,100.88038,17.76628,0
,100.88016,17.76612,0
,100.88001,17.76596,0
,100.87993,17.76583,0
,100.87978,17.76548,0
,100.87971,17.76538,0
,100.87964,17.7653,0
,100.87943,17.76513,0
,100.87928,17.76503,0
,100.87921,17.76497,0
,100.87882,17.76471,0
,100.8788,17.76469,0
,100.87832,17.76446,0
,100.87816,17.76437,0
,100.87812,17.76436,0
,100.87768,17.76412,0
,100.87723,17.76376,0
,100.87695,17.76349,0
,100.87682,17.76331,0
,100.87652,17.76272,0
,100.87634,17.76243,0
,100.87629,17.76232,0
,100.87625,17.76214,0
,100.87624,17.76203,0
,100.87612,17.76172,0
,100.87598,17.76147,0
,100.87592,17.76142,0
,100.87575,17.76134,0
,100.87567,17.76132,0
,100.87557,17.76131,0
,100.87544,17.76131,0
,100.87528,17.76134,0
,100.87515,17.76131,0
,100.87472,17.76103,0
,100.87467,17.76101,0
,100.87459,17.76099,0
,100.87448,17.76101,0
,100.87439,17.76109,0
,100.87434,17.76116,0
,100.87425,17.76132,0
,100.87422,17.76136,0
,100.87417,17.76139,0
,100.87402,17.76138,0
,100.87356,17.76121,0
,100.87299,17.76105,0
,100.87181,17.76091,0
,100.8712,17.76078,0
,100.87109,17.76075,0
,100.87104,17.76072,0
,100.87097,17.76069,0
,100.87089,17.76063,0
,100.87088,17.76063,0
,100.87078,17.76053,0
,100.87076,17.76049,0
,100.8707,17.76024,0
,100.87059,17.75993,0
,100.87057,17.75991,0
,100.87049,17.7598,0
,100.87029,17.7596,0
,100.87018,17.75946,0
,100.87013,17.7593,0
,100.87013,17.75915,0
,100.87016,17.75905,0
,100.87023,17.75888,0
,100.87031,17.75856,0
,100.87032,17.75844,0
,100.87025,17.75823,0
,100.87003,17.75791,0
,100.87001,17.75787,0
,100.87,17.75782,0
,100.87,17.75773,0
,100.87002,17.75767,0
,100.87007,17.7576,0
,100.8703,17.75737,0
,100.87037,17.75723,0
,100.87038,17.75703,0
,100.87037,17.75698,0
,100.87034,17.75692,0
,100.87031,17.75688,0
,100.8703,17.75685,0
,100.87037,17.75657,0
,100.87041,17.75648,0
,100.87058,17.75621,0
,100.87065,17.75601,0
,100.87065,17.75592,0
,100.87062,17.75581,0
,100.87056,17.75571,0
,100.87041,17.75552,0
,100.87007,17.75515,0
,100.87005,17.75514,0
,100.86991,17.755,0
,100.86963,17.75468,0
,100.86941,17.75448,0
,100.86926,17.75438,0
,100.86893,17.75424,0
,100.86887,17.75423,0
,100.86868,17.75415,0
,100.86793,17.75358,0
,100.86778,17.75344,0
,100.8677,17.75331,0
,100.86767,17.75321,0
,100.86766,17.75319,0
,100.86765,17.75311,0
,100.86765,17.75302,0
,100.86767,17.75281,0
,100.86771,17.75271,0
,100.86773,17.75263,0
,100.86777,17.75253,0
,100.86789,17.75237,0
,100.86804,17.75222,0
,100.86813,17.75207,0
,100.86817,17.75193,0
,100.86815,17.75182,0
,100.86808,17.75165,0
,100.8679,17.75142,0
,100.8677,17.75128,0
,100.86759,17.75123,0
,100.86746,17.75113,0
,100.86729,17.75094,0
,100.86725,17.75069,0
,100.86731,17.7504,0
,100.86731,17.75032,0
,100.86728,17.75016,0
,100.86711,17.74953,0
,100.86708,17.7486,0
,100.86705,17.74838,0
,100.867,17.74819,0
,100.86693,17.74804,0
,100.8668,17.74788,0
,100.86658,17.74768,0
,100.86533,17.74681,0
,100.86516,17.74665,0
,100.86505,17.7465,0
,100.86497,17.74634,0
,100.86493,17.74617,0
,100.86493,17.74609,0
,100.86495,17.74603,0
,100.86505,17.74594,0
,100.86507,17.74591,0
,100.86513,17.74578,0
,100.86514,17.74568,0
,100.86514,17.74553,0
,100.86508,17.74533,0
,100.86502,17.74506,0
,100.86491,17.74481,0
,100.86491,17.7448,0
,100.86482,17.74465,0
,100.86475,17.74456,0
,100.86464,17.74447,0
,100.86375,17.74395,0
,100.86375,17.74394,0
,100.86368,17.74387,0
,100.86363,17.7438,0
,100.86357,17.74367,0
,100.86346,17.74316,0
,100.86341,17.74303,0
,100.86332,17.7429,0
,100.86272,17.74228,0
,100.8626,17.74214,0
,100.86246,17.742,0
,100.86233,17.74192,0
,100.86215,17.74184,0
,100.86214,17.74183,0
,100.86173,17.74166,0
,100.86099,17.74143,0
,100.86075,17.74138,0
,100.85988,17.74127,0
,100.85954,17.74119,0
,100.85925,17.74106,0
,100.85914,17.741,0
,100.85899,17.74089,0
,100.85881,17.74073,0
,100.8588,17.74071,0
,100.85832,17.74016,0
,100.85807,17.73975,0
,100.8579,17.73937,0
,100.85782,17.73927,0
,100.85776,17.73926,0
,100.85772,17.73924,0
,100.8576,17.73924,0
,100.85758,17.73925,0
,100.85743,17.73929,0
,100.85724,17.73939,0
,100.85693,17.73962,0
,100.85684,17.73967,0
,100.85676,17.73968,0
,100.85667,17.73965,0
,100.85658,17.73959,0
,100.85653,17.73951,0
,100.85653,17.73944,0
,100.85652,17.73942,0
,100.85657,17.73874,0
,100.85663,17.73867,0
,100.85673,17.73862,0
,100.85689,17.73853,0
,100.85695,17.73848,0
,100.857,17.73841,0
,100.857,17.73839,0
,100.85701,17.73834,0
,100.85699,17.73828,0
,100.85694,17.7382,0
,100.85686,17.73814,0
,100.85676,17.7381,0
,100.85664,17.73807,0
,100.85653,17.73807,0
,100.85644,17.7381,0
,100.85644,17.73811,0
,100.85635,17.73817,0
,100.85618,17.73831,0
,100.85609,17.73834,0
,100.85598,17.73836,0
,100.85589,17.73836,0
,100.8558,17.73835,0
,100.85571,17.73833,0
,100.85518,17.73808,0
,100.85416,17.73781,0
,100.85351,17.73771,0
,100.85323,17.73771,0
,100.85288,17.73774,0
,100.85258,17.73774,0
,100.85235,17.7377,0
,100.85222,17.73765,0
,100.8518,17.73744,0
,100.85179,17.73744,0
,100.85153,17.73728,0
,100.85076,17.73671,0
,100.85062,17.73659,0
,100.8506,17.73649,0
,100.85063,17.73638,0
,100.85067,17.73628,0
,100.85068,17.73602,0
,100.85063,17.7359,0
,100.8504,17.73567,0
,100.85013,17.73547,0
,100.84992,17.73538,0
,100.84975,17.7351,0
,100.84942,17.73474,0
,100.8492,17.73454,0
,100.84915,17.73439,0
,100.84913,17.7343,0
,100.8491,17.73405,0
,100.84903,17.73392,0
,100.84873,17.73365,0
,100.84844,17.73348,0
,100.84835,17.73337,0
,100.84828,17.73323,0
,100.84822,17.73297,0
,100.8482,17.73277,0
,100.84814,17.73266,0
,100.84782,17.73229,0
,100.84704,17.73161,0
,100.84679,17.73126,0
,100.84677,17.73122,0
,100.84672,17.73116,0
,100.84664,17.7311,0
,100.84664,17.73109,0
,100.84636,17.73099,0
,100.84607,17.73084,0
,100.84598,17.73075,0
,100.84584,17.73049,0
,100.84576,17.73027,0
,100.84575,17.73026,0
,100.8455,17.72958,0
,100.84535,17.72905,0
,100.84529,17.72886,0
,100.84518,17.72867,0
,100.84501,17.72843,0
,100.84458,17.72795,0
,100.84443,17.72772,0
,100.84417,17.72718,0
,100.84414,17.72706,0
,100.84413,17.72692,0
,100.84414,17.72651,0
,100.84411,17.72639,0
,100.84404,17.72633,0
,100.84395,17.7263,0
,100.84367,17.7264,0
,100.84313,17.72669,0
,100.84305,17.7267,0
,100.84297,17.72666,0
,100.84292,17.72659,0
,100.8429,17.72657,0
,100.84289,17.72641,0
,100.8429,17.72634,0
,100.84293,17.72624,0
,100.84303,17.72616,0
,100.84331,17.726,0
,100.84338,17.72595,0
,100.84343,17.72585,0
,100.84384,17.7255,0
,100.8439,17.72542,0
,100.84397,17.72527,0
,100.84399,17.72511,0
,100.84397,17.72506,0
,100.84393,17.72501,0
,100.84382,17.72495,0
,100.84367,17.72495,0
,100.84346,17.72499,0
,100.8433,17.725,0
,100.84314,17.72495,0
,100.84304,17.7249,0
,100.84299,17.72482,0
,100.84298,17.72481,0
,100.84294,17.72469,0
,100.84293,17.72458,0
,100.84305,17.72415,0
,100.84305,17.72411,0
,100.843,17.72407,0
,100.84292,17.72404,0
,100.84267,17.72399,0
,100.8426,17.72395,0
,100.84257,17.72387,0
,100.84256,17.72382,0
,100.84258,17.72372,0
,100.8426,17.7236,0
,100.8426,17.72352,0
,100.84257,17.72346,0
,100.84249,17.72341,0
,100.84223,17.72338,0
,100.84198,17.72339,0
,100.84183,17.72342,0
,100.84156,17.72351,0
,100.84146,17.72352,0
,100.84128,17.72347,0
,100.84113,17.72341,0
,100.84103,17.72332,0
,100.841,17.72325,0
,100.841,17.72311,0
,100.84107,17.72278,0
,100.84111,17.72266,0
,100.84111,17.72257,0
,100.84105,17.72247,0
,100.84082,17.72237,0
,100.84079,17.72237,0
,100.8406,17.72233,0
,100.8402,17.72228,0
,100.84003,17.72222,0
,100.8399,17.72212,0
,100.83972,17.72192,0
,100.83943,17.72139,0
,100.83933,17.72114,0
,100.83924,17.72099,0
,100.83915,17.72092,0
,100.83905,17.72089,0
,100.83849,17.72096,0
,100.83836,17.72095,0
,100.83826,17.72091,0
,100.83818,17.72081,0
,100.83809,17.72064,0
,100.83786,17.72003,0
,100.8377,17.71941,0
,100.83762,17.71923,0
,100.8375,17.71906,0
,100.83731,17.71889,0
,100.83604,17.71807,0
,100.83579,17.71797,0
,100.83557,17.71791,0
,100.83518,17.71788,0
,100.83516,17.71787,0
,100.83481,17.71787,0
,100.83465,17.71785,0
,100.83447,17.71778,0
,100.83445,17.71776,0
,100.83431,17.71768,0
,100.83406,17.71746,0
,100.83395,17.7174,0
,100.83386,17.71738,0
,100.8337,17.71744,0
,100.83362,17.71746,0
,100.83356,17.71742,0
,100.83352,17.71735,0
,100.83351,17.71734,0
,100.83346,17.71708,0
,100.83342,17.71701,0
,100.83341,17.71698,0
,100.83331,17.71689,0
,100.83307,17.71676,0
,100.83294,17.71667,0
,100.83284,17.71656,0
,100.8328,17.71653,0
,100.83094,17.71357,0
,100.83081,17.71341,0
,100.8307,17.71332,0
,100.83057,17.71327,0
,100.83041,17.71325,0
,100.82989,17.7133,0
,100.82975,17.71328,0
,100.82966,17.71324,0
,100.8295,17.7131,0
,100.8294,17.71298,0
,100.82929,17.71287,0
,100.82916,17.71281,0
,100.8287,17.71267,0
,100.8282,17.71246,0
,100.828,17.71243,0
,100.82767,17.71248,0
,100.82749,17.71247,0
,100.82712,17.71231,0
,100.82508,17.71121,0
,100.82498,17.71117,0
,100.82493,17.71116,0
,100.82477,17.7111,0
,100.82323,17.71081,0
,100.82309,17.71075,0
,100.82302,17.71069,0
,100.82301,17.71065,0
,100.82298,17.71059,0
,100.82295,17.7105,0
,100.82296,17.71048,0
,100.82296,17.71042,0
,100.82299,17.71031,0
,100.82299,17.71023,0
,100.82296,17.71013,0
,100.82287,17.70999,0
,100.82085,17.70796,0
,100.82067,17.70774,0
,100.82066,17.70774,0
,100.82057,17.70759,0
,100.82053,17.70754,0
,100.82033,17.70714,0
,100.82021,17.70699,0
,100.81996,17.7068,0
,100.81988,17.7067,0
,100.81984,17.70663,0
,100.81983,17.70655,0
,100.81985,17.70604,0
,100.81981,17.70586,0
,100.81975,17.70578,0
,100.81964,17.7057,0
,100.81952,17.70564,0
,100.81946,17.70562,0
,100.81931,17.70559,0
,100.81873,17.7056,0
,100.81858,17.70557,0
,100.81816,17.70545,0
,100.81795,17.70537,0
,100.81765,17.7052,0
,100.81758,17.70517,0
,100.81739,17.70506,0
,100.81733,17.705,0
,100.8173,17.70498,0
,100.81675,17.70432,0
,100.8167,17.70423,0
,100.81668,17.70415,0
,100.81668,17.70403,0
,100.81667,17.70393,0
,100.81663,17.70378,0
,100.81663,17.70375,0
,100.81661,17.70363,0
,100.81662,17.7036,0
,100.81665,17.70343,0
,100.81665,17.70336,0
,100.81663,17.70329,0
,100.81658,17.70325,0
,100.8165,17.70322,0
,100.81623,17.70317,0
,100.81615,17.7031,0
,100.81612,17.70303,0
,100.81612,17.703,0
,100.81611,17.70296,0
,100.81615,17.70286,0
,100.81615,17.70284,0
,100.81634,17.70256,0
,100.81636,17.70249,0
,100.81637,17.70243,0
,100.81635,17.70236,0
,100.81632,17.70232,0
,100.81623,17.70227,0
,100.81622,17.70226,0
,100.81611,17.70221,0
,100.81599,17.7021,0
,100.81596,17.70202,0
,100.81588,17.70116,0
,100.81586,17.70112,0
,100.81584,17.70105,0
,100.8158,17.70097,0
,100.81575,17.70091,0
,100.81564,17.70085,0
,100.81554,17.70082,0
,100.81536,17.70072,0
,100.81531,17.70065,0
,100.81518,17.70034,0
,100.81509,17.70018,0
,100.815,17.70004,0
,100.81488,17.69992,0
,100.81475,17.69981,0
,100.81465,17.69974,0
,100.81426,17.6994,0
,100.81419,17.69925,0
,100.81414,17.69907,0
,100.81413,17.69906,0
,100.81407,17.69877,0
,100.81405,17.69859,0
,100.81402,17.69848,0
,100.81401,17.69836,0
,100.81389,17.69809,0
,100.8138,17.69795,0
,100.8137,17.69782,0
,100.81362,17.69766,0
,100.81356,17.69758,0
,100.81352,17.6975,0
,100.81346,17.69743,0
,100.81342,17.69736,0
,100.81338,17.69726,0
,100.81337,17.69717,0
,100.81346,17.69677,0
,100.81355,17.69656,0
,100.81372,17.69624,0
,100.8138,17.69606,0
,100.81391,17.69587,0
,100.81393,17.69568,0
,100.814,17.69546,0
,100.81403,17.69511,0
,100.81403,17.69492,0
,100.81397,17.69469,0
,100.81391,17.69452,0
,100.81391,17.6945,0
,100.81372,17.69416,0
,100.81314,17.69355,0
,100.81298,17.69341,0
,100.81281,17.69323,0
,100.81262,17.69313,0
,100.81252,17.6931,0
,100.81248,17.69308,0
,100.8124,17.69306,0
,100.81223,17.69286,0
,100.8122,17.6928,0
,100.81218,17.69273,0
,100.81216,17.69259,0
,100.81217,17.69209,0
,100.81218,17.69204,0
,100.81218,17.69196,0
,100.81219,17.69189,0
,100.8122,17.69187,0
,100.81226,17.69161,0
,100.8123,17.69151,0
,100.81235,17.69142,0
,100.81252,17.69125,0
,100.8126,17.69119,0
,100.81271,17.69108,0
,100.81276,17.691,0
,100.81278,17.69095,0
,100.81278,17.69087,0
,100.81277,17.69079,0
,100.81228,17.68962,0
,100.81218,17.68941,0
,100.81216,17.68933,0
,100.81217,17.68916,0
,100.81218,17.68911,0
,100.81218,17.68895,0
,100.81216,17.68889,0
,100.81213,17.68882,0
,100.81209,17.68878,0
,100.81209,17.68877,0
,100.81192,17.68868,0
,100.81176,17.68865,0
,100.81139,17.6887,0
,100.81128,17.6887,0
,100.81121,17.68866,0
,100.81118,17.68854,0
,100.81122,17.68831,0
,100.81121,17.68809,0
,100.81104,17.68781,0
,100.81102,17.6878,0
,100.81098,17.68775,0
,100.81092,17.6877,0
,100.81083,17.68769,0
,100.81077,17.6877,0
,100.81062,17.68778,0
,100.81048,17.68791,0
,100.81043,17.68799,0
,100.81039,17.68808,0
,100.81029,17.68823,0
,100.81021,17.68828,0
,100.81011,17.68829,0
,100.81009,17.68828,0
,100.81005,17.68824,0
,100.81004,17.68821,0
,100.81001,17.68801,0
,100.81002,17.68791,0
,100.81002,17.68767,0
,100.81,17.68761,0
,100.80997,17.68756,0
,100.8099,17.68751,0
,100.80978,17.68749,0
,100.80967,17.68749,0
,100.80938,17.68762,0
,100.80929,17.68764,0
,100.8092,17.68764,0
,100.80914,17.68761,0
,100.80912,17.68759,0
,100.8091,17.68756,0
,100.80909,17.6875,0
,100.80912,17.6874,0
,100.80914,17.68728,0
,100.80917,17.68719,0
,100.80923,17.68707,0
,100.80925,17.68686,0
,100.80923,17.68675,0
,100.80904,17.68653,0
,100.80894,17.68646,0
,100.80882,17.68635,0
,100.80853,17.68616,0
,100.80841,17.68602,0
,100.80827,17.68595,0
,100.80798,17.68585,0
,100.80784,17.68584,0
,100.80772,17.68587,0
,100.8075,17.68596,0
,100.80732,17.686,0
,100.80722,17.68604,0
,100.80711,17.68604,0
,100.807,17.686,0
,100.80683,17.68592,0
,100.8065,17.68556,0
,100.80619,17.68517,0
,100.80612,17.68502,0
,100.80599,17.68467,0
,100.80595,17.68452,0
,100.80588,17.68443,0
,100.80579,17.68436,0
,100.80558,17.68426,0
,100.8054,17.68414,0
,100.80518,17.68394,0
,100.80485,17.6836,0
,100.80475,17.68352,0
,100.80426,17.68329,0
,100.80411,17.68324,0
,100.8041,17.68323,0
,100.80365,17.68313,0
,100.8035,17.68305,0
,100.80326,17.68279,0
,100.80314,17.68257,0
,100.80307,17.6825,0
,100.80295,17.68244,0
,100.80267,17.68236,0
,100.80235,17.68229,0
,100.80223,17.68224,0
,100.80209,17.6822,0
,100.80193,17.68213,0
,100.80187,17.68206,0
,100.80185,17.68199,0
,100.8019,17.68177,0
,100.80191,17.68169,0
,100.80189,17.6816,0
,100.80182,17.68151,0
,100.80172,17.68143,0
,100.80161,17.6814,0
,100.80154,17.68134,0
,100.80151,17.68128,0
,100.80152,17.68122,0
,100.80156,17.6811,0
,100.80163,17.68102,0
,100.80166,17.68094,0
,100.80164,17.68084,0
,100.80158,17.68076,0
,100.80138,17.68064,0
,100.8013,17.68062,0
,100.80121,17.68058,0
,100.8012,17.68058,0
,100.80108,17.68051,0
,100.80092,17.68044,0
,100.80074,17.68034,0
,100.80058,17.68022,0
,100.80041,17.68016,0
,100.80029,17.68004,0
,100.80021,17.67992,0
,100.80013,17.67965,0
,100.80013,17.67951,0
,100.80008,17.67929,0
,100.80007,17.6791,0
,100.8,17.67867,0
,100.79994,17.67721,0
,100.79991,17.6771,0
,100.79989,17.67695,0
,100.79985,17.67688,0
,100.79979,17.67682,0
,100.7997,17.67675,0
,100.79959,17.67671,0
,100.79947,17.6767,0
,100.79833,17.6768,0
,100.79816,17.67678,0
,100.79781,17.67668,0
,100.79753,17.67654,0
,100.7974,17.67645,0
,100.79726,17.67632,0
,100.79705,17.67605,0
,100.79681,17.67562,0
,100.79668,17.67523,0
,100.7966,17.67478,0
,100.79657,17.6747,0
,100.79647,17.67455,0
,100.7963,17.67439,0
,100.7962,17.67435,0
,100.7961,17.67429,0
,100.79593,17.67422,0
,100.79583,17.67419,0
,100.79576,17.67414,0
,100.79559,17.67399,0
,100.79548,17.67383,0
,100.79541,17.67371,0
,100.79535,17.6735,0
,100.79528,17.6731,0
,100.79523,17.67293,0
,100.79517,17.67285,0
,100.79517,17.67284,0
,100.79505,17.67282,0
,100.79502,17.67283,0
,100.7946,17.67306,0
,100.79451,17.67312,0
,100.79412,17.67349,0
,100.79322,17.67454,0
,100.79291,17.67483,0
,100.79282,17.67488,0
,100.79272,17.67489,0
,100.79264,17.67487,0
,100.79199,17.67457,0
,100.79148,17.67422,0
,100.79139,17.67417,0
,100.79131,17.67414,0
,100.79112,17.6741,0
,100.79102,17.67409,0
,100.79099,17.67408,0
,100.79043,17.674,0
,100.79029,17.67397,0
,100.7902,17.67392,0
,100.79006,17.67379,0
,100.79001,17.6737,0
,100.78996,17.67357,0
,100.78979,17.67301,0
,100.78971,17.6728,0
,100.78962,17.67268,0
,100.78951,17.67261,0
,100.78934,17.67255,0
,100.78813,17.67241,0
,100.78796,17.67241,0
,100.78786,17.67242,0
,100.78772,17.67245,0
,100.78759,17.67251,0
,100.78737,17.67264,0
,100.78726,17.67269,0
,100.78719,17.67271,0
,100.78706,17.67269,0
,100.78674,17.67255,0
,100.78653,17.67251,0
,100.78643,17.67248,0
,100.78634,17.67243,0
,100.78619,17.67231,0
,100.78584,17.67197,0
,100.78572,17.67183,0
,100.78542,17.67142,0
,100.78533,17.67137,0
,100.78475,17.67116,0
,100.78443,17.671,0
,100.78393,17.67067,0
,100.78364,17.67052,0
,100.78333,17.67041,0
,100.783,17.67038,0
,100.78298,17.67037,0
,100.78275,17.67033,0
,100.78232,17.67021,0
,100.78208,17.6701,0
,100.78134,17.66952,0
,100.78091,17.66926,0
,100.78081,17.66921,0
,100.7807,17.66913,0
,100.78056,17.66885,0
,100.78044,17.66855,0
,100.7804,17.66849,0
,100.78034,17.66843,0
,100.78026,17.66837,0
,100.7802,17.66834,0
,100.78009,17.6683,0
,100.77985,17.66823,0
,100.77949,17.66815,0
,100.77936,17.66814,0
,100.77926,17.66815,0
,100.77912,17.66818,0
,100.77901,17.66822,0
,100.77891,17.66822,0
,100.77887,17.66821,0
,100.7787,17.6681,0
,100.77862,17.66802,0
,100.77854,17.66796,0
,100.7784,17.66789,0
,100.77829,17.66782,0
,100.77825,17.66777,0
,100.77821,17.66769,0
,100.77817,17.66747,0
,100.77813,17.66737,0
,100.77812,17.66736,0
,100.77804,17.66722,0
,100.77801,17.66719,0
,100.77796,17.66716,0
,100.77793,17.66716,0
,100.77789,17.66717,0
,100.77786,17.66719,0
,100.77784,17.66721,0
,100.77772,17.66761,0
,100.77763,17.66803,0
,100.77751,17.66816,0
,100.77746,17.6682,0
,100.77735,17.66828,0
,100.77716,17.66838,0
,100.77702,17.66843,0
,100.77677,17.66848,0
,100.77646,17.66848,0
,100.77641,17.66849,0
,100.77613,17.66845,0
,100.77585,17.66837,0
,100.77577,17.66832,0
,100.77571,17.66827,0
,100.77568,17.66822,0
,100.77567,17.66814,0
,100.77567,17.66804,0
,100.77575,17.66787,0
,100.7759,17.66771,0
,100.77592,17.66768,0
,100.77616,17.66742,0
,100.77618,17.66737,0
,100.77618,17.66735,0
,100.77616,17.6673,0
,100.77613,17.66725,0
,100.77606,17.66719,0
,100.77596,17.66715,0
,100.77581,17.66715,0
,100.77573,17.66717,0
,100.77566,17.6672,0
,100.77554,17.6673,0
,100.77531,17.66759,0
,100.77516,17.6677,0
,100.77508,17.66774,0
,100.77506,17.66776,0
,100.77491,17.66781,0
,100.77456,17.66783,0
,100.77433,17.66778,0
,100.77417,17.66772,0
,100.77415,17.66772,0
,100.77309,17.66736,0
,100.77244,17.66714,0
,100.77232,17.66712,0
,100.77182,17.66717,0
,100.77162,17.66717,0
,100.77143,17.66714,0
,100.7712,17.66706,0
,100.77059,17.66677,0
,100.76991,17.66635,0
,100.76955,17.66615,0
,100.76946,17.66612,0
,100.76933,17.66606,0
,100.76887,17.66596,0
,100.7687,17.66588,0
,100.76846,17.6657,0
,100.76842,17.66563,0
,100.7684,17.66561,0
,100.76833,17.6655,0
,100.76832,17.66538,0
,100.76833,17.66533,0
,100.76836,17.66526,0
,100.7684,17.66521,0
,100.76846,17.66517,0
,100.76869,17.66505,0
,100.76874,17.66501,0
,100.76875,17.66497,0
,100.76875,17.6649,0
,100.76872,17.66485,0
,100.7687,17.66483,0
,100.76866,17.66482,0
,100.76862,17.6648,0
,100.76853,17.66479,0
,100.76832,17.66481,0
,100.76766,17.66498,0
,100.76731,17.66513,0
,100.76718,17.66513,0
,100.76709,17.6651,0
,100.76702,17.66507,0
,100.76693,17.665,0
,100.76681,17.66493,0
,100.7667,17.66488,0
,100.76661,17.66485,0
,100.76655,17.66484,0
,100.76634,17.66484,0
,100.76602,17.66481,0
,100.76593,17.66478,0
,100.7658,17.66472,0
,100.76576,17.66469,0
,100.76561,17.66443,0
,100.76546,17.66428,0
,100.76525,17.66411,0
,100.76501,17.664,0
,100.76467,17.6639,0
,100.76444,17.66385,0
,100.7644,17.66385,0
,100.76417,17.6638,0
,100.76373,17.66376,0
,100.76369,17.66375,0
,100.7635,17.66375,0
,100.76337,17.66377,0
,100.76325,17.6638,0
,100.76305,17.66388,0
,100.76249,17.66449,0
,100.76243,17.66452,0
,100.76235,17.66454,0
,100.76231,17.66454,0
,100.76229,17.66455,0
,100.76212,17.66453,0
,100.7612,17.66431,0
,100.76092,17.66428,0
,100.7608,17.66431,0
,100.76071,17.66436,0
,100.76068,17.6644,0
,100.76068,17.66445,0
,100.76077,17.66465,0
,100.76145,17.66591,0
,100.7615,17.66597,0
,100.76161,17.66606,0
,100.7617,17.66612,0
,100.7618,17.66622,0
,100.76181,17.66628,0
,100.7618,17.66631,0
,100.76178,17.66633,0
,100.76174,17.66635,0
,100.76168,17.66636,0
,100.76141,17.66634,0
,100.76114,17.66634,0
,100.76103,17.66635,0
,100.76092,17.66638,0
,100.76076,17.66647,0
,100.7606,17.66667,0
,100.76055,17.66671,0
,100.76029,17.66719,0
,100.76018,17.6675,0
,100.76012,17.66794,0
,100.76003,17.6682,0
,100.76001,17.66834,0
,100.76001,17.6685,0
,100.75999,17.66861,0
,100.75994,17.6687,0
,100.75987,17.66879,0
,100.75974,17.6689,0
,100.75945,17.66906,0
,100.75928,17.66912,0
,100.75888,17.66923,0
,100.75855,17.66937,0
,100.75837,17.66948,0
,100.75816,17.66967,0
,100.75813,17.66968,0
,100.75812,17.66968,0
,100.75788,17.66958,0
,100.75783,17.66957,0
,100.75781,17.66958,0
,100.75778,17.66958,0
,100.75776,17.6696,0
,100.75775,17.6696,0
,100.75774,17.66962,0
,100.75773,17.66963,0
,100.75772,17.66966,0
,100.75772,17.66968,0
,100.75774,17.66974,0
,100.75779,17.66984,0
,100.75802,17.67016,0
,100.7581,17.67029,0
,100.75825,17.67082,0
,100.75823,17.67099,0
,100.75823,17.67108,0
,100.75826,17.67116,0
,100.75835,17.67132,0
,100.75836,17.67137,0
,100.75836,17.6714,0
,100.75834,17.67145,0
,100.7583,17.67149,0
,100.75809,17.67164,0
,100.7578,17.67179,0
,100.75773,17.67184,0
,100.75764,17.67189,0
,100.75759,17.67196,0
,100.75747,17.67221,0
,100.75737,17.6727,0
,100.75736,17.67338,0
,100.75727,17.67443,0
,100.75723,17.67454,0
,100.7572,17.6746,0
,100.75715,17.67466,0
,100.75682,17.67492,0
,100.75662,17.67503,0
,100.75636,17.67521,0
,100.75627,17.6753,0
,100.75621,17.67539,0
,100.75618,17.67549,0
,100.75617,17.67558,0
,100.75618,17.67569,0
,100.75624,17.67591,0
,100.75652,17.6767,0
,100.75676,17.67715,0
,100.75682,17.67748,0
,100.75682,17.67862,0
,100.75686,17.679,0
,100.75714,17.68001,0
,100.75719,17.68036,0
,100.75718,17.68054,0
,100.75717,17.68054,0
,100.75715,17.68064,0
,100.75708,17.68076,0
,100.75688,17.68099,0
,100.75669,17.68116,0
,100.7566,17.68126,0
,100.7565,17.68134,0
,100.75631,17.68145,0
,100.75612,17.68151,0
,100.75603,17.68152,0
,100.75591,17.68155,0
,100.75539,17.68158,0
,100.75525,17.68162,0
,100.75518,17.68166,0
,100.75507,17.68181,0
,100.75505,17.68188,0
,100.75506,17.68193,0
,100.75506,17.68197,0
,100.75548,17.68355,0
,100.75551,17.68374,0
,100.75551,17.68377,0
,100.75549,17.6839,0
,100.75544,17.68409,0
,100.75536,17.68426,0
,100.75519,17.68454,0
,100.75512,17.68469,0
,100.75503,17.68497,0
,100.75495,17.68513,0
,100.75486,17.68523,0
,100.75449,17.68549,0
,100.7542,17.68564,0
,100.75375,17.68579,0
,100.75355,17.6858,0
,100.75305,17.68577,0
,100.75298,17.68578,0
,100.75233,17.6858,0
,100.7521,17.68586,0
,100.75197,17.68591,0
,100.75188,17.68596,0
,100.7518,17.68604,0
,100.75173,17.68613,0
,100.75166,17.68634,0
,100.75163,17.68661,0
,100.7516,17.68673,0
,100.75158,17.68678,0
,100.75158,17.68679,0
,100.75063,17.68892,0
,100.75044,17.68927,0
,100.75038,17.68936,0
,100.7503,17.68945,0
,100.75021,17.6895,0
,100.75014,17.68952,0
,100.75003,17.68951,0
,100.75001,17.6895,0
,100.74994,17.68948,0
,100.74979,17.68939,0
,100.74929,17.68898,0
,100.74913,17.68891,0
,100.74875,17.6888,0
,100.74852,17.68875,0
,100.74841,17.68874,0
,100.74825,17.68874,0
,100.74816,17.68873,0
,100.74809,17.6887,0
,100.74789,17.68857,0
,100.74775,17.68853,0
,100.74761,17.68855,0
,100.74747,17.68859,0
,100.74735,17.6886,0
,100.74728,17.68859,0
,100.74722,17.68857,0
,100.74708,17.68849,0
,100.74695,17.68844,0
,100.7468,17.6884,0
,100.74659,17.68839,0
,100.74642,17.68845,0
,100.74637,17.68849,0
,100.74635,17.68853,0
,100.74634,17.6886,0
,100.74636,17.68921,0
,100.74639,17.68933,0
,100.74646,17.68944,0
,100.74658,17.68955,0
,100.74685,17.68971,0
,100.74692,17.68977,0
,100.74696,17.68985,0
,100.74695,17.68992,0
,100.74692,17.69,0
,100.74686,17.69005,0
,100.7468,17.69007,0
,100.74674,17.69007,0
,100.74646,17.68997,0
,100.7463,17.6899,0
,100.74614,17.68987,0
,100.74597,17.68987,0
,100.74562,17.68992,0
,100.74544,17.68991,0
,100.74392,17.68964,0
,100.74388,17.68962,0
,100.74364,17.68945,0
,100.74342,17.68935,0
,100.74332,17.68932,0
,100.74324,17.68931,0
,100.74311,17.68928,0
,100.74306,17.68928,0
,100.7427,17.68919,0
,100.74246,17.6891,0
,100.74196,17.68896,0
,100.74165,17.6889,0
,100.74163,17.68889,0
,100.74112,17.6888,0
,100.74103,17.6888,0
,100.7407,17.68885,0
,100.74063,17.68887,0
,100.74042,17.68887,0
,100.73941,17.68859,0
,100.73914,17.6886,0
,100.73892,17.68854,0
,100.73877,17.68843,0
,100.73875,17.68841,0
,100.73852,17.68825,0
,100.73823,17.6881,0
,100.73791,17.68801,0
,100.73774,17.68798,0
,100.73716,17.68792,0
,100.73684,17.68787,0
,100.73679,17.68787,0
,100.73576,17.68771,0
,100.73551,17.68773,0
,100.73537,17.68779,0
,100.73527,17.68785,0
,100.73522,17.68787,0
,100.7351,17.68795,0
,100.73489,17.68817,0
,100.73479,17.68833,0
,100.73473,17.68848,0
,100.73461,17.68887,0
,100.73458,17.68893,0
,100.73456,17.689,0
,100.73446,17.68917,0
,100.73441,17.68921,0
,100.73368,17.68952,0
,100.73355,17.68956,0
,100.73352,17.68956,0
,100.73337,17.6896,0
,100.73314,17.6896,0
,100.73292,17.68958,0
,100.7326,17.68949,0
,100.73175,17.68913,0
,100.73164,17.6891,0
,100.73154,17.6891,0
,100.73152,17.68911,0
,100.7315,17.68911,0
,100.73145,17.68916,0
,100.73143,17.68917,0
,100.7314,17.68928,0
,100.7314,17.68932,0
,100.73142,17.68937,0
,100.7315,17.68953,0
,100.73172,17.68982,0
,100.73172,17.68983,0
,100.73178,17.68991,0
,100.73182,17.69002,0
,100.73183,17.69009,0
,100.73183,17.69014,0
,100.73178,17.69025,0
,100.73175,17.69028,0
,100.73172,17.6903,0
,100.73154,17.69036,0
,100.7313,17.69038,0
,100.73104,17.69038,0
,100.73056,17.69034,0
,100.72988,17.69037,0
,100.72964,17.69044,0
,100.72955,17.69048,0
,100.72951,17.69049,0
,100.72934,17.69057,0
,100.72919,17.69066,0
,100.72889,17.69088,0
,100.72864,17.6911,0
,100.72852,17.69124,0
,100.72833,17.69145,0
,100.72826,17.6915,0
,100.72823,17.69153,0
,100.7279,17.69164,0
,100.72776,17.69171,0
,100.72766,17.69184,0
,100.7275,17.69216,0
,100.72746,17.6922,0
,100.72743,17.69221,0
,100.7274,17.69222,0
,100.72734,17.69222,0
,100.7272,17.69224,0
,100.72716,17.69226,0
,100.72713,17.69229,0
,100.72713,17.6923,0
,100.72712,17.6923,0
,100.72712,17.69231,0
,100.72711,17.69233,0
,100.72711,17.69239,0
,100.72712,17.69245,0
,100.72714,17.69249,0
,100.72722,17.69261,0
,100.72724,17.69267,0
,100.72726,17.69271,0
,100.72725,17.69279,0
,100.72724,17.6928,0
,100.72724,17.69282,0
,100.72722,17.69286,0
,100.72714,17.69293,0
,100.7271,17.69295,0
,100.72696,17.69299,0
,100.72695,17.693,0
,100.72693,17.693,0
,100.72688,17.69302,0
,100.72686,17.69305,0
,100.72685,17.69306,0
,100.72684,17.6931,0
,100.72684,17.69314,0
,100.72686,17.69318,0
,100.72687,17.6932,0
,100.72736,17.69358,0
,100.72749,17.69373,0
,100.72757,17.69389,0
,100.72759,17.694,0
,100.72757,17.69406,0
,100.72752,17.69416,0
,100.72745,17.69422,0
,100.72734,17.69427,0
,100.72722,17.69429,0
,100.72709,17.69426,0
,100.72695,17.69421,0
,100.72654,17.69411,0
,100.72621,17.69411,0
,100.72594,17.6942,0
,100.72591,17.69423,0
,100.72585,17.69432,0
,100.72578,17.69456,0
,100.72574,17.69485,0
,100.72567,17.69505,0
,100.72566,17.69505,0
,100.7256,17.69511,0
,100.72555,17.69513,0
,100.72543,17.69516,0
,100.72532,17.69517,0
,100.72482,17.69501,0
,100.72465,17.69492,0
,100.72369,17.69426,0
,100.72364,17.69424,0
,100.72359,17.69424,0
,100.72353,17.69425,0
,100.72349,17.69427,0
,100.72344,17.69434,0
,100.72341,17.69448,0
,100.7234,17.69463,0
,100.72342,17.69491,0
,100.72341,17.6952,0
,100.72338,17.69547,0
,100.72335,17.69557,0
,100.72331,17.69564,0
,100.72308,17.69591,0
,100.72308,17.69592,0
,100.72305,17.69597,0
,100.72303,17.69604,0
,100.72303,17.69609,0
,100.72299,17.69635,0
,100.72285,17.69672,0
,100.72281,17.69686,0
,100.72281,17.69697,0
,100.72283,17.69704,0
,100.72297,17.69726,0
,100.72316,17.69746,0
,100.72325,17.69753,0
,100.72351,17.69779,0
,100.72371,17.69803,0
,100.72384,17.69823,0
,100.72384,17.69824,0
,100.72394,17.69846,0
,100.724,17.69869,0
,100.72407,17.69886,0
,100.72414,17.69896,0
,100.72422,17.69903,0
,100.72423,17.69903,0
,100.72442,17.69915,0
,100.7246,17.6993,0
,100.72479,17.69949,0
,100.72493,17.69966,0
,100.72507,17.6998,0
,100.72519,17.69996,0
,100.72525,17.70009,0
,100.7253,17.70025,0
,100.72539,17.70071,0
,100.7254,17.70096,0
,100.72539,17.70106,0
,100.72536,17.70116,0
,100.72529,17.70124,0
,100.72517,17.70135,0
,100.72505,17.70141,0
,100.7248,17.70158,0
,100.72471,17.70167,0
,100.72458,17.70191,0
,100.72454,17.70207,0
,100.72454,17.70224,0
,100.72452,17.70246,0
,100.72448,17.70271,0
,100.72447,17.7029,0
,100.72442,17.70316,0
,100.72433,17.70343,0
,100.72428,17.70361,0
,100.7242,17.70381,0
,100.72413,17.70394,0
,100.72403,17.70408,0
,100.7236,17.70435,0
,100.72351,17.70445,0
,100.72345,17.70459,0
,100.72326,17.7048,0
,100.72316,17.70489,0
,100.72306,17.70493,0
,100.72284,17.70496,0
,100.7227,17.70496,0
,100.72199,17.70482,0
,100.72158,17.70483,0
,100.72102,17.70491,0
,100.72037,17.7051,0
,100.72014,17.7052,0
,100.71975,17.70528,0
,100.71956,17.70534,0
,100.71931,17.70538,0
,100.71889,17.70537,0
,100.71872,17.7053,0
,100.71861,17.70521,0
,100.71844,17.70503,0
,100.7183,17.70492,0
,100.71819,17.70481,0
,100.71807,17.70473,0
,100.71799,17.70464,0
,100.71766,17.70434,0
,100.71754,17.70427,0
,100.71728,17.70421,0
,100.71679,17.70416,0
,100.71651,17.70409,0
,100.71633,17.704,0
,100.71624,17.70393,0
,100.71617,17.70386,0
,100.71597,17.70372,0
,100.71581,17.70359,0
,100.71537,17.70347,0
,100.71505,17.70335,0
,100.71485,17.70312,0
,100.71477,17.70297,0
,100.71468,17.70286,0
,100.71457,17.70277,0
,100.71445,17.70276,0
,100.714,17.70266,0
,100.71389,17.7026,0
,100.71379,17.70258,0
,100.71369,17.70262,0
,100.71367,17.70271,0
,100.71368,17.7028,0
,100.7137,17.70288,0
,100.71369,17.70294,0
,100.71367,17.70299,0
,100.71359,17.70302,0
,100.71354,17.703,0
,100.71348,17.70294,0
,100.71344,17.70283,0
,100.71332,17.7024,0
,100.71329,17.70221,0
,100.71324,17.7021,0
,100.71311,17.70161,0
,100.71306,17.70149,0
,100.71299,17.70145,0
,100.71289,17.70148,0
,100.71283,17.70158,0
,100.7128,17.70171,0
,100.71262,17.70204,0
,100.71235,17.70248,0
,100.71235,17.70259,0
,100.71241,17.70283,0
,100.71234,17.70307,0
,100.71225,17.7032,0
,100.71217,17.70334,0
,100.71216,17.70345,0
,100.71218,17.70361,0
,100.71215,17.70373,0
,100.71216,17.70389,0
,100.71213,17.704,0
,100.71204,17.7041,0
,100.71185,17.70422,0
,100.71166,17.70427,0
,100.71131,17.7044,0
,100.71116,17.70443,0
,100.71098,17.70443,0
,100.71041,17.70436,0
,100.71031,17.70436,0
,100.71006,17.7044,0
,100.71004,17.70441,0
,100.70977,17.70448,0
,100.70924,17.70465,0
,100.70923,17.70465,0
,100.70899,17.70476,0
,100.7089,17.70482,0
,100.70874,17.705,0
,100.70868,17.70511,0
,100.70865,17.70514,0
,100.70859,17.7053,0
,100.70856,17.70543,0
,100.70853,17.70566,0
,100.70846,17.70582,0
,100.70839,17.70595,0
,100.70814,17.70623,0
,100.70804,17.70631,0
,100.70797,17.70633,0
,100.7077,17.70635,0
,100.7076,17.70639,0
,100.70757,17.70642,0
,100.70753,17.7065,0
,100.70748,17.70667,0
,100.7074,17.70678,0
,100.70732,17.70686,0
,100.70707,17.70705,0
,100.70701,17.70713,0
,100.70686,17.70738,0
,100.70672,17.70758,0
,100.70665,17.70765,0
,100.70657,17.70771,0
,100.70637,17.7078,0
,100.70632,17.70784,0
,100.70632,17.70785,0
,100.70627,17.70793,0
,100.70624,17.70802,0
,100.70622,17.70806,0
,100.7062,17.70815,0
,100.70618,17.7082,0
,100.70615,17.70825,0
,100.70614,17.70825,0
,100.70606,17.70834,0
,100.70602,17.70835,0
,100.70594,17.70835,0
,100.70589,17.70832,0
,100.70579,17.70822,0
,100.70561,17.70801,0
,100.70559,17.708,0
,100.70553,17.70795,0
,100.70545,17.70791,0
,100.70535,17.70789,0
,100.70522,17.70788,0
,100.70457,17.70791,0
,100.7041,17.70801,0
,100.70371,17.70806,0
,100.70365,17.70808,0
,100.70358,17.70813,0
,100.70355,17.70815,0
,100.7035,17.7082,0
,100.70331,17.70835,0
,100.70326,17.7084,0
,100.7032,17.70843,0
,100.70313,17.70844,0
,100.70271,17.70844,0
,100.70257,17.70843,0
,100.70226,17.70845,0
,100.70213,17.70849,0
,100.70201,17.70854,0
,100.70178,17.70871,0
,100.7017,17.70876,0
,100.70161,17.70879,0
,100.70154,17.70881,0
,100.70153,17.70882,0
,100.69932,17.70905,0
,100.69874,17.7092,0
,100.69176,17.71174,0
,100.69143,17.7119,0
,100.69142,17.7119,0
,100.69126,17.71202,0
,100.69114,17.71213,0
,100.69105,17.71225,0
,100.69094,17.71243,0
,100.69069,17.71301,0
,100.68918,17.71612,0
,100.68899,17.71645,0
,100.68824,17.718,0
,100.68812,17.71833,0
,100.68807,17.71856,0
,100.68803,17.71893,0
,100.68805,17.7219,0
,100.68802,17.72222,0
,100.68798,17.72242,0
,100.68792,17.72256,0
,100.68783,17.72268,0
,100.6876,17.72304,0
,100.68749,17.72324,0
,100.68735,17.72369,0
,100.68727,17.72424,0
,100.68724,17.72436,0
,100.68714,17.72461,0
,100.68709,17.72471,0
,100.68624,17.72572,0
,100.68602,17.7261,0
,100.68586,17.72661,0
,100.68565,17.7279,0
,100.68558,17.72821,0
,100.68523,17.73023,0
,100.68519,17.73058,0
,100.68515,17.7307,0
,100.6851,17.73081,0
,100.6851,17.73085,0
,100.68412,17.73315,0
,100.6845,17.73339,0
,100.68445,17.73356,0
,100.6844,17.73368,0
,100.68421,17.73399,0
,100.68407,17.73416,0
,100.68387,17.73444,0
,100.68381,17.73458,0
,100.68342,17.73595,0
,100.68331,17.73628,0
,100.68325,17.73638,0
,100.68267,17.73698,0
,100.68247,17.73721,0
,100.68197,17.73788,0
,100.68174,17.73814,0
,100.68104,17.73878,0
,100.68067,17.73917,0
,100.68008,17.73991,0
,100.67898,17.74161,0
,100.67802,17.74284,0
,100.67738,17.7438,0
,100.67711,17.74432,0
,100.67705,17.74502,0
,100.67701,17.7451,0
,100.67685,17.74533,0
,100.67684,17.74533,0
,100.67556,17.74623,0
,100.67518,17.74659,0
,100.67445,17.74755,0
,100.67427,17.74774,0
,100.67394,17.748,0
,100.67348,17.74823,0
,100.67318,17.74842,0
,100.67284,17.74874,0
,100.67284,17.74875,0
,100.67258,17.749,0
,100.67221,17.74948,0
,100.6715,17.75055,0
,100.671,17.75157,0
,100.67042,17.75305,0
,100.67027,17.75335,0
,100.66938,17.75488,0
,100.6693,17.75495,0
,100.66912,17.75514,0
,100.66897,17.75525,0
,100.66805,17.75566,0
,100.66617,17.75642,0
,100.66579,17.75662,0
,100.66579,17.75663,0
,100.66558,17.7568,0
,100.66484,17.75753,0
,100.6647,17.75773,0
,100.66459,17.75795,0
,100.66434,17.75867,0
,100.66428,17.75891,0
,100.66426,17.75914,0
,100.66428,17.75955,0
,100.66432,17.75974,0
,100.665,17.76163,0
,100.66503,17.76177,0
,100.66503,17.76183,0
,100.66501,17.7619,0
,100.66495,17.76203,0
,100.66491,17.76209,0
,100.66482,17.76216,0
,100.66448,17.76236,0
,100.66439,17.76246,0
,100.66431,17.7626,0
,100.66411,17.76305,0
,100.66402,17.76317,0
,100.66399,17.7632,0
,100.66389,17.76325,0
,100.66375,17.76329,0
,100.66357,17.76331,0
,100.66303,17.76331,0
,100.66273,17.76337,0
,100.66253,17.76345,0
,100.66226,17.76365,0
,100.66154,17.7643,0
,100.66151,17.76432,0
,100.66124,17.76459,0
,100.66116,17.7647,0
,100.66113,17.76473,0
,100.66085,17.76519,0
,100.66,17.76696,0
,100.6599,17.76724,0
,100.65984,17.76745,0
,100.65973,17.76812,0
,100.65966,17.7688,0
,100.65961,17.76963,0
,100.65954,17.7699,0
,100.65949,17.77002,0
,100.65936,17.77027,0
,100.65921,17.77047,0
,100.65911,17.77056,0
,100.65881,17.77079,0
,100.65829,17.77112,0
,100.65812,17.77119,0
,100.65786,17.77126,0
,100.65762,17.77129,0
,100.65653,17.77136,0
,100.65633,17.77146,0
,100.65632,17.77146,0
,100.6562,17.77159,0
,100.65601,17.77184,0
,100.65592,17.77191,0
,100.65581,17.77198,0
,100.65561,17.77204,0
,100.65545,17.77206,0
,100.6549,17.77209,0
,100.65485,17.7721,0
,100.65408,17.77214,0
,100.65384,17.77212,0
,100.65352,17.77203,0
,100.6528,17.77175,0
,100.65231,17.77152,0
,100.65221,17.77146,0
,100.65206,17.77141,0
,100.65195,17.77141,0
,100.65186,17.77143,0
,100.65103,17.77188,0
,100.65099,17.77191,0
,100.65075,17.77204,0
,100.64936,17.77258,0
,100.64912,17.77274,0
,100.6489,17.77294,0
,100.64888,17.77298,0
,100.64876,17.77311,0
,100.64856,17.77341,0
,100.64836,17.77377,0
,100.64829,17.77407,0
,100.64827,17.77429,0
,100.64828,17.77457,0
,100.6483,17.77473,0
,100.64834,17.77491,0
,100.64843,17.77518,0
,100.64878,17.7759,0
,100.64891,17.77603,0
,100.64893,17.77606,0
,100.64931,17.77631,0
,100.64943,17.77644,0
,100.64951,17.77656,0
,100.64957,17.77668,0
,100.64964,17.77689,0
,100.64967,17.77709,0
,100.64967,17.77737,0
,100.64957,17.77811,0
,100.64958,17.77827,0
,100.64964,17.77843,0
,100.64972,17.77855,0
,100.65,17.7789,0
,100.65009,17.77905,0
,100.65013,17.77914,0
,100.65015,17.77923,0
,100.65016,17.77969,0
,100.6502,17.77986,0
,100.65022,17.77989,0
,100.65045,17.78039,0
,100.6506,17.78081,0
,100.65065,17.78107,0
,100.65064,17.78117,0
,100.65064,17.7813,0
,100.65061,17.7814,0
,100.65058,17.78159,0
,100.65057,17.78161,0
,100.65055,17.78178,0
,100.65055,17.78189,0
,100.65064,17.7824,0
,100.65076,17.78266,0
,100.65082,17.78276,0
,100.65106,17.78351,0
,100.65112,17.78363,0
,100.65115,17.78367,0
,100.65119,17.78371,0
,100.65198,17.78424,0
,100.65216,17.78441,0
,100.65218,17.78444,0
,100.65225,17.78451,0
,100.6523,17.78458,0
,100.65236,17.7847,0
,100.65237,17.78475,0
,100.65241,17.78483,0
,100.65267,17.78572,0
,100.65274,17.78614,0
,100.65271,17.78705,0
,100.65272,17.78718,0
,100.65275,17.7873,0
,100.65283,17.78745,0
,100.65304,17.78774,0
,100.65311,17.7879,0
,100.65313,17.78803,0
,100.65314,17.78805,0
,100.65315,17.7882,0
,100.65314,17.78821,0
,100.65312,17.78838,0
,100.65302,17.78865,0
,100.6514,17.79138,0
,100.65139,17.79139,0
,100.65131,17.79154,0
,100.65123,17.79164,0
,100.65112,17.79173,0
,100.65072,17.79197,0
,100.64925,17.79272,0
,100.64903,17.7929,0
,100.64894,17.793,0
,100.64888,17.79309,0
,100.64879,17.79329,0
,100.64872,17.79366,0
,100.64867,17.79412,0
,100.64867,17.79421,0
,100.64871,17.79435,0
,100.64877,17.7945,0
,100.64921,17.79533,0
,100.64932,17.79561,0
,100.64936,17.79576,0
,100.64947,17.79657,0
,100.64948,17.79659,0
,100.64956,17.79719,0
,100.64966,17.79769,0
,100.64973,17.79817,0
,100.64978,17.79868,0
,100.64977,17.79883,0
,100.64974,17.79893,0
,100.64972,17.79904,0
,100.64957,17.79954,0
,100.6494,17.79991,0
,100.64943,17.80008,0
,100.64947,17.80018,0
,100.64955,17.80028,0
,100.6496,17.80031,0
,100.64971,17.8004,0
,100.65047,17.80081,0
,100.65056,17.80089,0
,100.65062,17.80093,0
,100.65079,17.80107,0
,100.65095,17.80127,0
,100.65117,17.80161,0
,100.65123,17.80174,0
,100.65123,17.80175,0
,100.65129,17.80191,0
,100.65133,17.80206,0
,100.65134,17.80223,0
,100.65133,17.80337,0
,100.65125,17.8042,0
,100.65129,17.80446,0
,100.65138,17.80466,0
,100.65166,17.80544,0
,100.65168,17.80552,0
,100.65187,17.80599,0
,100.65205,17.80634,0
,100.65211,17.80648,0
,100.65245,17.80707,0
,100.6525,17.80713,0
,100.65255,17.80722,0
,100.6526,17.80729,0
,100.65277,17.80761,0
,100.65323,17.8087,0
,100.65325,17.80878,0
,100.65418,17.81124,0
,100.65446,17.81203,0
,100.65453,17.81219,0
,100.65464,17.81232,0
,100.65481,17.81241,0
,100.655,17.81243,0
,100.65527,17.81243,0
,100.65534,17.81242,0
,100.65536,17.81243,0
,100.65555,17.81244,0
,100.65564,17.81246,0
,100.65571,17.81249,0
,100.65614,17.81277,0
,100.6564,17.81291,0
,100.65654,17.81295,0
,100.65672,17.81297,0
,100.6569,17.81302,0
,100.65692,17.81303,0
,100.65702,17.81304,0
,100.65713,17.81307,0
,100.65726,17.81312,0
,100.65726,17.81313,0
,100.65737,17.81318,0
,100.65753,17.8133,0
,100.65763,17.81341,0
,100.65767,17.8135,0
,100.65769,17.81359,0
,100.65769,17.81385,0
,100.65764,17.8143,0
,100.65765,17.81438,0
,100.65765,17.81447,0
,100.6577,17.81467,0
,100.6578,17.81479,0
,100.65795,17.8149,0
,100.65971,17.81597,0
,100.66068,17.81661,0
,100.66191,17.81767,0
,100.66204,17.8178,0
,100.66209,17.81784,0
,100.6623,17.81806,0
,100.66232,17.81809,0
,100.66236,17.81812,0
,100.66251,17.8183,0
,100.66258,17.81837,0
,100.66264,17.8185,0
,100.66266,17.81857,0
,100.66266,17.8186,0
,100.66268,17.81866,0
,100.66267,17.81867,0
,100.66267,17.81875,0
,100.66266,17.81877,0
,100.66265,17.81887,0
,100.66261,17.81898,0
,100.66255,17.81908,0
,100.66252,17.81914,0
,100.66246,17.8192,0
,100.66242,17.81921,0
,100.66242,17.81922,0
,100.6624,17.81923,0
,100.66227,17.81926,0
,100.66206,17.81921,0
,100.66198,17.8192,0
,100.66177,17.81914,0
,100.6617,17.81911,0
,100.66161,17.81909,0
,100.66144,17.81907,0
,100.66131,17.81907,0
,100.66118,17.81912,0
,100.66099,17.81924,0
,100.66072,17.8195,0
,100.66053,17.81971,0
,100.66044,17.81979,0
,100.66039,17.81982,0
,100.66038,17.81982,0
,100.66032,17.81984,0
,100.66031,17.81985,0
,100.66013,17.81988,0
,100.66,17.81989,0
,100.65993,17.81988,0
,100.65953,17.81989,0
,100.65945,17.8199,0
,100.65933,17.8199,0
,100.65916,17.81992,0
,100.65907,17.81994,0
,100.65884,17.82006,0
,100.6586,17.82028,0
,100.65856,17.82034,0
,100.6585,17.82048,0
,100.65848,17.82055,0
,100.65845,17.82072,0
,100.65844,17.82084,0
,100.65839,17.82093,0
,100.65822,17.82112,0
,100.65818,17.82118,0
,100.65816,17.82129,0
,100.6581,17.82145,0
,100.65809,17.82146,0
,100.65809,17.82149,0
,100.65806,17.82158,0
,100.65792,17.82223,0
,100.65788,17.82235,0
,100.65783,17.82243,0
,100.65764,17.82261,0
,100.65756,17.82267,0
,100.65743,17.82279,0
,100.65734,17.82294,0
,100.65731,17.82303,0
,100.65731,17.82306,0
,100.65726,17.82321,0
,100.65726,17.82323,0
,100.65722,17.82336,0
,100.65719,17.82356,0
,100.65718,17.82358,0
,100.65708,17.82411,0
,100.65703,17.82428,0
,100.65702,17.82442,0
,100.65703,17.82456,0
,100.65708,17.82479,0
,100.6575,17.82558,0
,100.65809,17.82728,0
,100.65816,17.82761,0
,100.65817,17.82763,0
,100.65826,17.82889,0
,100.65822,17.82905,0
,100.65822,17.82906,0
,100.65817,17.82914,0
,100.65808,17.8292,0
,100.65735,17.82931,0
,100.65717,17.82936,0
,100.65707,17.82943,0
,100.65704,17.82948,0
,100.65701,17.82958,0
,100.65701,17.82984,0
,100.65704,17.83016,0
,100.65704,17.83025,0
,100.65709,17.83055,0
,100.65709,17.83084,0
,100.65705,17.83091,0
,100.65703,17.83096,0
,100.65698,17.83103,0
,100.65651,17.83186,0
,100.65646,17.83213,0
,100.65645,17.83239,0
,100.65641,17.83254,0
,100.65639,17.83256,0
,100.65636,17.83261,0
,100.65633,17.83263,0
,100.65632,17.83265,0
,100.65628,17.83268,0
,100.65626,17.83268,0
,100.65624,17.8327,0
,100.65619,17.83271,0
,100.65615,17.83273,0
,100.65604,17.83273,0
,100.65599,17.83274,0
,100.65594,17.83274,0
,100.65585,17.83272,0
,100.65582,17.83272,0
,100.65579,17.83271,0
,100.65572,17.83267,0
,100.65571,17.83267,0
,100.65554,17.83261,0
,100.6555,17.83261,0
,100.65541,17.83259,0
,100.65524,17.83258,0
,100.65512,17.8326,0
,100.65499,17.83265,0
,100.65498,17.83265,0
,100.65491,17.83274,0
,100.65489,17.83281,0
,100.65489,17.83285,0
,100.65491,17.83299,0
,100.65494,17.83305,0
,100.65509,17.83323,0
,100.65527,17.83333,0
,100.65534,17.8334,0
,100.65537,17.83347,0
,100.65537,17.83352,0
,100.65534,17.83359,0
,100.65526,17.83366,0
,100.65521,17.83368,0
,100.65516,17.83369,0
,100.65508,17.83369,0
,100.65419,17.83359,0
,100.65373,17.83359,0
,100.65348,17.83356,0
,100.6534,17.83354,0
,100.6532,17.83345,0
,100.65313,17.8334,0
,100.65302,17.83335,0
,100.65293,17.83334,0
,100.65283,17.83334,0
,100.65255,17.83341,0
,100.65121,17.83388,0
,100.65117,17.83392,0
,100.65113,17.83399,0
,100.65102,17.83433,0
,100.65102,17.83436,0
,100.65097,17.83445,0
,100.6509,17.8345,0
,100.65084,17.83453,0
,100.65075,17.83459,0
,100.65034,17.83471,0
,100.65023,17.83473,0
,100.65021,17.83474,0
,100.64986,17.83482,0
,100.64969,17.83483,0
,100.64901,17.83478,0
,100.64879,17.83478,0
,100.64867,17.8348,0
,100.64855,17.83485,0
,100.64855,17.83486,0
,100.64838,17.83492,0
,100.64749,17.83505,0
,100.64734,17.8351,0
,100.64728,17.83517,0
,100.64703,17.83539,0
,100.64702,17.83541,0
,100.64693,17.83548,0
,100.64675,17.83551,0
,100.64666,17.8355,0
,100.64654,17.83544,0
,100.64638,17.83539,0
,100.64627,17.83537,0
,100.64618,17.83537,0
,100.64609,17.8354,0
,100.64602,17.83544,0
,100.64579,17.83565,0
,100.64561,17.83574,0
,100.64551,17.83577,0
,100.64522,17.83581,0
,100.64505,17.83579,0
,100.64488,17.83581,0
,100.64476,17.83585,0
,100.6446,17.83591,0
,100.6446,17.83592,0
,100.64449,17.83598,0
,100.64434,17.83609,0
,100.64414,17.83632,0
,100.64361,17.83704,0
,100.64347,17.83716,0
,100.64332,17.83722,0
,100.64316,17.83725,0
,100.64297,17.83722,0
,100.6426,17.83708,0
,100.64242,17.83707,0
,100.64232,17.83708,0
,100.64221,17.83713,0
,100.64214,17.83722,0
,100.64211,17.83731,0
,100.6421,17.8374,0
,100.64209,17.83783,0
,100.64206,17.83788,0
,100.64204,17.8379,0
,100.64197,17.83795,0
,100.64178,17.83801,0
,100.64158,17.83805,0
,100.64126,17.83808,0
,100.64126,17.83809,0
,100.64119,17.83812,0
,100.64114,17.83816,0
,100.64112,17.83819,0
,100.64089,17.8384,0
,100.64067,17.83857,0
,100.64057,17.8386,0
,100.6405,17.8386,0
,100.6404,17.83855,0
,100.64036,17.83851,0
,100.64023,17.83834,0
,100.64005,17.83807,0
,100.63998,17.83799,0
,100.63991,17.83794,0
,100.6399,17.83794,0
,100.63983,17.83788,0
,100.63971,17.83783,0
,100.63958,17.8378,0
,100.63938,17.83779,0
,100.63903,17.8377,0
,100.63884,17.83763,0
,100.63789,17.83718,0
,100.6376,17.83711,0
,100.63726,17.83708,0
,100.63695,17.8371,0
,100.63689,17.83709,0
,100.63688,17.8371,0
,100.63683,17.8371,0
,100.63671,17.83716,0
,100.63662,17.83721,0
,100.63658,17.83724,0
,100.63656,17.83727,0
,100.63655,17.83727,0
,100.6365,17.83734,0
,100.63646,17.83742,0
,100.63643,17.83756,0
,100.63643,17.83764,0
,100.63641,17.83772,0
,100.63641,17.83778,0
,100.63639,17.83793,0
,100.6363,17.83815,0
,100.63619,17.83827,0
,100.63614,17.83831,0
,100.636,17.83837,0
,100.63589,17.83839,0
,100.63585,17.83838,0
,100.63572,17.83837,0
,100.63553,17.83832,0
,100.63514,17.83816,0
,100.63494,17.83801,0
,100.63481,17.83784,0
,100.63465,17.83759,0
,100.63455,17.83747,0
,100.63451,17.83743,0
,100.63442,17.83736,0
,100.6344,17.83736,0
,100.63435,17.83732,0
,100.63428,17.83729,0
,100.6341,17.83719,0
,100.63405,17.83718,0
,100.63395,17.83718,0
,100.63384,17.8372,0
,100.63373,17.83724,0
,100.63372,17.83726,0
,100.63369,17.83728,0
,100.63362,17.83737,0
,100.63349,17.83765,0
,100.63344,17.83773,0
,100.63336,17.83789,0
,100.63293,17.83855,0
,100.63284,17.83864,0
,100.63283,17.83866,0
,100.63272,17.83872,0
,100.63268,17.83873,0
,100.63267,17.83874,0
,100.63255,17.83874,0
,100.63242,17.8387,0
,100.63229,17.83863,0
,100.63213,17.83844,0
,100.63201,17.83838,0
,100.63171,17.83832,0
,100.63169,17.83832,0
,100.63162,17.8383,0
,100.63145,17.83822,0
,100.63139,17.83817,0
,100.63135,17.83811,0
,100.6313,17.83798,0
,100.63129,17.83788,0
,100.63127,17.8378,0
,100.63126,17.83779,0
,100.63123,17.83769,0
,100.63111,17.83758,0
,100.63092,17.83747,0
,100.63069,17.83738,0
,100.63039,17.83732,0
,100.63032,17.83734,0
,100.63029,17.83734,0
,100.62851,17.83831,0
,100.62843,17.83834,0
,100.62833,17.83834,0
,100.62826,17.83833,0
,100.62787,17.83823,0
,100.62774,17.83818,0
,100.62745,17.83803,0
,100.62733,17.8379,0
,100.62721,17.83774,0
,100.62698,17.83726,0
,100.62698,17.83725,0
,100.62692,17.83714,0
,100.62683,17.83701,0
,100.62672,17.83691,0
,100.62618,17.83652,0
,100.62602,17.83642,0
,100.62596,17.83637,0
,100.62578,17.83625,0
,100.62553,17.83617,0
,100.62539,17.83617,0
,100.62521,17.83626,0
,100.625,17.83645,0
,100.62489,17.83649,0
,100.62484,17.8365,0
,100.62464,17.83649,0
,100.62459,17.83647,0
,100.62446,17.83636,0
,100.62441,17.83634,0
,100.62433,17.83635,0
,100.62421,17.83638,0
,100.62405,17.83651,0
,100.62404,17.83653,0
,100.62375,17.83673,0
,100.62353,17.83686,0
,100.62329,17.83693,0
,100.62316,17.83693,0
,100.62305,17.83691,0
,100.62299,17.83689,0
,100.62294,17.83686,0
,100.62289,17.83681,0
,100.62285,17.83674,0
,100.62282,17.83664,0
,100.62278,17.83637,0
,100.62273,17.83624,0
,100.62255,17.83605,0
,100.62246,17.83598,0
,100.6222,17.83582,0
,100.62165,17.83558,0
,100.62099,17.83525,0
,100.6209,17.83522,0
,100.62085,17.83523,0
,100.62079,17.83523,0
,100.62066,17.83529,0
,100.61993,17.83591,0
,100.61983,17.83595,0
,100.61969,17.83595,0
,100.61954,17.83592,0
,100.61939,17.83587,0
,100.61933,17.83583,0
,100.61926,17.8358,0
,100.61909,17.83569,0
,100.61896,17.83559,0
,100.61882,17.83553,0
,100.6186,17.83549,0
,100.61848,17.83549,0
,100.61803,17.83555,0
,100.61751,17.83567,0
,100.61706,17.83582,0
,100.61687,17.83592,0
,100.61673,17.83602,0
,100.61642,17.8362,0
,100.61618,17.83627,0
,100.61611,17.83627,0
,100.616,17.83625,0
,100.61592,17.83622,0
,100.61586,17.83621,0
,100.61553,17.83604,0
,100.61538,17.83599,0
,100.61532,17.83598,0
,100.61527,17.83598,0
,100.61522,17.836,0
,100.61518,17.83603,0
,100.61513,17.83608,0
,100.6151,17.83614,0
,100.61504,17.83625,0
,100.61502,17.83633,0
,100.61497,17.83642,0
,100.61492,17.83649,0
,100.61483,17.83657,0
,100.61476,17.83662,0
,100.61431,17.83685,0
,100.6139,17.83697,0
,100.61377,17.83697,0
,100.61364,17.83702,0
,100.61354,17.83708,0
,100.61343,17.8372,0
,100.61336,17.83732,0
,100.6132,17.83754,0
,100.61289,17.83786,0
,100.61288,17.83786,0
,100.61274,17.83799,0
,100.61259,17.83808,0
,100.61251,17.8381,0
,100.61236,17.83812,0
,100.61225,17.83812,0
,100.61204,17.8381,0
,100.61185,17.8381,0
,100.6118,17.83811,0
,100.61166,17.83818,0
,100.61155,17.83827,0
,100.61114,17.83867,0
,100.61102,17.83874,0
,100.61096,17.83875,0
,100.6108,17.83875,0
,100.6107,17.83873,0
,100.61068,17.83873,0
,100.61065,17.83872,0
,100.61062,17.8387,0
,100.6106,17.83866,0
,100.61057,17.83862,0
,100.61055,17.83856,0
,100.61052,17.83837,0
,100.61052,17.83818,0
,100.61049,17.83774,0
,100.61045,17.83753,0
,100.61039,17.83742,0
,100.6103,17.83734,0
,100.61026,17.83732,0
,100.61021,17.83728,0
,100.61011,17.83726,0
,100.60994,17.83725,0
,100.60946,17.83729,0
,100.60935,17.83731,0
,100.60933,17.83731,0
,100.60898,17.83739,0
,100.60878,17.83742,0
,100.60876,17.83743,0
,100.6084,17.83743,0
,100.6083,17.83742,0
,100.60823,17.8374,0
,100.60821,17.83739,0
,100.60768,17.83728,0
,100.60765,17.83728,0
,100.60735,17.83722,0
,100.60654,17.83701,0
,100.60643,17.837,0
,100.6062,17.837,0
,100.6061,17.83701,0
,100.606,17.83703,0
,100.60591,17.83706,0
,100.60578,17.83712,0
,100.60569,17.83719,0
,100.60561,17.83729,0
,100.60552,17.83758,0
,100.60538,17.83856,0
,100.60532,17.83991,0
,100.60535,17.84153,0
,100.60536,17.8416,0
,100.6054,17.84746,0
,100.60544,17.84788,0
,100.60547,17.848,0
,100.60549,17.84813,0
,100.60578,17.84884,0
,100.60603,17.84927,0
,100.60605,17.84932,0
,100.6061,17.8494,0
,100.6062,17.84951,0
,100.60643,17.84966,0
,100.60659,17.84971,0
,100.60676,17.84973,0
,100.60678,17.84974,0
,100.60705,17.84981,0
,100.60723,17.84989,0
,100.60746,17.85004,0
,100.60756,17.85016,0
,100.60775,17.85045,0
,100.60776,17.85046,0
,100.60783,17.85063,0
,100.60793,17.85083,0
,100.60806,17.85119,0
,100.60815,17.8515,0
,100.60829,17.85217,0
,100.60829,17.85221,0
,100.60832,17.8524,0
,100.60829,17.85257,0
,100.60829,17.85261,0
,100.60813,17.85312,0
,100.60781,17.85385,0
,100.60779,17.85392,0
,100.60778,17.85399,0
,100.60781,17.85419,0
,100.60785,17.85426,0
,100.608,17.85459,0
,100.60801,17.85459,0
,100.60806,17.8547,0
,100.60836,17.85523,0
,100.60848,17.85551,0
,100.60857,17.85588,0
,100.60857,17.85603,0
,100.60855,17.85622,0
,100.60852,17.85636,0
,100.60843,17.8565,0
,100.60818,17.85673,0
,100.60806,17.85683,0
,100.60768,17.85711,0
,100.60735,17.85739,0
,100.60576,17.85867,0
,100.60574,17.85868,0
,100.60445,17.85973,0
,100.60416,17.85994,0
,100.60279,17.86112,0
,100.60253,17.86138,0
,100.60666,17.86521,0
,100.60786,17.86672,0
,100.60867,17.86787,0
,100.60879,17.86808,0
,100.60882,17.86817,0
,100.60885,17.86877,0
,100.60882,17.87022,0
,100.60885,17.8704,0
,100.60895,17.87075,0
,100.60905,17.87096,0
,100.60931,17.8713,0
,100.60941,17.87145,0
,100.60978,17.87216,0
,100.60995,17.87257,0
,100.61038,17.87328,0
,100.61224,17.87606,0
,100.61271,17.87703,0
,100.61282,17.87743,0
,100.61287,17.87768,0
,100.61321,17.88101,0
,100.61337,17.88443,0
,100.61348,17.88575,0
,100.61352,17.88594,0
,100.61382,17.88666,0
,100.61414,17.88723,0
,100.61429,17.8874,0
,100.61644,17.88953,0
,100.61676,17.88988,0
,100.61691,17.89007,0
,100.61698,17.89024,0
,100.61699,17.89032,0
,100.61699,17.89048,0
,100.61697,17.89062,0
,100.61691,17.89082,0
,100.61688,17.89098,0
,100.61687,17.89122,0
,100.61691,17.89139,0
,100.61693,17.89143,0
,100.61714,17.89166,0
,100.61725,17.89175,0
,100.61855,17.89259,0
,100.61873,17.89267,0
,100.61894,17.89273,0
,100.61917,17.89273,0
,100.62011,17.89263,0
,100.62026,17.89264,0
,100.62039,17.89268,0
,100.6204,17.89268,0
,100.62056,17.89275,0
,100.62068,17.89283,0
,100.62081,17.89296,0
,100.62094,17.89314,0
,100.62099,17.89323,0
,100.62103,17.89336,0
,100.62105,17.89352,0
,100.62091,17.89456,0
,100.62087,17.89527,0
,100.62088,17.89545,0
,100.62089,17.89546,0
,100.62093,17.89559,0
,100.62104,17.89574,0
,100.62107,17.89576,0
,100.62119,17.89587,0
,100.6214,17.896,0
,100.62158,17.89608,0
,100.6217,17.89616,0
,100.62186,17.89625,0
,100.62196,17.89637,0
,100.62206,17.89666,0
,100.62232,17.89816,0
,100.62237,17.89829,0
,100.62246,17.89842,0
,100.62251,17.89847,0
,100.62261,17.89855,0
,100.62297,17.89891,0
,100.62306,17.89904,0
,100.62314,17.8992,0
,100.62399,17.90133,0
,100.624,17.90133,0
,100.62433,17.90214,0
,100.62446,17.90251,0
,100.62527,17.90655,0
,100.62527,17.90658,0
,100.62549,17.90764,0
,100.62555,17.90811,0
,100.62554,17.9083,0
,100.62551,17.90844,0
,100.62541,17.90869,0
,100.62535,17.90881,0
,100.62508,17.90921,0
,100.62466,17.90975,0
,100.62458,17.90989,0
,100.62454,17.91002,0
,100.62458,17.91018,0
,100.62462,17.91025,0
,100.62473,17.91036,0
,100.62474,17.91036,0
,100.62719,17.912,0
,100.62793,17.91261,0
,100.62815,17.91277,0
,100.62828,17.91284,0
,100.62947,17.91326,0
,100.62981,17.91341,0
,100.63037,17.91371,0
,100.63053,17.91383,0
,100.63063,17.91396,0
,100.63066,17.91402,0
,100.63067,17.91407,0
,100.63067,17.91419,0
,100.63064,17.91432,0
,100.63049,17.91476,0
,100.63044,17.91501,0
,100.63045,17.91519,0
,100.63048,17.91536,0
,100.63049,17.91537,0
,100.63077,17.91646,0
,100.63088,17.91682,0
,100.63094,17.91707,0
,100.63095,17.91722,0
,100.63094,17.91737,0
,100.6309,17.91747,0
,100.63081,17.91763,0
,100.6307,17.91777,0
,100.63041,17.91804,0
,100.63041,17.91805,0
,100.63015,17.91828,0
,100.62999,17.9184,0
,100.62996,17.91843,0
,100.62949,17.91867,0
,100.62913,17.91881,0
,100.62895,17.9189,0
,100.6288,17.91899,0
,100.62856,17.91924,0
,100.62834,17.91953,0
,100.62834,17.91954,0
,100.62808,17.9198,0
,100.62793,17.9199,0
,100.62764,17.92003,0
,100.6274,17.9201,0
,100.62736,17.92012,0
,100.62712,17.92018,0
,100.62702,17.92023,0
,100.62693,17.9203,0
,100.62687,17.92039,0
,100.6268,17.92052,0
,100.6267,17.92083,0
,100.6267,17.92084,0
,100.62665,17.92092,0
,100.62659,17.92098,0
,100.62646,17.92104,0
,100.6263,17.92108,0
,100.62603,17.92112,0
,100.62593,17.92117,0
,100.62587,17.92122,0
,100.62583,17.92131,0
,100.62581,17.92142,0
,100.62589,17.92229,0
,100.62589,17.92247,0
,100.62586,17.92261,0
,100.62585,17.92262,0
,100.62579,17.92274,0
,100.62571,17.92284,0
,100.62556,17.92293,0
,100.62528,17.92306,0
,100.62458,17.92333,0
,100.62446,17.92339,0
,100.62434,17.92347,0
,100.62424,17.92357,0
,100.62416,17.92368,0
,100.62414,17.92369,0
,100.62407,17.92384,0
,100.62404,17.92397,0
,100.62404,17.92409,0
,100.62406,17.92421,0
,100.62411,17.92434,0
,100.62419,17.92448,0
,100.62426,17.92463,0
,100.62528,17.92642,0
,100.62536,17.92658,0
,100.62539,17.92668,0
,100.62539,17.92679,0
,100.62537,17.9269,0
,100.62533,17.92698,0
,100.62523,17.92708,0
,100.62511,17.92716,0
,100.6249,17.92725,0
,100.6247,17.92735,0
,100.62451,17.92747,0
,100.62437,17.92761,0
,100.62421,17.9278,0
,100.6239,17.92828,0
,100.62308,17.92966,0
,100.62285,17.92995,0
,100.62275,17.93003,0
,100.62261,17.9301,0
,100.62223,17.93024,0
,100.62222,17.93024,0
,100.62208,17.93032,0
,100.62198,17.93042,0
,100.62192,17.93051,0
,100.62189,17.93062,0
,100.62189,17.93082,0
,100.62197,17.93168,0
,100.62199,17.93178,0
,100.62201,17.93182,0
,100.62202,17.93186,0
,100.62207,17.93191,0
,100.62298,17.93219,0
,100.62322,17.93231,0
,100.62345,17.93247,0
,100.62421,17.9331,0
,100.62464,17.93349,0
,100.62577,17.93518,0
,100.6259,17.93544,0
,100.62594,17.9356,0
,100.62596,17.93581,0
,100.62587,17.93646,0
,100.62587,17.93667,0
,100.62594,17.93698,0
,100.62629,17.93783,0
,100.62634,17.93792,0
,100.6265,17.93815,0
,100.6268,17.93845,0
,100.62785,17.93909,0
,100.6281,17.93926,0
,100.62853,17.93959,0
,100.62871,17.93976,0
,100.62888,17.93996,0
,100.62974,17.94116,0
,100.63006,17.94168,0
,100.63039,17.94214,0
,100.6317,17.94441,0
,100.63318,17.94695,0
,100.63319,17.94696,0
,100.63325,17.94713,0
,100.63333,17.94745,0
,100.63357,17.94873,0
,100.63367,17.94901,0
,100.63377,17.9492,0
,100.63564,17.95221,0
,100.63567,17.95227,0
,100.63731,17.95454,0
,100.63762,17.95505,0
,100.63827,17.95626,0
,100.63841,17.95659,0
,100.63846,17.95675,0
,100.63854,17.95718,0
,100.63857,17.95745,0
,100.63869,17.95797,0
,100.63902,17.95913,0
,100.63928,17.95988,0
,100.63932,17.95995,0
,100.63944,17.96011,0
,100.63957,17.96025,0
,100.64061,17.96109,0
,100.64091,17.96137,0
,100.64101,17.96149,0
,100.64113,17.96166,0
,100.64212,17.96355,0
,100.64287,17.96489,0
,100.64311,17.96524,0
,100.64325,17.96542,0
,100.64336,17.96552,0
,100.64342,17.96556,0
,100.64342,17.96557,0
,100.64358,17.96567,0
,100.64742,17.96779,0
,100.64766,17.9679,0
,100.64838,17.96814,0
,100.64855,17.96821,0
,100.64858,17.96821,0
,100.65096,17.96899,0
,100.65109,17.96902,0
,100.65218,17.96951,0
,100.65286,17.96994,0
,100.65331,17.97027,0
,100.65354,17.97048,0
,100.65534,17.97236,0
,100.65572,17.97272,0
,100.65593,17.97288,0
,100.65615,17.973,0
,100.65616,17.97301,0
,100.65643,17.97311,0
,100.65701,17.97329,0
,100.65704,17.97329,0
,100.65717,17.97333,0
,100.65732,17.97336,0
,100.65741,17.97336,0
,100.65753,17.97338,0
,100.65774,17.97338,0
,100.6579,17.97336,0
,100.65836,17.97327,0
,100.65946,17.97306,0
,100.65956,17.97305,0
,100.65974,17.97305,0
,100.65998,17.97309,0
,100.66038,17.9732,0
,100.66238,17.97393,0
,100.66326,17.97417,0
,100.6673,17.9748,0
,100.6677,17.9749,0
,100.66792,17.97501,0
,100.66799,17.97506,0
,100.66818,17.97523,0
,100.66827,17.97534,0
,100.66864,17.97601,0
,100.66881,17.97628,0
,100.66904,17.97659,0
,100.66928,17.97684,0
,100.6695,17.97702,0
,100.66969,17.97714,0
,100.66969,17.97715,0
,100.66998,17.97734,0
,100.67158,17.97828,0
,100.67226,17.97865,0
,100.6728,17.97889,0
,100.67323,17.979,0
,100.67354,17.97904,0
,100.67369,17.97916,0
,100.67373,17.9792,0
,100.67397,17.97951,0
,100.67496,17.98093,0
,100.67792,17.98569,0
,100.67804,17.98592,0
,100.6781,17.98601,0
,100.67816,17.98607,0
,100.67818,17.98608,0
,100.67827,17.98615,0
,100.67832,17.98617,0
,100.67842,17.98623,0
,100.67883,17.9864,0
,100.67965,17.9867,0
,100.67987,17.9868,0
,100.68013,17.98698,0
,100.6803,17.98714,0
,100.68035,17.9872,0
,100.68043,17.98733,0
,100.68051,17.98751,0
,100.68054,17.98763,0
,100.68056,17.98771,0
,100.68058,17.98789,0
,100.68058,17.98799,0
,100.68059,17.98807,0
,100.68059,17.98835,0
,100.68058,17.98844,0
,100.68057,17.98908,0
,100.68059,17.98929,0
,100.68061,17.98939,0
,100.68067,17.98959,0
,100.68067,17.9896,0
,100.68076,17.98977,0
,100.68088,17.98994,0
,100.68095,17.99001,0
,100.68102,17.9901,0
,100.68105,17.99012,0
,100.68121,17.9902,0
,100.68147,17.99028,0
,100.68222,17.99043,0
,100.68259,17.99049,0
,100.68268,17.99051,0
,100.68277,17.99055,0
,100.68287,17.99058,0
,100.68305,17.99068,0
,100.68323,17.99081,0
,100.68469,17.99221,0
,100.68508,17.99254,0
,100.68544,17.99278,0
,100.68547,17.99279,0
,100.68553,17.99284,0
,100.68571,17.99296,0
,100.68588,17.99316,0
,100.68621,17.99381,0
,100.68695,17.99543,0
,100.6871,17.99569,0
,100.6872,17.99595,0
,100.6873,17.99648,0
,100.68735,17.99696,0
,100.68739,17.99718,0
,100.68745,17.99738,0
,100.68753,17.99758,0
,100.68774,17.99793,0
,100.68832,17.99876,0
,100.68837,17.99885,0
,100.68839,17.99886,0
,100.68846,17.99897,0
,100.68854,17.99907,0
,100.68861,17.99913,0
,100.68863,17.99916,0
,100.68876,17.99925,0
,100.68891,17.99933,0
,100.68924,17.99943,0
,100.68928,17.99943,0
,100.69159,17.99974,0
,100.69188,17.99982,0
,100.69197,17.99987,0
,100.69256,18.00034,0
,100.69303,18.00077,0
,100.69342,18.0013,0
,100.69365,18.00168,0
,100.69382,18.00187,0
,100.69423,18.00224,0
,100.69423,18.00225,0
,100.69427,18.00229,0
,100.69433,18.00241,0
,100.69437,18.00255,0
,100.69439,18.00276,0
,100.69438,18.0029,0
,100.69436,18.00299,0
,100.69435,18.00309,0
,100.69429,18.00328,0
,100.69414,18.00363,0
,100.69395,18.00397,0
,100.69368,18.00439,0
,100.69368,18.0044,0
,100.6936,18.00453,0
,100.69354,18.00468,0
,100.69354,18.00472,0
,100.69353,18.00473,0
,100.69353,18.00487,0
,100.69354,18.00493,0
,100.69358,18.00505,0
,100.6936,18.00507,0
,100.69361,18.0051,0
,100.6937,18.00523,0
,100.69417,18.00579,0
,100.69426,18.00595,0
,100.6943,18.00605,0
,100.69432,18.00618,0
,100.69433,18.00621,0
,100.69433,18.00631,0
,100.69431,18.00642,0
,100.69425,18.00659,0
,100.69414,18.00681,0
,100.69411,18.0069,0
,100.69405,18.00702,0
,100.694,18.0071,0
,100.69394,18.00717,0
,100.69393,18.00717,0
,100.6939,18.0072,0
,100.69386,18.00722,0
,100.69385,18.00724,0
,100.69375,18.00728,0
,100.69372,18.00728,0
,100.69367,18.0073,0
,100.6936,18.0073,0
,100.6932,18.00734,0
,100.693,18.00738,0
,100.69279,18.00748,0
,100.69251,18.00772,0
,100.69218,18.00806,0
,100.692,18.0083,0
,100.69196,18.00839,0
,100.69187,18.00866,0
,100.69183,18.00886,0
,100.69173,18.00998,0
,100.69175,18.01015,0
,100.69184,18.01062,0
,100.692,18.01099,0
,100.69201,18.011,0
,100.69246,18.0119,0
,100.69255,18.01214,0
,100.69257,18.01227,0
,100.69256,18.01241,0
,100.69256,18.01247,0
,100.6925,18.01266,0
,100.6924,18.01278,0
,100.69222,18.01292,0
,100.69219,18.01293,0
,100.69197,18.01308,0
,100.69105,18.01356,0
,100.69059,18.01383,0
,100.69035,18.01401,0
,100.6903,18.01406,0
,100.69026,18.01409,0
,100.69017,18.01418,0
,100.69017,18.01419,0
,100.69009,18.01428,0
,100.68999,18.01446,0
,100.68991,18.01467,0
,100.68988,18.01484,0
,100.68985,18.0152,0
,100.68984,18.01566,0
,100.68989,18.01629,0
,100.68991,18.01638,0
,100.68993,18.01643,0
,100.68993,18.01646,0
,100.68997,18.01654,0
,100.69002,18.01662,0
,100.6901,18.01672,0
,100.69026,18.01686,0
,100.69098,18.01737,0
,100.6911,18.01743,0
,100.69134,18.01752,0
,100.69198,18.01768,0
,100.69212,18.01773,0
,100.69218,18.01775,0
,100.69231,18.01781,0
,100.69262,18.01801,0
,100.69274,18.0181,0
,100.69286,18.01816,0
,100.69314,18.01834,0
,100.69323,18.01843,0
,100.69326,18.01848,0
,100.6933,18.01852,0
,100.69331,18.01855,0
,100.69332,18.01856,0
,100.69332,18.01859,0
,100.69333,18.0186,0
,100.69333,18.01867,0
,100.69325,18.01893,0
,100.69323,18.019,0
,100.69322,18.01912,0
,100.69321,18.01916,0
,100.69321,18.01925,0
,100.69322,18.01927,0
,100.69322,18.01928,0
,100.69329,18.01943,0
,100.69341,18.01959,0
,100.69354,18.01972,0
,100.69394,18.02006,0
,100.69408,18.02022,0
,100.69416,18.02028,0
,100.69428,18.02035,0
,100.69431,18.02036,0
,100.69433,18.02036,0
,100.6945,18.0204,0
,100.69508,18.02048,0
,100.69511,18.02048,0
,100.69515,18.0205,0
,100.69517,18.0205,0
,100.69519,18.02051,0
,100.69519,18.02052,0
,100.6952,18.02052,0
,100.69525,18.02057,0
,100.69529,18.02064,0
,100.69557,18.02139,0
,100.69562,18.02151,0
,100.69563,18.02157,0
,100.69564,18.02158,0
,100.69565,18.02162,0
,100.69565,18.02176,0
,100.69564,18.02177,0
,100.69564,18.02179,0
,100.69562,18.02185,0
,100.69556,18.02193,0
,100.69545,18.022,0
,100.69527,18.02206,0
,100.69525,18.02206,0
,100.6952,18.02207,0
,100.69507,18.02212,0
,100.69495,18.02215,0
,100.69488,18.02218,0
,100.69485,18.02218,0
,100.6948,18.0222,0
,100.69478,18.02222,0
,100.69474,18.02224,0
,100.69472,18.02227,0
,100.69471,18.02227,0
,100.69466,18.02236,0
,100.69465,18.02237,0
,100.69465,18.02242,0
,100.69464,18.02242,0
,100.69465,18.02249,0
,100.69465,18.02253,0
,100.69471,18.02278,0
,100.69479,18.02332,0
,100.69479,18.02354,0
,100.69481,18.02359,0
,100.69481,18.02362,0
,100.69486,18.02369,0
,100.69487,18.02371,0
,100.69509,18.02396,0
,100.69513,18.02402,0
,100.69519,18.02418,0
,100.69519,18.02421,0
,100.6952,18.02424,0
,100.6952,18.02434,0
,100.69518,18.02444,0
,100.69512,18.02464,0
,100.6949,18.02511,0
,100.69487,18.0252,0
,100.69487,18.02523,0
,100.69486,18.02525,0
,100.69486,18.02535,0
,100.69491,18.02545,0
,100.69491,18.02546,0
,100.69496,18.02553,0
,100.69507,18.02564,0
,100.6952,18.0258,0
,100.6954,18.02598,0
,100.69542,18.02599,0
,100.69546,18.02603,0
,100.69552,18.02606,0
,100.69553,18.02607,0
,100.69555,18.02607,0
,100.69557,18.02608,0
,100.69568,18.02608,0
,100.69583,18.02606,0
,100.69608,18.02598,0
,100.69613,18.02598,0
,100.69613,18.02597,0
,100.6963,18.02597,0
,100.69632,18.02598,0
,100.69635,18.02598,0
,100.69639,18.02599,0
,100.69643,18.02601,0
,100.69648,18.02602,0
,100.69659,18.02608,0
,100.69663,18.02611,0
,100.69667,18.02613,0
,100.69676,18.02622,0
,100.69691,18.02643,0
,100.69712,18.02683,0
,100.69715,18.02691,0
,100.69724,18.02703,0
,100.6973,18.02709,0
,100.69731,18.02709,0
,100.69734,18.02712,0
,100.6974,18.02714,0
,100.69741,18.02714,0
,100.69742,18.02715,0
,100.6975,18.02715,0
,100.69752,18.02714,0
,100.69754,18.02712,0
,100.69754,18.02711,0
,100.69755,18.02711,0
,100.69756,18.02709,0
,100.69757,18.02708,0
,100.69757,18.02706,0
,100.6976,18.02698,0
,100.6976,18.02673,0
,100.69762,18.02666,0
,100.69762,18.02665,0
,100.69763,18.02663,0
,100.69764,18.02663,0
,100.69764,18.02662,0
,100.69767,18.02659,0
,100.69777,18.02654,0
,100.6978,18.02654,0
,100.6978,18.02655,0
,100.69783,18.02655,0
,100.69784,18.02656,0
,100.69786,18.02656,0
,100.6979,18.02658,0
,100.69792,18.0266,0
,100.69793,18.0266,0
,100.69795,18.02663,0
,100.698,18.02669,0
,100.69802,18.02673,0
,100.69804,18.02675,0
,100.69804,18.02677,0
,100.69807,18.0268,0
,100.69815,18.02695,0
,100.69817,18.02702,0
,100.69817,18.02713,0
,100.69815,18.02719,0
,100.6981,18.02729,0
,100.6981,18.02731,0
,100.69801,18.02748,0
,100.69796,18.02763,0
,100.69795,18.02781,0
,100.69794,18.02784,0
,100.69795,18.0279,0
,100.69795,18.02793,0
,100.69796,18.02794,0
,100.69796,18.02797,0
,100.69797,18.02798,0
,100.69799,18.02804,0
,100.69803,18.02809,0
,100.69817,18.02823,0
,100.69821,18.02826,0
,100.69821,18.02827,0
,100.69829,18.02833,0
,100.69836,18.0284,0
,100.6984,18.02843,0
,100.69845,18.02849,0
,100.69847,18.02853,0
,100.69848,18.02854,0
,100.69848,18.02856,0
,100.69849,18.02857,0
,100.69849,18.02868,0
,100.69841,18.02894,0
,100.69836,18.02903,0
,100.69832,18.02916,0
,100.6983,18.0292,0
,100.69829,18.02926,0
,100.69827,18.02931,0
,100.69827,18.02937,0
,100.69826,18.02938,0
,100.69826,18.02947,0
,100.69827,18.0295,0
,100.6983,18.02958,0
,100.69842,18.02976,0
,100.6985,18.02984,0
,100.6985,18.02985,0
,100.69878,18.03009,0
,100.69891,18.03018,0
,100.69894,18.03019,0
,100.69903,18.03026,0
,100.69916,18.03034,0
,100.69922,18.03036,0
,100.69928,18.03039,0
,100.69941,18.03042,0
,100.69976,18.03053,0
,100.6998,18.03055,0
,100.69985,18.03058,0
,100.69995,18.03061,0
,100.69996,18.03062,0
,100.70003,18.03064,0
,100.70008,18.03065,0
,100.70041,18.03066,0
,100.70053,18.03069,0
,100.70058,18.03071,0
,100.70061,18.03073,0
,100.70064,18.03074,0
,100.70068,18.03077,0
,100.70069,18.03077,0
,100.70071,18.03079,0
,100.70078,18.0309,0
,100.70095,18.03126,0
,100.70101,18.03136,0
,100.70109,18.03144,0
,100.70117,18.03154,0
,100.70123,18.0316,0
,100.70126,18.03165,0
,100.70129,18.03173,0
,100.7013,18.03175,0
,100.7013,18.03182,0
,100.70126,18.03194,0
,100.70121,18.03202,0
,100.70118,18.03204,0
,100.70114,18.0321,0
,100.70109,18.03215,0
,100.70106,18.0322,0
,100.70105,18.03221,0
,100.70101,18.03233,0
,100.70101,18.03236,0
,100.701,18.03239,0
,100.701,18.03248,0
,100.70101,18.03254,0
,100.70103,18.0326,0
,100.70105,18.03263,0
,100.70106,18.03266,0
,100.70114,18.03275,0
,100.70117,18.0328,0
,100.70117,18.03282,0
,100.70118,18.03283,0
,100.70119,18.03287,0
,100.70119,18.03296,0
,100.70117,18.033,0
,100.70111,18.03309,0
,100.70105,18.03316,0
,100.70104,18.03316,0
,100.70074,18.0335,0
,100.70062,18.03366,0
,100.70058,18.03373,0
,100.70057,18.03374,0
,100.70049,18.0339,0
,100.70046,18.03397,0
,100.70044,18.03405,0
,100.70044,18.03413,0
,100.70045,18.03414,0
,100.70045,18.03416,0
,100.70049,18.03423,0
,100.7005,18.03423,0
,100.70058,18.03437,0
,100.70059,18.03438,0
,100.70059,18.0344,0
,100.7006,18.03441,0
,100.7006,18.03448,0
,100.70059,18.0345,0
,100.70059,18.03454,0
,100.70053,18.03473,0
,100.70051,18.03476,0
,100.70049,18.03486,0
,100.70044,18.03498,0
,100.70035,18.03507,0
,100.70029,18.03511,0
,100.70023,18.03513,0
,100.70021,18.03514,0
,100.70018,18.03514,0
,100.70016,18.03515,0
,100.70009,18.03515,0
,100.70004,18.03514,0
,100.70002,18.03514,0
,100.69965,18.03507,0
,100.69962,18.03506,0
,100.69957,18.03506,0
,100.69954,18.03505,0
,100.69949,18.03506,0
,100.69944,18.03506,0
,100.69936,18.03509,0
,100.69929,18.03513,0
,100.69926,18.03514,0
,100.69823,18.03577,0
,100.69735,18.03654,0
,100.69735,18.03655,0
,100.69727,18.03662,0
,100.69716,18.03676,0
,100.69709,18.03688,0
,100.69706,18.03696,0
,100.69706,18.03701,0
,100.69701,18.03725,0
,100.69701,18.03728,0
,100.69697,18.03735,0
,100.69697,18.03736,0
,100.69686,18.03749,0
,100.69684,18.0375,0
,100.69673,18.03762,0
,100.69633,18.03798,0
,100.69622,18.03812,0
,100.69618,18.0382,0
,100.69614,18.03835,0
,100.69613,18.03842,0
,100.69613,18.03854,0
,100.69614,18.03859,0
,100.69614,18.03867,0
,100.69615,18.03868,0
,100.69616,18.03877,0
,100.69616,18.03887,0
,100.69615,18.0389,0
,100.69615,18.03892,0
,100.69605,18.03918,0
,100.69604,18.03919,0
,100.69589,18.03952,0
,100.69589,18.03954,0
,100.69577,18.03979,0
,100.69558,18.04032,0
,100.69556,18.04036,0
,100.69553,18.0405,0
,100.69551,18.04054,0
,100.6955,18.04059,0
,100.69546,18.04068,0
,100.69544,18.0407,0
,100.69544,18.04071,0
,100.69532,18.04083,0
,100.69531,18.04083,0
,100.69517,18.04095,0
,100.69516,18.04095,0
,100.69505,18.04103,0
,100.69502,18.04106,0
,100.6947,18.04128,0
,100.69458,18.04135,0
,100.6942,18.04149,0
,100.69384,18.04156,0
,100.69373,18.04155,0
,100.69368,18.04155,0
,100.69354,18.0415,0
,100.69347,18.04148,0
,100.69344,18.04146,0
,100.69321,18.04129,0
,100.69317,18.04127,0
,100.69313,18.04124,0
,100.69297,18.04119,0
,100.69294,18.04118,0
,100.69288,18.04118,0
,100.69282,18.04121,0
,100.69278,18.04123,0
,100.69271,18.0413,0
,100.69262,18.04142,0
,100.6926,18.04147,0
,100.69257,18.0415,0
,100.69245,18.04167,0
,100.69224,18.04194,0
,100.69204,18.04215,0
,100.69177,18.0424,0
,100.69168,18.0425,0
,100.69161,18.0426,0
,100.69161,18.04261,0
,100.69148,18.04283,0
,100.69145,18.04293,0
,100.6914,18.04303,0
,100.69134,18.04327,0
,100.69134,18.04334,0
,100.69131,18.04363,0
,100.6913,18.04365,0
,100.69129,18.04369,0
,100.69123,18.04378,0
,100.6912,18.04384,0
,100.69096,18.04411,0
,100.69094,18.04415,0
,100.69092,18.04417,0
,100.69092,18.0442,0
,100.6909,18.04425,0
,100.6909,18.04444,0
,100.69093,18.04452,0
,100.69096,18.04467,0
,100.69096,18.0447,0
,100.69095,18.04476,0
,100.69095,18.04479,0
,100.69092,18.04487,0
,100.69092,18.04488,0
,100.69091,18.04489,0
,100.6909,18.04491,0
,100.69082,18.04498,0
,100.6908,18.045,0
,100.69057,18.04513,0
,100.69042,18.04519,0
,100.69037,18.0452,0
,100.69007,18.04522,0
,100.68933,18.0452,0
,100.68922,18.04521,0
,100.68917,18.04522,0
,100.68908,18.04526,0
,100.68907,18.04526,0
,100.68899,18.04532,0
,100.68881,18.04557,0
,100.68878,18.04566,0
,100.68878,18.04568,0
,100.68877,18.04569,0
,100.68878,18.04576,0
,100.68881,18.04587,0
,100.68882,18.04588,0
,100.68898,18.04629,0
,100.68917,18.04667,0
,100.68937,18.04698,0
,100.68941,18.04702,0
,100.68944,18.04706,0
,100.68948,18.04713,0
,100.68949,18.04714,0
,100.68949,18.04717,0
,100.6895,18.04719,0
,100.6895,18.04725,0
,100.68948,18.04733,0
,100.68948,18.04736,0
,100.68946,18.04739,0
,100.68945,18.04742,0
,100.68941,18.04747,0
,100.68937,18.04753,0
,100.68926,18.04764,0
,100.68912,18.04775,0
,100.68889,18.0479,0
,100.6886,18.04803,0
,100.68846,18.04807,0
,100.68843,18.04807,0
,100.68833,18.04811,0
,100.68832,18.04811,0
,100.6883,18.04813,0
,100.68829,18.04813,0
,100.68827,18.04815,0
,100.68826,18.04817,0
,100.68824,18.04825,0
,100.68823,18.04828,0
,100.68823,18.04842,0
,100.68824,18.04844,0
,100.68824,18.04846,0
,100.68827,18.04851,0
,100.68829,18.04855,0
,100.68831,18.04856,0
,100.68832,18.04858,0
,100.68835,18.0486,0
,100.6884,18.04862,0
,100.6885,18.04862,0
,100.68869,18.04855,0
,100.68877,18.04853,0
,100.68892,18.04846,0
,100.68905,18.04837,0
,100.68913,18.04829,0
,100.68925,18.04814,0
,100.68931,18.0481,0
,100.68935,18.04809,0
,100.68945,18.04804,0
,100.68952,18.04802,0
,100.6896,18.04801,0
,100.68982,18.04801,0
,100.68986,18.048,0
,100.69004,18.04794,0
,100.69009,18.0479,0
,100.6901,18.0479,0
,100.69025,18.04775,0
,100.69038,18.04766,0
,100.6904,18.04766,0
,100.69052,18.04774,0
,100.69056,18.04779,0
,100.69057,18.04781,0
,100.69063,18.04803,0
,100.69063,18.04806,0
,100.69059,18.04811,0
,100.68053,18.05551,0
,100.68036,18.0559,0
,100.6803,18.05611,0
,100.68022,18.05625,0
,100.68019,18.05628,0
,100.6799,18.05687,0
,100.6799,18.05688,0
,100.67974,18.05716,0
,100.67914,18.05809,0
,100.679,18.05841,0
,100.67899,18.05842,0
,100.67883,18.05885,0
,100.67857,18.05943,0
,100.67837,18.05972,0
,100.67822,18.05987,0
,100.67797,18.06005,0
,100.67712,18.06061,0
,100.67705,18.06068,0
,100.67702,18.0607,0
,100.67693,18.06079,0
,100.67692,18.06081,0
,100.67688,18.06084,0
,100.6768,18.06095,0
,100.6768,18.06096,0
,100.67676,18.06102,0
,100.67665,18.06128,0
,100.67661,18.06143,0
,100.6766,18.06145,0
,100.67657,18.06163,0
,100.67653,18.06207,0
,100.67651,18.06217,0
,100.67644,18.06241,0
,100.67615,18.06298,0
,100.67615,18.063,0
,100.67607,18.06316,0
,100.67603,18.06331,0
,100.67602,18.06333,0
,100.67601,18.0634,0
,100.67601,18.06345,0
,100.67603,18.06369,0
,100.67604,18.06375,0
,100.67605,18.06405,0
,100.6761,18.06441,0
,100.67607,18.06534,0
,100.67606,18.0654,0
,100.67603,18.06548,0
,100.67596,18.06561,0
,100.67596,18.06562,0
,100.6759,18.06571,0
,100.67587,18.06577,0
,100.67555,18.06627,0
,100.67544,18.06642,0
,100.67531,18.06656,0
,100.67529,18.06659,0
,100.67521,18.06664,0
,100.67511,18.06668,0
,100.67497,18.06668,0
,100.67483,18.06666,0
,100.67475,18.06664,0
,100.67459,18.06664,0
,100.67455,18.06666,0
,100.67448,18.06672,0
,100.67447,18.06674,0
,100.67447,18.06675,0
,100.67446,18.06677,0
,100.67446,18.06682,0
,100.67445,18.06683,0
,100.67445,18.06687,0
,100.67443,18.06701,0
,100.67436,18.06718,0
,100.67432,18.06722,0
,100.67422,18.0673,0
,100.67417,18.06734,0
,100.67406,18.06739,0
,100.6737,18.06751,0
,100.67356,18.0676,0
,100.67354,18.06762,0
,100.67351,18.06771,0
,100.67349,18.06775,0
,100.67348,18.06782,0
,100.67341,18.06867,0
,100.67337,18.0688,0
,100.67335,18.06884,0
,100.67331,18.06889,0
,100.67317,18.06903,0
,100.67312,18.06907,0
,100.67307,18.06909,0
,100.673,18.06915,0
,100.67251,18.06938,0
,100.6724,18.06949,0
,100.67231,18.06967,0
,100.67228,18.06976,0
,100.67213,18.07009,0
,100.67169,18.07127,0
,100.67156,18.07152,0
,100.67153,18.07156,0
,100.67149,18.0716,0
,100.67137,18.07165,0
,100.67136,18.07166,0
,100.67101,18.07177,0
,100.67095,18.07179,0
,100.67089,18.07183,0
,100.67081,18.07185,0
,100.67069,18.07194,0
,100.67064,18.072,0
,100.67057,18.07204,0
,100.67041,18.0722,0
,100.67015,18.07233,0
,100.66989,18.07241,0
,100.66897,18.07261,0
,100.66864,18.07274,0
,100.66862,18.07276,0
,100.66837,18.07293,0
,100.66828,18.07297,0
,100.66818,18.07303,0
,100.66814,18.07304,0
,100.66794,18.07314,0
,100.66787,18.07317,0
,100.66752,18.07321,0
,100.66692,18.07319,0
,100.66635,18.07308,0
,100.66625,18.07307,0
,100.66609,18.07307,0
,100.66593,18.0731,0
,100.66575,18.07317,0
,100.66509,18.07353,0
,100.66506,18.07354,0
,100.66477,18.07372,0
,100.66463,18.07377,0
,100.66453,18.07379,0
,100.66404,18.0737,0
,100.66392,18.07369,0
,100.6635,18.07371,0
,100.66336,18.07375,0
,100.66332,18.07378,0
,100.66326,18.07381,0
,100.66316,18.07391,0
,100.66308,18.07408,0
,100.66304,18.07425,0
,100.66304,18.07428,0
,100.66303,18.07432,0
,100.66302,18.07433,0
,100.66301,18.07436,0
,100.66293,18.07445,0
,100.66291,18.07449,0
,100.6628,18.07459,0
,100.66256,18.07475,0
,100.66239,18.07492,0
,100.66233,18.075,0
,100.66231,18.07504,0
,100.66231,18.07515,0
,100.66233,18.07523,0
,100.66235,18.07537,0
,100.66238,18.07543,0
,100.66259,18.07569,0
,100.66267,18.07581,0
,100.66269,18.07585,0
,100.66271,18.07592,0
,100.66274,18.07601,0
,100.66274,18.07616,0
,100.66272,18.07627,0
,100.66266,18.0764,0
,100.66263,18.0765,0
,100.66257,18.07662,0
,100.66244,18.0768,0
,100.66232,18.07688,0
,100.66207,18.077,0
,100.66193,18.07704,0
,100.66157,18.07719,0
,100.6615,18.07721,0
,100.66098,18.07729,0
,100.66073,18.07735,0
,100.66062,18.0774,0
,100.66058,18.07744,0
,100.66045,18.07761,0
,100.66034,18.07783,0
,100.66027,18.07803,0
,100.66025,18.07807,0
,100.66021,18.0782,0
,100.66012,18.07842,0
,100.66005,18.07873,0
,100.65999,18.07922,0
,100.65994,18.0794,0
,100.65992,18.07942,0
,100.65987,18.07954,0
,100.65983,18.07958,0
,100.65947,18.08008,0
,100.65919,18.08058,0
,100.65917,18.08063,0
,100.65914,18.08065,0
,100.65914,18.08066,0
,100.65911,18.08069,0
,100.65908,18.0807,0
,100.65907,18.08071,0
,100.659,18.08073,0
,100.65892,18.08074,0
,100.65823,18.08075,0
,100.65786,18.08079,0
,100.65785,18.0808,0
,100.65779,18.08081,0
,100.65764,18.08089,0
,100.6572,18.08119,0
,100.65718,18.08122,0
,100.65715,18.08125,0
,100.65711,18.08127,0
,100.65696,18.0813,0
,100.65607,18.0813,0
,100.65567,18.08135,0
,100.65551,18.08135,0
,100.65544,18.08136,0
,100.65532,18.0814,0
,100.65518,18.08147,0
,100.65503,18.08153,0
,100.65467,18.08163,0
,100.65462,18.08165,0
,100.65458,18.08165,0
,100.65452,18.08166,0
,100.65392,18.08159,0
,100.65358,18.08159,0
,100.65337,18.08163,0
,100.65336,18.08164,0
,100.65319,18.0817,0
,100.65306,18.08178,0
,100.65297,18.08188,0
,100.65294,18.08193,0
,100.65292,18.08198,0
,100.6529,18.08206,0
,100.65291,18.08217,0
,100.65297,18.08228,0
,100.65307,18.08238,0
,100.6531,18.08242,0
,100.65312,18.08243,0
,100.65336,18.08265,0
,100.6534,18.0827,0
,100.65344,18.08279,0
,100.65344,18.08282,0
,100.65346,18.08285,0
,100.6535,18.08297,0
,100.6536,18.08315,0
,100.65369,18.08321,0
,100.65376,18.08323,0
,100.65419,18.08324,0
,100.65423,18.08325,0
,100.65435,18.0833,0
,100.65487,18.08354,0
,100.65522,18.08365,0
,100.65532,18.0837,0
,100.6555,18.08385,0
,100.65562,18.08403,0
,100.65573,18.08417,0
,100.65583,18.08433,0
,100.65588,18.08443,0
,100.65593,18.0845,0
,100.656,18.08465,0
,100.65601,18.08466,0
,100.65624,18.08526,0
,100.65627,18.08532,0
,100.65629,18.08543,0
,100.65629,18.08556,0
,100.65627,18.08564,0
,100.65623,18.08572,0
,100.65613,18.08584,0
,100.656,18.08596,0
,100.65586,18.08605,0
,100.65569,18.08613,0
,100.65523,18.08638,0
,100.65505,18.0865,0
,100.65504,18.0865,0
,100.6549,18.08664,0
,100.65488,18.08667,0
,100.65475,18.08733,0
,100.65472,18.08743,0
,100.65472,18.08744,0
,100.65469,18.0875,0
,100.65464,18.08765,0
,100.65349,18.09004,0
,100.65321,18.09032,0
,100.65304,18.09047,0
,100.6527,18.09085,0
,100.65262,18.091,0
,100.65254,18.09111,0
,100.65251,18.09119,0
,100.6525,18.09121,0
,100.6525,18.09123,0
,100.65249,18.09125,0
,100.65249,18.09128,0
,100.65251,18.09134,0
,100.65251,18.09136,0
,100.65253,18.09139,0
,100.65254,18.09143,0
,100.65261,18.09153,0
,100.65264,18.09155,0
,100.65272,18.09163,0
,100.65273,18.09163,0
,100.6528,18.09168,0
,100.65286,18.09173,0
,100.65309,18.09188,0
,100.65327,18.09204,0
,100.65334,18.09213,0
,100.65334,18.09214,0
,100.65336,18.09216,0
,100.65339,18.09224,0
,100.65341,18.09228,0
,100.65341,18.09231,0
,100.65342,18.09232,0
,100.65343,18.09237,0
,100.65343,18.09242,0
,100.65344,18.09245,0
,100.65344,18.0925,0
,100.65343,18.09252,0
,100.65343,18.09255,0
,100.65339,18.09265,0
,100.65339,18.09266,0
,100.65328,18.09294,0
,100.65325,18.09315,0
,100.65325,18.09326,0
,100.65324,18.0933,0
,100.65324,18.09336,0
,100.65325,18.09339,0
,100.65329,18.09367,0
,100.6533,18.0937,0
,100.65338,18.09381,0
,100.65344,18.09385,0
,100.65354,18.09389,0
,100.65369,18.09392,0
,100.65381,18.09392,0
,100.65397,18.09396,0
,100.65399,18.09396,0
,100.65401,18.09398,0
,100.65405,18.09405,0
,100.65406,18.09408,0
,100.65406,18.09411,0
,100.65408,18.09416,0
,100.65408,18.09425,0
,100.65402,18.09465,0
,100.65401,18.09468,0
,100.65401,18.09476,0
,100.654,18.09483,0
,100.65427,18.09642,0
,100.65428,18.09644,0
,100.6543,18.09663,0
,100.65434,18.09678,0
,100.65449,18.09707,0
,100.65455,18.09716,0
,100.65467,18.09728,0
,100.65472,18.09731,0
,100.65474,18.09733,0
,100.65479,18.09735,0
,100.6548,18.09736,0
,100.65482,18.09736,0
,100.65484,18.09737,0
,100.65489,18.09737,0
,100.65493,18.09738,0
,100.65496,18.09737,0
,100.65511,18.09735,0
,100.65525,18.09731,0
,100.65536,18.09726,0
,100.65571,18.09703,0
,100.65573,18.09701,0
,100.65596,18.09692,0
,100.65604,18.09691,0
,100.65629,18.09692,0
,100.65644,18.09695,0
,100.65654,18.09695,0
,100.6566,18.09696,0
,100.65666,18.09696,0
,100.65684,18.09693,0
,100.65701,18.09693,0
,100.65703,18.09694,0
,100.65708,18.09694,0
,100.65717,18.09696,0
,100.65738,18.09711,0
,100.65766,18.09735,0
,100.65773,18.09744,0
,100.65804,18.09771,0
,100.65805,18.09773,0
,100.65808,18.09776,0
,100.65832,18.0979,0
,100.65886,18.09817,0
,100.65892,18.09821,0
,100.65902,18.09826,0
,100.65903,18.09827,0
,100.65942,18.09846,0
,100.65968,18.09861,0
,100.65975,18.09864,0
,100.66007,18.09883,0
,100.66008,18.09883,0
,100.66018,18.09887,0
,100.66054,18.09891,0
,100.66069,18.09891,0
,100.6607,18.09892,0
,100.66078,18.09892,0
,100.6608,18.09893,0
,100.66086,18.09893,0
,100.66115,18.0989,0
,100.6613,18.0989,0
,100.66152,18.09893,0
,100.66167,18.09897,0
,100.66176,18.09902,0
,100.66182,18.09907,0
,100.66191,18.09919,0
,100.66193,18.09924,0
,100.66196,18.0993,0
,100.66196,18.09933,0
,100.66197,18.09936,0
,100.66197,18.09946,0
,100.66196,18.09948,0
,100.66196,18.09952,0
,100.66192,18.09965,0
,100.66184,18.09982,0
,100.66183,18.09983,0
,100.66168,18.10006,0
,100.66167,18.10006,0
,100.66157,18.10021,0
,100.66154,18.10027,0
,100.66153,18.10029,0
,100.6615,18.10038,0
,100.66148,18.10052,0
,100.66148,18.10075,0
,100.66151,18.10098,0
,100.66153,18.10106,0
,100.66153,18.10109,0
,100.66157,18.10134,0
,100.66158,18.10137,0
,100.66159,18.10144,0
,100.66159,18.1016,0
,100.66156,18.10185,0
,100.66156,18.1021,0
,100.66159,18.10223,0
,100.66161,18.10226,0
,100.66164,18.10234,0
,100.6617,18.10245,0
,100.66186,18.10261,0
,100.66192,18.10264,0
,100.66202,18.10271,0
,100.66203,18.10271,0
,100.6622,18.10279,0
,100.66222,18.10279,0
,100.66248,18.10288,0
,100.6629,18.10308,0
,100.66298,18.10311,0
,100.66325,18.10317,0
,100.66334,18.10321,0
,100.66354,18.10333,0
,100.66364,18.10343,0
,100.66364,18.10344,0
,100.66368,18.10348,0
,100.6638,18.10376,0
,100.66382,18.10379,0
,100.66387,18.10393,0
,100.6639,18.10408,0
,100.66417,18.10497,0
,100.66439,18.10566,0
,100.66452,18.10615,0
,100.66453,18.10617,0
,100.66454,18.10641,0
,100.66457,18.10655,0
,100.6646,18.10663,0
,100.66489,18.10772,0
,100.66495,18.10792,0
,100.665,18.10804,0
,100.66501,18.10808,0
,100.66589,18.10999,0
,100.66593,18.11014,0
,100.66593,18.1102,0
,100.66592,18.11022,0
,100.66591,18.11029,0
,100.66589,18.11031,0
,100.66588,18.11034,0
,100.66585,18.11038,0
,100.66573,18.11049,0
,100.66561,18.11057,0
,100.66541,18.11068,0
,100.66517,18.11079,0
,100.66363,18.1113,0
,100.66325,18.1115,0
,100.66163,18.11265,0
,100.66139,18.11277,0
,100.66115,18.11281,0
,100.66099,18.11281,0
,100.66082,18.11279,0
,100.66075,18.11279,0
,100.66072,18.1128,0
,100.66062,18.11281,0
,100.66057,18.11283,0
,100.66053,18.11286,0
,100.66017,18.11325,0
,100.66006,18.1134,0
,100.65998,18.11352,0
,100.65995,18.11355,0
,100.65994,18.11357,0
,100.65987,18.11364,0
,100.65977,18.11371,0
,100.65886,18.1142,0
,100.65871,18.11433,0
,100.6586,18.11445,0
,100.65853,18.11456,0
,100.65851,18.11461,0
,100.6585,18.11472,0
,100.65848,18.11477,0
,100.65849,18.11518,0
,100.65848,18.11521,0
,100.65848,18.11529,0
,100.6583,18.11587,0
,100.65818,18.11615,0
,100.65788,18.11673,0
,100.65786,18.11675,0
,100.65786,18.11678,0
,100.65785,18.11681,0
,100.65786,18.11686,0
,100.65787,18.11693,0
,100.65798,18.11727,0
,100.65804,18.11755,0
,100.65804,18.11762,0
,100.65806,18.11771,0
,100.65807,18.11773,0
,100.65812,18.11813,0
,100.65814,18.11828,0
,100.65819,18.11844,0
,100.65826,18.11869,0
,100.65838,18.11888,0
,100.65842,18.11893,0
,100.65848,18.1191,0
,100.6585,18.11925,0
,100.6585,18.11935,0
,100.65849,18.11944,0
,100.65849,18.11966,0
,100.65858,18.11995,0
,100.6586,18.11998,0
,100.65864,18.12008,0
,100.65946,18.12148,0
,100.65956,18.12162,0
,100.66003,18.12219,0
,100.6601,18.1223,0
,100.66014,18.1224,0
,100.66019,18.12258,0
,100.66021,18.12273,0
,100.66031,18.12314,0
,100.66032,18.12315,0
,100.66039,18.12339,0
,100.66045,18.12355,0
,100.6611,18.12481,0
,100.6611,18.12483,0
,100.66125,18.12525,0
,100.66127,18.12534,0
,100.66133,18.12551,0
,100.6614,18.12566,0
,100.66146,18.12574,0
,100.66166,18.12595,0
,100.66169,18.126,0
,100.66171,18.12602,0
,100.66174,18.12609,0
,100.66174,18.12611,0
,100.66175,18.12612,0
,100.66175,18.12623,0
,100.66172,18.12633,0
,100.66166,18.12647,0
,100.66159,18.1266,0
,100.66147,18.12676,0
,100.66124,18.12701,0
,100.66113,18.12716,0
,100.66111,18.1272,0
,100.66108,18.12724,0
,100.66106,18.12731,0
,100.66104,18.12744,0
,100.66104,18.12764,0
,100.66109,18.1279,0
,100.66117,18.12815,0
,100.66137,18.12851,0
,100.66185,18.12919,0
,100.66192,18.12935,0
,100.66203,18.12969,0
,100.66207,18.12986,0
,100.66212,18.13021,0
,100.66214,18.13056,0
,100.6621,18.13081,0
,100.66208,18.13102,0
,100.66205,18.13117,0
,100.6617,18.13228,0
,100.6616,18.13251,0
,100.66152,18.13263,0
,100.66134,18.13284,0
,100.66116,18.13308,0
,100.66083,18.13366,0
,100.66056,18.13409,0
,100.66053,18.13421,0
,100.66054,18.13428,0
,100.66055,18.1343,0
,100.66056,18.13436,0
,100.66061,18.13447,0
,100.66078,18.13498,0
,100.66078,18.13499,0
,100.66088,18.13519,0
,100.66094,18.13525,0
,100.66107,18.13533,0
,100.66121,18.13536,0
,100.66172,18.13537,0
,100.66174,18.13538,0
,100.66187,18.13538,0
,100.66191,18.13539,0
,100.662,18.13543,0
,100.66205,18.13548,0
,100.66206,18.1355,0
,100.66211,18.13555,0
,100.66216,18.13567,0
,100.66235,18.13649,0
,100.66236,18.13672,0
,100.66242,18.13688,0
,100.66251,18.13704,0
,100.66256,18.1371,0
,100.66261,18.13719,0
,100.66262,18.13719,0
,100.66266,18.13728,0
,100.66266,18.13742,0
,100.66263,18.13753,0
,100.66221,18.13807,0
,100.66217,18.1381,0
,100.66214,18.13814,0
,100.66208,18.13819,0
,100.66192,18.13828,0
,100.66166,18.1384,0
,100.66165,18.13841,0
,100.66157,18.13846,0
,100.6615,18.13852,0
,100.66148,18.13855,0
,100.66143,18.13877,0
,100.66146,18.13902,0
,100.66147,18.13904,0
,100.66153,18.13927,0
,100.66154,18.13935,0
,100.66154,18.13948,0
,100.66141,18.14005,0
,100.66121,18.14064,0
,100.6607,18.1425,0
,100.66064,18.14262,0
,100.6605,18.14281,0
,100.66045,18.14295,0
,100.66044,18.14308,0
,100.66046,18.14318,0
,100.66051,18.14329,0
,100.66055,18.14333,0
,100.66079,18.1435,0
,100.66092,18.14362,0
,100.66096,18.14369,0
,100.66101,18.14387,0
,100.66102,18.14424,0
,100.66101,18.14448,0
,100.66097,18.14465,0
,100.66091,18.14475,0
,100.66086,18.14492,0
,100.66085,18.14492,0
,100.66083,18.1451,0
,100.66082,18.14513,0
,100.66083,18.14526,0
,100.66088,18.1455,0
,100.66091,18.14556,0
,100.66095,18.14561,0
,100.66155,18.14616,0
,100.66164,18.14628,0
,100.66171,18.14641,0
,100.6618,18.14663,0
,100.66185,18.14679,0
,100.66196,18.14707,0
,100.66196,18.14709,0
,100.66198,18.14717,0
,100.66198,18.1473,0
,100.66192,18.14747,0
,100.66192,18.14749,0
,100.66179,18.14772,0
,100.66171,18.14783,0
,100.66164,18.14789,0
,100.66045,18.14878,0
,100.66043,18.1488,0
,100.66013,18.14898,0
,100.65998,18.14905,0
,100.65985,18.14904,0
,100.65956,18.14905,0
,100.65946,18.14909,0
,100.65938,18.14915,0
,100.65886,18.14981,0
,100.65871,18.14997,0
,100.65862,18.15005,0
,100.65856,18.15008,0
,100.65851,18.15012,0
,100.65842,18.15017,0
,100.6583,18.1502,0
,100.65771,18.15028,0
,100.65752,18.15025,0
,100.65743,18.1502,0
,100.65726,18.15013,0
,100.65712,18.15008,0
,100.65703,18.15006,0
,100.65696,18.15006,0
,100.65694,18.15007,0
,100.65688,18.15007,0
,100.65676,18.15012,0
,100.65661,18.15023,0
,100.65647,18.15035,0
,100.65644,18.15036,0
,100.65624,18.15052,0
,100.65618,18.15059,0
,100.65572,18.15093,0
,100.65567,18.15097,0
,100.65559,18.151,0
,100.65557,18.151,0
,100.65543,18.15105,0
,100.6553,18.15108,0
,100.65522,18.15111,0
,100.65521,18.15112,0
,100.65498,18.15117,0
,100.65471,18.15125,0
,100.65455,18.15134,0
,100.6545,18.15135,0
,100.65429,18.15146,0
,100.65416,18.1515,0
,100.65414,18.1515,0
,100.65397,18.15154,0
,100.6539,18.15154,0
,100.65384,18.15155,0
,100.65371,18.15155,0
,100.65308,18.15163,0
,100.65292,18.15167,0
,100.65272,18.15177,0
,100.65268,18.15181,0
,100.65259,18.15193,0
,100.65256,18.15199,0
,100.65251,18.15213,0
,100.65251,18.15224,0
,100.6526,18.15263,0
,100.65284,18.15329,0
,100.65284,18.1533,0
,100.65299,18.15363,0
,100.65342,18.15457,0
,100.65346,18.15461,0
,100.65354,18.15473,0
,100.65357,18.15476,0
,100.65364,18.15486,0
,100.65368,18.1549,0
,100.65375,18.15499,0
,100.65387,18.1551,0
,100.65413,18.15528,0
,100.65422,18.15532,0
,100.65435,18.15534,0
,100.65464,18.15531,0
,100.65482,18.15533,0
,100.65506,18.1554,0
,100.65624,18.156,0
,100.65634,18.15609,0
,100.65641,18.15617,0
,100.65647,18.15626,0
,100.65652,18.15636,0
,100.65655,18.15644,0
,100.65656,18.15652,0
,100.65655,18.15659,0
,100.65647,18.15692,0
,100.6564,18.15712,0
,100.65629,18.15726,0
,100.6557,18.15786,0
,100.65567,18.15793,0
,100.65563,18.15799,0
,100.65561,18.15807,0
,100.6556,18.15808,0
,100.65559,18.15814,0
,100.65559,18.15819,0
,100.6556,18.15825,0
,100.65562,18.15831,0
,100.65571,18.15847,0
,100.65577,18.15854,0
,100.65599,18.15874,0
,100.6561,18.15883,0
,100.65621,18.1589,0
,100.65686,18.15914,0
,100.6573,18.15925,0
,100.65732,18.15925,0
,100.65778,18.15945,0
,100.65796,18.15958,0
,100.65798,18.15959,0
,100.65809,18.15973,0
,100.65812,18.1598,0
,100.65818,18.16004,0
,100.65819,18.16027,0
,100.65816,18.16068,0
,100.65818,18.16096,0
,100.65822,18.16114,0
,100.65827,18.16128,0
,100.65835,18.16141,0
,100.6584,18.16145,0
,100.65856,18.16154,0
,100.65869,18.16157,0
,100.66029,18.16155,0
,100.66069,18.16161,0
,100.6608,18.16164,0
,100.66098,18.16175,0
,100.66117,18.1619,0
,100.66152,18.16224,0
,100.66152,18.16225,0
,100.6617,18.16251,0
,100.66171,18.16256,0
,100.66176,18.1627,0
,100.66174,18.1629,0
,100.66146,18.16336,0
,100.66127,18.16376,0
,100.66087,18.16523,0
,100.66084,18.1653,0
,100.66079,18.16562,0
,100.66083,18.16586,0
,100.66087,18.16597,0
,100.6609,18.16601,0
,100.661,18.1661,0
,100.66102,18.16613,0
,100.66129,18.16633,0
,100.66131,18.16635,0
,100.66208,18.16682,0
,100.66216,18.16686,0
,100.66269,18.16732,0
,100.66287,18.16753,0
,100.66324,18.16826,0
,100.66329,18.1687,0
,100.66328,18.16897,0
,100.66325,18.16922,0
,100.66295,18.17009,0
,100.66275,18.17081,0
,100.66274,18.17083,0
,100.66255,18.17164,0
,100.6625,18.17176,0
,100.66236,18.17203,0
,100.66235,18.17203,0
,100.6623,18.17212,0
,100.66228,18.17219,0
,100.66228,18.17221,0
,100.66225,18.17229,0
,100.66221,18.17236,0
,100.66219,18.17242,0
,100.66213,18.1725,0
,100.66199,18.17261,0
,100.66177,18.17275,0
,100.66154,18.17293,0
,100.66149,18.17298,0
,100.66144,18.17305,0
,100.66139,18.17317,0
,100.66139,18.17328,0
,100.6614,18.17332,0
,100.6614,18.17335,0
,100.6615,18.17363,0
,100.66153,18.1737,0
,100.66154,18.17377,0
,100.66154,18.17385,0
,100.66148,18.17399,0
,100.66139,18.17411,0
,100.66125,18.17424,0
,100.66123,18.17425,0
,100.66115,18.17433,0
,100.66108,18.17438,0
,100.66095,18.17445,0
,100.6608,18.17457,0
,100.6607,18.17462,0
,100.66061,18.17471,0
,100.66056,18.17478,0
,100.66056,18.17482,0
,100.66053,18.17505,0
,100.66055,18.17518,0
,100.66056,18.17518,0
,100.66062,18.17551,0
,100.66062,18.17553,0
,100.66068,18.17577,0
,100.66071,18.17582,0
,100.66076,18.17587,0
,100.66081,18.1759,0
,100.66096,18.17594,0
,100.66107,18.17594,0
,100.6611,18.17595,0
,100.66149,18.1759,0
,100.66154,18.1759,0
,100.6618,18.17585,0
,100.66186,18.17585,0
,100.66189,18.17584,0
,100.6621,18.17584,0
,100.66221,18.17587,0
,100.66223,18.17589,0
,100.66226,18.1759,0
,100.66229,18.17594,0
,100.66232,18.176,0
,100.66234,18.17607,0
,100.66242,18.17657,0
,100.66239,18.17679,0
,100.66233,18.17693,0
,100.66226,18.17706,0
,100.6622,18.17715,0
,100.66214,18.17722,0
,100.66214,18.17723,0
,100.66194,18.17742,0
,100.66126,18.17789,0
,100.66072,18.17777,0
,100.66049,18.17777,0
,100.66042,18.17778,0
,100.66033,18.17778,0
,100.66001,18.17782,0
,100.65977,18.17783,0
,100.65958,18.17787,0
,100.65945,18.17789,0
,100.6594,18.17789,0
,100.65937,18.1779,0
,100.65928,18.1779,0
,100.65906,18.17786,0
,100.65901,18.17784,0
,100.65862,18.17777,0
,100.65786,18.17768,0
,100.65768,18.17769,0
,100.6568,18.17782,0
,100.65645,18.1779,0
,100.65624,18.17771,0
,100.65603,18.17755,0
,100.65572,18.17741,0
,100.65544,18.17733,0
,100.65459,18.17717,0
,100.65412,18.17747,0
,100.65411,18.17747,0
,100.65399,18.17756,0
,100.65389,18.1776,0
,100.65403,18.17766,0
,100.65425,18.17796,0
,100.65429,18.17812,0

,100.65429,18.17812,0
,100.65425,18.17796,0
,100.65403,18.17766,0
,100.65389,18.1776,0
,100.65399,18.17756,0
,100.65411,18.17747,0
,100.65412,18.17747,0
,100.65459,18.17717,0
,100.65544,18.17733,0
,100.65572,18.17741,0
,100.65603,18.17755,0
,100.65624,18.17771,0
,100.65645,18.1779,0
,100.65666,18.1784,0
,100.65709,18.17938,0
,100.6583,18.1827,0
,100.65849,18.18315,0
,100.66019,18.18757,0
,100.66023,18.18771,0
,100.66029,18.1887,0
,100.6603,18.18874,0
,100.66025,18.18892,0
,100.66022,18.18954,0
,100.66022,18.19062,0
,100.66016,18.19106,0
,100.66007,18.19132,0
,100.65989,18.19173,0
,100.65982,18.19189,0
,100.65981,18.19193,0
,100.65911,18.19371,0
,100.65895,18.19407,0
,100.65893,18.19453,0
,100.65891,18.19472,0
,100.65895,18.1951,0
,100.65904,18.1953,0
,100.65915,18.19552,0
,100.65923,18.19567,0
,100.65924,18.19567,0
,100.65932,18.19578,0
,100.65955,18.19601,0
,100.65965,18.19609,0
,100.65978,18.19615,0
,100.6598,18.19615,0
,100.66012,18.19631,0
,100.66018,18.19633,0
,100.66046,18.19648,0
,100.66061,18.19658,0
,100.66071,18.19664,0
,100.66078,18.19672,0
,100.66088,18.1968,0
,100.66095,18.19687,0
,100.66104,18.19698,0
,100.66155,18.1983,0
,100.66167,18.19852,0
,100.66181,18.19891,0
,100.66259,18.19968,0
,100.66263,18.19978,0
,100.66316,18.2008,0
,100.66318,18.20085,0
,100.66321,18.2009,0
,100.66329,18.20098,0
,100.66343,18.20108,0
,100.66356,18.20115,0
,100.6651,18.2017,0
,100.66521,18.20176,0
,100.66532,18.20184,0
,100.66559,18.20215,0
,100.6659,18.20268,0
,100.66626,18.20377,0
,100.6663,18.20385,0
,100.66634,18.20399,0
,100.66637,18.20431,0
,100.66639,18.20441,0
,100.66639,18.20528,0
,100.66635,18.20623,0
,100.66625,18.20729,0
,100.6664,18.2088,0
,100.66682,18.21133,0
,100.66717,18.2139,0
,100.66724,18.2142,0
,100.66725,18.21433,0
,100.66737,18.2151,0
,100.66743,18.2153,0
,100.66801,18.21644,0
,100.66837,18.21704,0
,100.66841,18.21714,0
,100.66845,18.21721,0
,100.66847,18.21729,0
,100.66849,18.21745,0
,100.66848,18.21764,0
,100.66842,18.218,0
,100.66842,18.21818,0
,100.66843,18.21825,0
,100.66843,18.21842,0
,100.66849,18.21884,0
,100.66852,18.21922,0
,100.6685,18.21931,0
,100.6684,18.21949,0
,100.66818,18.21979,0
,100.66781,18.22019,0
,100.6676,18.22038,0
,100.66753,18.22043,0
,100.66745,18.22051,0
,100.6674,18.22058,0
,100.66733,18.22064,0
,100.66733,18.22065,0
,100.66716,18.22078,0
,100.66688,18.22121,0
,100.66665,18.22145,0
,100.66654,18.22162,0
,100.66645,18.22179,0
,100.66635,18.22213,0
,100.66634,18.22214,0
,100.66629,18.22251,0
,100.66625,18.22328,0
,100.66623,18.22341,0
,100.66616,18.22365,0
,100.66614,18.22375,0
,100.66611,18.22384,0
,100.6661,18.22385,0
,100.66603,18.22418,0
,100.6659,18.22497,0
,100.66581,18.22527,0
,100.66565,18.22569,0
,100.66534,18.2263,0
,100.66512,18.22678,0
,100.66504,18.22699,0
,100.66494,18.22721,0
,100.6646,18.22789,0
,100.66459,18.2279,0
,100.66446,18.22822,0
,100.66445,18.22823,0
,100.66431,18.22858,0
,100.6643,18.22859,0
,100.66426,18.22876,0
,100.66425,18.22893,0
,100.66428,18.22917,0
,100.66452,18.23007,0
,100.66458,18.23021,0
,100.66467,18.23033,0
,100.665,18.23054,0
,100.66506,18.23057,0
,100.66609,18.23084,0
,100.6673,18.231,0
,100.66753,18.23106,0
,100.66765,18.23111,0
,100.66779,18.2312,0
,100.66807,18.23152,0
,100.6682,18.23161,0
,100.66825,18.23162,0
,100.66834,18.23165,0
,100.66933,18.23169,0
,100.66983,18.23174,0
,100.67022,18.23185,0
,100.67295,18.23275,0
,100.6738,18.23339,0
,100.67431,18.23382,0
,100.67432,18.23384,0
,100.6749,18.23427,0
,100.67537,18.23465,0
,100.67551,18.23481,0
,100.67559,18.23502,0
,100.6756,18.23514,0
,100.67559,18.23526,0
,100.67564,18.2356,0
,100.6757,18.23588,0
,100.67581,18.2362,0
,100.67595,18.23653,0
,100.67671,18.23709,0
,100.67711,18.23753,0
,100.67739,18.23774,0
,100.67765,18.2379,0
,100.67791,18.23801,0
,100.6785,18.23813,0
,100.67974,18.23829,0
,100.6802,18.23824,0
,100.68037,18.2382,0
,100.68104,18.23788,0
,100.68129,18.23778,0
,100.68148,18.23773,0
,100.68181,18.23773,0
,100.68248,18.23792,0
,100.6826,18.23798,0
,100.68371,18.23866,0
,100.68395,18.23874,0
,100.68479,18.23889,0
,100.68582,18.23917,0
,100.6862,18.23929,0
,100.68771,18.24005,0
,100.68931,18.24108,0
,100.68984,18.24135,0
,100.69002,18.24141,0
,100.6902,18.24143,0
,100.69055,18.24144,0
,100.69061,18.24145,0
,100.69099,18.24144,0
,100.69124,18.24146,0
,100.69133,18.24148,0
,100.69147,18.24153,0
,100.69161,18.24161,0
,100.69195,18.24193,0
,100.6936,18.24392,0
,100.69512,18.24524,0
,100.69562,18.24563,0
,100.69612,18.24606,0
,100.6965,18.24657,0
,100.69677,18.24708,0
,100.6968,18.24712,0
,100.69718,18.24779,0
,100.69778,18.24906,0
,100.69964,18.25238,0
,100.70127,18.25602,0
,100.70158,18.25683,0
,100.70288,18.25926,0
,100.70352,18.26022,0
,100.70452,18.26139,0
,100.70472,18.26167,0
,100.70497,18.2621,0
,100.70519,18.26268,0
,100.7053,18.26284,0
,100.70538,18.26293,0
,100.70642,18.26457,0
,100.70653,18.26471,0
,100.70668,18.26485,0
,100.70696,18.26502,0
,100.70725,18.26514,0
,100.70774,18.26528,0
,100.70863,18.26569,0
,100.70869,18.26573,0
,100.70944,18.26612,0
,100.70967,18.26626,0
,100.70982,18.26637,0
,100.70995,18.2665,0
,100.71022,18.26693,0
,100.7104,18.26742,0
,100.71048,18.26776,0
,100.71055,18.26837,0
,100.71057,18.26844,0
,100.7106,18.26885,0
,100.7106,18.26922,0
,100.71055,18.26953,0
,100.71048,18.26985,0
,100.71027,18.2704,0
,100.71023,18.27056,0
,100.71023,18.27077,0
,100.71028,18.27124,0
,100.71029,18.27126,0
,100.71034,18.27143,0
,100.7106,18.2719,0
,100.71068,18.27205,0
,100.71076,18.27216,0
,100.71141,18.27326,0
,100.71142,18.27326,0
,100.71171,18.27388,0
,100.71187,18.27411,0
,100.71215,18.27445,0
,100.71236,18.27465,0
,100.7126,18.27481,0
,100.71357,18.27526,0
,100.71394,18.27549,0
,100.71416,18.27565,0
,100.71436,18.27586,0
,100.71443,18.27598,0
,100.71454,18.27624,0
,100.71471,18.27658,0
,100.71496,18.27689,0
,100.71516,18.27721,0
,100.71529,18.27747,0
,100.71547,18.27798,0
,100.7157,18.27886,0
,100.71574,18.27898,0
,100.71595,18.28015,0
,100.71601,18.28078,0
,100.71604,18.28145,0
,100.71603,18.28156,0
,100.71603,18.28171,0
,100.71594,18.28216,0
,100.71554,18.28329,0
,100.71553,18.28334,0
,100.71552,18.28335,0
,100.71548,18.28346,0
,100.71547,18.28351,0
,100.71546,18.28352,0
,100.71519,18.28432,0
,100.71518,18.28433,0
,100.71512,18.28459,0
,100.71509,18.28489,0
,100.715,18.28719,0
,100.71478,18.2893,0
,100.71463,18.28973,0
,100.71453,18.2899,0
,100.71436,18.29011,0
,100.71421,18.29026,0
,100.71402,18.29042,0
,100.71389,18.29057,0
,100.71376,18.29078,0
,100.71361,18.29108,0
,100.7134,18.29155,0
,100.71302,18.29224,0
,100.71275,18.29266,0
,100.71086,18.29503,0
,100.70912,18.29713,0
,100.70797,18.29836,0
,100.7079,18.2985,0
,100.70766,18.29883,0
,100.70727,18.29923,0
,100.70704,18.29939,0
,100.70646,18.2997,0
,100.70644,18.29972,0
,100.70444,18.30071,0
,100.70438,18.30076,0
,100.7043,18.30091,0
,100.70413,18.30141,0
,100.70413,18.30143,0
,100.70397,18.30192,0
,100.70395,18.30201,0
,100.70395,18.30207,0
,100.70396,18.30215,0
,100.70397,18.30219,0
,100.70403,18.30227,0
,100.70404,18.3023,0
,100.70413,18.30241,0
,100.70414,18.30241,0
,100.70419,18.30248,0
,100.70439,18.30269,0
,100.70447,18.30279,0
,100.70449,18.30284,0
,100.70452,18.30289,0
,100.70456,18.30301,0
,100.70456,18.30319,0
,100.7045,18.3035,0
,100.70446,18.30365,0
,100.70435,18.30434,0
,100.70397,18.30627,0
,100.70376,18.30757,0
,100.70377,18.30793,0
,100.70405,18.3085,0
,100.70708,18.31325,0
,100.70746,18.31378,0
,100.70794,18.31457,0
,100.7096,18.31712,0
,100.70974,18.31731,0
,100.70985,18.31744,0
,100.71031,18.3182,0
,100.71042,18.31834,0
,100.71044,18.31838,0
,100.71198,18.32078,0
,100.71227,18.32117,0
,100.7123,18.32122,0
,100.71232,18.32124,0
,100.71347,18.32307,0
,100.7136,18.32331,0
,100.71406,18.32401,0
,100.71406,18.32402,0
,100.7141,18.32407,0
,100.71434,18.3244,0
,100.71483,18.32526,0
,100.71513,18.32593,0
,100.7152,18.32613,0
,100.71614,18.32833,0
,100.71634,18.32875,0
,100.71639,18.32882,0
,100.71697,18.33005,0
,100.71737,18.33074,0
,100.71744,18.33089,0
,100.71758,18.33127,0
,100.71762,18.33144,0
,100.71764,18.33157,0
,100.71765,18.33171,0
,100.71763,18.33189,0
,100.71733,18.3327,0
,100.71714,18.3333,0
,100.71704,18.33343,0
,100.7168,18.33404,0
,100.71667,18.3345,0
,100.71658,18.33492,0
,100.71648,18.3356,0
,100.71646,18.33622,0
,100.71639,18.33675,0
,100.71623,18.33715,0
,100.71603,18.33742,0
,100.7159,18.33753,0
,100.71576,18.33769,0
,100.71555,18.33789,0
,100.71417,18.33935,0
,100.71407,18.33948,0
,100.71402,18.33963,0
,100.71338,18.34048,0
,100.71309,18.34116,0
,100.71304,18.34135,0
,100.713,18.34159,0
,100.71301,18.34193,0
,100.71317,18.34291,0
,100.71321,18.34341,0
,100.71315,18.34379,0
,100.71314,18.34391,0
,100.71293,18.34523,0
,100.71292,18.34541,0
,100.71293,18.34596,0
,100.71299,18.34624,0
,100.71324,18.3469,0
,100.71478,18.34979,0
,100.71513,18.35034,0
,100.71556,18.3509,0
,100.71575,18.35118,0
,100.71649,18.35213,0
,100.7165,18.35213,0
,100.71721,18.35303,0
,100.71734,18.35329,0
,100.71743,18.35355,0
,100.71755,18.35412,0
,100.71755,18.35427,0
,100.71754,18.35439,0
,100.71754,18.35461,0
,100.71761,18.35511,0
,100.71787,18.35573,0
,100.71751,18.3561,0
,100.71686,18.35651,0
,100.71525,18.35723,0
,100.71443,18.35752,0
,100.71341,18.35784,0
,100.71318,18.35796,0
,100.71277,18.35829,0
,100.71277,18.3583,0
,100.71203,18.35886,0
,100.71201,18.35888,0
,100.71108,18.35954,0
,100.71099,18.35963,0
,100.71082,18.35983,0
,100.71057,18.36017,0
,100.7104,18.36049,0
,100.7103,18.36081,0
,100.70977,18.3622,0
,100.70968,18.36238,0
,100.70868,18.36405,0
,100.70811,18.3648,0
,100.7075,18.36539,0
,100.70724,18.36574,0
,100.70707,18.36601,0
,100.70683,18.36657,0
,100.70668,18.36688,0
,100.70642,18.36727,0
,100.70567,18.36809,0
,100.70559,18.36816,0
,100.70545,18.36826,0
,100.70533,18.36839,0
,100.70532,18.36839,0
,100.70524,18.36849,0
,100.70519,18.36857,0
,100.70516,18.36866,0
,100.70515,18.36881,0
,100.70517,18.369,0
,100.7052,18.36916,0
,100.70526,18.36933,0
,100.70529,18.36959,0
,100.70536,18.36979,0
,100.70543,18.37013,0
,100.70544,18.37027,0
,100.70548,18.37042,0
,100.70552,18.37049,0
,100.70558,18.37057,0
,100.70583,18.37106,0
,100.70586,18.3711,0
,100.70592,18.37125,0
,100.70593,18.37132,0
,100.70596,18.37144,0
,100.70596,18.3715,0
,100.70597,18.37154,0
,100.70596,18.37157,0
,100.70596,18.37165,0
,100.70597,18.3717,0
,100.706,18.37176,0
,100.70606,18.37185,0
,100.70621,18.37204,0
,100.70628,18.3722,0
,100.70628,18.37221,0
,100.7063,18.37226,0
,100.7063,18.37247,0
,100.70629,18.37253,0
,100.7063,18.37262,0
,100.70633,18.37269,0
,100.70644,18.37286,0
,100.70647,18.37288,0
,100.70649,18.3729,0
,100.70666,18.373,0
,100.70675,18.37306,0
,100.70676,18.37308,0
,100.70677,18.37309,0
,100.70679,18.37315,0
,100.70682,18.37321,0
,100.70684,18.37332,0
,100.70684,18.37362,0
,100.70686,18.37366,0
,100.70692,18.37384,0
,100.70712,18.37419,0
,100.70721,18.37439,0
,100.70725,18.37455,0
,100.70727,18.37468,0
,100.70729,18.37473,0
,100.70733,18.37497,0
,100.70733,18.37531,0
,100.70731,18.37538,0
,100.70728,18.37546,0
,100.70725,18.37562,0
,100.70725,18.37572,0
,100.7073,18.376,0
,100.70737,18.37625,0
,100.70747,18.37674,0
,100.70748,18.37675,0
,100.70756,18.37709,0
,100.70766,18.37743,0
,100.7077,18.37761,0
,100.7077,18.37777,0
,100.70755,18.37831,0
,100.70732,18.37899,0
,100.70726,18.37925,0
,100.70712,18.37973,0
,100.70701,18.38031,0
,100.70701,18.38034,0
,100.70689,18.38096,0
,100.7069,18.38105,0
,100.70691,18.38147,0
,100.70703,18.3818,0
,100.70712,18.38198,0
,100.7074,18.38244,0
,100.7076,18.38284,0
,100.70764,18.38296,0
,100.70771,18.38307,0
,100.70776,18.38312,0
,100.7078,18.38318,0
,100.70786,18.38324,0
,100.70791,18.38328,0
,100.70796,18.3833,0
,100.70809,18.38333,0
,100.7084,18.38333,0
,100.70851,18.38336,0
,100.70857,18.38338,0
,100.70869,18.38344,0
,100.70875,18.38349,0
,100.70881,18.38352,0
,100.70901,18.38367,0
,100.70911,18.38378,0
,100.70926,18.38387,0
,100.70956,18.38397,0
,100.71015,18.38404,0
,100.71023,18.38404,0
,100.71076,18.38396,0
,100.71091,18.38397,0
,100.71103,18.38401,0
,100.71119,18.38412,0
,100.71121,18.38416,0
,100.7113,18.38426,0
,100.71134,18.38437,0
,100.71136,18.38451,0
,100.71136,18.38471,0
,100.71134,18.38478,0
,100.71129,18.38487,0
,100.71118,18.3851,0
,100.71103,18.38535,0
,100.71095,18.38546,0
,100.71094,18.3855,0
,100.71093,18.38551,0
,100.71089,18.38562,0
,100.71087,18.38571,0
,100.71081,18.38589,0
,100.7108,18.38595,0
,100.71076,18.38602,0
,100.71073,18.3861,0
,100.71071,18.38619,0
,100.7107,18.3862,0
,100.71068,18.3863,0
,100.71067,18.38672,0
,100.71066,18.38679,0
,100.71061,18.38691,0
,100.71055,18.38705,0
,100.71054,18.38706,0
,100.71051,18.38712,0
,100.71024,18.38737,0
,100.71005,18.38747,0
,100.70979,18.38756,0
,100.70942,18.38765,0
,100.70828,18.38801,0
,100.70808,18.38815,0
,100.70805,18.38818,0
,100.70803,18.38819,0
,100.70794,18.3883,0
,100.70792,18.38834,0
,100.70792,18.38835,0
,100.70783,18.38857,0
,100.70781,18.38864,0
,100.70781,18.38869,0
,100.70779,18.38887,0
,100.7076,18.38932,0
,100.70759,18.38937,0
,100.70757,18.38943,0
,100.70754,18.38947,0
,100.70749,18.3899,0
,100.70732,18.39027,0
,100.70683,18.39095,0
,100.70663,18.39142,0
,100.70638,18.3919,0
,100.70628,18.39225,0
,100.70627,18.39251,0
,100.70633,18.39278,0
,100.70636,18.39287,0
,100.70637,18.39293,0
,100.70641,18.39301,0
,100.70641,18.39303,0
,100.70651,18.39323,0
,100.70655,18.39334,0
,100.70662,18.39359,0
,100.70683,18.39404,0
,100.70689,18.39448,0
,100.70684,18.39477,0
,100.70676,18.39503,0
,100.70665,18.39523,0
,100.7064,18.39551,0
,100.70611,18.39594,0
,100.70575,18.39638,0
,100.70512,18.39728,0
,100.70482,18.39774,0
,100.70425,18.39879,0
,100.70405,18.39928,0
,100.7034,18.40053,0
,100.70308,18.40103,0
,100.70292,18.40125,0
,100.7028,18.40144,0
,100.70276,18.40157,0
,100.70276,18.40175,0
,100.70279,18.40194,0
,100.70278,18.40211,0
,100.70268,18.4024,0
,100.70228,18.40326,0
,100.70188,18.40409,0
,100.70178,18.40433,0
,100.70174,18.40454,0
,100.70174,18.40461,0
,100.70183,18.40501,0
,100.702,18.40547,0
,100.70214,18.40579,0
,100.70215,18.4058,0
,100.7022,18.40608,0
,100.70218,18.40624,0
,100.70179,18.40781,0
,100.70171,18.40796,0
,100.70154,18.40814,0
,100.70147,18.40818,0
,100.70136,18.40821,0
,100.70131,18.40823,0
,100.70126,18.40823,0
,100.70112,18.40826,0
,100.70094,18.40825,0
,100.70092,18.40824,0
,100.70075,18.40822,0
,100.70069,18.40821,0
,100.7004,18.40822,0
,100.70033,18.40823,0
,100.70024,18.40826,0
,100.70018,18.4083,0
,100.7001,18.40839,0
,100.70009,18.40842,0
,100.70006,18.40845,0
,100.70004,18.40848,0
,100.69999,18.4086,0
,100.69985,18.40905,0
,100.69979,18.40939,0
,100.69979,18.40965,0
,100.69982,18.40979,0
,100.69984,18.40985,0
,100.69994,18.41001,0
,100.7,18.41008,0
,100.70006,18.41013,0
,100.70036,18.41031,0
,100.70155,18.41049,0
,100.7019,18.41059,0
,100.70201,18.41065,0
,100.70209,18.41073,0
,100.70215,18.41086,0
,100.70222,18.41127,0
,100.70223,18.41167,0
,100.70217,18.4124,0
,100.70211,18.41256,0
,100.70204,18.41268,0
,100.70203,18.41271,0
,100.70169,18.41326,0
,100.70159,18.41353,0
,100.70159,18.41366,0
,100.70158,18.41375,0
,100.70159,18.41389,0
,100.70162,18.41399,0
,100.70167,18.41408,0
,100.70182,18.41426,0
,100.7022,18.41466,0
,100.70224,18.41469,0
,100.70318,18.41559,0
,100.70364,18.4161,0
,100.70372,18.41623,0
,100.70375,18.41638,0
,100.70376,18.41668,0
,100.70373,18.41695,0
,100.70354,18.41748,0
,100.70328,18.41857,0
,100.70322,18.41903,0
,100.7031,18.41962,0
,100.70305,18.42003,0
,100.70306,18.42024,0
,100.7031,18.42041,0
,100.70317,18.42053,0
,100.70326,18.42074,0
,100.70337,18.42093,0
,100.7034,18.421,0
,100.70342,18.42108,0
,100.70342,18.42119,0
,100.70341,18.42119,0
,100.70337,18.42135,0
,100.70336,18.42136,0
,100.70332,18.4215,0
,100.7033,18.42171,0
,100.7033,18.42182,0
,100.70331,18.42189,0
,100.70336,18.42202,0
,100.70336,18.42213,0
,100.70335,18.42216,0
,100.70335,18.42219,0
,100.70333,18.42224,0
,100.70327,18.42232,0
,100.7032,18.42237,0
,100.703,18.42245,0
,100.7024,18.42256,0
,100.70209,18.42257,0
,100.7019,18.42255,0
,100.7019,18.42254,0
,100.70174,18.42247,0
,100.70173,18.42247,0
,100.70141,18.42228,0
,100.70124,18.4222,0
,100.7012,18.42219,0
,100.70108,18.42214,0
,100.7008,18.42208,0
,100.7005,18.42211,0
,100.70048,18.42212,0
,100.69984,18.42223,0
,100.69958,18.42232,0
,100.69892,18.42268,0
,100.69875,18.42275,0
,100.69872,18.42275,0
,100.69853,18.42278,0
,100.69844,18.42278,0
,100.69837,18.42277,0
,100.69821,18.42268,0
,100.69818,18.42267,0
,100.69798,18.42253,0
,100.6978,18.42245,0
,100.69774,18.42245,0
,100.69763,18.42247,0
,100.69753,18.42255,0
,100.69735,18.4228,0
,100.69733,18.42284,0
,100.69728,18.423,0
,100.69725,18.42333,0
,100.69725,18.42352,0
,100.69723,18.42372,0
,100.69723,18.42379,0
,100.69722,18.42386,0
,100.69717,18.42394,0
,100.69701,18.42409,0
,100.6969,18.42415,0
,100.6968,18.42418,0
,100.69659,18.42421,0
,100.69617,18.42419,0
,100.69594,18.42416,0
,100.69572,18.42418,0
,100.69557,18.42422,0
,100.69545,18.42428,0
,100.69536,18.42435,0
,100.6953,18.42445,0
,100.69526,18.42455,0
,100.69526,18.42466,0
,100.69527,18.42475,0
,100.69529,18.42483,0
,100.69532,18.42489,0
,100.69547,18.42506,0
,100.69566,18.42521,0
,100.69578,18.42527,0
,100.69589,18.42534,0
,100.69606,18.42553,0
,100.69613,18.4257,0
,100.69614,18.42583,0
,100.6961,18.42618,0
,100.69605,18.4263,0
,100.69599,18.42638,0
,100.69591,18.42643,0
,100.69585,18.42645,0
,100.69576,18.42646,0
,100.69509,18.42648,0
,100.69502,18.4265,0
,100.69488,18.42658,0
,100.6948,18.42668,0
,100.69475,18.42678,0
,100.69466,18.42703,0
,100.69462,18.42722,0
,100.69454,18.42775,0
,100.69454,18.42783,0
,100.69457,18.42802,0
,100.6947,18.42821,0
,100.69488,18.42836,0
,100.69518,18.42858,0
,100.69574,18.42907,0
,100.69591,18.42914,0
,100.69626,18.42919,0
,100.69652,18.4293,0
,100.69697,18.42952,0
,100.69788,18.43016,0
,100.69804,18.43034,0
,100.6983,18.43052,0
,100.69847,18.43056,0
,100.69867,18.43063,0
,100.69901,18.43084,0
,100.69907,18.43087,0
,100.69912,18.43088,0
,100.69916,18.43089,0
,100.69931,18.43087,0
,100.69945,18.43083,0
,100.69947,18.43082,0
,100.69957,18.43073,0
,100.69964,18.43063,0
,100.6997,18.43057,0
,100.69982,18.43048,0
,100.69988,18.43045,0
,100.70031,18.43036,0
,100.70058,18.43033,0
,100.70144,18.43017,0
,100.70175,18.43018,0
,100.70198,18.43024,0
,100.70215,18.43031,0
,100.70225,18.43037,0
,100.70228,18.43038,0
,100.70236,18.43043,0
,100.70269,18.4307,0
,100.70316,18.43112,0
,100.7038,18.4316,0
,100.70467,18.43214,0
,100.70482,18.43222,0
,100.70541,18.43268,0
,100.70584,18.43306,0
,100.70595,18.43316,0
,100.70633,18.43357,0
,100.70668,18.434,0
,100.70683,18.43426,0
,100.70696,18.43454,0
,100.70724,18.43527,0
,100.7073,18.43549,0
,100.70731,18.4355,0
,100.70734,18.43582,0
,100.70735,18.43584,0
,100.70743,18.43623,0
,100.70748,18.43639,0
,100.7075,18.43648,0
,100.70753,18.43654,0
,100.70753,18.43655,0
,100.70771,18.43678,0
,100.70793,18.437,0
,100.70809,18.43713,0
,100.70929,18.43836,0
,100.70933,18.43843,0
,100.70936,18.43846,0
,100.70939,18.43855,0
,100.7094,18.43856,0
,100.70941,18.43877,0
,100.70938,18.43899,0
,100.70935,18.43909,0
,100.70935,18.4391,0
,100.70932,18.43916,0
,100.70918,18.43934,0
,100.70903,18.43948,0
,100.70887,18.43973,0
,100.70876,18.44,0
,100.70848,18.44077,0
,100.70824,18.44121,0
,100.70819,18.44137,0
,100.70814,18.44149,0
,100.70814,18.44151,0
,100.70813,18.44154,0
,100.70812,18.44164,0
,100.70812,18.44173,0
,100.70816,18.44199,0
,100.70819,18.44207,0
,100.70831,18.44229,0
,100.7086,18.44265,0
,100.70862,18.44266,0
,100.70872,18.44277,0
,100.709,18.44304,0
,100.70903,18.44309,0
,100.70908,18.44315,0
,100.70914,18.4433,0
,100.70914,18.44335,0
,100.70915,18.44338,0
,100.70915,18.44347,0
,100.70914,18.44353,0
,100.70914,18.44361,0
,100.70912,18.44372,0
,100.70911,18.44374,0
,100.70911,18.44393,0
,100.70913,18.44401,0
,100.70913,18.44404,0
,100.70916,18.4441,0
,100.70922,18.44418,0
,100.70932,18.44426,0
,100.70978,18.44439,0
,100.71,18.44451,0
,100.7101,18.44458,0
,100.71023,18.44471,0
,100.71029,18.44476,0
,100.71045,18.445,0
,100.71048,18.44503,0
,100.71065,18.44531,0
,100.71076,18.44553,0
,100.71085,18.44582,0
,100.71096,18.44634,0
,100.71097,18.44647,0
,100.71102,18.44661,0
,100.71104,18.44671,0
,100.71115,18.44692,0
,100.71121,18.44701,0
,100.71138,18.44717,0
,100.71166,18.4474,0
,100.71201,18.44772,0
,100.71203,18.44776,0
,100.71217,18.44792,0
,100.71227,18.44806,0
,100.71262,18.44863,0
,100.71261,18.44868,0
,100.71264,18.44876,0
,100.71267,18.44881,0
,100.71274,18.44901,0
,100.71275,18.44906,0
,100.71277,18.4491,0
,100.71279,18.44916,0
,100.71281,18.44926,0
,100.71283,18.44931,0
,100.71292,18.44977,0
,100.713,18.44998,0
,100.71317,18.45022,0
,100.71328,18.45034,0
,100.71338,18.4505,0
,100.71342,18.45063,0
,100.71343,18.45073,0
,100.71343,18.45082,0
,100.71341,18.45105,0
,100.71339,18.45116,0
,100.71339,18.45126,0
,100.71337,18.45141,0
,100.7133,18.45174,0
,100.71323,18.45192,0
,100.71308,18.4522,0
,100.71294,18.45237,0
,100.71285,18.4525,0
,100.7121,18.45341,0
,100.71202,18.45349,0
,100.71192,18.45362,0
,100.71186,18.45372,0
,100.71181,18.45384,0
,100.71177,18.45401,0
,100.71178,18.45407,0
,100.71178,18.45418,0
,100.7118,18.45428,0
,100.7119,18.45449,0
,100.71195,18.45457,0
,100.71208,18.45469,0
,100.71217,18.45476,0
,100.71233,18.45484,0
,100.71247,18.45489,0
,100.71252,18.4549,0
,100.71284,18.45502,0
,100.71296,18.45505,0
,100.71322,18.45507,0
,100.71335,18.45505,0
,100.71346,18.45502,0
,100.71416,18.4547,0
,100.71426,18.45467,0
,100.71437,18.45466,0
,100.71453,18.4547,0
,100.71465,18.45475,0
,100.71537,18.45542,0
,100.71547,18.45556,0
,100.71586,18.45641,0
,100.71591,18.45655,0
,100.71596,18.45665,0
,100.71601,18.45679,0
,100.71611,18.45698,0
,100.71634,18.4575,0
,100.71645,18.45779,0
,100.71648,18.4579,0
,100.71657,18.45882,0
,100.71666,18.4602,0
,100.71667,18.46025,0
,100.71667,18.46043,0
,100.71669,18.46072,0
,100.7167,18.46076,0
,100.71678,18.46181,0
,100.71684,18.46212,0
,100.71685,18.46213,0
,100.71687,18.46223,0
,100.71693,18.46244,0
,100.71693,18.46247,0
,100.71704,18.46282,0
,100.7171,18.46296,0
,100.7174,18.46393,0
,100.7174,18.46394,0
,100.71774,18.46496,0
,100.71776,18.465,0
,100.71778,18.46506,0
,100.71779,18.46513,0
,100.71781,18.4652,0
,100.71784,18.46524,0
,100.71788,18.46546,0
,100.71788,18.46553,0
,100.71785,18.46571,0
,100.71779,18.46587,0
,100.71767,18.4661,0
,100.71764,18.46614,0
,100.71745,18.46647,0
,100.71738,18.46657,0
,100.7169,18.46749,0
,100.71685,18.46756,0
,100.71671,18.46781,0
,100.71658,18.4681,0
,100.7165,18.46842,0
,100.71648,18.46854,0
,100.71647,18.46873,0
,100.71649,18.46887,0
,100.71656,18.46902,0
,100.71664,18.46911,0
,100.71669,18.46915,0
,100.71678,18.4692,0
,100.71687,18.46923,0
,100.71717,18.4693,0
,100.71722,18.4693,0
,100.71785,18.46944,0
,100.71799,18.4695,0
,100.71814,18.46959,0
,100.71823,18.4697,0
,100.71906,18.47112,0
,100.71928,18.47145,0
,100.72007,18.47243,0
,100.72031,18.47264,0
,100.72043,18.47272,0
,100.72064,18.47283,0
,100.72099,18.47305,0
,100.72119,18.47315,0
,100.72133,18.4732,0
,100.72154,18.47323,0
,100.7217,18.47323,0
,100.72187,18.47321,0
,100.72196,18.47321,0
,100.72242,18.47317,0
,100.72275,18.47316,0
,100.72284,18.47318,0
,100.72302,18.47324,0
,100.7231,18.4733,0
,100.7232,18.47336,0
,100.72332,18.47351,0
,100.72391,18.47446,0
,100.72396,18.47461,0
,100.72396,18.47474,0
,100.72394,18.47485,0
,100.72387,18.47498,0
,100.72383,18.47503,0
,100.72368,18.47517,0
,100.72306,18.47551,0
,100.72288,18.47565,0
,100.72271,18.47585,0
,100.72251,18.47624,0
,100.72233,18.47665,0
,100.72228,18.4768,0
,100.72228,18.47688,0
,100.72212,18.47696,0
,100.72211,18.47696,0
,100.72194,18.47711,0
,100.72188,18.47718,0
,100.72185,18.47723,0
,100.72183,18.4773,0
,100.7218,18.47751,0
,100.72196,18.47834,0
,100.72197,18.47855,0
,100.72196,18.4787,0
,100.72194,18.47882,0
,100.72189,18.47896,0
,100.72182,18.47908,0
,100.72169,18.47924,0
,100.72158,18.47934,0
,100.72156,18.47937,0
,100.72098,18.47996,0
,100.72045,18.4806,0
,100.72034,18.48084,0
,100.71996,18.48191,0
,100.71985,18.48215,0
,100.71977,18.48228,0
,100.7195,18.4826,0
,100.71949,18.4826,0
,100.71929,18.4828,0
,100.71908,18.48298,0
,100.71879,18.48319,0
,100.71878,18.48319,0
,100.71863,18.48326,0
,100.71861,18.48326,0
,100.71837,18.48336,0
,100.71812,18.48343,0
,100.71611,18.48385,0
,100.71569,18.48398,0
,100.71568,18.48398,0
,100.71551,18.48405,0
,100.7155,18.48405,0
,100.71534,18.48415,0
,100.71467,18.48478,0
,100.71465,18.48481,0
,100.71423,18.48522,0
,100.71403,18.48538,0
,100.71379,18.48551,0
,100.71361,18.48555,0
,100.71353,18.48556,0
,100.71344,18.48554,0
,100.71299,18.48548,0
,100.71296,18.48547,0
,100.71276,18.48546,0
,100.71267,18.48548,0
,100.71258,18.48551,0
,100.71241,18.48566,0
,100.71127,18.48721,0
,100.71077,18.48777,0
,100.7103,18.48825,0
,100.71018,18.48839,0
,100.71007,18.48849,0
,100.70984,18.48873,0
,100.70967,18.48884,0
,100.7096,18.48886,0
,100.70952,18.48887,0
,100.70928,18.48887,0
,100.70923,18.48888,0
,100.7092,18.48888,0
,100.70894,18.48896,0
,100.70875,18.48904,0
,100.70855,18.48917,0
,100.70846,18.48926,0
,100.70842,18.48929,0
,100.70842,18.4893,0
,100.70831,18.48945,0
,100.70819,18.48966,0
,100.70799,18.49008,0
,100.70781,18.49033,0
,100.7076,18.49053,0
,100.70646,18.49119,0
,100.70592,18.4916,0
,100.70583,18.49172,0
,100.70579,18.49179,0
,100.70576,18.49187,0
,100.70573,18.49203,0
,100.7057,18.49212,0
,100.70548,18.49326,0
,100.70545,18.49384,0
,100.70544,18.4939,0
,100.70544,18.49402,0
,100.70542,18.49427,0
,100.70543,18.49471,0
,100.70547,18.49481,0
,100.70555,18.49494,0
,100.70578,18.49522,0
,100.706,18.49542,0
,100.70618,18.49563,0
,100.70622,18.49574,0
,100.70624,18.49585,0
,100.70623,18.49612,0
,100.70619,18.49626,0
,100.70619,18.49627,0
,100.70611,18.49642,0
,100.70607,18.49647,0
,100.70561,18.49679,0
,100.70499,18.49717,0
,100.7046,18.49735,0
,100.70432,18.49742,0
,100.70134,18.49797,0
,100.70122,18.4974,0
,100.70119,18.4973,0
,100.70119,18.49729,0
,100.70149,18.4972,0
,100.70119,18.49729,0
,100.70122,18.4974,0
,100.70134,18.49797,0
,100.70069,18.4981,0
,100.69992,18.4983,0
,100.69977,18.49835,0
,100.69952,18.49846,0
,100.69932,18.49853,0
,100.69906,18.49871,0
,100.69888,18.49879,0
,100.6986,18.49887,0
,100.69833,18.49897,0
,100.69788,18.49918,0
,100.69778,18.49924,0
,100.69777,18.49925,0
,100.69775,18.49925,0
,100.6976,18.49932,0
,100.69759,18.49932,0
,100.69738,18.4994,0
,100.69719,18.49944,0
,100.69705,18.49949,0
,100.69692,18.49955,0
,100.69679,18.49963,0
,100.69674,18.49967,0
,100.69661,18.49975,0
,100.69657,18.49976,0
,100.69655,18.49978,0
,100.69644,18.49983,0
,100.69628,18.49987,0
,100.6959,18.49991,0
,100.69584,18.49993,0
,100.69582,18.49993,0
,100.69566,18.49999,0
,100.69565,18.49999,0
,100.69543,18.50009,0
,100.69511,18.50026,0
,100.69502,18.5003,0
,100.69492,18.50039,0
,100.69487,18.50045,0
,100.69481,18.50056,0
,100.69477,18.50061,0
,100.69474,18.50066,0
,100.69444,18.50103,0
,100.69373,18.50176,0
,100.69368,18.50185,0
,100.69355,18.50204,0
,100.69348,18.50222,0
,100.69346,18.50233,0
,100.69345,18.5027,0
,100.69341,18.50341,0
,100.69347,18.50392,0
,100.69368,18.50491,0
,100.69371,18.50534,0
,100.69381,18.50587,0
,100.69399,18.50663,0
,100.694,18.50679,0
,100.69395,18.5072,0
,100.69385,18.50772,0
,100.69373,18.50812,0
,100.69369,18.50831,0
,100.69369,18.50843,0
,100.69371,18.50854,0
,100.6938,18.50878,0
,100.69381,18.50889,0
,100.69374,18.50943,0
,100.6937,18.50958,0
,100.69365,18.50966,0
,100.69359,18.50973,0
,100.69342,18.50986,0
,100.69302,18.51023,0
,100.69286,18.51045,0
,100.69275,18.51063,0
,100.69265,18.5109,0
,100.69265,18.51094,0
,100.69264,18.51099,0
,100.69269,18.51146,0
,100.69269,18.51155,0
,100.69267,18.51161,0
,100.69262,18.51168,0
,100.69258,18.51171,0
,100.6925,18.51175,0
,100.69238,18.51179,0
,100.69221,18.51188,0
,100.69205,18.51198,0
,100.69187,18.51214,0
,100.69181,18.51218,0
,100.69167,18.51235,0
,100.6914,18.51275,0
,100.69124,18.51296,0
,100.69104,18.51329,0
,100.69103,18.51333,0
,100.69097,18.51346,0
,100.69091,18.51367,0
,100.69081,18.51394,0
,100.69062,18.51433,0
,100.69059,18.51438,0
,100.69053,18.51455,0
,100.69052,18.51469,0
,100.69053,18.5148,0
,100.69056,18.51489,0
,100.69062,18.51498,0
,100.69074,18.51507,0
,100.69133,18.51545,0
,100.69141,18.51553,0
,100.6915,18.51579,0
,100.69154,18.51609,0
,100.69158,18.51631,0
,100.69165,18.51651,0
,100.6917,18.51656,0
,100.69174,18.51662,0
,100.69176,18.51668,0
,100.69178,18.51683,0
,100.69178,18.51689,0
,100.69171,18.51706,0
,100.6916,18.51726,0
,100.69146,18.51738,0
,100.69141,18.51746,0
,100.69132,18.51776,0
,100.6913,18.5179,0
,100.69127,18.51803,0
,100.69123,18.51835,0
,100.69125,18.51843,0
,100.69126,18.51864,0
,100.6912,18.5189,0
,100.69115,18.51927,0
,100.69114,18.51946,0
,100.69118,18.51962,0
,100.69125,18.51978,0
,100.6913,18.51999,0
,100.69133,18.52019,0
,100.69133,18.52025,0
,100.69142,18.52054,0
,100.69162,18.5209,0
,100.6917,18.52101,0
,100.69182,18.52115,0
,100.69183,18.52117,0
,100.69247,18.5218,0
,100.69251,18.52185,0
,100.69268,18.52219,0
,100.69271,18.52229,0
,100.69281,18.52252,0
,100.69294,18.52275,0
,100.69294,18.52278,0
,100.69297,18.52288,0
,100.69298,18.52304,0
,100.69296,18.52313,0
,100.69293,18.52321,0
,100.69268,18.5236,0
,100.69253,18.52376,0
,100.69246,18.52391,0
,100.69241,18.52418,0
,100.69244,18.5243,0
,100.6925,18.52441,0
,100.69252,18.52443,0
,100.69259,18.52457,0
,100.69261,18.52469,0
,100.69258,18.52547,0
,100.69263,18.52575,0
,100.69266,18.52582,0
,100.69271,18.526,0
,100.6929,18.52643,0
,100.69294,18.52649,0
,100.69298,18.52653,0
,100.6931,18.52658,0
,100.69317,18.52655,0
,100.6932,18.52655,0
,100.69326,18.52653,0
,100.69349,18.52653,0
,100.69365,18.52657,0
,100.69392,18.5267,0
,100.6941,18.52676,0
,100.69429,18.52679,0
,100.69437,18.52681,0
,100.69449,18.52682,0
,100.69454,18.52683,0
,100.69461,18.52683,0
,100.69465,18.52684,0
,100.69495,18.52738,0
,100.69519,18.52771,0
,100.69522,18.52777,0
,100.6953,18.52801,0
,100.6954,18.52855,0
,100.69544,18.52864,0
,100.69575,18.52914,0
,100.69589,18.52931,0
,100.69613,18.52947,0
,100.69613,18.52948,0
,100.69628,18.52959,0
,100.69642,18.52971,0
,100.69645,18.52972,0
,100.69656,18.52983,0
,100.69666,18.52995,0
,100.69672,18.53011,0
,100.69674,18.53014,0
,100.69693,18.53066,0
,100.69699,18.53082,0
,100.69702,18.53097,0
,100.69702,18.531,0
,100.697,18.53107,0
,100.69693,18.53121,0
,100.69643,18.53191,0
,100.69618,18.53209,0
,100.69593,18.53231,0
,100.69579,18.53246,0
,100.69575,18.53254,0
,100.69571,18.5326,0
,100.69565,18.53275,0
,100.69562,18.53286,0
,100.6956,18.53301,0
,100.69562,18.53312,0
,100.69569,18.53334,0
,100.69572,18.5334,0
,100.6958,18.53362,0
,100.69586,18.53373,0
,100.69596,18.53396,0
,100.69597,18.53396,0
,100.69606,18.53419,0
,100.6961,18.53441,0
,100.6961,18.53447,0
,100.69611,18.53454,0
,100.69611,18.53496,0
,100.69616,18.53512,0
,100.69625,18.53528,0
,100.69627,18.5353,0
,100.69658,18.53572,0
,100.69659,18.53572,0
,100.69681,18.53606,0
,100.69685,18.53614,0
,100.69688,18.53618,0
,100.69702,18.53646,0
,100.69705,18.5365,0
,100.69743,18.53727,0
,100.69744,18.53732,0
,100.69752,18.53748,0
,100.69793,18.53851,0
,100.69822,18.5395,0
,100.69822,18.53952,0
,100.69833,18.5398,0
,100.69859,18.54019,0
,100.69874,18.54061,0
,100.69887,18.54119,0
,100.69888,18.54145,0
,100.69889,18.54153,0
,100.69889,18.54163,0
,100.69888,18.5417,0
,100.69888,18.54174,0
,100.69886,18.54177,0
,100.69881,18.54179,0
,100.69854,18.54184,0
,100.69787,18.54193,0
,100.69783,18.54195,0
,100.6978,18.54198,0
,100.69779,18.54202,0
,100.69778,18.54202,0
,100.69777,18.54207,0
,100.69771,18.5429,0
,100.6977,18.54296,0
,100.69768,18.54302,0
,100.69764,18.54309,0
,100.69759,18.54321,0
,100.69757,18.54328,0
,100.69755,18.54343,0
,100.69759,18.54367,0
,100.6977,18.54389,0
,100.69778,18.544,0
,100.69786,18.54411,0
,100.69786,18.54412,0
,100.69798,18.54431,0
,100.6982,18.54457,0
,100.69824,18.5446,0
,100.69841,18.54476,0
,100.69893,18.54506,0
,100.699,18.54511,0
,100.69903,18.54514,0
,100.69915,18.54543,0
,100.69854,18.54554,0
,100.69857,18.54564,0
,100.69881,18.5456,0
,100.70048,18.54523,0
,100.7007,18.54521,0
,100.70113,18.54522,0
,100.70139,18.54528,0
,100.70155,18.54534,0
,100.70763,18.54807,0
,100.70791,18.54822,0
,100.70838,18.54851,0
,100.71333,18.55209,0
,100.71341,18.55202,0
,100.70841,18.54841,0
,100.70794,18.54812,0
,100.70777,18.54803,0
,100.70151,18.54521,0
,100.70114,18.54512,0
,100.7009,18.5451,0
,100.70069,18.5451,0
,100.70065,18.54511,0
,100.70038,18.54514,0
,100.69915,18.54543,0
,100.69805,18.54564,0
,100.69688,18.54592,0
,100.69685,18.54592,0
,100.69667,18.54597,0
,100.69632,18.54602,0
,100.69605,18.54602,0
,100.69483,18.5459,0
,100.69481,18.54589,0
,100.69155,18.54548,0
,100.69108,18.54545,0
,100.69089,18.54546,0
,100.69007,18.54558,0
,100.68961,18.54562,0
,100.68923,18.54561,0
,100.68781,18.54542,0
,100.68754,18.54537,0
,100.6873,18.54531,0
,100.68681,18.54516,0
,100.68634,18.54497,0
,100.68576,18.54468,0
,100.6857,18.54466,0
,100.68397,18.54377,0
,100.68342,18.54351,0
,100.68334,18.54346,0
,100.67939,18.54147,0
,100.67815,18.54097,0
,100.6778,18.54081,0
,100.67776,18.5408,0
,100.67593,18.53985,0
,100.67587,18.53996,0
,100.67767,18.54089,0
,100.67897,18.54141,0
,100.67951,18.54165,0
,100.67922,18.54205,0
,100.67922,18.54206,0
,100.67898,18.54245,0
,100.67887,18.54268,0
,100.67885,18.54274,0
,100.67882,18.54298,0
,100.67881,18.54337,0
,100.67873,18.54447,0
,100.67867,18.54483,0
,100.67859,18.54534,0
,100.67854,18.54552,0
,100.67846,18.54568,0
,100.67436,18.55012,0
,100.67365,18.55094,0
,100.67366,18.55095,0
,100.67366,18.55097,0
,100.67436,18.55145,0
,100.67588,18.55242,0
,100.67608,18.5526,0
,100.6763,18.55288,0
,100.67654,18.55326,0
,100.67654,18.55327,0
,100.67783,18.55525,0
,100.67796,18.55543,0
,100.67811,18.55572,0
,100.67814,18.55583,0
,100.67816,18.55595,0
,100.67816,18.5577,0
,100.67811,18.55895,0
,100.67803,18.55948,0
,100.67805,18.56237,0
,100.67797,18.56645,0
,100.67806,18.56901,0
,100.67803,18.56926,0
,100.678,18.56936,0
,100.67787,18.56963,0
,100.67769,18.57034,0
,100.67768,18.57041,0
,100.67755,18.57072,0
,100.67754,18.57077,0
,100.67754,18.57084,0
,100.67755,18.57086,0
,100.67758,18.57088,0
,100.6776,18.57091,0
,100.67779,18.57103,0
,100.67795,18.57111,0
,100.67805,18.57115,0
,100.67809,18.57118,0
,100.67811,18.57119,0
,100.67812,18.57125,0
,100.67784,18.57198,0
,100.67629,18.57145,0
,100.67604,18.57142,0
,100.67576,18.57142,0
,100.67553,18.57144,0
,100.67535,18.57147,0
,100.67476,18.57168,0
,100.67407,18.57184,0
,100.67333,18.57196,0
,100.67326,18.57198,0
,100.67277,18.57205,0
,100.67273,18.57205,0
,100.67258,18.57208,0
,100.67239,18.5721,0
,100.67211,18.57215,0
,100.67198,18.57216,0
,100.67183,18.57219,0
,100.6716,18.57222,0
,100.67109,18.57229,0
,100.66994,18.57257,0
,100.6696,18.57267,0
,100.66957,18.57267,0
,100.66831,18.57305,0
,100.66809,18.57307,0
,100.66781,18.57306,0
,100.66727,18.57289,0
,100.6672,18.57286,0
,100.66657,18.57265,0
,100.66569,18.57232,0
,100.66348,18.57097,0
,100.66265,18.57054,0
,100.66249,18.57044,0
,100.66232,18.57036,0
,100.6623,18.57034,0
,100.66175,18.57007,0
,100.66137,18.56986,0
,100.66109,18.56965,0
,100.66049,18.56908,0
,100.66027,18.56881,0
,100.65964,18.56816,0
,100.6594,18.56795,0
,100.65911,18.56779,0
,100.65892,18.56767,0
,100.65868,18.56757,0
,100.65775,18.56734,0
,100.65773,18.56733,0
,100.65757,18.5673,0
,100.65526,18.56672,0
,100.65111,18.56591,0
,100.65105,18.56589,0
,100.65056,18.5658,0
,100.65049,18.56578,0
,100.65,18.56569,0
,100.64994,18.56567,0
,100.64733,18.56516,0
,100.64726,18.56514,0
,100.6464,18.56499,0
,100.64507,18.56475,0
,100.64288,18.56426,0
,100.64175,18.564,0
,100.64141,18.5639,0
,100.64132,18.56388,0
,100.64116,18.56379,0
,100.64103,18.56369,0
,100.64096,18.5636,0
,100.64087,18.56346,0
,100.64086,18.56345,0
,100.64043,18.56265,0
,100.64021,18.5622,0
,100.6399,18.56171,0
,100.63963,18.56143,0
,100.63929,18.56118,0
,100.63823,18.56064,0
,100.63804,18.56062,0
,100.63751,18.56068,0
,100.63693,18.56084,0
,100.63691,18.56084,0
,100.63681,18.56088,0
,100.63673,18.56093,0
,100.63663,18.56103,0
,100.63657,18.56112,0
,100.63637,18.56152,0
,100.6363,18.56169,0
,100.63627,18.56174,0
,100.63607,18.56218,0
,100.63597,18.56237,0
,100.63589,18.56249,0
,100.63586,18.56251,0
,100.63575,18.56262,0
,100.63565,18.56265,0
,100.63556,18.56266,0
,100.63553,18.56265,0
,100.63535,18.56263,0
,100.63524,18.5626,0
,100.63517,18.56257,0
,100.63445,18.56233,0
,100.63429,18.5623,0
,100.63419,18.5623,0
,100.63413,18.56232,0
,100.63409,18.56235,0
,100.63407,18.56238,0
,100.63394,18.56253,0
,100.63389,18.56262,0
,100.63375,18.56281,0
,100.63363,18.56292,0
,100.6335,18.56299,0
,100.63292,18.56318,0
,100.63292,18.56319,0
,100.63279,18.56324,0
,100.63267,18.56332,0
,100.63261,18.56338,0
,100.63251,18.56345,0
,100.63247,18.5635,0
,100.63181,18.56412,0
,100.63151,18.56437,0
,100.63109,18.56468,0
,100.63095,18.56471,0
,100.63081,18.56468,0
,100.63059,18.56458,0
,100.63051,18.56457,0
,100.63043,18.56455,0
,100.62968,18.56452,0
,100.62923,18.56448,0
,100.62732,18.56421,0
,100.62704,18.56421,0
,100.62688,18.56427,0
,100.62677,18.56436,0
,100.62666,18.56448,0
,100.62647,18.56482,0
,100.62581,18.56625,0
,100.62577,18.56632,0
,100.62558,18.56674,0
,100.62554,18.56681,0
,100.62504,18.56788,0
,100.62503,18.56789,0
,100.62476,18.56842,0
,100.62464,18.56862,0
,100.6245,18.56881,0
,100.62424,18.5691,0
,100.62346,18.5699,0
,100.62247,18.57084,0
,100.62246,18.57084,0
,100.62239,18.57091,0
,100.6215,18.57168,0
,100.62148,18.57169,0
,100.62098,18.57212,0
,100.6204,18.57258,0
,100.61968,18.57321,0
,100.61965,18.57323,0
,100.61943,18.5733,0
,100.61936,18.5733,0
,100.61934,18.57331,0
,100.61855,18.57338,0
,100.61841,18.57342,0
,100.61834,18.57346,0
,100.61816,18.57362,0
,100.61739,18.57448,0
,100.61738,18.57448,0
,100.61589,18.57611,0
,100.61578,18.57621,0
,100.6156,18.57634,0
,100.61544,18.57644,0
,100.61528,18.57652,0
,100.61441,18.57688,0
,100.61297,18.57742,0
,100.6123,18.57771,0
,100.61228,18.57773,0
,100.61214,18.5778,0
,100.61214,18.57781,0
,100.611,18.57849,0
,100.60972,18.57952,0
,100.60971,18.57952,0
,100.60916,18.57983,0
,100.60648,18.58173,0
,100.60557,18.5824,0
,100.60412,18.58324,0
,100.60376,18.58342,0
,100.60351,18.5835,0
,100.60325,18.58354,0
,100.60315,18.58389,0
,100.60313,18.58394,0
,100.60311,18.58406,0
,100.60309,18.58414,0
,100.60308,18.58425,0
,100.60304,18.58441,0
,100.603,18.58444,0
,100.60298,18.58447,0
,100.60282,18.5846,0
,100.60278,18.58462,0
,100.60264,18.58467,0
,100.60253,18.58469,0
,100.60264,18.58467,0
,100.60278,18.58462,0
,100.60282,18.5846,0
,100.60298,18.58447,0
,100.603,18.58444,0
,100.60304,18.58441,0
,100.60308,18.58425,0
,100.60309,18.58414,0
,100.60311,18.58406,0
,100.60311,18.58403,0
,100.60313,18.58394,0
,100.60315,18.58389,0
,100.60325,18.58354,0
,100.60261,18.58356,0
,100.60253,18.58355,0
,100.60167,18.58353,0
,100.60123,18.58354,0
,100.60088,18.58357,0
,100.60056,18.58368,0
,100.60055,18.58369,0
,100.60013,18.58393,0
,100.60006,18.58396,0
,100.59976,18.58413,0
,100.59975,18.58413,0
,100.5996,18.58423,0
,100.59948,18.58434,0
,100.59947,18.58436,0
,100.59935,18.58449,0
,100.59925,18.58462,0
,100.59909,18.58487,0
,100.59883,18.5854,0
,100.59865,18.58565,0
,100.59847,18.586,0
,100.59832,18.58634,0
,100.59829,18.58648,0
,100.5983,18.58654,0
,100.5983,18.58666,0
,100.59831,18.58674,0
,100.59829,18.58686,0
,100.59819,18.58718,0
,100.59817,18.58721,0
,100.59816,18.58725,0
,100.59768,18.58818,0
,100.59767,18.58822,0
,100.59738,18.58884,0
,100.59703,18.58968,0
,100.59697,18.58984,0
,100.59696,18.58984,0
,100.59685,18.59018,0
,100.59684,18.59019,0
,100.59674,18.59058,0
,100.59654,18.59119,0
,100.59607,18.59229,0
,100.59576,18.59294,0
,100.59552,18.59354,0
,100.59545,18.59379,0
,100.59544,18.59389,0
,100.59545,18.59398,0
,100.59548,18.59408,0
,100.59553,18.59422,0
,100.59564,18.59448,0
,100.59575,18.59479,0
,100.59579,18.59496,0
,100.59577,18.59518,0
,100.59562,18.59607,0
,100.59557,18.59649,0
,100.59552,18.59678,0
,100.59551,18.59678,0
,100.59548,18.59696,0
,100.5954,18.59731,0
,100.59522,18.59801,0
,100.59514,18.59825,0
,100.59499,18.59863,0
,100.59484,18.59891,0
,100.59422,18.59976,0
,100.59419,18.59982,0
,100.59417,18.5999,0
,100.59413,18.60026,0
,100.59404,18.60174,0
,100.594,18.60206,0
,100.594,18.60224,0
,100.59399,18.6023,0
,100.594,18.60244,0
,100.59406,18.60274,0
,100.59412,18.60292,0
,100.5942,18.60311,0
,100.59422,18.60313,0
,100.5943,18.60326,0
,100.59438,18.6034,0
,100.59444,18.60348,0
,100.59446,18.60352,0
,100.59447,18.60356,0
,100.59447,18.60367,0
,100.59442,18.60378,0
,100.59438,18.60384,0
,100.59411,18.60414,0
,100.59384,18.60437,0
,100.59366,18.6045,0
,100.59347,18.60457,0
,100.59317,18.60463,0
,100.593,18.60471,0
,100.59294,18.60479,0
,100.59274,18.60499,0
,100.59259,18.60511,0
,100.59242,18.60519,0
,100.59233,18.60525,0
,100.59215,18.6054,0
,100.59199,18.60558,0
,100.59179,18.60578,0
,100.59168,18.60586,0
,100.59151,18.60593,0
,100.59146,18.60594,0
,100.59132,18.60595,0
,100.59129,18.60596,0
,100.5911,18.60595,0
,100.59086,18.6059,0
,100.59055,18.6058,0
,100.59018,18.60571,0
,100.58982,18.6056,0
,100.5896,18.60558,0
,100.58943,18.60559,0
,100.58931,18.60562,0
,100.5893,18.60563,0
,100.58923,18.60566,0
,100.58916,18.60572,0
,100.58912,18.60578,0
,100.58905,18.60598,0
,100.58896,18.60618,0
,100.58863,18.60674,0
,100.58853,18.60687,0
,100.5884,18.60697,0
,100.58836,18.60701,0
,100.58823,18.60711,0
,100.5882,18.60715,0
,100.58813,18.60722,0
,100.58787,18.60753,0
,100.58762,18.60786,0
,100.58747,18.60809,0
,100.58747,18.6081,0
,100.58702,18.60911,0
,100.58692,18.60927,0
,100.58685,18.60936,0
,100.58682,18.60939,0
,100.58652,18.60954,0
,100.58468,18.61005,0
,100.58448,18.61013,0
,100.58422,18.61026,0
,100.58391,18.61045,0
,100.58379,18.61049,0
,100.58374,18.61049,0
,100.58357,18.61043,0
,100.58344,18.61039,0
,100.58323,18.61036,0
,100.58305,18.61037,0
,100.58284,18.61043,0
,100.58267,18.61052,0
,100.58251,18.61062,0
,100.5824,18.61071,0
,100.5823,18.61081,0
,100.58216,18.61103,0
,100.58215,18.61104,0
,100.58203,18.61126,0
,100.58193,18.61152,0
,100.58185,18.61177,0
,100.58176,18.61212,0
,100.58175,18.61226,0
,100.58166,18.61258,0
,100.58145,18.61307,0
,100.58131,18.61333,0
,100.58082,18.61413,0
,100.58058,18.61447,0
,100.58035,18.61476,0
,100.58006,18.6151,0
,100.57995,18.61529,0
,100.57991,18.61542,0
,100.57988,18.61559,0
,100.57987,18.61593,0
,100.57994,18.6166,0
,100.57992,18.61717,0
,100.5799,18.6173,0
,100.5799,18.61737,0
,100.57993,18.61754,0
,100.57997,18.61763,0
,100.58006,18.61777,0
,100.58009,18.61785,0
,100.5801,18.61794,0
,100.58009,18.618,0
,100.58002,18.61815,0
,100.57993,18.61824,0
,100.57973,18.6184,0
,100.57942,18.61862,0
,100.57729,18.6205,0
,100.57719,18.62056,0
,100.57718,18.62057,0
,100.57648,18.62081,0
,100.57632,18.62091,0
,100.57591,18.62129,0
,100.57553,18.62169,0
,100.57551,18.6217,0
,100.57541,18.6218,0
,100.57532,18.62192,0
,100.5753,18.62197,0
,100.57526,18.62204,0
,100.57521,18.62221,0
,100.57519,18.62235,0
,100.5752,18.62251,0
,100.57523,18.62266,0
,100.5755,18.62328,0
,100.57553,18.6234,0
,100.57553,18.62357,0
,100.57549,18.62364,0
,100.57544,18.62369,0
,100.57537,18.62372,0
,100.57528,18.62374,0
,100.57527,18.62375,0
,100.57472,18.62381,0
,100.57426,18.62381,0
,100.57401,18.62379,0
,100.57396,18.62378,0
,100.57368,18.62369,0
,100.57319,18.62349,0
,100.57264,18.62313,0
,100.57252,18.62308,0
,100.5724,18.62305,0
,100.57228,18.62305,0
,100.57226,18.62304,0
,100.57214,18.62302,0
,100.57199,18.62295,0
,100.5718,18.62284,0
,100.57131,18.62247,0
,100.57104,18.62232,0
,100.57092,18.62229,0
,100.57079,18.62228,0
,100.5706,18.62231,0
,100.57056,18.62231,0
,100.57035,18.62234,0
,100.56967,18.62249,0
,100.56929,18.62254,0
,100.56911,18.62258,0
,100.56909,18.62258,0
,100.56896,18.62262,0
,100.56893,18.62264,0
,100.56891,18.62272,0
,100.56891,18.62282,0
,100.56896,18.62295,0
,100.56907,18.62316,0
,100.56911,18.62328,0
,100.56911,18.62332,0
,100.56912,18.62334,0
,100.56912,18.62342,0
,100.56908,18.62368,0
,100.56893,18.62407,0
,100.56885,18.62423,0
,100.56884,18.62426,0
,100.5687,18.6245,0
,100.56866,18.62455,0
,100.56866,18.62457,0
,100.56862,18.62466,0
,100.56861,18.62472,0
,100.56861,18.62484,0
,100.5687,18.6252,0
,100.56909,18.6262,0
,100.56918,18.62655,0
,100.56918,18.62664,0
,100.56919,18.62667,0
,100.56919,18.62691,0
,100.56916,18.627,0
,100.56911,18.62709,0
,100.56906,18.62719,0
,100.56888,18.62746,0
,100.56883,18.62755,0
,100.56851,18.62799,0
,100.56829,18.62829,0
,100.56824,18.6284,0
,100.56812,18.62873,0
,100.56808,18.6288,0
,100.56804,18.62886,0
,100.56798,18.62893,0
,100.56787,18.62903,0
,100.56759,18.62925,0
,100.56747,18.62933,0
,100.5674,18.6294,0
,100.56733,18.62945,0
,100.56731,18.62947,0
,100.56727,18.62953,0
,100.56721,18.62959,0
,100.56721,18.6296,0
,100.56709,18.62973,0
,100.56708,18.62975,0
,100.56682,18.62998,0
,100.56664,18.63016,0
,100.56663,18.63019,0
,100.5665,18.63035,0
,100.56624,18.63075,0
,100.56606,18.63109,0
,100.56601,18.63131,0
,100.56594,18.63175,0
,100.56589,18.63195,0
,100.56585,18.63204,0
,100.5657,18.63224,0
,100.5655,18.63244,0
,100.56526,18.63271,0
,100.56511,18.63291,0
,100.56481,18.63326,0
,100.56452,18.63353,0
,100.56412,18.63383,0
,100.56381,18.63404,0
,100.56357,18.63423,0
,100.56337,18.63442,0
,100.56321,18.63463,0
,100.56317,18.63474,0
,100.56313,18.6349,0
,100.56306,18.63553,0
,100.56306,18.63557,0
,100.56299,18.63595,0
,100.56293,18.63653,0
,100.56293,18.6366,0
,100.56311,18.63734,0
,100.56313,18.63752,0
,100.56316,18.63776,0
,100.56316,18.63783,0
,100.56318,18.63803,0
,100.56327,18.63848,0
,100.56335,18.63871,0
,100.56357,18.63911,0
,100.56378,18.63935,0
,100.56418,18.63968,0
,100.56444,18.63986,0
,100.56472,18.63998,0
,100.56485,18.64,0
,100.565,18.64004,0
,100.56513,18.64009,0
,100.56514,18.6401,0
,100.56525,18.64016,0
,100.5655,18.64045,0
,100.56563,18.64056,0
,100.56577,18.64066,0
,100.5661,18.64086,0
,100.56632,18.64102,0
,100.56657,18.64124,0
,100.56661,18.6413,0
,100.56663,18.64136,0
,100.56666,18.64142,0
,100.56671,18.64159,0
,100.56673,18.64171,0
,100.56675,18.64195,0
,100.56674,18.64241,0
,100.56663,18.64307,0
,100.56662,18.64321,0
,100.56664,18.64339,0
,100.56668,18.64349,0
,100.56668,18.6435,0
,100.56673,18.64357,0
,100.56678,18.64364,0
,100.56687,18.64371,0
,100.56694,18.64375,0
,100.56705,18.64379,0
,100.56729,18.64385,0
,100.56731,18.64385,0
,100.56822,18.64401,0
,100.5683,18.64401,0
,100.56842,18.64403,0
,100.56865,18.64404,0
,100.56902,18.64411,0
,100.56933,18.64424,0
,100.56938,18.64428,0
,100.56939,18.64428,0
,100.56947,18.64435,0
,100.56958,18.64447,0
,100.56959,18.64449,0
,100.5697,18.64464,0
,100.56977,18.6448,0
,100.56978,18.64481,0
,100.56982,18.64494,0
,100.56984,18.64505,0
,100.56984,18.64512,0
,100.56982,18.64518,0
,100.56972,18.64533,0
,100.56945,18.64564,0
,100.56911,18.64588,0
,100.56891,18.64598,0
,100.56877,18.64603,0
,100.56827,18.64609,0
,100.56816,18.64612,0
,100.56808,18.64617,0
,100.56807,18.64617,0
,100.56796,18.64626,0
,100.56786,18.6464,0
,100.56784,18.64645,0
,100.56761,18.64683,0
,100.56734,18.64712,0
,100.56734,18.64713,0
,100.56716,18.64731,0
,100.56695,18.64746,0
,100.56684,18.6475,0
,100.56659,18.64764,0
,100.56652,18.6477,0
,100.56643,18.64776,0
,100.56637,18.64781,0
,100.56636,18.64781,0
,100.56606,18.64811,0
,100.56568,18.64857,0
,100.56565,18.64863,0
,100.56559,18.64879,0
,100.56555,18.64886,0
,100.56549,18.64895,0
,100.56504,18.64942,0
,100.56492,18.64959,0
,100.5647,18.65009,0
,100.56468,18.65015,0
,100.56466,18.65018,0
,100.56444,18.65075,0
,100.564,18.65178,0
,100.56384,18.65208,0
,100.56384,18.6521,0
,100.56355,18.65259,0
,100.56335,18.65285,0
,100.56335,18.65287,0
,100.56327,18.65295,0
,100.56322,18.65298,0
,100.5632,18.653,0
,100.56316,18.65301,0
,100.56315,18.65302,0
,100.56309,18.65302,0
,100.56303,18.653,0
,100.56297,18.65299,0
,100.56272,18.65292,0
,100.56259,18.65287,0
,100.56244,18.65285,0
,100.56242,18.65286,0
,100.56232,18.65287,0
,100.56223,18.6529,0
,100.56215,18.65297,0
,100.5621,18.65303,0
,100.56206,18.6531,0
,100.56203,18.65318,0
,100.56202,18.65326,0
,100.56203,18.65357,0
,100.56207,18.65372,0
,100.56214,18.65385,0
,100.5625,18.65442,0
,100.5625,18.65444,0
,100.56257,18.65461,0
,100.5626,18.65474,0
,100.56261,18.65485,0
,100.5626,18.65525,0
,100.56256,18.65547,0
,100.56253,18.65551,0
,100.56252,18.65553,0
,100.56238,18.65567,0
,100.56236,18.65568,0
,100.56215,18.65591,0
,100.56196,18.65616,0
,100.56189,18.65629,0
,100.56187,18.65636,0
,100.56186,18.65638,0
,100.56186,18.65648,0
,100.56194,18.65694,0
,100.56197,18.65724,0
,100.56195,18.65772,0
,100.56188,18.65803,0
,100.56182,18.65818,0
,100.56175,18.65841,0
,100.56173,18.65854,0
,100.56173,18.65864,0
,100.56175,18.65884,0
,100.56176,18.65919,0
,100.56175,18.6592,0
,100.56172,18.65938,0
,100.56168,18.65949,0
,100.56161,18.6596,0
,100.56153,18.65968,0
,100.56152,18.65968,0
,100.56144,18.65973,0
,100.56137,18.65975,0
,100.56113,18.65973,0
,100.56103,18.65973,0
,100.56095,18.65975,0
,100.56093,18.65978,0
,100.5609,18.6598,0
,100.56085,18.65988,0
,100.56079,18.65997,0
,100.56075,18.66009,0
,100.56067,18.66092,0
,100.56063,18.6611,0
,100.56056,18.66133,0
,100.56054,18.66151,0
,100.56054,18.66161,0
,100.56062,18.66186,0
,100.56063,18.66194,0
,100.56062,18.66197,0
,100.56062,18.6621,0
,100.56053,18.66246,0
,100.56046,18.6626,0
,100.56025,18.66284,0
,100.55994,18.6633,0
,100.55966,18.66377,0
,100.5595,18.66409,0
,100.55927,18.66473,0
,100.55921,18.66495,0
,100.5592,18.66503,0
,100.55921,18.6651,0
,100.5592,18.66513,0
,100.55919,18.6652,0
,100.55911,18.66541,0
,100.55909,18.66549,0
,100.55901,18.6656,0
,100.55894,18.66565,0
,100.55881,18.66569,0
,100.55868,18.6657,0
,100.55849,18.66574,0
,100.55844,18.66576,0
,100.55834,18.66583,0
,100.5583,18.66589,0
,100.55823,18.66596,0
,100.55819,18.66601,0
,100.55815,18.66603,0
,100.55811,18.66604,0
,100.55776,18.6663,0
,100.55764,18.66642,0
,100.55734,18.66664,0
,100.55698,18.66687,0
,100.55689,18.66695,0
,100.5567,18.66724,0
,100.5566,18.66741,0
,100.55631,18.66784,0
,100.55621,18.66802,0
,100.55618,18.66811,0
,100.55616,18.66827,0
,100.55616,18.66845,0
,100.55614,18.66865,0
,100.55609,18.66888,0
,100.55603,18.66904,0
,100.55601,18.66913,0
,100.55574,18.6698,0
,100.55573,18.66984,0
,100.55552,18.67031,0
,100.55545,18.6705,0
,100.55542,18.67064,0
,100.55542,18.67076,0
,100.55544,18.67082,0
,100.55547,18.67089,0
,100.5556,18.67108,0
,100.5556,18.67109,0
,100.55585,18.6714,0
,100.55595,18.6715,0
,100.55611,18.67157,0
,100.55622,18.6716,0
,100.55642,18.6717,0
,100.55651,18.67179,0
,100.5566,18.67195,0
,100.55663,18.6721,0
,100.55664,18.67229,0
,100.55663,18.67231,0
,100.55662,18.67241,0
,100.55658,18.67255,0
,100.55641,18.67287,0
,100.55638,18.6729,0
,100.55625,18.6731,0
,100.55614,18.67324,0
,100.55591,18.67348,0
,100.55573,18.6736,0
,100.55571,18.6736,0
,100.55559,18.67365,0
,100.5555,18.6737,0
,100.55502,18.67391,0
,100.55497,18.67392,0
,100.55481,18.67398,0
,100.55466,18.67399,0
,100.55434,18.67404,0
,100.55355,18.67426,0
,100.55335,18.67435,0
,100.55323,18.67445,0
,100.55307,18.67454,0
,100.55306,18.67455,0
,100.55297,18.67457,0
,100.55287,18.67458,0
,100.55269,18.67458,0
,100.55257,18.67459,0
,100.55237,18.67467,0
,100.55221,18.67475,0
,100.55254,18.67522,0
,100.55298,18.67711,0
,100.55301,18.67735,0
,100.55305,18.6775,0
,100.55307,18.67754,0
,100.55307,18.67755,0
,100.55316,18.67765,0
,100.55354,18.67782,0
,100.55376,18.67795,0
,100.55379,18.67796,0
,100.55389,18.67805,0
,100.55409,18.67831,0
,100.55423,18.67854,0
,100.55469,18.67958,0
,100.55484,18.68005,0
,100.55485,18.68006,0
,100.55495,18.68061,0
,100.55494,18.6807,0
,100.55489,18.68084,0
,100.55484,18.68091,0
,100.55472,18.68102,0
,100.55458,18.68111,0
,100.55448,18.68119,0
,100.55439,18.68124,0
,100.55426,18.68129,0
,100.554,18.68135,0
,100.55383,18.6814,0
,100.55376,18.68144,0
,100.55371,18.68148,0
,100.55353,18.68167,0
,100.5534,18.68183,0
,100.55333,18.68195,0
,100.55321,18.68228,0
,100.55319,18.68232,0
,100.55309,18.68261,0
,100.55309,18.68263,0
,100.55304,18.68279,0
,100.55296,18.68294,0
,100.55295,18.68294,0
,100.55289,18.68302,0
,100.55243,18.68343,0
,100.55242,18.68345,0
,100.55234,18.68354,0
,100.55231,18.6836,0
,100.55228,18.68364,0
,100.55222,18.68377,0
,100.55219,18.68388,0
,100.55214,18.68418,0
,100.55215,18.68431,0
,100.55218,18.68448,0
,100.55252,18.68569,0
,100.55253,18.6857,0
,100.55257,18.68586,0
,100.55258,18.68593,0
,100.55261,18.68604,0
,100.55262,18.68611,0
,100.55263,18.68634,0
,100.55262,18.6864,0
,100.55255,18.68759,0
,100.55252,18.68773,0
,100.55252,18.68777,0
,100.5525,18.68783,0
,100.5523,18.68871,0
,100.5523,18.68872,0
,100.55229,18.68873,0
,100.55225,18.68888,0
,100.55223,18.68903,0
,100.55223,18.68916,0
,100.55225,18.68942,0
,100.55227,18.6895,0
,100.55231,18.68959,0
,100.5525,18.68982,0
,100.55267,18.68997,0
,100.55281,18.69013,0
,100.55287,18.69023,0
,100.55293,18.69038,0
,100.55295,18.69046,0
,100.55296,18.69047,0
,100.553,18.69073,0
,100.55301,18.69094,0
,100.55298,18.69117,0
,100.55292,18.69135,0
,100.55288,18.69144,0
,100.55276,18.69161,0
,100.55261,18.69173,0
,100.55216,18.692,0
,100.5521,18.69206,0
,100.55204,18.6921,0
,100.55191,18.69223,0
,100.5511,18.69314,0
,100.55109,18.69314,0
,100.55093,18.69333,0
,100.55084,18.69342,0
,100.55081,18.69347,0
,100.55069,18.69361,0
,100.55069,18.69362,0
,100.55062,18.69373,0
,100.55057,18.69387,0
,100.55053,18.69412,0
,100.55052,18.69415,0
,100.55052,18.69424,0
,100.55045,18.69485,0
,100.5504,18.69507,0
,100.55029,18.69536,0
,100.55026,18.69546,0
,100.55007,18.69592,0
,100.55001,18.69612,0
,100.54998,18.69638,0
,100.54998,18.69697,0
,100.55003,18.69728,0
,100.55014,18.6977,0
,100.55014,18.69774,0
,100.55016,18.69782,0
,100.55018,18.69798,0
,100.55018,18.69817,0
,100.55022,18.69838,0
,100.55025,18.69845,0
,100.55025,18.69846,0
,100.5503,18.69854,0
,100.55032,18.69861,0
,100.55033,18.69873,0
,100.55032,18.69879,0
,100.5503,18.70007,0
,100.55034,18.70016,0
,100.55041,18.70027,0
,100.5505,18.70038,0
,100.55083,18.70072,0
,100.55098,18.7009,0
,100.55106,18.70108,0
,100.55114,18.70124,0
,100.5512,18.70164,0
,100.5512,18.70174,0
,100.55115,18.70195,0
,100.55112,18.70206,0
,100.55095,18.70247,0
,100.55088,18.70259,0
,100.55084,18.70264,0
,100.55078,18.70269,0
,100.55071,18.70273,0
,100.55059,18.70278,0
,100.55046,18.70286,0
,100.55038,18.70289,0
,100.55028,18.70297,0
,100.55016,18.70301,0
,100.55008,18.70302,0
,100.55005,18.70301,0
,100.54999,18.70301,0
,100.54994,18.70298,0
,100.54985,18.70291,0
,100.54976,18.70287,0
,100.54969,18.70283,0
,100.54957,18.7028,0
,100.54938,18.70283,0
,100.54932,18.70286,0
,100.54913,18.70313,0
,100.54894,18.70336,0
,100.54845,18.70384,0
,100.54894,18.70336,0
,100.54913,18.70313,0
,100.55037,18.70396,0
,100.55043,18.70399,0
,100.55055,18.7042,0
,100.55067,18.70432,0
,100.55091,18.70445,0
,100.55119,18.70454,0
,100.55169,18.70474,0
,100.5519,18.70485,0
,100.55194,18.70488,0
,100.552,18.70491,0
,100.55234,18.70513,0
,100.55283,18.70555,0
,100.55283,18.70556,0
,100.55301,18.70568,0
,100.55324,18.70575,0
,100.55359,18.70581,0
,100.55371,18.70581,0
,100.55378,18.70582,0
,100.55391,18.70582,0
,100.55397,18.70583,0
,100.55403,18.70583,0
,100.55421,18.70581,0
,100.55436,18.70577,0
,100.55451,18.70571,0
,100.55486,18.70554,0
,100.55497,18.7055,0
,100.55504,18.70549,0
,100.55511,18.70547,0
,100.55526,18.70546,0
,100.55546,18.70552,0
,100.55547,18.70552,0
,100.55551,18.70554,0
,100.55552,18.70554,0
,100.55556,18.70556,0
,100.55558,18.70558,0
,100.5566,18.70612,0
,100.55667,18.70618,0
,100.55679,18.70631,0
,100.55696,18.70656,0
,100.55698,18.7066,0
,100.55715,18.70669,0
,100.55726,18.70672,0
,100.55753,18.70687,0
,100.55767,18.70698,0
,100.55769,18.70699,0
,100.55773,18.70705,0
,100.55778,18.70715,0
,100.55784,18.70738,0
,100.55794,18.70758,0
,100.55796,18.7076,0
,100.55805,18.70775,0
,100.55817,18.70785,0
,100.55827,18.70791,0
,100.55839,18.70797,0
,100.55871,18.70808,0
,100.55888,18.70811,0
,100.56018,18.70825,0
,100.56036,18.70828,0
,100.56049,18.70833,0
,100.5605,18.70833,0
,100.56063,18.70842,0
,100.56082,18.7086,0
,100.56097,18.70871,0
,100.56113,18.70879,0
,100.56126,18.70883,0
,100.56137,18.70884,0
,100.5617,18.7089,0
,100.56178,18.70893,0
,100.56193,18.70899,0
,100.56209,18.70907,0
,100.56226,18.70918,0
,100.56235,18.70926,0
,100.56267,18.7095,0
,100.56284,18.7096,0
,100.56298,18.70965,0
,100.56301,18.70967,0
,100.56321,18.70973,0
,100.56339,18.70976,0
,100.56365,18.70986,0
,100.56397,18.70996,0
,100.56428,18.71009,0
,100.5645,18.7102,0
,100.56472,18.71035,0
,100.56475,18.71036,0
,100.56487,18.71045,0
,100.56489,18.71046,0
,100.56499,18.71056,0
,100.56506,18.71066,0
,100.56512,18.71072,0
,100.56522,18.7108,0
,100.56528,18.71086,0
,100.56543,18.71094,0
,100.56562,18.71101,0
,100.56604,18.7111,0
,100.56664,18.7112,0
,100.56672,18.7112,0
,100.56685,18.71122,0
,100.56691,18.71122,0
,100.56765,18.71131,0
,100.56788,18.71138,0
,100.5681,18.71154,0
,100.56824,18.71167,0
,100.56849,18.71186,0
,100.56869,18.71194,0
,100.56883,18.71198,0
,100.56896,18.71199,0
,100.56934,18.71208,0
,100.56952,18.71211,0
,100.57016,18.71212,0
,100.57039,18.71215,0
,100.57062,18.71226,0
,100.5709,18.71234,0
,100.57099,18.71235,0
,100.57106,18.71237,0
,100.57131,18.71241,0
,100.57135,18.71241,0
,100.57175,18.71253,0
,100.57214,18.71269,0
,100.5728,18.71305,0
,100.57304,18.71313,0
,100.57328,18.71318,0
,100.57335,18.71318,0
,100.57353,18.71321,0
,100.57387,18.71323,0
,100.57391,18.71324,0
,100.57417,18.71326,0
,100.57436,18.71326,0
,100.5744,18.71327,0
,100.57454,18.71327,0
,100.57477,18.71335,0
,100.57478,18.71336,0
,100.57502,18.71352,0
,100.57525,18.71365,0
,100.57561,18.71382,0
,100.57587,18.71398,0
,100.57588,18.71398,0
,100.5759,18.71399,0
,100.57601,18.71407,0
,100.57639,18.71447,0
,100.57655,18.71459,0
,100.57663,18.71464,0
,100.57672,18.71467,0
,100.57673,18.71468,0
,100.57697,18.71472,0
,100.57772,18.71463,0
,100.57778,18.71463,0
,100.57809,18.71459,0
,100.57854,18.71458,0
,100.57957,18.71467,0
,100.58012,18.71458,0
,100.58027,18.71458,0
,100.58054,18.71465,0
,100.5806,18.71468,0
,100.58086,18.71478,0
,100.5815,18.71514,0
,100.58154,18.71516,0
,100.58171,18.71518,0
,100.58188,18.71517,0
,100.58212,18.71512,0
,100.5822,18.71509,0
,100.5823,18.71508,0
,100.58242,18.7151,0
,100.58245,18.71512,0
,100.58247,18.71512,0
,100.58259,18.71518,0
,100.58279,18.71531,0
,100.58292,18.71542,0
,100.58314,18.71555,0
,100.58362,18.7157,0
,100.58455,18.71595,0
,100.58494,18.71602,0
,100.58512,18.716,0
,100.58518,18.71598,0
,100.58522,18.71595,0
,100.58523,18.71595,0
,100.58546,18.71575,0
,100.58573,18.71563,0
,100.5858,18.71562,0
,100.58605,18.71563,0
,100.58615,18.71566,0
,100.58626,18.71572,0
,100.58645,18.71585,0
,100.58668,18.71606,0
,100.58672,18.71611,0
,100.58676,18.71614,0
,100.58721,18.71659,0
,100.58768,18.71694,0
,100.58795,18.71711,0
,100.58796,18.71712,0
,100.58807,18.71717,0
,100.58816,18.71719,0
,100.58826,18.71719,0
,100.58836,18.71717,0
,100.58846,18.71712,0
,100.58874,18.71692,0
,100.58916,18.71659,0
,100.5896,18.7163,0
,100.58974,18.71625,0
,100.58991,18.71623,0
,100.58991,18.71622,0
,100.59013,18.71622,0
,100.59043,18.71624,0
,100.59064,18.71622,0
,100.59091,18.71614,0
,100.59121,18.71602,0
,100.59149,18.71597,0
,100.59177,18.71594,0
,100.59188,18.71595,0
,100.59217,18.71594,0
,100.59225,18.71592,0
,100.59236,18.71583,0
,100.59242,18.71575,0
,100.59265,18.71529,0
,100.59272,18.71514,0
,100.59276,18.71508,0
,100.59277,18.71505,0
,100.59286,18.71493,0
,100.59294,18.71485,0
,100.593,18.71482,0
,100.59312,18.71478,0
,100.59319,18.71477,0
,100.59322,18.71476,0
,100.5933,18.71475,0
,100.59338,18.71475,0
,100.5936,18.71472,0
,100.59383,18.71471,0
,100.59416,18.71466,0
,100.59452,18.71458,0
,100.59469,18.71456,0
,100.59473,18.71455,0
,100.59523,18.71456,0
,100.59592,18.71464,0
,100.59614,18.71464,0
,100.59637,18.7146,0
,100.59639,18.71459,0
,100.5965,18.71456,0
,100.59657,18.71453,0
,100.59658,18.71453,0
,100.59676,18.71444,0
,100.59686,18.71438,0
,100.59695,18.71429,0
,100.59727,18.71377,0
,100.59752,18.71348,0
,100.59764,18.71339,0
,100.59782,18.7133,0
,100.59797,18.71324,0
,100.59823,18.71324,0
,100.59862,18.71328,0
,100.59901,18.71338,0
,100.59927,18.71347,0
,100.59954,18.71355,0
,100.59996,18.71359,0
,100.60005,18.71358,0
,100.60063,18.7136,0
,100.60096,18.71358,0
,100.6013,18.71354,0
,100.60141,18.7135,0
,100.60198,18.71336,0
,100.60213,18.71338,0
,100.60233,18.71344,0
,100.60254,18.71355,0
,100.60323,18.71397,0
,100.6034,18.71405,0
,100.60343,18.71407,0
,100.60363,18.71412,0
,100.604,18.71417,0
,100.6042,18.71414,0
,100.60436,18.71407,0
,100.6044,18.71404,0
,100.60447,18.71401,0
,100.6046,18.71393,0
,100.60467,18.7139,0
,100.60472,18.71389,0
,100.60477,18.71387,0
,100.6048,18.71387,0
,100.60485,18.71386,0
,100.60495,18.71386,0
,100.605,18.71387,0
,100.60526,18.71387,0
,100.60539,18.71383,0
,100.60546,18.71378,0
,100.60579,18.71344,0
,100.60579,18.71343,0
,100.60597,18.71333,0
,100.60603,18.71332,0
,100.60615,18.71332,0
,100.60631,18.71336,0
,100.60632,18.71337,0
,100.60636,18.71339,0
,100.60645,18.71349,0
,100.60656,18.71366,0
,100.60658,18.7137,0
,100.60667,18.71381,0
,100.60675,18.71388,0
,100.60681,18.7139,0
,100.60697,18.71393,0
,100.60708,18.71393,0
,100.60733,18.7139,0
,100.60736,18.71389,0
,100.60788,18.71386,0
,100.608,18.71387,0
,100.60814,18.71387,0
,100.6084,18.71393,0
,100.60871,18.71404,0
,100.60876,18.71408,0
,100.60935,18.71438,0
,100.6094,18.71443,0
,100.60942,18.71446,0
,100.60944,18.71454,0
,100.60944,18.7146,0
,100.60931,18.71501,0
,100.60931,18.71511,0
,100.60932,18.71518,0
,100.60934,18.71524,0
,100.60938,18.71529,0
,100.60945,18.71534,0
,100.60963,18.71541,0
,100.61026,18.71557,0
,100.61069,18.7157,0
,100.61111,18.71587,0
,100.61158,18.71601,0
,100.6118,18.71604,0
,100.61199,18.71605,0
,100.61205,18.71606,0
,100.61227,18.71606,0
,100.61237,18.71607,0
,100.61275,18.71606,0
,100.61332,18.71599,0
,100.6135,18.71595,0
,100.61366,18.7159,0
,100.61416,18.71568,0
,100.61417,18.71567,0
,100.61452,18.71553,0
,100.61468,18.71552,0
,100.61474,18.71554,0
,100.61481,18.71555,0
,100.61491,18.7156,0
,100.61504,18.71565,0
,100.61514,18.71567,0
,100.61521,18.71567,0
,100.61528,18.71566,0
,100.61554,18.71553,0
,100.61558,18.71549,0
,100.6156,18.71548,0
,100.61602,18.71505,0
,100.61612,18.71498,0
,100.61623,18.71494,0
,100.61653,18.71493,0
,100.61667,18.71496,0
,100.6167,18.71496,0
,100.61744,18.71522,0
,100.61829,18.71563,0
,100.61851,18.7158,0
,100.61873,18.71593,0
,100.61888,18.71598,0
,100.6192,18.71605,0
,100.61943,18.71605,0
,100.61946,18.71604,0
,100.61958,18.71603,0
,100.62018,18.71589,0
,100.6202,18.71588,0
,100.62069,18.71576,0
,100.6211,18.71568,0
,100.62113,18.71568,0
,100.62115,18.71567,0
,100.6214,18.71567,0
,100.62151,18.71568,0
,100.62292,18.71597,0
,100.62296,18.71597,0
,100.62296,18.71598,0
,100.62326,18.71605,0
,100.62366,18.71625,0
,100.62506,18.71681,0
,100.62507,18.71681,0
,100.62716,18.71763,0
,100.62727,18.71766,0
,100.62728,18.71767,0
,100.6275,18.7177,0
,100.62755,18.7177,0
,100.62757,18.71771,0
,100.62764,18.7177,0
,100.62809,18.71768,0
,100.62814,18.71767,0
,100.62825,18.71767,0
,100.6283,18.71768,0
,100.6284,18.71768,0
,100.62853,18.71771,0
,100.6286,18.71771,0
,100.62876,18.71774,0
,100.62903,18.71786,0
,100.62914,18.71792,0
,100.62932,18.71808,0
,100.62941,18.71821,0
,100.62972,18.71868,0
,100.6298,18.71874,0
,100.62987,18.71877,0
,100.62996,18.71879,0
,100.63001,18.71879,0
,100.63007,18.7188,0
,100.63225,18.71856,0
,100.6323,18.71856,0
,100.63251,18.71853,0
,100.63256,18.71853,0
,100.63273,18.71849,0
,100.63282,18.71848,0
,100.63293,18.71844,0
,100.63296,18.71844,0
,100.63303,18.71842,0
,100.63314,18.71842,0
,100.63319,18.71843,0
,100.63329,18.71847,0
,100.63331,18.71849,0
,100.63332,18.71852,0
,100.63333,18.71853,0
,100.63338,18.71869,0
,100.63365,18.71946,0
,100.63373,18.71961,0
,100.63382,18.71973,0
,100.63418,18.72002,0
,100.63473,18.72031,0
,100.63504,18.72042,0
,100.63518,18.72045,0
,100.6358,18.72052,0
,100.63725,18.72057,0
,100.63925,18.72073,0
,100.64009,18.72075,0
,100.64026,18.72074,0
,100.64174,18.72046,0
,100.64206,18.72043,0
,100.64341,18.72046,0
,100.64354,18.72049,0
,100.64469,18.72052,0
,100.64856,18.72072,0
,100.64883,18.72071,0
,100.64902,18.72068,0
,100.64941,18.72057,0
,100.64957,18.72051,0
,100.64973,18.72043,0
,100.65056,18.71994,0
,100.65128,18.71956,0
,100.65134,18.7195,0
,100.65321,18.71878,0
,100.65383,18.71863,0
,100.65385,18.71862,0
,100.65417,18.71856,0
,100.65445,18.71854,0
,100.65479,18.71858,0
,100.65803,18.71935,0
,100.65863,18.7194,0
,100.65925,18.71941,0
,100.65936,18.71942,0
,100.66228,18.71932,0
,100.66272,18.71938,0
,100.66282,18.71941,0
,100.66298,18.71948,0
,100.66873,18.72251,0
,100.669,18.72263,0
,100.66927,18.72272,0
,100.67137,18.72327,0
,100.67171,18.72338,0
,100.67192,18.7235,0
,100.67213,18.72368,0
,100.67251,18.7242,0
,100.67273,18.72446,0
,100.6728,18.72453,0
,100.673,18.7247,0
,100.67407,18.72542,0
,100.67509,18.72597,0
,100.67738,18.72701,0
,100.67818,18.72745,0
,100.67821,18.72746,0
,100.67932,18.72811,0
,100.67959,18.7283,0
,100.67979,18.72848,0
,100.68016,18.72889,0
,100.68149,18.73072,0
,100.68154,18.73077,0
,100.68213,18.73157,0
,100.68219,18.73163,0
,100.68227,18.73169,0
,100.68245,18.73178,0
,100.68343,18.73205,0
,100.68384,18.73219,0
,100.68409,18.73235,0
,100.68416,18.73243,0
,100.68421,18.73252,0
,100.68424,18.73259,0
,100.68445,18.73335,0
,100.68485,18.73515,0
,100.68491,18.73525,0
,100.68501,18.73537,0
,100.68522,18.73558,0
,100.68538,18.7358,0
,100.68542,18.73587,0
,100.68548,18.73605,0
,100.68556,18.73639,0
,100.68485,18.73668,0
,100.68366,18.73722,0
,100.68359,18.73737,0
,100.68321,18.73853,0
,100.68314,18.73884,0
,100.68313,18.73893,0
,100.68314,18.73989,0
,100.6831,18.74044,0
,100.68302,18.74078,0
,100.68292,18.74102,0
,100.68285,18.74124,0
,100.68253,18.74246,0
,100.68246,18.74263,0
,100.68178,18.74529,0
,100.68174,18.74539,0
,100.68146,18.74592,0
,100.68137,18.74616,0
,100.68133,18.74631,0
,100.68118,18.74724,0
,100.68116,18.74764,0
,100.68117,18.74794,0
,100.68119,18.7481,0
,100.68133,18.74878,0
,100.68134,18.74887,0
,100.68142,18.74911,0
,100.68185,18.75018,0
,100.68228,18.7509,0
,100.68248,18.7513,0
,100.68251,18.7514,0
,100.68252,18.75148,0
,100.68251,18.7516,0
,100.68249,18.7517,0
,100.68232,18.75231,0
,100.68231,18.75245,0
,100.68239,18.75272,0
,100.68239,18.75273,0
,100.68265,18.75347,0
,100.68266,18.75353,0
,100.68266,18.7536,0
,100.68262,18.75375,0
,100.68262,18.75376,0
,100.68227,18.75451,0
,100.68227,18.75453,0
,100.68228,18.75455,0
,100.68229,18.75462,0
,100.6826,18.75534,0
,100.68266,18.7554,0
,100.6827,18.75546,0
,100.68307,18.75579,0
,100.6829,18.75593,0
,100.68263,18.7562,0
,100.6825,18.75636,0
,100.68238,18.75653,0
,100.68203,18.75688,0
,100.68161,18.75718,0
,100.68087,18.75761,0
,100.68075,18.75769,0
,100.68028,18.75809,0
,100.68011,18.75832,0
,100.67989,18.75869,0
,100.67979,18.75892,0
,100.67976,18.75901,0
,100.67973,18.75913,0
,100.67973,18.75917,0
,100.67971,18.75927,0
,100.67959,18.76024,0
,100.67956,18.76064,0
,100.67958,18.76093,0
,100.67973,18.76162,0
,100.67976,18.76186,0
,100.67977,18.76217,0
,100.67975,18.76231,0
,100.67972,18.76243,0
,100.67968,18.76253,0
,100.67959,18.76265,0
,100.67952,18.7627,0
,100.6789,18.763,0
,100.67884,18.76305,0
,100.67875,18.76319,0
,100.6785,18.76448,0
,100.6785,18.76473,0
,100.6786,18.76542,0
,100.67861,18.76562,0
,100.67865,18.76594,0
,100.6787,18.76616,0
,100.67872,18.7662,0
,100.67876,18.76624,0
,100.67882,18.76628,0
,100.67929,18.7668,0
,100.67998,18.7673,0
,100.68007,18.76739,0
,100.68017,18.76747,0
,100.68025,18.76761,0
,100.68027,18.76766,0
,100.68027,18.76777,0
,100.68016,18.7684,0
,100.68013,18.76892,0
,100.68013,18.76916,0
,100.6802,18.76962,0
,100.68021,18.76963,0
,100.68026,18.76979,0
,100.68027,18.7698,0
,100.6803,18.76988,0
,100.68066,18.77051,0
,100.68067,18.77065,0
,100.68062,18.77085,0
,100.6805,18.77119,0
,100.68044,18.77127,0
,100.68044,18.77128,0
,100.68013,18.77169,0
,100.68012,18.77172,0
,100.68008,18.77178,0
,100.67994,18.77212,0
,100.67979,18.77242,0
,100.67957,18.77268,0
,100.67865,18.7735,0
,100.67856,18.7736,0
,100.67819,18.77396,0
,100.67811,18.77405,0
,100.67799,18.77422,0
,100.67794,18.77432,0
,100.67789,18.77447,0
,100.67703,18.77442,0
,100.67642,18.77441,0
,100.67626,18.77443,0
,100.67613,18.77447,0
,100.67604,18.77451,0
,100.67587,18.77463,0
,100.67542,18.77504,0
,100.67521,18.77526,0
,100.67506,18.77547,0
,100.67502,18.77556,0
,100.675,18.77559,0
,100.67498,18.77565,0
,100.67459,18.77655,0
,100.67449,18.7767,0
,100.67435,18.77688,0
,100.6741,18.77712,0
,100.67274,18.77828,0
,100.67267,18.77833,0
,100.67318,18.77883,0
,100.67321,18.77885,0
,100.67342,18.77911,0
,100.67349,18.77915,0
,100.67359,18.77918,0
,100.67378,18.77921,0
,100.67378,18.77922,0
,100.67382,18.77924,0
,100.67386,18.77925,0
,100.67391,18.77931,0
,100.67393,18.77936,0
,100.67398,18.77964,0
,100.67403,18.77972,0
,100.67414,18.77979,0
,100.67456,18.77987,0
,100.67466,18.77986,0
,100.67478,18.77984,0
,100.67489,18.77984,0
,100.67496,18.77987,0
,100.67501,18.77991,0
,100.67534,18.78027,0
,100.67554,18.78052,0
,100.67559,18.7806,0
,100.67582,18.78108,0
,100.67587,18.78125,0
,100.67588,18.78132,0
,100.67589,18.78154,0
,100.67588,18.7816,0
,100.67587,18.78203,0
,100.67585,18.78225,0
,100.67576,18.78262,0
,100.67576,18.78276,0
,100.67579,18.78286,0
,100.67596,18.78314,0
,100.67599,18.78324,0
,100.67599,18.78327,0
,100.676,18.7833,0
,100.67598,18.7834,0
,100.67598,18.78342,0
,100.67587,18.78382,0
,100.67585,18.78394,0
,100.67585,18.784,0
,100.67607,18.78563,0
,100.67607,18.78568,0
,100.67605,18.78578,0
,100.67602,18.78587,0
,100.67598,18.78596,0
,100.67582,18.78618,0
,100.67529,18.78701,0
,100.67514,18.78718,0
,100.67498,18.78739,0
,100.67488,18.78749,0
,100.67457,18.78775,0
,100.67442,18.78786,0
,100.6742,18.788,0
,100.6736,18.78827,0
,100.67349,18.78834,0
,100.67308,18.78876,0
,100.67304,18.78882,0
,100.67299,18.78894,0
,100.67298,18.789,0
,100.67298,18.78939,0
,100.67299,18.78952,0
,100.67298,18.79035,0
,100.67294,18.79055,0
,100.67292,18.7906,0
,100.67281,18.79074,0
,100.67268,18.79087,0
,100.67255,18.79102,0
,100.67237,18.79133,0
,100.67236,18.79137,0
,100.67234,18.7914,0
,100.67217,18.79199,0
,100.67211,18.79228,0
,100.67205,18.79249,0
,100.67201,18.79258,0
,100.67197,18.79265,0
,100.67178,18.79291,0
,100.67166,18.79305,0
,100.67156,18.7932,0
,100.67152,18.79324,0
,100.67147,18.79336,0
,100.67147,18.79338,0
,100.67144,18.79351,0
,100.67141,18.79447,0
,100.6714,18.79451,0
,100.67134,18.79464,0
,100.67133,18.79467,0
,100.67129,18.7947,0
,100.67101,18.79501,0
,100.67097,18.79509,0
,100.6709,18.7952,0
,100.67052,18.79624,0
,100.67039,18.79666,0
,100.67028,18.79713,0
,100.67019,18.79739,0
,100.67017,18.79743,0
,100.66971,18.79806,0
,100.66938,18.79857,0
,100.66937,18.79858,0
,100.66927,18.79884,0
,100.66915,18.79921,0
,100.669,18.79958,0
,100.66886,18.79982,0
,100.66874,18.79999,0
,100.66847,18.80032,0
,100.66838,18.8004,0
,100.66826,18.80048,0
,100.66788,18.80066,0
,100.66713,18.80097,0
,100.66696,18.80102,0
,100.66688,18.80105,0
,100.66682,18.80105,0
,100.66668,18.80107,0
,100.6665,18.80108,0
,100.66586,18.80106,0
,100.66568,18.80104,0
,100.66568,18.80124,0
,100.66558,18.80217,0
,100.66553,18.8025,0
,100.66551,18.80275,0
,100.66551,18.80304,0
,100.66552,18.80312,0
,100.66557,18.80334,0
,100.66562,18.80347,0
,100.66592,18.80396,0
,100.66596,18.80399,0
,100.66619,18.80425,0
,100.66684,18.80492,0
,100.66697,18.80508,0
,100.66703,18.80517,0
,100.66704,18.80517,0
,100.66707,18.80523,0
,100.66708,18.80524,0
,100.66715,18.80541,0
,100.66716,18.80546,0
,100.66717,18.8057,0
,100.66716,18.80577,0
,100.66716,18.80585,0
,100.66714,18.80591,0
,100.66697,18.80682,0
,100.66685,18.80719,0
,100.66672,18.80747,0
,100.6659,18.80883,0
,100.66546,18.80947,0
,100.66536,18.80965,0
,100.66535,18.80969,0
,100.66533,18.80972,0
,100.6653,18.80985,0
,100.66526,18.81011,0
,100.66524,18.81047,0
,100.66524,18.81073,0
,100.66522,18.81082,0
,100.66522,18.81083,0
,100.66519,18.81091,0
,100.66516,18.81096,0
,100.66482,18.81168,0
,100.66466,18.81255,0
,100.66463,18.81284,0
,100.66458,18.81396,0
,100.66447,18.8145,0
,100.66432,18.81554,0
,100.66432,18.81566,0
,100.66435,18.81591,0
,100.66407,18.81613,0
,100.66357,18.81661,0
,100.6635,18.81669,0
,100.66342,18.81681,0
,100.66339,18.81684,0
,100.66317,18.81718,0
,100.66309,18.81738,0
,100.66308,18.81743,0
,100.66306,18.81747,0
,100.6629,18.81798,0
,100.6628,18.81843,0
,100.66267,18.81934,0
,100.66253,18.82008,0
,100.66207,18.82184,0
,100.66171,18.82305,0
,100.66169,18.82315,0
,100.66166,18.82341,0
,100.66165,18.82362,0
,100.66166,18.82446,0
,100.66163,18.82475,0
,100.66158,18.82492,0
,100.66153,18.82505,0
,100.66134,18.82542,0
,100.66112,18.8258,0
,100.66108,18.82589,0
,100.66099,18.82605,0
,100.66099,18.82606,0
,100.66093,18.82615,0
,100.66055,18.82692,0
,100.66048,18.8272,0
,100.66046,18.82734,0
,100.66046,18.82768,0
,100.66053,18.82805,0
,100.66098,18.82983,0
,100.66101,18.83003,0
,100.66103,18.83038,0
,100.66101,18.83055,0
,100.66098,18.83064,0
,100.66098,18.83067,0
,100.66095,18.83076,0
,100.66092,18.83082,0
,100.66081,18.83099,0
,100.66009,18.83191,0
,100.65895,18.83389,0
,100.65877,18.83413,0
,100.65851,18.83444,0
,100.65825,18.83466,0
,100.65802,18.8348,0
,100.65774,18.83492,0
,100.65751,18.83504,0
,100.65738,18.83513,0
,100.65726,18.83526,0
,100.65669,18.836,0
,100.65658,18.8361,0
,100.65617,18.8364,0
,100.65598,18.83652,0
,100.65539,18.83694,0
,100.65529,18.83704,0
,100.6552,18.83715,0
,100.65518,18.83719,0
,100.65516,18.83721,0
,100.65507,18.83742,0
,100.655,18.83763,0
,100.6549,18.83802,0
,100.65475,18.83885,0
,100.65474,18.83888,0
,100.65461,18.83967,0
,100.6546,18.83986,0
,100.65457,18.84007,0
,100.6546,18.84081,0
,100.65463,18.84109,0
,100.65473,18.84143,0
,100.65491,18.84183,0
,100.6552,18.84239,0
,100.65534,18.84278,0
,100.65537,18.84289,0
,100.65541,18.8431,0
,100.65541,18.84334,0
,100.6554,18.84345,0
,100.6554,18.84356,0
,100.65519,18.84472,0
,100.65509,18.84542,0
,100.6547,18.84737,0
,100.65441,18.84861,0
,100.65439,18.84866,0
,100.65428,18.84913,0
,100.65418,18.84935,0
,100.65408,18.84949,0
,100.65394,18.84962,0
,100.65367,18.84981,0
,100.65262,18.85036,0
,100.65213,18.85062,0
,100.65188,18.85083,0
,100.65176,18.85095,0
,100.65165,18.85113,0
,100.65164,18.85113,0
,100.65158,18.85124,0
,100.65103,18.85247,0
,100.6508,18.85288,0
,100.6506,18.85319,0
,100.6501,18.85385,0
,100.6497,18.85443,0
,100.64948,18.85484,0
,100.6491,18.85578,0
,100.64899,18.85611,0
,100.64881,18.8568,0
,100.64874,18.85696,0
,100.6484,18.85738,0
,100.64832,18.85746,0
,100.64795,18.85793,0
,100.64765,18.85845,0
,100.64687,18.86008,0
,100.6468,18.86025,0
,100.64665,18.86052,0
,100.64661,18.86056,0
,100.64652,18.86062,0
,100.64575,18.86087,0
,100.64546,18.861,0
,100.64522,18.86113,0
,100.64516,18.86115,0
,100.64423,18.8617,0
,100.64324,18.86245,0
,100.64308,18.86255,0
,100.64296,18.8626,0
,100.64273,18.86265,0
,100.64258,18.86267,0
,100.64228,18.86268,0
,100.6419,18.86265,0
,100.64147,18.86258,0
,100.64073,18.86233,0
,100.64041,18.86224,0
,100.63984,18.86203,0
,100.63968,18.862,0
,100.63932,18.86198,0
,100.63872,18.86209,0
,100.6387,18.86209,0
,100.63847,18.86216,0
,100.63824,18.86228,0
,100.63768,18.86263,0
,100.63753,18.86275,0
,100.63693,18.86317,0
,100.63673,18.86333,0
,100.63651,18.86346,0
,100.63629,18.86353,0
,100.63568,18.8636,0
,100.63359,18.86364,0
,100.63323,18.86368,0
,100.63311,18.86371,0
,100.63303,18.86374,0
,100.63295,18.86379,0
,100.63285,18.86389,0
,100.63272,18.86412,0
,100.63258,18.86438,0
,100.63253,18.86443,0
,100.63251,18.86446,0
,100.63245,18.86451,0
,100.63199,18.86482,0
,100.63187,18.86493,0
,100.63162,18.86527,0
,100.63146,18.86544,0
,100.63114,18.86562,0
,100.6308,18.86579,0
,100.63029,18.86598,0
,100.6299,18.86608,0
,100.62984,18.86611,0
,100.62974,18.86618,0
,100.62964,18.86637,0
,100.62956,18.86657,0
,100.62948,18.86673,0
,100.62948,18.86674,0
,100.62942,18.86683,0
,100.62939,18.86689,0
,100.62923,18.86709,0
,100.62914,18.86717,0
,100.62903,18.86724,0
,100.62882,18.86731,0
,100.62869,18.86733,0
,100.6285,18.86732,0
,100.62731,18.8671,0
,100.62702,18.86702,0
,100.62701,18.86701,0
,100.62683,18.86695,0
,100.62632,18.86673,0
,100.62631,18.86672,0
,100.62569,18.86643,0
,100.62554,18.86638,0
,100.62543,18.86636,0
,100.62528,18.86636,0
,100.62526,18.86637,0
,100.62443,18.86654,0
,100.62434,18.86658,0
,100.62422,18.86662,0
,100.62383,18.8668,0
,100.62371,18.86682,0
,100.62351,18.8668,0
,100.62294,18.86664,0
,100.62289,18.86664,0
,100.6225,18.8666,0
,100.62237,18.86657,0
,100.62215,18.86647,0
,100.62196,18.86634,0
,100.62113,18.8657,0
,100.62112,18.8657,0
,100.62101,18.86562,0
,100.6209,18.86557,0
,100.62074,18.86554,0
,100.62062,18.86556,0
,100.62052,18.86561,0
,100.61987,18.866,0
,100.61976,18.86605,0
,100.61968,18.86607,0
,100.6196,18.86608,0
,100.61936,18.86608,0
,100.61884,18.86603,0
,100.61847,18.86596,0
,100.61831,18.86591,0
,100.61829,18.86591,0
,100.61821,18.86589,0
,100.618,18.86581,0
,100.6178,18.8657,0
,100.61755,18.86548,0
,100.61724,18.86517,0
,100.61655,18.86455,0
,100.61611,18.86421,0
,100.616,18.86409,0
,100.61585,18.86387,0
,100.61561,18.86357,0
,100.61544,18.86346,0
,100.6149,18.86327,0
,100.6145,18.86309,0
,100.61448,18.86307,0
,100.61426,18.86295,0
,100.61358,18.86251,0
,100.6134,18.86243,0
,100.61317,18.86237,0
,100.61307,18.86234,0
,100.61301,18.86233,0
,100.61262,18.86232,0
,100.61242,18.86236,0
,100.61221,18.86237,0
,100.6117,18.86224,0
,100.6116,18.86223,0
,100.61149,18.86223,0
,100.61134,18.86227,0
,100.61131,18.86229,0
,100.61114,18.86237,0
,100.61097,18.86248,0
,100.61049,18.86274,0
,100.61031,18.8628,0
,100.61012,18.86283,0
,100.61009,18.86284,0
,100.60933,18.86286,0
,100.60905,18.86283,0
,100.6086,18.86269,0
,100.60858,18.86269,0
,100.6084,18.86265,0
,100.60801,18.86266,0
,100.60746,18.86277,0
,100.60725,18.86285,0
,100.60713,18.86293,0
,100.60703,18.86302,0
,100.60695,18.86311,0
,100.6069,18.86318,0
,100.60674,18.86349,0
,100.60645,18.8643,0
,100.60636,18.86449,0
,100.6063,18.86458,0
,100.60621,18.86466,0
,100.60613,18.86471,0
,100.60606,18.86474,0
,100.60554,18.86491,0
,100.60547,18.86495,0
,100.60539,18.86501,0
,100.60538,18.86501,0
,100.60529,18.86513,0
,100.60521,18.86532,0
,100.60521,18.86535,0
,100.6051,18.86567,0
,100.60505,18.86584,0
,100.605,18.866,0
,100.60499,18.86601,0
,100.60496,18.8661,0
,100.60493,18.86616,0
,100.60487,18.86625,0
,100.60468,18.86646,0
,100.60466,18.86647,0
,100.60455,18.86658,0
,100.60451,18.86663,0
,100.60364,18.86744,0
,100.60361,18.86748,0
,100.60324,18.86782,0
,100.60294,18.868,0
,100.60245,18.8682,0
,100.60215,18.86839,0
,100.60207,18.86847,0
,100.60169,18.8688,0
,100.60163,18.86884,0
,100.60147,18.86897,0
,100.60044,18.86964,0
,100.60019,18.86978,0
,100.6,18.86986,0
,100.59979,18.86992,0
,100.59966,18.86994,0
,100.59909,18.86995,0
,100.59902,18.86996,0
,100.59894,18.86996,0
,100.59848,18.87,0
,100.59846,18.87001,0
,100.59842,18.87001,0
,100.59819,18.87009,0
,100.59796,18.87019,0
,100.59778,18.8703,0
,100.59777,18.8703,0
,100.5976,18.87042,0
,100.59749,18.87053,0
,100.59749,18.87054,0
,100.59747,18.87055,0
,100.59739,18.87072,0
,100.59737,18.8708,0
,100.59735,18.87085,0
,100.59725,18.87141,0
,100.59723,18.87147,0
,100.5972,18.87152,0
,100.5971,18.87162,0
,100.59694,18.87171,0
,100.59684,18.87175,0
,100.59558,18.87204,0
,100.59555,18.87204,0
,100.59462,18.87224,0
,100.59406,18.87239,0
,100.5938,18.87252,0
,100.59339,18.87278,0
,100.59321,18.87291,0
,100.59308,18.87302,0
,100.59289,18.87326,0
,100.59259,18.87371,0
,100.59259,18.87372,0
,100.59189,18.87462,0
,100.59175,18.87477,0
,100.59168,18.87482,0
,100.59164,18.87484,0
,100.59163,18.87484,0
,100.59148,18.87488,0
,100.59142,18.87488,0
,100.5911,18.87483,0
,100.59093,18.87478,0
,100.5909,18.87478,0
,100.59054,18.87467,0
,100.59043,18.87465,0
,100.59035,18.87462,0
,100.59017,18.87457,0
,100.58991,18.87453,0
,100.58976,18.87453,0
,100.5896,18.87455,0
,100.58945,18.87459,0
,100.58917,18.87469,0
,100.58892,18.87476,0
,100.58888,18.87478,0
,100.58876,18.87481,0
,100.58851,18.87495,0
,100.58781,18.8754,0
,100.58777,18.87545,0
,100.58775,18.87546,0
,100.58761,18.87561,0
,100.58742,18.87587,0
,100.58739,18.87594,0
,100.58712,18.87644,0
,100.58702,18.87658,0
,100.58674,18.87687,0
,100.58638,18.87719,0
,100.58636,18.8772,0
,100.58627,18.87727,0
,100.58621,18.8773,0
,100.58584,18.87744,0
,100.58569,18.87752,0
,100.58559,18.87757,0
,100.58555,18.87761,0
,100.58552,18.87763,0
,100.58547,18.8777,0
,100.58544,18.87776,0
,100.58541,18.8778,0
,100.58527,18.87808,0
,100.58521,18.87825,0
,100.58508,18.87852,0
,100.58493,18.87872,0
,100.58482,18.87879,0
,100.58472,18.87883,0
,100.58466,18.87884,0
,100.58458,18.87884,0
,100.58438,18.87881,0
,100.58421,18.87878,0
,100.58419,18.87877,0
,100.58401,18.87872,0
,100.58389,18.87865,0
,100.58383,18.87859,0
,100.58381,18.87855,0
,100.5838,18.87851,0
,100.5838,18.87847,0
,100.58381,18.87846,0
,100.58382,18.87839,0
,100.58402,18.87799,0
,100.58402,18.87789,0
,100.58403,18.87786,0
,100.58403,18.87784,0
,100.58401,18.87781,0
,100.58396,18.87776,0
,100.58368,18.87761,0
,100.5836,18.87758,0
,100.58352,18.87752,0
,100.5834,18.87738,0
,100.58322,18.87713,0
,100.5831,18.87702,0
,100.58295,18.87694,0
,100.58285,18.87691,0
,100.58274,18.87691,0
,100.5827,18.87692,0
,100.58267,18.87694,0
,100.58265,18.87694,0
,100.58257,18.877,0
,100.58244,18.87718,0
,100.58237,18.87725,0
,100.58225,18.87731,0
,100.58213,18.87731,0
,100.58208,18.87729,0
,100.58207,18.87729,0
,100.58191,18.8772,0
,100.58025,18.87639,0
,100.57995,18.8763,0
,100.57994,18.87629,0
,100.57975,18.87625,0
,100.57957,18.87622,0
,100.57899,18.87622,0
,100.5788,18.87624,0
,100.57855,18.87625,0
,100.57842,18.87628,0
,100.57832,18.87632,0
,100.5782,18.87639,0
,100.57807,18.87651,0
,100.57797,18.87664,0
,100.57773,18.87704,0
,100.57756,18.87719,0
,100.57744,18.87726,0
,100.57738,18.87728,0
,100.57722,18.87731,0
,100.57714,18.87731,0
,100.57705,18.8773,0
,100.57668,18.87717,0
,100.57663,18.87716,0
,100.57655,18.87716,0
,100.57649,18.87717,0
,100.57635,18.87725,0
,100.57601,18.87757,0
,100.57601,18.87758,0
,100.57595,18.87763,0
,100.57586,18.87769,0
,100.57585,18.87769,0
,100.57577,18.87773,0
,100.57569,18.87775,0
,100.57548,18.87777,0
,100.57521,18.87772,0
,100.57511,18.87771,0
,100.57469,18.87773,0
,100.57449,18.87776,0
,100.57421,18.87776,0
,100.57405,18.87774,0
,100.57382,18.8777,0
,100.5737,18.87766,0
,100.57363,18.87762,0
,100.57347,18.87745,0
,100.57335,18.87723,0
,100.57312,18.87693,0
,100.57295,18.87675,0
,100.57294,18.87675,0
,100.57276,18.87664,0
,100.572,18.87627,0
,100.57181,18.87612,0
,100.5717,18.87597,0
,100.57164,18.87586,0
,100.5716,18.87569,0
,100.57158,18.87554,0
,100.57158,18.87542,0
,100.57156,18.87534,0
,100.57149,18.8752,0
,100.57145,18.87515,0
,100.57142,18.87513,0
,100.5714,18.8751,0
,100.57135,18.87508,0
,100.57132,18.87506,0
,100.57129,18.87506,0
,100.57117,18.87503,0
,100.57108,18.87503,0
,100.57107,18.87504,0
,100.57104,18.87504,0
,100.57092,18.87508,0
,100.57089,18.8751,0
,100.57086,18.87514,0
,100.57079,18.87521,0
,100.57068,18.87539,0
,100.57068,18.8754,0
,100.57061,18.87553,0
,100.5705,18.87564,0
,100.57046,18.87569,0
,100.57032,18.87577,0
,100.57015,18.87581,0
,100.56973,18.8758,0
,100.56948,18.87574,0
,100.56907,18.87558,0
,100.56873,18.87548,0
,100.56825,18.87544,0
,100.56807,18.87541,0
,100.56798,18.87538,0
,100.5679,18.87534,0
,100.56755,18.8752,0
,100.56697,18.87491,0
,100.56673,18.87475,0
,100.56615,18.87428,0
,100.56587,18.8741,0
,100.56584,18.87407,0
,100.56552,18.87388,0
,100.56492,18.87353,0
,100.56454,18.87334,0
,100.56436,18.87326,0
,100.56432,18.87323,0
,100.56349,18.87288,0
,100.56317,18.87279,0
,100.56294,18.87275,0
,100.56264,18.87273,0
,100.56251,18.87271,0
,100.56244,18.87271,0
,100.56243,18.8727,0
,100.56233,18.87269,0
,100.56223,18.87266,0
,100.5622,18.87264,0
,100.56216,18.87263,0
,100.56195,18.87252,0
,100.56146,18.87217,0
,100.56002,18.87132,0
,100.55982,18.87122,0
,100.55962,18.87117,0
,100.55961,18.87116,0
,100.55942,18.87112,0
,100.5593,18.87108,0
,100.55878,18.87097,0
,100.55875,18.87097,0
,100.55829,18.87086,0
,100.55801,18.87077,0
,100.55796,18.87074,0
,100.55777,18.87066,0
,100.55695,18.87024,0
,100.55579,18.86965,0
,100.5556,18.86954,0
,100.55494,18.86905,0
,100.55486,18.86902,0
,100.5548,18.86901,0
,100.55475,18.86901,0
,100.55471,18.86902,0
,100.55466,18.86903,0
,100.55439,18.86918,0
,100.55355,18.86971,0
,100.55354,18.86971,0
,100.55344,18.86976,0
,100.55337,18.86978,0
,100.55337,18.86979,0
,100.55328,18.86982,0
,100.55322,18.86983,0
,100.55268,18.86998,0
,100.55265,18.87,0
,100.55247,18.87007,0
,100.55155,18.87056,0
,100.5515,18.87058,0
,100.55148,18.8706,0
,100.55142,18.87063,0
,100.55133,18.8707,0
,100.55129,18.87073,0
,100.55097,18.87112,0
,100.55092,18.87117,0
,100.5508,18.87126,0
,100.55071,18.87129,0
,100.55064,18.87129,0
,100.55056,18.87127,0
,100.55012,18.87108,0
,100.54994,18.87103,0
,100.54979,18.871,0
,100.54934,18.87099,0
,100.5491,18.87102,0
,100.54891,18.87106,0
,100.5487,18.87113,0
,100.54864,18.87114,0
,100.54857,18.87117,0
,100.54827,18.87125,0
,100.54826,18.87125,0
,100.54815,18.87129,0
,100.54803,18.87132,0
,100.54793,18.87134,0
,100.54783,18.87138,0
,100.54776,18.8714,0
,100.54768,18.87145,0
,100.54761,18.87149,0
,100.54747,18.87161,0
,100.54721,18.8718,0
,100.54709,18.87186,0
,100.54696,18.87191,0
,100.54679,18.872,0
,100.54678,18.872,0
,100.54663,18.87211,0
,100.54662,18.87211,0
,100.54658,18.87215,0
,100.54645,18.87233,0
,100.5464,18.87242,0
,100.54631,18.87254,0
,100.54615,18.8727,0
,100.54604,18.87278,0
,100.54576,18.87294,0
,100.54567,18.87298,0
,100.54554,18.87307,0
,100.5454,18.87322,0
,100.54537,18.87328,0
,100.54533,18.87341,0
,100.54531,18.87353,0
,100.54525,18.87458,0
,100.5452,18.87479,0
,100.5452,18.8748,0
,100.54518,18.87485,0
,100.54513,18.87493,0
,100.54506,18.87498,0
,100.5449,18.87504,0
,100.54474,18.87506,0
,100.54449,18.87507,0
,100.54444,18.87509,0
,100.54441,18.87511,0
,100.54436,18.87516,0
,100.5443,18.87525,0
,100.54427,18.87531,0
,100.54425,18.87537,0
,100.5442,18.87544,0
,100.5442,18.87545,0
,100.54408,18.87556,0
,100.54397,18.87563,0
,100.5439,18.87565,0
,100.54389,18.87566,0
,100.54339,18.87578,0
,100.54334,18.8758,0
,100.54326,18.87582,0
,100.54317,18.87586,0
,100.54317,18.87587,0
,100.54312,18.8759,0
,100.54304,18.87605,0
,100.543,18.87625,0
,100.54304,18.87702,0
,100.54303,18.87705,0
,100.54294,18.87714,0
,100.54287,18.87718,0
,100.54287,18.87719,0
,100.5428,18.87722,0
,100.54269,18.87725,0
,100.54213,18.87746,0
,100.54206,18.8775,0
,100.54173,18.87781,0
,100.5417,18.87782,0
,100.54168,18.87784,0
,100.54165,18.87785,0
,100.54152,18.87786,0
,100.54132,18.87786,0
,100.54112,18.87782,0
,100.541,18.87778,0
,100.54099,18.87777,0
,100.5409,18.87772,0
,100.54069,18.87753,0
,100.54052,18.87743,0
,100.54039,18.87738,0
,100.54019,18.87734,0
,100.54016,18.87734,0
,100.53994,18.87731,0
,100.53929,18.87728,0
,100.53924,18.87729,0
,100.53913,18.87732,0
,100.53884,18.87747,0
,100.53872,18.87751,0
,100.53862,18.87755,0
,100.53844,18.87757,0
,100.53835,18.87756,0
,100.53835,18.87755,0
,100.53822,18.87752,0
,100.53802,18.87743,0
,100.53801,18.87741,0
,100.53794,18.87736,0
,100.53775,18.87715,0
,100.53762,18.87706,0
,100.53738,18.87695,0
,100.53692,18.87683,0
,100.53687,18.87681,0
,100.5368,18.87677,0
,100.53676,18.87673,0
,100.53666,18.87658,0
,100.53654,18.87643,0
,100.53652,18.8764,0
,100.53645,18.87636,0
,100.53643,18.87634,0
,100.53639,18.87633,0
,100.53627,18.87633,0
,100.53617,18.87637,0
,100.53605,18.87641,0
,100.53599,18.87644,0
,100.53587,18.87648,0
,100.53572,18.8765,0
,100.53555,18.8765,0
,100.53505,18.87645,0
,100.53451,18.87631,0
,100.53432,18.87623,0
,100.534,18.87606,0
,100.53376,18.87595,0
,100.53351,18.87587,0
,100.53324,18.87575,0
,100.53298,18.87557,0
,100.53286,18.87553,0
,100.5327,18.87556,0
,100.53254,18.87562,0
,100.53244,18.87564,0
,100.53243,18.87565,0
,100.53236,18.87567,0
,100.53229,18.87568,0
,100.53216,18.87568,0
,100.53206,18.87566,0
,100.53193,18.8756,0
,100.5316,18.87536,0
,100.53157,18.87533,0
,100.53151,18.87529,0
,100.53141,18.87524,0
,100.53111,18.87512,0
,100.5311,18.87511,0
,100.53052,18.87489,0
,100.53039,18.87482,0
,100.53027,18.87475,0
,100.53025,18.87472,0
,100.53007,18.87457,0
,100.52966,18.87416,0
,100.52948,18.87405,0
,100.52943,18.87401,0
,100.52935,18.87398,0
,100.52926,18.87396,0
,100.52908,18.87395,0
,100.52896,18.87397,0
,100.52877,18.87398,0
,100.52816,18.87405,0
,100.52805,18.87405,0
,100.52802,18.87404,0
,100.52795,18.87403,0
,100.52782,18.87399,0
,100.52717,18.87364,0
,100.52699,18.87359,0
,100.52689,18.87358,0
,100.5268,18.87358,0
,100.52661,18.87361,0
,100.52654,18.87364,0
,100.52634,18.87368,0
,100.52623,18.87368,0
,100.52599,18.87365,0
,100.52586,18.87365,0
,100.52582,18.87366,0
,100.52576,18.87369,0
,100.52544,18.8739,0
,100.52519,18.87396,0
,100.52501,18.87403,0
,100.52474,18.87422,0
,100.52467,18.87424,0
,100.52457,18.87424,0
,100.52451,18.87422,0
,100.5245,18.87422,0
,100.52439,18.87416,0
,100.52434,18.87414,0
,100.52419,18.87404,0
,100.52334,18.87358,0
,100.52324,18.87351,0
,100.52302,18.87331,0
,100.52293,18.87328,0
,100.52286,18.87328,0
,100.52282,18.87329,0
,100.52279,18.87329,0
,100.52274,18.87331,0
,100.52272,18.87331,0
,100.52271,18.87332,0
,100.52253,18.87338,0
,100.52241,18.87339,0
,100.52218,18.8733,0
,100.52203,18.8732,0
,100.52201,18.8732,0
,100.52181,18.87291,0
,100.52174,18.87274,0
,100.52166,18.8726,0
,100.52153,18.87246,0
,100.5214,18.87241,0
,100.52134,18.8724,0
,100.52121,18.8724,0
,100.52058,18.8725,0
,100.51975,18.87256,0
,100.51925,18.87266,0
,100.51873,18.87265,0
,100.5187,18.87266,0
,100.51869,18.87266,0
,100.51862,18.87269,0
,100.51858,18.87272,0
,100.51855,18.87276,0
,100.51846,18.87292,0
,100.51845,18.87292,0
,100.51838,18.87301,0
,100.51832,18.87304,0
,100.51829,18.87306,0
,100.51825,18.87307,0
,100.5182,18.87307,0
,100.51808,18.87303,0
,100.5178,18.87297,0
,100.51771,18.87297,0
,100.51764,18.87298,0
,100.51755,18.87303,0
,100.51746,18.87311,0
,100.51744,18.87312,0
,100.51727,18.87333,0
,100.5172,18.8734,0
,100.51711,18.87346,0
,100.51695,18.87353,0
,100.51645,18.8737,0
,100.51631,18.87376,0
,100.5161,18.8738,0
,100.51589,18.87379,0
,100.51505,18.87367,0
,100.51464,18.87359,0
,100.51391,18.87341,0
,100.51372,18.87338,0
,100.51315,18.87339,0
,100.5131,18.8734,0
,100.51269,18.87344,0
,100.51254,18.87347,0
,100.51224,18.8736,0
,100.51192,18.8738,0
,100.51137,18.8741,0
,100.51109,18.87434,0
,100.51098,18.87441,0
,100.51093,18.87441,0
,100.51082,18.87439,0
,100.51079,18.87439,0
,100.5106,18.87434,0
,100.51049,18.87433,0
,100.51036,18.87434,0
,100.51028,18.87436,0
,100.51014,18.87442,0
,100.51008,18.87443,0
,100.50999,18.87443,0
,100.50992,18.87439,0
,100.50983,18.87432,0
,100.50943,18.8739,0
,100.50935,18.87385,0
,100.50934,18.87384,0
,100.50908,18.87374,0
,100.50894,18.87366,0
,100.5087,18.8735,0
,100.5087,18.87349,0
,100.50812,18.87303,0
,100.50789,18.87287,0
,100.50783,18.87285,0
,100.50779,18.87285,0
,100.50768,18.87289,0
,100.50764,18.87294,0
,100.50762,18.87295,0
,100.50739,18.87339,0
,100.5073,18.87351,0
,100.50711,18.87367,0
,100.507,18.87373,0
,100.50682,18.87379,0
,100.50676,18.8738,0
,100.5067,18.8738,0
,100.50661,18.87378,0
,100.50645,18.87363,0
,100.50611,18.87335,0
,100.506,18.8733,0
,100.50567,18.87312,0
,100.50546,18.87305,0
,100.50526,18.87305,0
,100.50511,18.87308,0
,100.50477,18.87323,0
,100.50467,18.87326,0
,100.50442,18.87332,0
,100.50427,18.87338,0
,100.50413,18.87346,0
,100.50406,18.87349,0
,100.50393,18.87357,0
,100.50361,18.87371,0
,100.50355,18.87372,0
,100.50354,18.87373,0
,100.50318,18.87379,0
,100.50313,18.87379,0
,100.50282,18.87387,0
,100.50281,18.87387,0
,100.50272,18.87392,0
,100.50268,18.87395,0
,100.50245,18.87427,0
,100.50222,18.87451,0
,100.50137,18.87501,0
,100.5013,18.87504,0
,100.50121,18.87509,0
,100.50117,18.87512,0
,100.50112,18.87514,0
,100.50096,18.87513,0
,100.50065,18.87507,0
,100.50002,18.87491,0
,100.49992,18.87487,0
,100.49985,18.87483,0
,100.49978,18.87476,0
,100.4996,18.87444,0
,100.4995,18.87427,0
,100.49938,18.87415,0
,100.4993,18.87409,0
,100.49923,18.87405,0
,100.49923,18.87404,0
,100.49906,18.87397,0
,100.49871,18.87386,0
,100.49862,18.87386,0
,100.49851,18.87388,0
,100.49835,18.87396,0
,100.49801,18.87429,0
,100.49797,18.8743,0
,100.49789,18.8743,0
,100.49784,18.87429,0
,100.49768,18.87423,0
,100.49727,18.87404,0
,100.49712,18.87402,0
,100.49684,18.87401,0
,100.49683,18.874,0
,100.49678,18.874,0
,100.49665,18.87397,0
,100.4966,18.87395,0
,100.49655,18.87392,0
,100.4965,18.8739,0
,100.49648,18.87388,0
,100.49563,18.87327,0
,100.49558,18.87322,0
,100.49548,18.87315,0
,100.49531,18.87306,0
,100.4952,18.87302,0
,100.49501,18.87299,0
,100.49485,18.87299,0
,100.49412,18.87304,0
,100.49391,18.87308,0
,100.49363,18.87319,0
,100.49359,18.87322,0
,100.49352,18.87325,0
,100.49335,18.87338,0
,100.49297,18.87377,0
,100.4927,18.87397,0
,100.49258,18.87403,0
,100.49239,18.87409,0
,100.49218,18.87414,0
,100.49203,18.87415,0
,100.49198,18.87416,0
,100.49165,18.87415,0
,100.49064,18.874,0
,100.49052,18.87396,0
,100.49036,18.87387,0
,100.4903,18.87381,0
,100.4902,18.87367,0
,100.49003,18.87329,0
,100.48998,18.87322,0
,100.48988,18.87314,0
,100.4897,18.8731,0
,100.48962,18.8731,0
,100.48949,18.87313,0
,100.48948,18.87313,0
,100.48935,18.87319,0
,100.48928,18.87326,0
,100.48844,18.87434,0
,100.48829,18.8745,0
,100.48829,18.87451,0
,100.488,18.87475,0
,100.48776,18.87491,0
,100.48768,18.87494,0
,100.48759,18.87498,0
,100.48736,18.87504,0
,100.48711,18.87504,0
,100.48665,18.87497,0
,100.48648,18.87492,0
,100.48636,18.87484,0
,100.48625,18.87474,0
,100.4862,18.87466,0
,100.48617,18.87459,0
,100.48611,18.8744,0
,100.48598,18.87399,0
,100.48594,18.87391,0
,100.48587,18.87381,0
,100.48582,18.87376,0
,100.48563,18.87365,0
,100.48544,18.87361,0
,100.48523,18.87361,0
,100.4851,18.8736,0
,100.48499,18.87355,0
,100.48494,18.87351,0
,100.4849,18.87349,0
,100.48481,18.87339,0
,100.48474,18.87328,0
,100.4846,18.87291,0
,100.48451,18.87279,0
,100.48443,18.87271,0
,100.48356,18.87218,0
,100.48292,18.87184,0
,100.4825,18.87167,0
,100.48232,18.87161,0
,100.48196,18.87152,0
,100.48195,18.87151,0
,100.48171,18.87149,0
,100.48158,18.87149,0
,100.48141,18.87151,0
,100.48085,18.87168,0
,100.48083,18.87169,0
,100.48066,18.87172,0
,100.48059,18.87174,0
,100.47991,18.87183,0
,100.47983,18.87185,0
,100.47951,18.87184,0
,100.47927,18.87176,0
,100.47883,18.87154,0
,100.47867,18.87148,0
,100.47866,18.87148,0
,100.47844,18.87142,0
,100.478,18.87135,0
,100.47716,18.87117,0
,100.47594,18.87082,0
,100.47541,18.87062,0
,100.47494,18.87038,0
,100.47357,18.86958,0
,100.47259,18.86925,0
,100.47238,18.86915,0
,100.47191,18.8689,0
,100.47191,18.86889,0
,100.47148,18.86865,0
,100.47125,18.86854,0
,100.47078,18.86836,0
,100.46942,18.86795,0
,100.469,18.8678,0
,100.46854,18.86754,0
,100.46828,18.86736,0
,100.46793,18.86706,0
,100.4676,18.86675,0
,100.4671,18.86622,0
,100.4671,18.86621,0
,100.46618,18.86526,0
,100.46586,18.86498,0
,100.46507,18.86436,0
,100.46473,18.86406,0
,100.4646,18.86393,0
,100.4645,18.86379,0
,100.46433,18.86359,0
,100.46373,18.86275,0
,100.46353,18.8625,0
,100.46334,18.86232,0
,100.46323,18.86225,0
,100.46299,18.86214,0
,100.46276,18.86209,0
,100.46269,18.86209,0
,100.46263,18.86208,0
,100.4624,18.8621,0
,100.46212,18.86219,0
,100.46197,18.86222,0
,100.46188,18.86222,0
,100.46169,18.86219,0
,100.46155,18.86214,0
,100.46104,18.86188,0
,100.46086,18.86182,0
,100.46076,18.86181,0
,100.46059,18.86183,0
,100.4599,18.86207,0
,100.45929,18.86225,0
,100.45923,18.86226,0
,100.45882,18.86237,0
,100.45836,18.86247,0
,100.4581,18.86251,0
,100.45796,18.86252,0
,100.45782,18.8625,0
,100.45779,18.86249,0
,100.45773,18.86245,0
,100.4577,18.8624,0
,100.45767,18.86233,0
,100.45767,18.86231,0
,100.45763,18.86214,0
,100.45755,18.86192,0
,100.4575,18.86184,0
,100.45731,18.86161,0
,100.45701,18.8613,0
,100.45676,18.86092,0
,100.45672,18.86087,0
,100.45669,18.86085,0
,100.45661,18.86077,0
,100.45595,18.86034,0
,100.4557,18.86012,0
,100.4556,18.85998,0
,100.45544,18.85965,0
,100.45522,18.85912,0
,100.45509,18.8589,0
,100.45502,18.85882,0
,100.45496,18.85873,0
,100.45483,18.85859,0
,100.45479,18.85853,0
,100.45471,18.85845,0
,100.45433,18.85798,0
,100.45422,18.85782,0
,100.45412,18.85764,0
,100.45383,18.85673,0
,100.4537,18.85653,0
,100.4536,18.85642,0
,100.45323,18.85615,0
,100.4525,18.8557,0
,100.45163,18.85527,0
,100.45094,18.85497,0
,100.45089,18.85496,0
,100.44909,18.85425,0
,100.44882,18.85413,0
,100.44869,18.85406,0
,100.44806,18.85364,0
,100.44788,18.8535,0
,100.44763,18.85328,0
,100.44549,18.85124,0
,100.44538,18.85109,0
,100.44512,18.85081,0
,100.44443,18.85013,0
,100.44402,18.8498,0
,100.44379,18.84968,0
,100.44356,18.8496,0
,100.44327,18.84953,0
,100.4426,18.84954,0
,100.43987,18.84971,0
,100.43984,18.84972,0
,100.43697,18.84988,0
,100.43693,18.84989,0
,100.43511,18.84997,0
,100.43409,18.84996,0
,100.43305,18.84991,0
,100.43262,18.84984,0
,100.43218,18.84974,0
,100.43174,18.84961,0
,100.43157,18.84951,0
,100.43145,18.84942,0
,100.43134,18.84931,0
,100.43118,18.84912,0
,100.43096,18.8489,0
,100.43088,18.84885,0
,100.43072,18.84881,0
,100.43065,18.84879,0
,100.43057,18.84879,0
,100.43049,18.8488,0
,100.42843,18.84937,0
,100.42842,18.84938,0
,100.42802,18.84948,0
,100.4278,18.84951,0
,100.42754,18.84951,0
,100.42696,18.84945,0
,100.42585,18.84927,0
,100.42441,18.84912,0
,100.42414,18.84905,0
,100.42385,18.84893,0
,100.42375,18.84886,0
,100.42362,18.84875,0
,100.42325,18.84834,0
,100.42321,18.84828,0
,100.42319,18.84827,0
,100.42317,18.84826,0
,100.42222,18.84706,0
,100.42178,18.84644,0
,100.42028,18.84482,0
,100.41888,18.84323,0
,100.41595,18.84299,0
,100.41537,18.84301,0
,100.41531,18.84302,0
,100.415,18.84304,0
,100.41452,18.84313,0
,100.41403,18.8433,0
,100.41402,18.84331,0
,100.41394,18.84333,0
,100.41377,18.84343,0
,100.41363,18.84355,0
,100.41356,18.84369,0
,100.41347,18.84384,0
,100.41334,18.84402,0
,100.41328,18.84413,0
,100.41312,18.84431,0
,100.41306,18.84435,0
,100.41299,18.84438,0
,100.41272,18.84445,0
,100.41253,18.84447,0
,100.4123,18.84447,0
,100.41214,18.84445,0
,100.41198,18.84441,0
,100.41183,18.84433,0
,100.41182,18.84433,0
,100.41161,18.84418,0
,100.41131,18.84413,0
,100.41105,18.84413,0
,100.41079,18.84417,0
,100.41046,18.84429,0
,100.40997,18.84441,0
,100.40969,18.84446,0
,100.40964,18.84445,0
,100.40941,18.84444,0
,100.40867,18.84431,0
,100.40795,18.8442,0
,100.40757,18.84421,0
,100.40719,18.84425,0
,100.4065,18.8444,0
,100.40633,18.8444,0
,100.40617,18.84438,0
,100.40605,18.84435,0
,100.40592,18.84433,0
,100.4057,18.84437,0
,100.40547,18.84443,0
,100.40488,18.84466,0
,100.40382,18.84522,0
,100.40335,18.84541,0
,100.40298,18.84552,0
,100.40283,18.84552,0
,100.40268,18.84549,0
,100.40257,18.84544,0
,100.40249,18.84542,0
,100.40229,18.84532,0
,100.40183,18.84501,0
,100.40177,18.84496,0
,100.40148,18.84476,0
,100.40113,18.84457,0
,100.40107,18.84456,0
,100.40094,18.84456,0
,100.40092,18.84457,0
,100.4008,18.84459,0
,100.40058,18.84466,0
,100.40036,18.84469,0
,100.40022,18.84469,0
,100.4002,18.84468,0
,100.40009,18.84466,0
,100.40003,18.84463,0
,100.39962,18.84435,0
,100.39943,18.84417,0
,100.39914,18.84385,0
,100.39897,18.84372,0
,100.3988,18.84362,0
,100.39847,18.84348,0
,100.39834,18.84341,0
,100.39827,18.84336,0
,100.39824,18.84332,0
,100.39816,18.84315,0
,100.39812,18.84304,0
,100.39809,18.84299,0
,100.39802,18.84283,0
,100.39789,18.84262,0
,100.39773,18.84244,0
,100.39764,18.84237,0
,100.39754,18.84231,0
,100.39733,18.84224,0
,100.3973,18.84224,0
,100.39714,18.84219,0
,100.39664,18.8421,0
,100.39659,18.8421,0
,100.39613,18.84215,0
,100.39541,18.84233,0
,100.39516,18.84236,0
,100.39442,18.84223,0
,100.3941,18.84215,0
,100.39376,18.84209,0
,100.39323,18.84207,0
,100.39173,18.8419,0
,100.39153,18.84191,0
,100.39137,18.84193,0
,100.39134,18.84194,0
,100.39117,18.84195,0
,100.39079,18.84208,0
,100.39071,18.84212,0
,100.39062,18.84215,0
,100.39028,18.8423,0
,100.39011,18.84239,0
,100.38992,18.84244,0
,100.38984,18.84245,0
,100.38971,18.84244,0
,100.38955,18.84241,0
,100.38945,18.8424,0
,100.38936,18.84237,0
,100.38923,18.84234,0
,100.389,18.84225,0
,100.38892,18.84224,0
,100.38882,18.84224,0
,100.38863,18.84227,0
,100.38861,18.84228,0
,100.38841,18.84227,0
,100.38829,18.84224,0
,100.38821,18.84219,0
,100.3881,18.84207,0
,100.38802,18.84195,0
,100.388,18.84189,0
,100.38797,18.84186,0
,100.3879,18.84182,0
,100.38778,18.84178,0
,100.38741,18.84172,0
,100.387,18.84161,0
,100.3869,18.84157,0
,100.38671,18.84144,0
,100.38639,18.84105,0
,100.38619,18.84071,0
,100.38596,18.84038,0
,100.38567,18.84011,0
,100.38549,18.84002,0
,100.38547,18.84,0
,100.38538,18.83997,0
,100.38528,18.83995,0
,100.38513,18.83994,0
,100.38482,18.83999,0
,100.38471,18.84005,0
,100.38463,18.84011,0
,100.38427,18.84034,0
,100.38408,18.84043,0
,100.38399,18.84046,0
,100.38375,18.84047,0
,100.3835,18.84042,0
,100.38336,18.84042,0
,100.38292,18.84048,0
,100.38277,18.84048,0
,100.38258,18.84043,0
,100.3824,18.84035,0
,100.38224,18.84031,0
,100.38216,18.8403,0
,100.38208,18.84028,0
,100.38189,18.84028,0
,100.38136,18.84037,0
,100.38133,18.84038,0
,100.3811,18.8404,0
,100.37871,18.84078,0
,100.37833,18.8408,0
,100.37794,18.84074,0
,100.37776,18.84069,0
,100.3776,18.84063,0
,100.37732,18.84049,0
,100.37718,18.84044,0
,100.377,18.8404,0
,100.37688,18.84039,0
,100.37565,18.8404,0
,100.37499,18.84033,0
,100.37496,18.84032,0
,100.37447,18.84029,0
,100.37422,18.84033,0
,100.37407,18.84037,0
,100.37372,18.84056,0
,100.37348,18.84065,0
,100.37331,18.84067,0
,100.37314,18.84064,0
,100.373,18.84059,0
,100.37281,18.8405,0
,100.3723,18.84015,0
,100.37198,18.83995,0
,100.37139,18.8397,0
,100.37077,18.8393,0
,100.37068,18.83922,0
,100.37008,18.83878,0
,100.36986,18.83867,0
,100.36965,18.83862,0
,100.36941,18.8386,0
,100.36935,18.83861,0
,100.36926,18.83861,0
,100.36916,18.83862,0
,100.3688,18.83875,0
,100.36856,18.83882,0
,100.36826,18.83887,0
,100.36796,18.83888,0
,100.3675,18.83883,0
,100.36732,18.83878,0
,100.36712,18.8387,0
,100.36648,18.83837,0
,100.36647,18.83837,0
,100.36629,18.83833,0
,100.3661,18.83831,0
,100.36608,18.8383,0
,100.36588,18.83832,0
,100.36578,18.83834,0
,100.36573,18.83836,0
,100.36556,18.83845,0
,100.36553,18.83848,0
,100.36545,18.83859,0
,100.36543,18.83861,0
,100.36536,18.83875,0
,100.36534,18.83878,0
,100.36529,18.83892,0
,100.36517,18.83941,0
,100.36518,18.83956,0
,100.36522,18.83971,0
,100.36535,18.83995,0
,100.36538,18.84003,0
,100.36543,18.84012,0
,100.36553,18.84034,0
,100.36557,18.8405,0
,100.36557,18.84054,0
,100.36555,18.84061,0
,100.36544,18.84077,0
,100.3653,18.84088,0
,100.36513,18.84098,0
,100.36501,18.84102,0
,100.36475,18.84101,0
,100.36469,18.841,0
,100.36455,18.84094,0
,100.36409,18.84066,0
,100.36394,18.84055,0
,100.36378,18.84046,0
,100.3636,18.84039,0
,100.36347,18.84033,0
,100.36335,18.8403,0
,100.36305,18.84029,0
,100.36292,18.8403,0
,100.36272,18.84034,0
,100.36258,18.8404,0
,100.36246,18.84042,0
,100.3624,18.84042,0
,100.36226,18.84038,0
,100.36215,18.84033,0
,100.36211,18.8403,0
,100.36208,18.84026,0
,100.36202,18.84012,0
,100.36199,18.83973,0
,100.36197,18.83962,0
,100.36191,18.83952,0
,100.36183,18.83943,0
,100.36175,18.83936,0
,100.36162,18.83927,0
,100.36142,18.83916,0
,100.36132,18.83909,0
,100.36093,18.8389,0
,100.36057,18.83866,0
,100.35989,18.83808,0
,100.35977,18.83801,0
,100.35974,18.83801,0
,100.35967,18.83798,0
,100.35944,18.83796,0
,100.35926,18.8379,0
,100.35861,18.83754,0
,100.3584,18.83738,0
,100.35778,18.83695,0
,100.35736,18.83666,0
,100.35673,18.83632,0
,100.35619,18.83609,0
,100.35596,18.83602,0
,100.35585,18.83602,0
,100.35555,18.83608,0
,100.35545,18.83613,0
,100.35513,18.83639,0
,100.35506,18.83646,0
,100.35471,18.83672,0
,100.3543,18.83701,0
,100.35361,18.83738,0
,100.35355,18.8374,0
,100.35338,18.8374,0
,100.35329,18.83738,0
,100.353,18.83734,0
,100.35281,18.83728,0
,100.35268,18.83725,0
,100.35245,18.83729,0
,100.35235,18.83733,0
,100.35211,18.83746,0
,100.35202,18.83754,0
,100.352,18.83758,0
,100.35194,18.83766,0
,100.35191,18.83783,0
,100.35191,18.8379,0
,100.35192,18.83799,0
,100.35195,18.83806,0
,100.35196,18.83811,0
,100.35202,18.83824,0
,100.35204,18.83826,0
,100.35226,18.83859,0
,100.35227,18.83862,0
,100.35249,18.83892,0
,100.35259,18.83913,0
,100.35265,18.8393,0
,100.35269,18.83947,0
,100.35269,18.83957,0
,100.3527,18.83961,0
,100.35265,18.84005,0
,100.35261,18.84023,0
,100.35255,18.84039,0
,100.35248,18.84054,0
,100.35238,18.84071,0
,100.3523,18.84084,0
,100.35219,18.84096,0
,100.35143,18.84165,0
,100.35134,18.84177,0
,100.35129,18.84187,0
,100.35126,18.84197,0
,100.35125,18.84216,0
,100.35126,18.84225,0
,100.35138,18.84262,0
,100.35139,18.84272,0
,100.35139,18.84283,0
,100.35136,18.84295,0
,100.35134,18.843,0
,100.35129,18.84308,0
,100.35118,18.84319,0
,100.35099,18.84331,0
,100.34979,18.84384,0
,100.34983,18.84389,0
,100.34896,18.84429,0
,100.34893,18.84431,0
,100.34831,18.84454,0
,100.34814,18.84458,0
,100.34634,18.84482,0
,100.34631,18.84483,0
,100.34564,18.84493,0
,100.34503,18.84506,0
,100.34501,18.84506,0
,100.34443,18.8452,0
,100.3443,18.84525,0
,100.34429,18.84526,0
,100.34414,18.84534,0
,100.34405,18.8454,0
,100.34372,18.84571,0
,100.34352,18.84595,0
,100.34347,18.84605,0
,100.34341,18.8462,0
,100.34332,18.84636,0
,100.34327,18.84642,0
,100.34321,18.84646,0
,100.3432,18.84647,0
,100.34313,18.84651,0
,100.34306,18.84654,0
,100.34293,18.84656,0
,100.34288,18.84656,0
,100.34231,18.8464,0
,100.34205,18.84641,0
,100.34194,18.84645,0
,100.3417,18.84663,0
,100.34162,18.84675,0
,100.34139,18.84717,0
,100.3413,18.84728,0
,100.34127,18.8473,0
,100.34114,18.84742,0
,100.34089,18.84756,0
,100.34039,18.84778,0
,100.3401,18.84788,0
,100.33973,18.84795,0
,100.33969,18.84795,0
,100.33953,18.84797,0
,100.33932,18.84797,0
,100.3389,18.84794,0
,100.33865,18.8479,0
,100.33841,18.84783,0
,100.33832,18.84779,0
,100.33809,18.84764,0
,100.33777,18.84737,0
,100.33764,18.84732,0
,100.33754,18.8473,0
,100.3374,18.8473,0
,100.33727,18.84733,0
,100.33702,18.84743,0
,100.33685,18.84748,0
,100.33674,18.84749,0
,100.33666,18.84748,0
,100.33654,18.84744,0
,100.33645,18.8474,0
,100.33638,18.84735,0
,100.33632,18.84732,0
,100.33622,18.84724,0
,100.33562,18.84682,0
,100.33547,18.84675,0
,100.33537,18.84673,0
,100.33516,18.84673,0
,100.33505,18.84674,0
,100.3349,18.84677,0
,100.3347,18.84685,0
,100.3345,18.84697,0
,100.33435,18.84708,0
,100.3333,18.84831,0
,100.33325,18.8484,0
,100.33322,18.8485,0
,100.33319,18.84887,0
,100.33316,18.84897,0
,100.33313,18.84903,0
,100.33307,18.84909,0
,100.33303,18.84914,0
,100.3329,18.84923,0
,100.3328,18.84926,0
,100.33269,18.84928,0
,100.33255,18.84927,0
,100.33213,18.84917,0
,100.33187,18.84913,0
,100.3317,18.84916,0
,100.33138,18.84929,0
,100.33128,18.84932,0
,100.33117,18.84938,0
,100.33095,18.84944,0
,100.33084,18.84946,0
,100.33049,18.84948,0
,100.32982,18.84948,0
,100.32959,18.84945,0
,100.32944,18.8494,0
,100.32936,18.84938,0
,100.32927,18.84933,0
,100.3292,18.8493,0
,100.32916,18.84927,0
,100.32879,18.8489,0
,100.32857,18.84876,0
,100.32828,18.84867,0
,100.32821,18.84865,0
,100.32736,18.84849,0
,100.32734,18.84848,0
,100.32716,18.84845,0
,100.32609,18.84816,0
,100.32587,18.84812,0
,100.32565,18.84812,0
,100.32546,18.84816,0
,100.32534,18.84823,0
,100.32527,18.84829,0
,100.32518,18.8484,0
,100.32511,18.84851,0
,100.3251,18.84854,0
,100.32489,18.84892,0
,100.32477,18.84919,0
,100.3247,18.84929,0
,100.32458,18.84939,0
,100.32444,18.84947,0
,100.32432,18.84951,0
,100.3242,18.84951,0
,100.32409,18.8495,0
,100.32356,18.84937,0
,100.32347,18.84936,0
,100.3233,18.84937,0
,100.323,18.84941,0
,100.32289,18.84944,0
,100.3228,18.84948,0
,100.32276,18.84949,0
,100.32266,18.84954,0
,100.32262,18.84955,0
,100.32063,18.85061,0
,100.3204,18.85083,0
,100.3203,18.85098,0
,100.31989,18.85196,0
,100.31987,18.85199,0
,100.3198,18.85216,0
,100.31971,18.85234,0
,100.31956,18.8527,0
,100.3195,18.85289,0
,100.31946,18.85306,0
,100.31945,18.85354,0
,100.31949,18.85446,0
,100.3195,18.85449,0
,100.31948,18.85485,0
,100.31944,18.85507,0
,100.31931,18.85552,0
,100.31924,18.85568,0
,100.31905,18.85602,0
,100.31831,18.8572,0
,100.31809,18.85749,0
,100.31795,18.85763,0
,100.31751,18.85801,0
,100.31737,18.85815,0
,100.31724,18.8583,0
,100.31717,18.8584,0
,100.31676,18.85926,0
,100.31665,18.85942,0
,100.31652,18.85956,0
,100.31642,18.85963,0
,100.31633,18.85967,0
,100.31616,18.85972,0
,100.31572,18.8598,0
,100.3152,18.85994,0
,100.31411,18.86044,0
,100.31197,18.86129,0
,100.31175,18.86142,0
,100.31166,18.86153,0
,100.31154,18.8618,0
,100.31135,18.86251,0
,100.31117,18.86309,0
,100.31113,18.86316,0
,100.31094,18.8634,0
,100.31044,18.86394,0
,100.31013,18.86423,0
,100.30992,18.86438,0
,100.30922,18.86465,0
,100.30855,18.86488,0
,100.30631,18.86557,0
,100.30614,18.86565,0
,100.30595,18.86578,0
,100.30588,18.86584,0
,100.30562,18.86617,0
,100.30555,18.86627,0
,100.3043,18.86808,0
,100.30407,18.86831,0
,100.3025,18.86971,0
,100.30256,18.86982,0
,100.30263,18.87002,0
,100.30272,18.87047,0
,100.30273,18.87083,0
,100.30266,18.8711,0
,100.30266,18.87124,0
,100.30272,18.87162,0
,100.30272,18.87172,0
,100.30273,18.87176,0
,100.30273,18.87183,0
,100.30271,18.87188,0
,100.30271,18.87189,0
,100.30267,18.87192,0
,100.30265,18.87193,0
,100.30242,18.87198,0
,100.3024,18.87198,0
,100.30234,18.87202,0
,100.3023,18.87213,0
,100.30228,18.87416,0
,100.30224,18.87456,0
,100.30225,18.87458,0
,100.30225,18.87462,0
,100.30226,18.87465,0
,100.30228,18.87468,0
,100.30234,18.87474,0
,100.30254,18.87485,0
,100.30256,18.87488,0
,100.30258,18.8749,0
,100.30261,18.87496,0
,100.30262,18.8752,0
,100.30261,18.87531,0
,100.30257,18.87551,0
,100.30253,18.87563,0
,100.30249,18.87562,0
,100.30242,18.87576,0
,100.3024,18.87583,0
,100.30239,18.87592,0
,100.30239,18.87623,0
,100.30229,18.87679,0
,100.30228,18.87691,0
,100.30226,18.87702,0
,100.30226,18.87717,0
,100.30227,18.87728,0
,100.30227,18.87739,0
,100.30226,18.87744,0
,100.30226,18.87746,0
,100.30224,18.87754,0
,100.30217,18.8777,0
,100.3019,18.87817,0
,100.30185,18.87832,0
,100.30185,18.8784,0
,100.30188,18.87851,0
,100.30198,18.87875,0
,100.30205,18.87889,0
,100.30258,18.87977,0
,100.30287,18.8806,0
,100.30312,18.88171,0

,100.30312,18.88171,0
,100.30287,18.8806,0
,100.30258,18.87977,0
,100.30205,18.87889,0
,100.30198,18.87875,0
,100.30188,18.87851,0
,100.30185,18.8784,0
,100.30185,18.87832,0
,100.3019,18.87817,0
,100.30217,18.8777,0
,100.30224,18.87754,0
,100.30226,18.87746,0
,100.30226,18.87744,0
,100.30227,18.87739,0
,100.30226,18.87717,0
,100.30226,18.87702,0
,100.30228,18.87691,0
,100.30229,18.87679,0
,100.30239,18.87623,0
,100.30239,18.87592,0
,100.3024,18.87587,0
,100.3024,18.87583,0
,100.30242,18.87576,0
,100.30247,18.87565,0
,100.30249,18.87562,0
,100.30239,18.87558,0
,100.30231,18.87557,0
,100.30207,18.87551,0
,100.3018,18.87546,0
,100.30174,18.87546,0
,100.30167,18.87545,0
,100.30135,18.87545,0
,100.3008,18.87549,0
,100.30073,18.87548,0
,100.30059,18.87548,0
,100.30058,18.87547,0
,100.30045,18.87546,0
,100.30039,18.87544,0
,100.30036,18.87544,0
,100.30027,18.8754,0
,100.29988,18.87529,0
,100.29974,18.87529,0
,100.29965,18.8753,0
,100.29916,18.87547,0
,100.29908,18.87549,0
,100.29905,18.87549,0
,100.29901,18.87547,0
,100.29897,18.87545,0
,100.29893,18.87541,0
,100.2989,18.87536,0
,100.29889,18.87536,0
,100.29887,18.87514,0
,100.29895,18.87505,0
,100.29902,18.87483,0
,100.29907,18.87431,0
,100.29913,18.87288,0
,100.29912,18.87274,0
,100.29907,18.87245,0
,100.29905,18.87239,0
,100.29905,18.87234,0
,100.29902,18.87221,0
,100.29868,18.87231,0
,100.29797,18.87239,0
,100.28878,18.87314,0
,100.28802,18.87317,0
,100.28707,18.87317,0
,100.28661,18.87315,0
,100.28674,18.87258,0
,100.28682,18.87185,0
,100.28685,18.87169,0
,100.2869,18.87129,0
,100.2869,18.87124,0
,100.28691,18.87118,0
,100.28688,18.87057,0
,100.28682,18.86993,0
,100.28668,18.86886,0
,100.28666,18.86876,0
,100.28666,18.86868,0
,100.28661,18.86836,0
,100.28619,18.85831,0
,100.28613,18.85789,0
,100.28578,18.85637,0
,100.28578,18.85631,0
,100.28576,18.85622,0
,100.28556,18.85427,0
,100.28532,18.85274,0
,100.28482,18.85046,0
,100.28481,18.85045,0
,100.28472,18.84991,0
,100.28467,18.84923,0
,100.28462,18.84733,0
,100.2846,18.84721,0
,100.28454,18.84702,0
,100.2845,18.84694,0
,100.28441,18.84681,0
,100.28435,18.84674,0
,100.28251,18.84498,0
,100.28251,18.84497,0
,100.28248,18.84495,0
,100.2822,18.84471,0
,100.28208,18.84459,0
,100.28175,18.84417,0
,100.28154,18.84382,0
,100.28094,18.84265,0
,100.28024,18.84118,0
,100.28021,18.84113,0
,100.27915,18.83893,0
,100.27829,18.83727,0
,100.27692,18.83509,0
,100.276,18.83352,0
,100.27524,18.83212,0
,100.27408,18.82984,0
,100.27385,18.8295,0
,100.27374,18.82936,0
,100.27355,18.82916,0
,100.27303,18.82871,0
,100.27202,18.82772,0
,100.27182,18.8275,0
,100.27172,18.82728,0
,100.2717,18.82721,0
,100.27169,18.82719,0
,100.27118,18.82508,0
,100.27067,18.82277,0
,100.27062,18.82262,0
,100.27058,18.82255,0
,100.27051,18.82245,0
,100.26944,18.82132,0
,100.2694,18.82127,0
,100.26938,18.82126,0
,100.26937,18.82123,0
,100.26934,18.8212,0
,100.26923,18.82103,0
,100.26866,18.81997,0
,100.26859,18.8198,0
,100.26854,18.81966,0
,100.26848,18.81946,0
,100.26836,18.81894,0
,100.26829,18.81869,0
,100.26827,18.81858,0
,100.26822,18.81842,0
,100.26814,18.81825,0
,100.26811,18.8182,0
,100.2678,18.81781,0
,100.26748,18.81747,0
,100.26748,18.81746,0
,100.26673,18.81666,0
,100.26673,18.81665,0
,100.26661,18.81652,0
,100.2666,18.81652,0
,100.26635,18.81626,0
,100.26635,18.81625,0
,100.26616,18.81604,0
,100.26589,18.81581,0
,100.26566,18.81567,0
,100.26546,18.81559,0
,100.2654,18.81556,0
,100.2653,18.81553,0
,100.26529,18.81553,0
,100.26528,18.81552,0
,100.26512,18.81547,0
,100.26494,18.81538,0
,100.26489,18.81535,0
,100.26482,18.81528,0
,100.26481,18.81528,0
,100.2648,18.81526,0
,100.26475,18.8152,0
,100.26471,18.81513,0
,100.26453,18.81487,0
,100.26448,18.81482,0
,100.2644,18.81476,0
,100.26432,18.81472,0
,100.26426,18.81469,0
,100.26383,18.81459,0
,100.26355,18.81451,0
,100.26345,18.81446,0
,100.26339,18.81442,0
,100.26334,18.8144,0
,100.26329,18.81435,0
,100.26325,18.81432,0
,100.26321,18.81427,0
,100.26314,18.81416,0
,100.26309,18.81406,0
,100.26297,18.81368,0
,100.26296,18.81366,0
,100.26282,18.81316,0
,100.26276,18.81299,0
,100.26268,18.81282,0
,100.26236,18.81237,0
,100.26232,18.81229,0
,100.26223,18.81206,0
,100.26203,18.8113,0
,100.26202,18.81117,0
,100.26199,18.81099,0
,100.26199,18.81063,0
,100.26197,18.81043,0
,100.26189,18.81025,0
,100.26182,18.81016,0
,100.26138,18.80974,0
,100.2613,18.80965,0
,100.26128,18.80961,0
,100.26126,18.80959,0
,100.2612,18.80947,0
,100.26116,18.80936,0
,100.26114,18.80925,0
,100.26114,18.80915,0
,100.26121,18.80858,0
,100.26123,18.80803,0
,100.26122,18.80792,0
,100.26122,18.80781,0
,100.2612,18.80773,0
,100.26107,18.80691,0
,100.26105,18.8067,0
,100.26098,18.80647,0
,100.26098,18.80646,0
,100.26091,18.8063,0
,100.26087,18.80623,0
,100.26084,18.80619,0
,100.26081,18.80616,0
,100.26081,18.80615,0
,100.26078,18.80611,0
,100.26069,18.80602,0
,100.26054,18.8059,0
,100.26046,18.80585,0
,100.26039,18.80582,0
,100.26034,18.80579,0
,100.26015,18.80572,0
,100.25977,18.80564,0
,100.25936,18.8056,0
,100.25896,18.80554,0
,100.25869,18.80547,0
,100.25852,18.8054,0
,100.25811,18.8052,0
,100.25796,18.80511,0
,100.25736,18.80489,0
,100.25717,18.8048,0
,100.25704,18.80472,0
,100.25693,18.80464,0
,100.25687,18.80458,0
,100.25679,18.80452,0
,100.25661,18.80435,0
,100.25654,18.80427,0
,100.25647,18.80422,0
,100.25634,18.8041,0
,100.25617,18.80399,0
,100.25534,18.80354,0
,100.25519,18.80345,0
,100.25517,18.80345,0
,100.25443,18.80304,0
,100.25428,18.80294,0
,100.25408,18.80277,0
,100.25391,18.80265,0
,100.25374,18.80247,0
,100.25359,18.80226,0
,100.25334,18.80185,0
,100.25247,18.80062,0
,100.25228,18.80024,0
,100.25213,18.79975,0
,100.25204,18.79918,0
,100.25177,18.79742,0
,100.25176,18.7974,0
,100.25173,18.79684,0
,100.25162,18.79617,0
,100.25162,18.79615,0
,100.25148,18.79565,0
,100.25139,18.79547,0
,100.25134,18.79542,0
,100.25126,18.79536,0
,100.2511,18.79527,0
,100.25091,18.79517,0
,100.2507,18.79504,0
,100.2505,18.79488,0
,100.24984,18.79418,0
,100.24898,18.79338,0
,100.24875,18.79311,0
,100.24868,18.79298,0
,100.24852,18.79263,0
,100.24848,18.79257,0
,100.24841,18.79249,0
,100.24836,18.79244,0
,100.2482,18.79233,0
,100.24798,18.79224,0
,100.24726,18.79214,0
,100.24606,18.79191,0
,100.24524,18.79178,0
,100.24494,18.79178,0
,100.24477,18.79171,0
,100.24459,18.79165,0
,100.24458,18.79165,0
,100.24426,18.79141,0
,100.24367,18.79088,0
,100.24317,18.79052,0
,100.2429,18.79036,0
,100.24256,18.79013,0
,100.24242,18.78998,0
,100.2423,18.78982,0
,100.24222,18.78955,0
,100.24228,18.78925,0
,100.24226,18.78897,0
,100.24232,18.78865,0
,100.24246,18.78823,0
,100.24264,18.78787,0
,100.24285,18.78754,0
,100.24318,18.78725,0
,100.2433,18.78712,0
,100.24349,18.78677,0
,100.24351,18.78657,0
,100.24351,18.78638,0
,100.24348,18.78592,0
,100.2434,18.78527,0
,100.24327,18.78465,0
,100.24309,18.78333,0
,100.24309,18.7831,0
,100.24312,18.78263,0
,100.24313,18.78257,0
,100.24323,18.78091,0
,100.24325,18.78,0
,100.24331,18.77928,0
,100.24329,18.77867,0
,100.24325,18.77849,0
,100.2432,18.7784,0
,100.24308,18.77809,0
,100.24306,18.77791,0
,100.2429,18.77749,0
,100.24271,18.77723,0
,100.24101,18.77569,0
,100.23988,18.77439,0
,100.23988,18.77438,0
,100.23895,18.77309,0
,100.2383,18.77261,0
,100.23727,18.77178,0
,100.23669,18.77107,0
,100.23441,18.76754,0
,100.23434,18.7674,0
,100.23409,18.76676,0
,100.23381,18.76585,0
,100.23381,18.76584,0
,100.23324,18.76414,0
,100.23323,18.76413,0
,100.23321,18.76405,0
,100.23318,18.76398,0
,100.23288,18.76303,0
,100.23284,18.76293,0
,100.23284,18.76291,0
,100.23267,18.76243,0
,100.23251,18.7621,0
,100.23239,18.76192,0
,100.23235,18.76187,0
,100.23142,18.76089,0
,100.23108,18.76046,0
,100.23087,18.76014,0
,100.23074,18.75991,0
,100.23023,18.7591,0
,100.23022,18.75906,0
,100.23014,18.75893,0
,100.23003,18.75871,0
,100.22992,18.75839,0
,100.22987,18.75814,0
,100.22987,18.75802,0
,100.22986,18.75796,0
,100.22986,18.75787,0
,100.22988,18.75762,0
,100.2299,18.7575,0
,100.22995,18.75733,0
,100.23009,18.75699,0
,100.23112,18.75526,0
,100.23115,18.75519,0
,100.23193,18.75384,0
,100.23227,18.75311,0
,100.23237,18.75276,0
,100.2327,18.75092,0
,100.2328,18.75046,0
,100.23285,18.75007,0
,100.23287,18.74978,0
,100.23287,18.74929,0
,100.23275,18.74835,0
,100.23275,18.74821,0
,100.23279,18.74789,0
,100.23306,18.74688,0
,100.23332,18.74573,0
,100.23344,18.74528,0
,100.2337,18.74408,0
,100.23381,18.7437,0
,100.23395,18.74337,0
,100.23402,18.74323,0
,100.2341,18.74311,0
,100.23453,18.74257,0
,100.23477,18.74231,0
,100.23506,18.74204,0
,100.236,18.74146,0
,100.23618,18.74131,0
,100.23635,18.74114,0
,100.23694,18.74049,0
,100.23719,18.74014,0
,100.23724,18.73999,0
,100.23737,18.7394,0
,100.23756,18.73797,0
,100.23757,18.73795,0
,100.23759,18.73763,0
,100.23756,18.73735,0
,100.23752,18.7372,0
,100.23736,18.73676,0
,100.23691,18.73575,0
,100.23689,18.73569,0
,100.23588,18.73339,0
,100.23571,18.73293,0
,100.23571,18.7329,0
,100.23566,18.73272,0
,100.23562,18.7324,0
,100.23562,18.7319,0
,100.23569,18.73137,0
,100.23571,18.73104,0
,100.23572,18.73008,0
,100.23553,18.72617,0
,100.2355,18.726,0
,100.23541,18.72569,0
,100.23525,18.72532,0
,100.2351,18.72506,0
,100.2349,18.72477,0
,100.23474,18.72456,0
,100.23468,18.72449,0
,100.23444,18.72429,0
,100.23277,18.72287,0
,100.23271,18.72281,0
,100.23166,18.72192,0
,100.23129,18.72152,0
,100.23088,18.72087,0
,100.23064,18.72056,0
,100.23054,18.72036,0
,100.2304,18.71999,0
,100.23033,18.7197,0
,100.23026,18.71903,0
,100.23025,18.71866,0
,100.2303,18.71713,0
,100.23029,18.7168,0
,100.23034,18.71651,0
,100.23004,18.71528,0
,100.22991,18.71455,0
,100.22985,18.71399,0
,100.2298,18.71375,0
,100.2297,18.71343,0
,100.22912,18.7118,0
,100.22873,18.7105,0
,100.22872,18.7105,0
,100.2287,18.71041,0
,100.22867,18.71033,0
,100.22857,18.70998,0
,100.22851,18.70981,0
,100.22836,18.70929,0
,100.2283,18.70912,0
,100.22828,18.70903,0
,100.2278,18.70748,0
,100.22778,18.70739,0
,100.22746,18.70638,0
,100.22737,18.7062,0
,100.22718,18.70576,0
,100.2268,18.70508,0
,100.22666,18.70489,0
,100.22635,18.70452,0
,100.22635,18.70451,0
,100.22566,18.70395,0
,100.22541,18.70377,0
,100.22504,18.70345,0
,100.22472,18.7031,0
,100.22413,18.70224,0
,100.22404,18.70209,0
,100.22402,18.70207,0
,100.2234,18.7011,0
,100.22332,18.70095,0
,100.22325,18.70074,0
,100.22323,18.70057,0
,100.22321,18.7,0
,100.22324,18.69961,0
,100.22367,18.69697,0
,100.22371,18.69662,0
,100.22373,18.69552,0
,100.22391,18.69415,0
,100.22391,18.69411,0
,100.22385,18.69376,0
,100.22376,18.69346,0
,100.22375,18.69345,0
,100.22361,18.69317,0
,100.22343,18.69293,0
,100.22292,18.69246,0
,100.2227,18.69234,0
,100.22244,18.69226,0
,100.22218,18.69224,0
,100.22204,18.69224,0
,100.22188,18.69222,0
,100.22172,18.69218,0
,100.22136,18.69202,0
,100.22112,18.69182,0
,100.22105,18.69175,0
,100.22105,18.69174,0
,100.22082,18.69151,0
,100.22051,18.69109,0
,100.22048,18.69099,0
,100.22044,18.69066,0
,100.22049,18.69022,0
,100.2205,18.68996,0
,100.22049,18.68972,0
,100.22046,18.68953,0
,100.22043,18.68941,0
,100.22029,18.68899,0
,100.22026,18.68885,0
,100.22026,18.68867,0
,100.22032,18.68848,0
,100.22052,18.68814,0
,100.22146,18.6868,0
,100.22147,18.68679,0
,100.22163,18.68646,0
,100.22179,18.68605,0
,100.22185,18.68563,0
,100.22186,18.6852,0
,100.22182,18.68469,0
,100.22176,18.68438,0
,100.22175,18.68435,0
,100.22168,18.68412,0
,100.22162,18.68386,0
,100.22161,18.68385,0
,100.22163,18.68324,0
,100.22167,18.68297,0
,100.22167,18.68292,0
,100.22173,18.68281,0
,100.22181,18.68272,0
,100.22192,18.68263,0
,100.22217,18.68246,0
,100.22245,18.68229,0
,100.2225,18.68227,0
,100.2226,18.68221,0
,100.22287,18.68197,0
,100.22292,18.68191,0
,100.22293,18.68188,0
,100.22294,18.68188,0
,100.22295,18.68187,0
,100.223,18.68173,0
,100.22304,18.68151,0
,100.22301,18.68117,0
,100.22294,18.68094,0
,100.22291,18.68072,0
,100.22291,18.68065,0
,100.2229,18.68059,0
,100.22291,18.6805,0
,100.22298,18.68028,0
,100.22318,18.67961,0
,100.22334,18.67932,0
,100.22354,18.67912,0
,100.22419,18.67863,0
,100.22509,18.67814,0
,100.22528,18.678,0
,100.22543,18.67787,0
,100.22558,18.67769,0
,100.2257,18.67751,0
,100.22573,18.67741,0
,100.22574,18.67735,0
,100.22575,18.67732,0
,100.22573,18.67718,0
,100.22568,18.677,0
,100.22543,18.67629,0
,100.22511,18.67535,0
,100.22504,18.67509,0
,100.22488,18.67458,0
,100.22467,18.67373,0
,100.22447,18.67304,0
,100.22444,18.67296,0
,100.22438,18.67269,0
,100.22436,18.67262,0
,100.22436,18.67251,0
,100.22438,18.67242,0
,100.22451,18.67218,0
,100.22465,18.67202,0
,100.22473,18.67189,0
,100.22476,18.67186,0
,100.22495,18.67146,0
,100.22533,18.67057,0
,100.22535,18.67051,0
,100.22541,18.67041,0
,100.22549,18.67025,0
,100.22551,18.67019,0
,100.22569,18.66995,0
,100.22569,18.66994,0
,100.22584,18.66972,0
,100.22604,18.66947,0
,100.2261,18.66938,0
,100.22631,18.66916,0
,100.2264,18.6691,0
,100.22641,18.66909,0
,100.2265,18.66906,0
,100.22661,18.66904,0
,100.2267,18.66903,0
,100.22675,18.66904,0
,100.22676,18.66905,0
,100.22695,18.66908,0
,100.22713,18.66912,0
,100.22748,18.66917,0
,100.22769,18.66918,0
,100.22792,18.66917,0
,100.22812,18.66912,0
,100.22879,18.66891,0
,100.22879,18.6689,0
,100.22915,18.66879,0
,100.22928,18.66874,0
,100.22932,18.66873,0
,100.22933,18.66872,0
,100.22951,18.66866,0
,100.22987,18.6685,0
,100.23,18.66841,0
,100.23014,18.66829,0
,100.23033,18.66809,0
,100.23094,18.66729,0
,100.23094,18.66728,0
,100.23138,18.66672,0
,100.23171,18.66626,0
,100.23171,18.66625,0
,100.23229,18.66554,0
,100.23248,18.66528,0
,100.23283,18.66495,0
,100.23293,18.66487,0
,100.23396,18.66419,0
,100.23443,18.66383,0
,100.23445,18.66382,0
,100.23458,18.66369,0
,100.23463,18.66365,0
,100.2347,18.66355,0
,100.23482,18.66341,0
,100.23493,18.66324,0
,100.23512,18.66269,0
,100.23518,18.66235,0
,100.23521,18.6619,0
,100.23524,18.66092,0
,100.2353,18.66075,0
,100.23536,18.66062,0
,100.23546,18.66045,0
,100.23556,18.66033,0
,100.23569,18.66022,0
,100.23586,18.66004,0
,100.23591,18.65994,0
,100.23595,18.65978,0
,100.236,18.65952,0
,100.236,18.6593,0
,100.23597,18.65911,0
,100.23495,18.65727,0
,100.2348,18.65708,0
,100.23475,18.65697,0
,100.23471,18.65679,0
,100.23472,18.6567,0
,100.23474,18.65662,0
,100.23475,18.65661,0
,100.2348,18.6565,0
,100.23507,18.65618,0
,100.23526,18.65598,0
,100.23666,18.65482,0
,100.23681,18.65468,0
,100.23691,18.6546,0
,100.23691,18.65459,0
,100.23712,18.65437,0
,100.23731,18.65413,0
,100.23777,18.65342,0
,100.23785,18.65326,0
,100.23788,18.65316,0
,100.23791,18.6531,0
,100.23796,18.65291,0
,100.23798,18.65283,0
,100.23813,18.65191,0
,100.23839,18.65062,0
,100.23839,18.65058,0
,100.23841,18.65051,0
,100.23844,18.65044,0
,100.23853,18.65029,0
,100.23859,18.65023,0
,100.23863,18.65021,0
,100.23863,18.6502,0
,100.23868,18.65018,0
,100.23875,18.65014,0
,100.23937,18.64992,0
,100.23951,18.64979,0
,100.23962,18.64966,0
,100.23967,18.64954,0
,100.2397,18.64943,0
,100.23978,18.64893,0
,100.23983,18.64874,0
,100.23988,18.64842,0
,100.23987,18.64831,0
,100.23983,18.6481,0
,100.23905,18.64609,0
,100.23856,18.64493,0
,100.23854,18.6447,0
,100.23856,18.64453,0
,100.23859,18.64443,0
,100.23864,18.64432,0
,100.23903,18.64367,0
,100.23928,18.64313,0
,100.23949,18.64261,0
,100.23949,18.6426,0
,100.23966,18.64211,0
,100.23972,18.64188,0
,100.23976,18.64158,0
,100.23977,18.6414,0
,100.23976,18.64032,0
,100.23973,18.6402,0
,100.23966,18.64008,0
,100.23961,18.64002,0
,100.23923,18.63963,0
,100.23911,18.63948,0
,100.23911,18.63947,0
,100.23906,18.63941,0
,100.23897,18.63922,0
,100.23891,18.63883,0
,100.23891,18.63866,0
,100.23898,18.63829,0
,100.23927,18.6375,0
,100.2393,18.63737,0
,100.23956,18.63664,0
,100.23957,18.63663,0
,100.23964,18.63642,0
,100.23969,18.63619,0
,100.23972,18.63565,0
,100.23965,18.63524,0
,100.23948,18.6348,0
,100.23944,18.63472,0
,100.23909,18.63381,0
,100.23908,18.6338,0
,100.23887,18.63339,0
,100.2387,18.63312,0
,100.23856,18.63294,0
,100.23839,18.63281,0
,100.23819,18.63266,0
,100.2381,18.63262,0
,100.2381,18.63261,0
,100.23738,18.63234,0
,100.23721,18.63224,0
,100.23708,18.63212,0
,100.23697,18.632,0
,100.23686,18.63186,0
,100.23686,18.63185,0
,100.23675,18.63172,0
,100.23675,18.63171,0
,100.2366,18.63153,0
,100.23656,18.63147,0
,100.23636,18.63125,0
,100.23614,18.63104,0
,100.23588,18.63084,0
,100.23571,18.63075,0
,100.23524,18.63058,0
,100.23522,18.63058,0
,100.23514,18.63056,0
,100.23506,18.63056,0
,100.23492,18.63058,0
,100.23446,18.63076,0
,100.23433,18.6308,0
,100.23413,18.63081,0
,100.23377,18.63076,0
,100.23374,18.63075,0
,100.23342,18.63071,0
,100.23306,18.63072,0
,100.23222,18.63085,0
,100.23197,18.63093,0
,100.23174,18.63104,0
,100.23158,18.6311,0
,100.23157,18.63111,0
,100.23133,18.63124,0
,100.23108,18.63134,0
,100.23081,18.63135,0
,100.2307,18.63132,0
,100.23068,18.63132,0
,100.23056,18.63127,0
,100.23049,18.63123,0
,100.23042,18.63117,0
,100.23012,18.63087,0
,100.23007,18.63083,0
,100.22989,18.63062,0
,100.22977,18.6304,0
,100.22975,18.63038,0
,100.22971,18.63027,0
,100.2297,18.63026,0
,100.22968,18.6302,0
,100.22962,18.63012,0
,100.22956,18.63002,0
,100.22946,18.62992,0
,100.22934,18.62984,0
,100.2291,18.62976,0
,100.22884,18.62971,0
,100.22864,18.62963,0
,100.22854,18.62955,0
,100.22847,18.62945,0
,100.22842,18.62936,0
,100.22835,18.6292,0
,100.22834,18.62919,0
,100.22813,18.6285,0
,100.2281,18.62843,0
,100.22806,18.62828,0
,100.22726,18.62651,0
,100.22679,18.62534,0
,100.22675,18.62527,0
,100.22666,18.62518,0
,100.22654,18.6251,0
,100.22639,18.62495,0
,100.22637,18.62494,0
,100.22626,18.62481,0
,100.22613,18.62469,0
,100.22612,18.62467,0
,100.22598,18.62449,0
,100.22589,18.62434,0
,100.22584,18.62416,0
,100.22579,18.6235,0
,100.22578,18.62349,0
,100.22577,18.62332,0
,100.22576,18.62328,0
,100.22576,18.62269,0
,100.22579,18.62252,0
,100.22587,18.6223,0
,100.22589,18.62226,0
,100.22597,18.62201,0
,100.22615,18.62132,0
,100.22617,18.62107,0
,100.22616,18.62081,0
,100.2261,18.62055,0
,100.22595,18.62017,0
,100.22544,18.61921,0
,100.22454,18.61735,0
,100.22337,18.61455,0
,100.22324,18.61411,0
,100.22297,18.61362,0
,100.22285,18.61353,0
,100.2228,18.61351,0
,100.22253,18.6133,0
,100.22242,18.61314,0
,100.22191,18.61205,0
,100.22164,18.61155,0
,100.22162,18.61147,0
,100.22154,18.61124,0
,100.22149,18.61095,0
,100.22143,18.61034,0
,100.22139,18.60954,0
,100.22141,18.60883,0
,100.22165,18.60723,0
,100.22166,18.6069,0
,100.22165,18.60634,0
,100.22145,18.60529,0
,100.22119,18.6041,0
,100.221,18.60336,0
,100.22099,18.60335,0
,100.22076,18.60254,0
,100.22054,18.60185,0
,100.22053,18.6018,0
,100.22046,18.60159,0
,100.21998,18.60046,0
,100.21899,18.59832,0
,100.21783,18.59606,0
,100.21772,18.59582,0
,100.2174,18.5948,0
,100.21649,18.59084,0
,100.21629,18.58994,0
,100.21627,18.58981,0
,100.21628,18.58948,0
,100.21644,18.58841,0
,100.21646,18.58812,0
,100.21645,18.58791,0
,100.21639,18.58765,0
,100.21632,18.58748,0
,100.21632,18.58746,0
,100.21614,18.5871,0
,100.21579,18.58661,0
,100.21537,18.58596,0
,100.21418,18.58424,0
,100.21387,18.58385,0
,100.21314,18.583,0
,100.21217,18.58154,0
,100.21194,18.58122,0
,100.21185,18.58107,0
,100.2118,18.58096,0
,100.21179,18.58067,0
,100.21182,18.58055,0
,100.21199,18.58018,0
,100.21201,18.58011,0
,100.21201,18.58004,0
,100.212,18.57998,0
,100.212,18.57995,0
,100.21188,18.57976,0
,100.21183,18.57972,0
,100.21178,18.57969,0
,100.21171,18.57966,0
,100.21167,18.57966,0
,100.2116,18.57964,0
,100.21142,18.57962,0
,100.21133,18.57962,0
,100.21125,18.57966,0
,100.21094,18.57996,0
,100.21072,18.58012,0
,100.21067,18.58013,0
,100.21058,18.58017,0
,100.21049,18.58019,0
,100.21036,18.58018,0
,100.21023,18.58013,0
,100.20975,18.57976,0
,100.20943,18.57962,0
,100.20912,18.57956,0
,100.20893,18.57957,0
,100.20877,18.5796,0
,100.20858,18.57966,0
,100.20785,18.58007,0
,100.20756,18.58018,0
,100.20712,18.58026,0
,100.20689,18.58028,0
,100.2067,18.58025,0
,100.20651,18.58018,0
,100.20639,18.58012,0
,100.20539,18.57949,0
,100.20529,18.57941,0
,100.20476,18.57906,0
,100.20463,18.57893,0
,100.20429,18.57851,0
,100.20373,18.57742,0
,100.20347,18.5767,0
,100.20331,18.57637,0
,100.20323,18.57605,0
,100.20318,18.57575,0
,100.20312,18.57299,0
,100.20308,18.57263,0
,100.20308,18.57241,0
,100.20314,18.57214,0
,100.20323,18.57187,0
,100.20379,18.57079,0
,100.20393,18.57048,0
,100.20398,18.57027,0
,100.204,18.57009,0
,100.204,18.56996,0
,100.20394,18.56974,0
,100.20387,18.56961,0
,100.20218,18.56744,0
,100.20199,18.56724,0
,100.20186,18.56708,0
,100.20168,18.56682,0
,100.20139,18.56635,0
,100.20123,18.56606,0
,100.20121,18.56601,0
,100.20112,18.56585,0
,100.20102,18.5657,0
,100.20085,18.56538,0
,100.20069,18.56502,0
,100.20062,18.56475,0
,100.20057,18.56447,0
,100.20053,18.56396,0
,100.20052,18.56333,0
,100.20029,18.56265,0
,100.20021,18.56232,0
,100.20016,18.56202,0
,100.2002,18.56171,0
,100.20031,18.56141,0
,100.20043,18.56118,0
,100.20049,18.56106,0
,100.2005,18.56101,0
,100.20061,18.56075,0
,100.20063,18.56048,0
,100.20059,18.56028,0
,100.20047,18.55998,0
,100.20047,18.55997,0
,100.20005,18.559,0
,100.19988,18.55865,0
,100.19982,18.5585,0
,100.19976,18.55838,0
,100.19939,18.55732,0
,100.19939,18.5573,0
,100.19929,18.55698,0
,100.19838,18.55322,0
,100.19833,18.55307,0
,100.19827,18.55279,0
,100.19826,18.55277,0
,100.19823,18.55255,0
,100.19809,18.55196,0
,100.19795,18.55146,0
,100.19792,18.55129,0
,100.19787,18.55117,0
,100.19779,18.55083,0
,100.1977,18.55028,0
,100.19769,18.55006,0
,100.19772,18.54927,0
,100.19776,18.54878,0
,100.19777,18.54846,0
,100.19773,18.54799,0
,100.19736,18.54616,0
,100.19731,18.54597,0
,100.19711,18.54541,0
,100.19701,18.54519,0
,100.19667,18.54459,0
,100.19546,18.54283,0
,100.19485,18.54185,0
,100.19477,18.5417,0
,100.19419,18.54076,0
,100.19297,18.53922,0
,100.19293,18.53915,0
,100.19258,18.53873,0
,100.19225,18.53839,0
,100.18801,18.53467,0
,100.18801,18.53466,0
,100.18559,18.53267,0
,100.18372,18.53129,0
,100.18335,18.53167,0
,100.18279,18.53231,0
,100.17652,18.53866,0
,100.17613,18.53908,0
,100.17432,18.54091,0
,100.17409,18.54107,0
,100.17401,18.5411,0
,100.17388,18.54113,0
,100.17306,18.54112,0
,100.17281,18.54115,0
,100.17264,18.54121,0
,100.1725,18.54134,0
,100.17244,18.54144,0
,100.17239,18.54157,0
,100.17236,18.5417,0
,100.17234,18.54208,0
,100.17231,18.54229,0
,100.17224,18.54247,0
,100.17213,18.54259,0
,100.172,18.54269,0
,100.17189,18.54274,0
,100.1718,18.54276,0
,100.17126,18.5428,0
,100.17105,18.54283,0
,100.17076,18.54292,0
,100.17067,18.54297,0
,100.1705,18.54309,0
,100.17021,18.54324,0
,100.16995,18.54333,0
,100.16952,18.5434,0
,100.16927,18.54341,0
,100.1678,18.5433,0
,100.16699,18.5432,0
,100.16662,18.5431,0
,100.16644,18.54303,0
,100.1663,18.54299,0
,100.16599,18.54293,0
,100.1659,18.54292,0
,100.16579,18.54293,0
,100.16572,18.54295,0
,100.16564,18.543,0
,100.16556,18.54311,0
,100.16551,18.54361,0
,100.16554,18.54385,0
,100.1657,18.54449,0
,100.1657,18.54451,0
,100.16574,18.54472,0
,100.16574,18.54481,0
,100.16572,18.54493,0
,100.1656,18.54515,0
,100.16462,18.54619,0
,100.16447,18.54628,0
,100.16429,18.54637,0
,100.16406,18.54643,0
,100.16372,18.54646,0
,100.16174,18.54646,0
,100.16125,18.54644,0
,100.16097,18.54646,0
,100.16076,18.54652,0
,100.16056,18.54661,0
,100.1602,18.54681,0
,100.16006,18.54699,0
,100.15959,18.54751,0
,100.15941,18.54764,0
,100.1591,18.54782,0
,100.15872,18.548,0
,100.15851,18.54815,0
,100.15786,18.5488,0
,100.1577,18.54888,0
,100.1577,18.54889,0
,100.15756,18.54894,0
,100.15715,18.54902,0
,100.15677,18.54901,0
,100.1567,18.549,0
,100.1562,18.54898,0
,100.15613,18.54897,0
,100.15598,18.54897,0
,100.1557,18.54892,0
,100.15546,18.54883,0
,100.15542,18.54882,0
,100.15498,18.5486,0
,100.15478,18.54853,0
,100.15469,18.54851,0
,100.15459,18.5485,0
,100.15451,18.54851,0
,100.15443,18.54853,0
,100.15441,18.54855,0
,100.15435,18.54858,0
,100.1543,18.54864,0
,100.15428,18.54868,0
,100.15428,18.5487,0
,100.15426,18.54875,0
,100.15426,18.54887,0
,100.15427,18.54895,0
,100.15435,18.54927,0
,100.15434,18.54945,0
,100.15428,18.54961,0
,100.15427,18.54962,0
,100.15398,18.55013,0
,100.15395,18.5502,0
,100.15395,18.55037,0
,100.15397,18.55045,0
,100.15401,18.55055,0
,100.15417,18.5508,0
,100.15429,18.55104,0
,100.15437,18.5513,0
,100.1544,18.55155,0
,100.1544,18.55162,0
,100.15442,18.55173,0
,100.15443,18.55189,0
,100.15442,18.55218,0
,100.15449,18.55299,0
,100.15447,18.55328,0
,100.15443,18.55342,0
,100.15436,18.55354,0
,100.15426,18.55365,0
,100.15407,18.55377,0
,100.15398,18.55385,0
,100.15387,18.55403,0
,100.1538,18.55424,0
,100.15378,18.55459,0
,100.15379,18.55474,0
,100.1538,18.55478,0
,100.1538,18.55481,0
,100.15385,18.55499,0
,100.15396,18.55525,0
,100.15397,18.55525,0
,100.15412,18.55552,0
,100.15435,18.55586,0
,100.1545,18.55618,0
,100.15451,18.55626,0
,100.15451,18.55649,0
,100.15449,18.55655,0
,100.15436,18.55682,0
,100.15432,18.55687,0
,100.15406,18.55728,0
,100.15393,18.55753,0
,100.15385,18.55785,0
,100.15382,18.55839,0
,100.15381,18.55845,0
,100.15379,18.5585,0
,100.15372,18.55859,0
,100.15363,18.55868,0
,100.15329,18.55916,0
,100.15318,18.55935,0
,100.15313,18.55945,0
,100.15303,18.5596,0
,100.15291,18.55981,0
,100.15286,18.56001,0
,100.15285,18.56014,0
,100.15287,18.56026,0
,100.1529,18.56035,0
,100.15304,18.56066,0
,100.15311,18.56077,0
,100.15318,18.56092,0
,100.1532,18.56105,0
,100.15318,18.56118,0
,100.15317,18.56121,0
,100.15304,18.56144,0
,100.15258,18.56217,0
,100.15248,18.56242,0
,100.15245,18.56253,0
,100.15244,18.56271,0
,100.15251,18.56929,0
,100.15247,18.57002,0
,100.15238,18.57102,0
,100.15241,18.57147,0
,100.15244,18.57158,0
,100.15247,18.57182,0
,100.15262,18.57234,0
,100.15276,18.57267,0
,100.15293,18.57301,0
,100.15299,18.57321,0
,100.15302,18.57355,0
,100.15299,18.57383,0
,100.15299,18.5739,0
,100.15301,18.57407,0
,100.15306,18.57418,0
,100.15341,18.57476,0
,100.15353,18.57501,0
,100.15365,18.57535,0
,100.15376,18.57577,0
,100.15388,18.57612,0
,100.15397,18.57634,0
,100.15416,18.5769,0
,100.15437,18.5778,0
,100.15447,18.57804,0
,100.15453,18.57832,0
,100.15453,18.57833,0
,100.15462,18.57867,0
,100.15471,18.57894,0
,100.15482,18.57919,0
,100.1549,18.57932,0
,100.15497,18.57941,0
,100.1556,18.58041,0
,100.15586,18.58087,0
,100.1559,18.58096,0
,100.15595,18.5812,0
,100.15596,18.5813,0
,100.15594,18.5814,0
,100.15588,18.58191,0
,100.15582,18.58217,0
,100.15576,18.5823,0
,100.15567,18.58239,0
,100.15552,18.5825,0
,100.15543,18.58255,0
,100.15536,18.58258,0
,100.15525,18.58261,0
,100.15517,18.58262,0
,100.15485,18.5827,0
,100.15465,18.58283,0
,100.15445,18.58302,0
,100.15436,18.58309,0
,100.15424,18.58322,0
,100.15414,18.58331,0
,100.15394,18.58357,0
,100.15376,18.58387,0
,100.15353,18.58446,0
,100.15347,18.58457,0
,100.15333,18.5847,0
,100.15323,18.58474,0
,100.15298,18.58488,0
,100.15272,18.58509,0
,100.15249,18.5853,0
,100.1523,18.58557,0
,100.15201,18.58593,0
,100.15185,18.58621,0
,100.1518,18.5864,0
,100.15164,18.58769,0
,100.15152,18.58822,0
,100.15146,18.58861,0
,100.15145,18.58901,0
,100.15142,18.58933,0
,100.1513,18.58995,0
,100.15118,18.59037,0
,100.15106,18.59105,0
,100.15083,18.59291,0
,100.15074,18.59312,0
,100.1506,18.5934,0
,100.15052,18.59353,0
,100.15047,18.59363,0
,100.15043,18.59374,0
,100.15036,18.59403,0
,100.15031,18.59432,0
,100.15029,18.59458,0
,100.15014,18.59513,0
,100.14999,18.5955,0
,100.14978,18.59594,0
,100.14962,18.59636,0
,100.14956,18.59649,0
,100.14953,18.59664,0
,100.14953,18.59686,0
,100.14956,18.59702,0
,100.14965,18.59719,0
,100.14989,18.59754,0
,100.15014,18.59787,0
,100.1503,18.59818,0
,100.15035,18.59833,0
,100.15032,18.59867,0
,100.15001,18.59916,0
,100.1496,18.59974,0
,100.14881,18.60096,0
,100.14841,18.60154,0
,100.14825,18.60184,0
,100.14824,18.60189,0
,100.14818,18.60206,0
,100.14817,18.60207,0
,100.1481,18.60233,0
,100.14808,18.60258,0
,100.14809,18.60285,0
,100.14813,18.60307,0
,100.14819,18.60331,0
,100.14828,18.60377,0
,100.14836,18.60401,0
,100.1484,18.6041,0
,100.14841,18.60421,0
,100.14839,18.60431,0
,100.14829,18.60462,0
,100.14791,18.60557,0
,100.14768,18.60626,0
,100.14754,18.60677,0
,100.14743,18.60725,0
,100.1473,18.60811,0
,100.14729,18.60842,0
,100.1473,18.60851,0
,100.14732,18.60905,0
,100.1473,18.60935,0
,100.14732,18.61039,0
,100.14723,18.61078,0
,100.14721,18.61091,0
,100.14722,18.61121,0
,100.14731,18.61171,0
,100.14745,18.61213,0
,100.14749,18.61232,0
,100.14749,18.61246,0
,100.14743,18.61261,0
,100.14737,18.61282,0
,100.14732,18.61295,0
,100.14729,18.6131,0
,100.14729,18.6133,0
,100.14733,18.6135,0
,100.14747,18.61399,0
,100.14777,18.61461,0
,100.14786,18.61487,0
,100.14791,18.61512,0
,100.14792,18.61524,0
,100.14788,18.61556,0
,100.14784,18.6157,0
,100.14781,18.61576,0
,100.14779,18.61582,0
,100.14765,18.61601,0
,100.14743,18.61623,0
,100.14727,18.61644,0
,100.14722,18.61653,0
,100.14718,18.61665,0
,100.14717,18.61666,0
,100.14715,18.61676,0
,100.14714,18.61689,0
,100.14714,18.61729,0
,100.14712,18.61741,0
,100.14709,18.61749,0
,100.147,18.61762,0
,100.1468,18.6178,0
,100.14627,18.61819,0
,100.14614,18.61825,0
,100.14608,18.61825,0
,100.14603,18.61824,0
,100.14587,18.61817,0
,100.14571,18.61804,0
,100.14564,18.61792,0
,100.14556,18.61782,0
,100.14547,18.61774,0
,100.14521,18.61756,0
,100.14508,18.61751,0
,100.14463,18.6174,0
,100.14434,18.61738,0
,100.14422,18.61738,0
,100.14406,18.6174,0
,100.14357,18.6175,0
,100.14342,18.61755,0
,100.1429,18.61765,0
,100.14258,18.61762,0
,100.14238,18.61758,0
,100.142,18.61747,0
,100.14184,18.61745,0
,100.14158,18.61745,0
,100.14146,18.61746,0
,100.14132,18.61746,0
,100.14109,18.6175,0
,100.14104,18.6175,0
,100.14077,18.61754,0
,100.14071,18.61754,0
,100.14053,18.61757,0
,100.14009,18.61757,0
,100.13976,18.61755,0
,100.13939,18.61748,0
,100.13921,18.61742,0
,100.13873,18.61727,0
,100.13864,18.61725,0
,100.13791,18.61721,0
,100.13772,18.61722,0
,100.13759,18.61724,0
,100.13754,18.61726,0
,100.13725,18.61734,0
,100.13719,18.61739,0
,100.13694,18.61765,0
,100.13688,18.61776,0
,100.13681,18.61784,0
,100.13636,18.61821,0
,100.13626,18.61828,0
,100.13619,18.61831,0
,100.13612,18.61833,0
,100.13586,18.61836,0
,100.13568,18.61835,0
,100.13533,18.61831,0
,100.13514,18.61827,0
,100.13513,18.61827,0
,100.13443,18.61805,0
,100.13442,18.61804,0
,100.13415,18.61796,0
,100.13354,18.61787,0
,100.13342,18.61782,0
,100.1333,18.61774,0
,100.13268,18.61706,0
,100.13247,18.61686,0
,100.13243,18.61684,0
,100.13231,18.61674,0
,100.13228,18.61673,0
,100.13221,18.61667,0
,100.13211,18.61662,0
,100.13197,18.61657,0
,100.13195,18.61657,0
,100.13176,18.61653,0
,100.13154,18.6165,0
,100.13144,18.61651,0
,100.13113,18.61658,0
,100.13096,18.61665,0
,100.13069,18.61681,0
,100.13045,18.617,0
,100.13017,18.61725,0
,100.12989,18.61746,0
,100.12982,18.61749,0
,100.12977,18.61751,0
,100.12927,18.61762,0
,100.12908,18.61765,0
,100.12823,18.61773,0
,100.12806,18.61773,0
,100.12777,18.61767,0
,100.12776,18.61767,0
,100.12752,18.61756,0
,100.12737,18.61745,0
,100.1273,18.61738,0
,100.1271,18.61723,0
,100.12685,18.61709,0
,100.12651,18.61698,0
,100.1259,18.61684,0
,100.12563,18.61681,0
,100.1254,18.6168,0
,100.12433,18.61686,0
,100.124,18.61691,0
,100.1236,18.61702,0
,100.12304,18.61722,0
,100.12283,18.61731,0
,100.12265,18.61741,0
,100.12248,18.61752,0
,100.12235,18.61759,0
,100.12222,18.6177,0
,100.12176,18.61815,0
,100.12153,18.61844,0
,100.12136,18.6187,0
,100.12128,18.61888,0
,100.12098,18.61966,0
,100.1206,18.6203,0
,100.12045,18.62049,0
,100.12027,18.62066,0
,100.12018,18.62078,0
,100.12012,18.6209,0
,100.12,18.62129,0
,100.12,18.6213,0
,100.11996,18.6214,0
,100.11993,18.62145,0
,100.11993,18.62146,0
,100.11979,18.62162,0
,100.11971,18.62168,0
,100.11967,18.62172,0
,100.1195,18.6218,0
,100.11942,18.62182,0
,100.11931,18.62184,0
,100.11898,18.62186,0
,100.11874,18.62186,0
,100.11859,18.62187,0
,100.11799,18.62186,0
,100.11784,18.62184,0
,100.11769,18.62179,0
,100.11744,18.62164,0
,100.11722,18.62144,0
,100.11718,18.62138,0
,100.11692,18.62107,0
,100.11677,18.62095,0
,100.11667,18.6209,0
,100.11656,18.62088,0
,100.11646,18.62088,0
,100.11638,18.62089,0
,100.11624,18.62095,0
,100.11616,18.62098,0
,100.11598,18.62107,0
,100.11561,18.62121,0
,100.11542,18.62127,0
,100.11523,18.6213,0
,100.11492,18.6213,0
,100.11483,18.62129,0
,100.11448,18.6212,0
,100.11378,18.62096,0
,100.11377,18.62095,0
,100.11358,18.62089,0
,100.1129,18.62062,0
,100.11263,18.62053,0
,100.11239,18.62043,0
,100.11237,18.62043,0
,100.1121,18.62031,0
,100.11128,18.61979,0
,100.11109,18.61965,0
,100.11103,18.61962,0
,100.11067,18.61933,0
,100.11065,18.61932,0
,100.11059,18.61924,0
,100.1105,18.61914,0
,100.11035,18.61891,0
,100.11026,18.61879,0
,100.11012,18.61864,0
,100.10954,18.61816,0
,100.10917,18.61795,0
,100.1087,18.61777,0
,100.10862,18.61775,0
,100.10854,18.61774,0
,100.10846,18.61774,0
,100.10831,18.61776,0
,100.10826,18.61776,0
,100.10757,18.61791,0
,100.10738,18.61794,0
,100.10714,18.618,0
,100.10681,18.61806,0
,100.10555,18.6184,0
,100.10553,18.61841,0
,100.10462,18.6186,0
,100.10459,18.61861,0
,100.10444,18.61863,0
,100.10426,18.61867,0
,100.10416,18.61868,0
,100.10388,18.61876,0
,100.10362,18.61891,0
,100.10276,18.61969,0
,100.10274,18.6197,0
,100.10262,18.61981,0
,100.10233,18.62002,0
,100.10214,18.62013,0
,100.10183,18.62028,0
,100.1018,18.6203,0
,100.10106,18.62059,0
,100.10068,18.6207,0
,100.10052,18.62072,0
,100.09953,18.62075,0
,100.09935,18.62073,0
,100.09791,18.62031,0
,100.09778,18.62028,0
,100.0976,18.62022,0
,100.09753,18.62021,0
,100.09506,18.61936,0
,100.09441,18.61908,0
,100.0944,18.61908,0
,100.09342,18.6186,0
,100.09321,18.61852,0
,100.09253,18.61817,0
,100.09204,18.61792,0
,100.09189,18.61782,0
,100.09183,18.61779,0
,100.09128,18.61738,0
,100.09127,18.61738,0
,100.09025,18.61663,0
,100.09002,18.61649,0
,100.08989,18.61644,0
,100.08972,18.61639,0
,100.08953,18.61636,0
,100.08936,18.61636,0
,100.08918,18.61639,0
,100.0891,18.61642,0
,100.08903,18.61646,0
,100.08889,18.61657,0
,100.08885,18.61661,0
,100.08884,18.61663,0
,100.08878,18.61671,0
,100.08866,18.61692,0
,100.08858,18.61709,0
,100.0885,18.61721,0
,100.08841,18.61741,0
,100.08835,18.61758,0
,100.08833,18.61766,0
,100.08824,18.6183,0
,100.0882,18.6184,0
,100.08814,18.6185,0
,100.08806,18.61859,0
,100.08793,18.61866,0
,100.08788,18.61868,0
,100.08775,18.61877,0
,100.0877,18.61887,0
,100.0877,18.61898,0
,100.08771,18.61904,0
,100.08773,18.6191,0
,100.0878,18.61921,0
,100.08791,18.61935,0
,100.08792,18.61938,0
,100.08791,18.61942,0
,100.08791,18.61946,0
,100.08779,18.61958,0
,100.08776,18.61962,0
,100.08766,18.61971,0
,100.08763,18.61973,0
,100.08759,18.61974,0
,100.08754,18.61976,0
,100.08749,18.61975,0
,100.08745,18.61975,0
,100.08736,18.61972,0
,100.08731,18.6197,0
,100.08728,18.61967,0
,100.0872,18.61961,0
,100.08717,18.61955,0
,100.08711,18.61941,0
,100.08711,18.61939,0
,100.08709,18.61936,0
,100.08708,18.6193,0
,100.08708,18.61913,0
,100.08709,18.61906,0
,100.08709,18.61891,0
,100.08708,18.61887,0
,100.08702,18.61873,0
,100.08698,18.61856,0
,100.08698,18.61849,0
,100.087,18.61837,0
,100.08708,18.61825,0
,100.0873,18.61803,0
,100.08734,18.61798,0
,100.08735,18.6179,0
,100.08737,18.61783,0
,100.08736,18.61778,0
,100.08736,18.61775,0
,100.08732,18.61768,0
,100.08709,18.61731,0
,100.08686,18.61677,0
,100.08679,18.61664,0
,100.08676,18.61661,0
,100.08667,18.61656,0
,100.08663,18.61655,0
,100.08656,18.61655,0
,100.08651,18.61656,0
,100.08629,18.61676,0
,100.0861,18.61698,0
,100.08606,18.61705,0
,100.08603,18.6172,0
,100.08603,18.61727,0
,100.08606,18.61734,0
,100.08611,18.61741,0
,100.08619,18.61748,0
,100.0863,18.61754,0
,100.08656,18.61765,0
,100.08662,18.61771,0
,100.08665,18.61776,0
,100.08666,18.61788,0
,100.08665,18.61795,0
,100.08637,18.61841,0
,100.08623,18.61874,0
,100.08619,18.61887,0
,100.08616,18.61906,0
,100.08617,18.61931,0
,100.08619,18.61944,0
,100.08632,18.61987,0
,100.08639,18.62002,0
,100.08651,18.62016,0
,100.08661,18.62031,0
,100.08666,18.6204,0
,100.08671,18.62046,0
,100.08683,18.62066,0
,100.08685,18.62074,0
,100.08686,18.62088,0
,100.08685,18.62095,0
,100.08683,18.62102,0
,100.0868,18.62108,0
,100.08676,18.62113,0
,100.08675,18.62115,0
,100.08653,18.62133,0
,100.08641,18.62141,0
,100.08593,18.62162,0
,100.08577,18.62166,0
,100.08527,18.62175,0
,100.08435,18.62186,0
,100.08373,18.62196,0
,100.08369,18.62196,0
,100.083,18.6221,0
,100.08298,18.6221,0
,100.08262,18.62218,0
,100.08261,18.62218,0
,100.08194,18.62239,0
,100.08189,18.6224,0
,100.08174,18.62246,0
,100.08153,18.62252,0
,100.0815,18.62254,0
,100.08136,18.62259,0
,100.08132,18.62261,0
,100.08115,18.62274,0
,100.08098,18.62292,0
,100.08059,18.62338,0
,100.08039,18.62369,0
,100.08033,18.62382,0
,100.08032,18.62388,0
,100.08034,18.62402,0
,100.08034,18.62409,0
,100.08036,18.62416,0
,100.08036,18.62421,0
,100.08037,18.62423,0
,100.08037,18.62429,0
,100.08035,18.62439,0
,100.08034,18.6244,0
,100.08028,18.62451,0
,100.08025,18.62454,0
,100.08024,18.62457,0
,100.08013,18.62468,0
,100.08005,18.62474,0
,100.08001,18.62481,0
,100.07999,18.62488,0
,100.07998,18.62494,0
,100.07998,18.62503,0
,100.07997,18.62508,0
,100.07995,18.62514,0
,100.07993,18.62516,0
,100.07991,18.62521,0
,100.07981,18.62534,0
,100.07974,18.62541,0
,100.07966,18.62552,0
,100.07962,18.62563,0
,100.07961,18.62571,0
,100.07958,18.62578,0
,100.07955,18.62583,0
,100.07945,18.62591,0
,100.07939,18.62593,0
,100.07912,18.62593,0
,100.07904,18.62594,0
,100.07896,18.62597,0
,100.07887,18.62603,0
,100.07874,18.62623,0
,100.07868,18.62634,0
,100.0786,18.62644,0
,100.0785,18.62649,0
,100.0784,18.62648,0
,100.07838,18.62648,0
,100.07827,18.62645,0
,100.07823,18.62641,0
,100.07816,18.62629,0
,100.07803,18.6261,0
,100.07797,18.62596,0
,100.0778,18.62565,0
,100.07775,18.6256,0
,100.07763,18.62555,0
,100.07755,18.62555,0
,100.0775,18.62557,0
,100.07744,18.62561,0
,100.07739,18.62566,0
,100.07734,18.62576,0
,100.07731,18.62587,0
,100.07727,18.62625,0
,100.07727,18.62637,0
,100.07725,18.62648,0
,100.07719,18.62656,0
,100.07713,18.62661,0
,100.0771,18.62662,0
,100.07698,18.62664,0
,100.07677,18.62659,0
,100.07665,18.62653,0
,100.0766,18.62649,0
,100.07656,18.62647,0
,100.07652,18.62641,0
,100.07613,18.62593,0
,100.07613,18.62592,0
,100.07588,18.62565,0
,100.07574,18.62553,0
,100.07513,18.62515,0
,100.07502,18.62504,0
,100.07497,18.62498,0
,100.07478,18.62465,0
,100.0745,18.62409,0
,100.07442,18.62398,0
,100.07434,18.62391,0
,100.07418,18.62385,0
,100.07414,18.62385,0
,100.07409,18.62384,0
,100.07404,18.62385,0
,100.07397,18.62385,0
,100.07391,18.62387,0
,100.07378,18.62394,0
,100.07372,18.624,0
,100.0734,18.62455,0
,100.07324,18.62474,0
,100.07295,18.62498,0
,100.07252,18.62517,0
,100.07245,18.62521,0
,100.07236,18.62528,0
,100.07228,18.6254,0
,100.07222,18.62558,0
,100.07218,18.62566,0
,100.07209,18.62576,0
,100.07205,18.62579,0
,100.07192,18.62581,0
,100.07188,18.62579,0
,100.07163,18.62561,0
,100.07156,18.62553,0
,100.07145,18.62544,0
,100.07132,18.62538,0
,100.07119,18.62535,0
,100.07098,18.62535,0
,100.07095,18.62536,0
,100.07093,18.62536,0
,100.07084,18.62539,0
,100.07069,18.62548,0
,100.07063,18.62554,0
,100.07058,18.62562,0
,100.07056,18.62568,0
,100.07055,18.62576,0
,100.07057,18.62589,0
,100.07062,18.62604,0
,100.07063,18.62605,0
,100.07091,18.62656,0
,100.07097,18.6268,0
,100.07101,18.62702,0
,100.07102,18.62719,0
,100.07099,18.62746,0
,100.07089,18.62778,0
,100.07077,18.62798,0
,100.07066,18.62813,0
,100.07046,18.62834,0
,100.07034,18.62844,0
,100.07005,18.62862,0
,100.0699,18.62869,0
,100.06941,18.62884,0
,100.06927,18.62887,0
,100.06908,18.62889,0
,100.06876,18.62889,0
,100.06851,18.62885,0
,100.06652,18.62827,0
,100.06594,18.62811,0
,100.06519,18.62801,0
,100.06497,18.62794,0
,100.06485,18.62787,0
,100.06471,18.62775,0
,100.06463,18.62767,0
,100.06451,18.62753,0
,100.0644,18.62742,0
,100.06391,18.62687,0
,100.0636,18.62655,0
,100.06349,18.62646,0
,100.06341,18.62641,0
,100.06318,18.62631,0
,100.06291,18.62627,0
,100.06288,18.62627,0
,100.06254,18.62634,0
,100.06243,18.62638,0
,100.06231,18.62644,0
,100.06219,18.62654,0
,100.06211,18.62661,0
,100.06209,18.62665,0
,100.06196,18.62678,0
,100.06186,18.6269,0
,100.06174,18.62701,0
,100.06159,18.62712,0
,100.06147,18.62717,0
,100.06138,18.62719,0
,100.06128,18.6272,0
,100.06117,18.62719,0
,100.06104,18.62716,0
,100.06086,18.6271,0
,100.06071,18.62702,0
,100.0606,18.62698,0
,100.06045,18.62696,0
,100.06036,18.62696,0
,100.05989,18.62702,0
,100.05988,18.62703,0
,100.05957,18.62703,0
,100.05945,18.62701,0
,100.05935,18.62698,0
,100.05911,18.62688,0
,100.05877,18.62668,0
,100.05867,18.62663,0
,100.0584,18.62646,0
,100.05822,18.62621,0
,100.05806,18.62594,0
,100.05801,18.62588,0
,100.05794,18.62582,0
,100.05789,18.62579,0
,100.05781,18.62576,0
,100.05777,18.62575,0
,100.05772,18.62575,0
,100.05758,18.62577,0
,100.05743,18.62585,0
,100.05717,18.62604,0
,100.05709,18.62612,0
,100.05696,18.62623,0
,100.05685,18.62631,0
,100.05678,18.62635,0
,100.0566,18.62641,0
,100.05651,18.62643,0
,100.05647,18.62643,0
,100.05597,18.62649,0
,100.05575,18.62656,0
,100.05558,18.62663,0
,100.05539,18.62679,0
,100.05529,18.62689,0
,100.05432,18.62805,0
,100.05381,18.62855,0
,100.05372,18.62862,0
,100.05367,18.62867,0
,100.05337,18.6289,0
,100.05322,18.629,0
,100.0529,18.62918,0
,100.05271,18.62927,0
,100.05254,18.62933,0
,100.05216,18.62944,0
,100.05179,18.62951,0
,100.05156,18.62954,0
,100.0514,18.62954,0
,100.05116,18.62956,0
,100.05083,18.62954,0
,100.04712,18.62895,0
,100.04669,18.62892,0
,100.04614,18.62893,0
,100.04561,18.62902,0
,100.04508,18.62918,0
,100.04477,18.62933,0
,100.04429,18.62963,0
,100.04414,18.62974,0
,100.04376,18.63009,0
,100.04346,18.63042,0
,100.04209,18.63203,0
,100.04185,18.63234,0
,100.0412,18.63309,0
,100.04104,18.63332,0
,100.04066,18.634,0
,100.04045,18.63446,0
,100.03982,18.63564,0
,100.03968,18.63593,0
,100.03954,18.63615,0
,100.0394,18.63643,0
,100.03939,18.63644,0
,100.03909,18.63708,0
,100.03901,18.63738,0
,100.039,18.63748,0
,100.03901,18.63775,0
,100.03906,18.63798,0
,100.03907,18.63798,0
,100.03914,18.63816,0
,100.03928,18.63841,0
,100.03958,18.63879,0
,100.03974,18.63896,0
,100.04006,18.63926,0
,100.04068,18.63994,0
,100.04072,18.64,0
,100.04075,18.64003,0
,100.04079,18.64011,0
,100.04083,18.64022,0
,100.04083,18.64042,0
,100.04082,18.6405,0
,100.0408,18.64057,0
,100.04077,18.64075,0
,100.04073,18.64091,0
,100.04069,18.64102,0
,100.04069,18.64104,0
,100.04064,18.64117,0
,100.04053,18.64137,0
,100.0404,18.64156,0
,100.04031,18.64166,0
,100.0401,18.64183,0
,100.04,18.64189,0
,100.0399,18.64194,0
,100.03967,18.64203,0
,100.03918,18.64214,0
,100.03862,18.64224,0
,100.03853,18.64224,0
,100.03835,18.64226,0
,100.03817,18.64226,0
,100.03805,18.64224,0
,100.03781,18.64217,0
,100.03771,18.64213,0
,100.03756,18.64205,0
,100.03738,18.64188,0
,100.03729,18.64178,0
,100.03721,18.64167,0
,100.03713,18.64158,0
,100.03705,18.64144,0
,100.03693,18.64129,0
,100.03684,18.64112,0
,100.03676,18.64103,0
,100.03665,18.64093,0
,100.03651,18.64085,0
,100.0363,18.6408,0
,100.03617,18.64078,0
,100.036,18.6408,0
,100.03591,18.64082,0
,100.0359,18.64083,0
,100.03579,18.64086,0
,100.03562,18.64096,0
,100.03547,18.64108,0
,100.03539,18.64119,0
,100.03529,18.64139,0
,100.03524,18.64152,0
,100.03521,18.64164,0
,100.03519,18.64196,0
,100.03521,18.64211,0
,100.03524,18.64224,0
,100.03529,18.64268,0
,100.03527,18.64331,0
,100.03522,18.64381,0
,100.0352,18.64392,0
,100.03512,18.64419,0
,100.03499,18.64443,0
,100.03495,18.64448,0
,100.0349,18.64458,0
,100.03478,18.64477,0
,100.03476,18.64486,0
,100.03471,18.64502,0
,100.0347,18.64509,0
,100.03471,18.64523,0
,100.03479,18.64552,0
,100.03483,18.64561,0
,100.03493,18.64578,0
,100.035,18.64592,0
,100.03517,18.64644,0
,100.03518,18.64645,0
,100.03527,18.64684,0
,100.03528,18.64707,0
,100.03527,18.64717,0
,100.0352,18.64739,0
,100.03502,18.64782,0
,100.03487,18.64824,0
,100.03469,18.64867,0
,100.03423,18.64999,0
,100.03422,18.65004,0
,100.03416,18.65021,0
,100.03405,18.65071,0
,100.03399,18.65091,0
,100.03383,18.65124,0
,100.03353,18.65182,0
,100.03298,18.65264,0
,100.03298,18.65265,0
,100.03159,18.65475,0
,100.03062,18.65612,0
,100.03059,18.65615,0
,100.03022,18.65673,0
,100.03021,18.65674,0
,100.02947,18.65795,0
,100.0293,18.6583,0
,100.02926,18.6584,0
,100.02922,18.65865,0
,100.02922,18.65885,0
,100.02926,18.65896,0
,100.02931,18.65918,0
,100.02941,18.65951,0
,100.02941,18.65965,0
,100.02928,18.66023,0
,100.02923,18.6604,0
,100.02922,18.66041,0
,100.02908,18.66085,0
,100.02906,18.66105,0
,100.02907,18.66149,0
,100.02912,18.66167,0
,100.02914,18.6618,0
,100.02913,18.66218,0
,100.02908,18.66236,0
,100.02895,18.66268,0
,100.02863,18.66314,0
,100.02716,18.66545,0
,100.02624,18.66711,0
,100.02575,18.66781,0
,100.02549,18.66809,0
,100.02485,18.66866,0
,100.02394,18.66936,0
,100.0238,18.66948,0
,100.02365,18.66959,0
,100.02269,18.67038,0
,100.02265,18.67042,0
,100.02071,18.67187,0
,100.02068,18.67188,0
,100.02042,18.6721,0
,100.02033,18.67216,0
,100.0198,18.67258,0
,100.01953,18.67278,0
,100.01952,18.6728,0
,100.01921,18.67306,0
,100.01904,18.67322,0
,100.01886,18.67341,0
,100.01842,18.674,0
,100.0181,18.67456,0
,100.01542,18.68043,0
,100.01518,18.68104,0
,100.01471,18.68207,0
,100.01447,18.68269,0
,100.01432,18.68328,0
,100.01426,18.68372,0
,100.01426,18.68433,0
,100.01441,18.68783,0
,100.01441,18.68848,0
,100.01459,18.69511,0
,100.01465,18.69584,0
,100.01487,18.69783,0
,100.01517,18.70013,0
,100.01547,18.70286,0
,100.01546,18.70351,0
,100.01545,18.70354,0
,100.01542,18.70393,0
,100.01526,18.70464,0
,100.01513,18.70508,0
,100.01504,18.70547,0
,100.01504,18.70548,0
,100.01499,18.70565,0
,100.01495,18.70583,0
,100.0119,18.71689,0
,100.01189,18.71695,0
,100.01157,18.71793,0
,100.0099,18.72501,0
,100.00982,18.72542,0
,100.00881,18.72906,0
,100.00852,18.72995,0
,100.00846,18.73009,0
,100.0078,18.73271,0
,100.00733,18.73437,0
,100.00703,18.73561,0
,100.00694,18.73606,0
,100.00676,18.7367,0
,100.00645,18.738,0
,100.00566,18.74088,0
,100.00541,18.74155,0
,100.0052,18.74189,0
,100.00511,18.74202,0
,100.00398,18.74285,0
,100.00335,18.74335,0
,100.00112,18.7449,0
,99.997,18.74704,0
,99.99514,18.74796,0
,99.99476,18.74813,0
,99.9879,18.75077,0
,99.98459,18.75164,0
,99.98402,18.75177,0
,99.98095,18.7526,0
,99.98002,18.75274,0
,99.97921,18.7529,0
,99.97919,18.75291,0
,99.97917,18.75293,0
,99.97916,18.75305,0
,99.97915,18.75307,0
,99.97914,18.75308,0
,99.97917,18.75327,0
,99.97877,18.75492,0
,99.97866,18.75522,0
,99.97862,18.75529,0
,99.97824,18.75615,0
,99.97824,18.75617,0
,99.97814,18.75651,0
,99.97795,18.75736,0
,99.97767,18.75976,0
,99.97759,18.76023,0
,99.97725,18.76119,0
,99.97719,18.7613,0
,99.97719,18.76131,0
,99.9771,18.76145,0
,99.9769,18.76166,0
,99.97627,18.76216,0
,99.97622,18.76221,0
,99.97599,18.76237,0
,99.97534,18.76278,0
,99.97495,18.76312,0
,99.97464,18.76352,0
,99.97459,18.76361,0
,99.97449,18.76388,0
,99.97426,18.76509,0
,99.9742,18.7653,0
,99.97417,18.76538,0
,99.97406,18.76556,0
,99.97352,18.76633,0
,99.97325,18.76655,0
,99.97311,18.76665,0
,99.97292,18.76665,0
,99.97276,18.76661,0
,99.97239,18.7677,0
,99.97076,18.77293,0
,99.97062,18.77329,0
,99.97007,18.77508,0
,99.96999,18.77528,0
,99.96963,18.77648,0
,99.96932,18.77763,0
,99.96913,18.77879,0
,99.96905,18.77943,0
,99.96897,18.77978,0
,99.96893,18.78007,0
,99.96888,18.78028,0
,99.9688,18.78097,0
,99.96876,18.78118,0
,99.96876,18.78123,0
,99.96856,18.78193,0
,99.96838,18.78238,0
,99.96793,18.78319,0
,99.96755,18.78371,0
,99.96586,18.78564,0
,99.96582,18.7857,0
,99.96581,18.7857,0
,99.96572,18.78582,0
,99.96444,18.78726,0
,99.96411,18.78771,0
,99.96389,18.78806,0
,99.96367,18.78854,0
,99.96358,18.78877,0
,99.96346,18.78922,0
,99.96324,18.7902,0
,99.96294,18.79127,0
,99.96293,18.79137,0
,99.96219,18.79472,0
,99.96211,18.79518,0
,99.96186,18.79631,0
,99.96186,18.79634,0
,99.96093,18.80066,0
,99.96091,18.80071,0
,99.96074,18.8015,0
,99.96072,18.80156,0
,99.96027,18.80357,0
,99.96016,18.80397,0
,99.96014,18.80408,0
,99.95983,18.80491,0
,99.95955,18.80556,0
,99.95917,18.80623,0
,99.95864,18.80705,0
,99.95742,18.80871,0
,99.95711,18.80918,0
,99.95544,18.81159,0
,99.95538,18.81166,0
,99.95522,18.8119,0
,99.95495,18.81225,0
,99.95445,18.813,0
,99.95443,18.81304,0
,99.95364,18.8142,0
,99.9532,18.81493,0
,99.9525,18.81624,0
,99.95237,18.81645,0
,99.94957,18.82161,0
,99.94912,18.82261,0
,99.94909,18.82272,0
,99.94907,18.82275,0
,99.94906,18.82281,0
,99.94893,18.82323,0
,99.94883,18.82378,0
,99.94878,18.8243,0
,99.94877,18.82547,0
,99.94881,18.82709,0
,99.9488,18.82858,0
,99.9484,18.82855,0
,99.94831,18.82855,0
,99.94751,18.82848,0
,99.94702,18.82841,0
,99.94634,18.82834,0
,99.94618,18.8283,0
,99.94606,18.82828,0
,99.94522,18.82803,0
,99.94471,18.82795,0
,99.94434,18.82804,0
,99.94407,18.82807,0
,99.9421,18.82813,0
,99.94082,18.8282,0
,99.94025,18.82821,0
,99.94019,18.82819,0
,99.94004,18.82817,0
,99.9398,18.82808,0
,99.93936,18.82795,0
,99.93904,18.82789,0
,99.93869,18.82789,0
,99.93814,18.82795,0
,99.93792,18.828,0
,99.93739,18.82784,0
,99.93725,18.82781,0
,99.93691,18.82777,0
,99.9356,18.8278,0
,99.93497,18.82763,0
,99.93483,18.82761,0
,99.93462,18.82763,0
,99.93445,18.82766,0
,99.93443,18.82767,0
,99.93425,18.8277,0
,99.93402,18.82769,0
,99.93386,18.82766,0
,99.93365,18.82759,0
,99.93352,18.82751,0
,99.93316,18.82722,0
,99.93264,18.82689,0
,99.93209,18.82648,0
,99.93204,18.82643,0
,99.93186,18.82632,0
,99.93181,18.8263,0
,99.93176,18.82629,0
,99.93162,18.8263,0
,99.93156,18.82632,0
,99.93138,18.82643,0
,99.93126,18.82653,0
,99.93116,18.82657,0
,99.93102,18.82659,0
,99.93099,18.82658,0
,99.93084,18.82656,0
,99.93067,18.82647,0
,99.93056,18.82639,0
,99.93048,18.82623,0
,99.93035,18.82579,0
,99.93031,18.82569,0
,99.93024,18.82558,0
,99.93008,18.82537,0
,99.93001,18.82531,0
,99.92996,18.82523,0
,99.92994,18.82521,0
,99.92985,18.82499,0
,99.92976,18.82482,0
,99.92938,18.8242,0
,99.92928,18.82401,0
,99.92913,18.82382,0
,99.92895,18.82363,0
,99.92887,18.82356,0
,99.92868,18.82343,0
,99.9286,18.82339,0
,99.92848,18.82336,0
,99.92836,18.82336,0
,99.92817,18.82338,0
,99.92801,18.82342,0
,99.92798,18.82342,0
,99.9278,18.82346,0
,99.92699,18.82347,0
,99.92669,18.8235,0
,99.92666,18.82351,0
,99.92657,18.82352,0
,99.92644,18.82356,0
,99.92635,18.82361,0
,99.92597,18.82387,0
,99.92593,18.82389,0
,99.92588,18.8239,0
,99.92584,18.8239,0
,99.92576,18.82388,0
,99.92566,18.82381,0
,99.9256,18.82369,0
,99.92558,18.82366,0
,99.92558,18.82362,0
,99.92556,18.82357,0
,99.92556,18.8235,0
,99.92557,18.82349,0
,99.92559,18.82342,0
,99.92562,18.82335,0
,99.9257,18.82323,0
,99.92594,18.82295,0
,99.92605,18.82279,0
,99.92612,18.82266,0
,99.92616,18.82255,0
,99.9262,18.82237,0
,99.92621,18.82216,0
,99.9262,18.82209,0
,99.92614,18.82191,0
,99.92607,18.82134,0
,99.9259,18.82086,0
,99.92584,18.82063,0
,99.92556,18.82003,0
,99.92547,18.81974,0
,99.92544,18.81954,0
,99.92544,18.81858,0
,99.92541,18.81848,0
,99.92536,18.81836,0
,99.92513,18.81798,0
,99.92512,18.81798,0
,99.92506,18.81783,0
,99.92504,18.81773,0
,99.92503,18.81764,0
,99.92503,18.81741,0
,99.92502,18.81728,0
,99.92502,18.81692,0
,99.92503,18.81685,0
,99.92506,18.81674,0
,99.92507,18.81674,0
,99.92517,18.81652,0
,99.92523,18.81642,0
,99.92532,18.81624,0
,99.92539,18.81605,0
,99.9254,18.81601,0
,99.92537,18.81555,0
,99.92534,18.81541,0
,99.92535,18.81538,0
,99.92535,18.81525,0
,99.92536,18.81517,0
,99.92537,18.81513,0
,99.92547,18.81493,0
,99.92565,18.81475,0
,99.92586,18.81457,0
,99.92605,18.81436,0
,99.92615,18.81419,0
,99.92623,18.81401,0
,99.92628,18.81382,0
,99.92628,18.81359,0
,99.92624,18.81331,0
,99.92615,18.81295,0
,99.92614,18.8128,0
,99.92613,18.81274,0
,99.92615,18.81221,0
,99.92613,18.81214,0
,99.92609,18.81204,0
,99.92601,18.81198,0
,99.92597,18.81194,0
,99.92542,18.81169,0
,99.92517,18.81154,0
,99.9249,18.81134,0
,99.92434,18.81081,0
,99.92414,18.81055,0
,99.92375,18.80985,0
,99.92332,18.80897,0
,99.92315,18.80855,0
,99.92304,18.80806,0
,99.92303,18.8079,0
,99.92299,18.80776,0
,99.92296,18.80769,0
,99.9228,18.8075,0
,99.92268,18.80741,0
,99.92262,18.80737,0
,99.92186,18.8071,0
,99.92165,18.80701,0
,99.92154,18.80684,0
,99.92151,18.80673,0
,99.92151,18.80662,0
,99.92165,18.80628,0
,99.92126,18.80611,0
,99.92022,18.8058,0
,99.92013,18.80578,0
,99.91992,18.80571,0
,99.91864,18.80546,0
,99.91835,18.80543,0
,99.91815,18.80543,0
,99.91731,18.80548,0
,99.91729,18.80554,0
,99.91675,18.80659,0
,99.91657,18.80682,0
,99.91632,18.80722,0
,99.91632,18.80723,0
,99.91625,18.8074,0
,99.91626,18.80774,0
,99.91622,18.80864,0
,99.9161,18.80922,0
,99.91609,18.8093,0
,99.91604,18.80942,0
,99.91591,18.80966,0
,99.9158,18.80978,0
,99.91559,18.80995,0
,99.91531,18.81024,0
,99.91499,18.81051,0
,99.9148,18.81064,0
,99.91413,18.81095,0
,99.91315,18.8115,0
,99.91281,18.81165,0
,99.91259,18.81172,0
,99.91224,18.81187,0
,99.91203,18.81198,0
,99.91202,18.81198,0
,99.91175,18.81215,0
,99.91151,18.81232,0
,99.91137,18.81237,0
,99.91126,18.81242,0
,99.91121,18.81243,0
,99.9112,18.81244,0
,99.91115,18.81245,0
,99.91104,18.81246,0
,99.91101,18.81247,0
,99.9109,18.81248,0
,99.91078,18.81247,0
,99.91063,18.81244,0
,99.91052,18.8124,0
,99.91047,18.81239,0
,99.9103,18.81233,0
,99.91027,18.81233,0
,99.91008,18.8123,0
,99.90994,18.81229,0
,99.9099,18.81228,0
,99.90982,18.81228,0
,99.90977,18.81229,0
,99.90972,18.81229,0
,99.90963,18.81232,0
,99.90954,18.81238,0
,99.90947,18.81244,0
,99.90933,18.81263,0
,99.9087,18.81336,0
,99.90869,18.81338,0
,99.90838,18.81373,0
,99.90812,18.81407,0
,99.90811,18.8141,0
,99.90794,18.81435,0
,99.90787,18.81443,0
,99.90772,18.81463,0
,99.90768,18.8147,0
,99.90764,18.8148,0
,99.90763,18.81488,0
,99.90763,18.81543,0
,99.90765,18.81573,0
,99.90765,18.81587,0
,99.90763,18.81601,0
,99.90758,18.81611,0
,99.90749,18.81622,0
,99.90734,18.81635,0
,99.90686,18.81665,0
,99.90684,18.81665,0
,99.90562,18.8171,0
,99.90554,18.81714,0
,99.90544,18.81717,0
,99.90492,18.81738,0
,99.90465,18.81752,0
,99.90429,18.81768,0
,99.90424,18.81771,0
,99.90407,18.81778,0
,99.90372,18.81795,0
,99.90338,18.81816,0
,99.9031,18.81835,0
,99.90274,18.81861,0
,99.90224,18.81908,0
,99.90212,18.81916,0
,99.90127,18.8196,0
,99.90127,18.81961,0
,99.90107,18.8197,0
,99.90076,18.81986,0
,99.9006,18.81996,0
,99.90036,18.82015,0
,99.90013,18.82038,0
,99.90005,18.82044,0
,99.90001,18.82048,0
,99.89973,18.82064,0
,99.8997,18.82065,0
,99.89961,18.82071,0
,99.89957,18.82073,0
,99.89945,18.82083,0
,99.89937,18.82091,0
,99.89934,18.82095,0
,99.8993,18.82107,0
,99.89928,18.82118,0
,99.89926,18.82124,0
,99.89924,18.82138,0
,99.89924,18.82143,0
,99.89922,18.82148,0
,99.89921,18.82153,0
,99.8992,18.82154,0
,99.89918,18.82161,0
,99.89914,18.8217,0
,99.89914,18.82172,0
,99.899,18.82198,0
,99.89894,18.82207,0
,99.89884,18.82219,0
,99.89876,18.82225,0
,99.89859,18.82232,0
,99.89837,18.82235,0
,99.89824,18.82235,0
,99.89813,18.82236,0
,99.89759,18.82236,0
,99.89755,18.82235,0
,99.89749,18.82235,0
,99.89737,18.82232,0
,99.89729,18.82231,0
,99.89704,18.82224,0
,99.89693,18.82223,0
,99.89688,18.82222,0
,99.89677,18.82222,0
,99.89665,18.82224,0
,99.89663,18.82224,0
,99.89647,18.82229,0
,99.89639,18.82233,0
,99.89636,18.82236,0
,99.89632,18.82239,0
,99.8963,18.82243,0
,99.89627,18.82246,0
,99.89613,18.82272,0
,99.89601,18.82294,0
,99.89598,18.82304,0
,99.89593,18.82315,0
,99.89586,18.82334,0
,99.89575,18.82359,0
,99.89574,18.82363,0
,99.89569,18.82373,0
,99.89556,18.82392,0
,99.89551,18.82397,0
,99.89509,18.82427,0
,99.89502,18.82433,0
,99.89493,18.82444,0
,99.89475,18.82471,0
,99.89467,18.82478,0
,99.89466,18.82479,0
,99.89456,18.82483,0
,99.89451,18.82483,0
,99.8945,18.82482,0
,99.89448,18.82482,0
,99.89429,18.82476,0
,99.89407,18.82467,0
,99.89327,18.82442,0
,99.89321,18.82441,0
,99.89312,18.82438,0
,99.89295,18.82438,0
,99.8929,18.82439,0
,99.89279,18.82443,0
,99.89274,18.82446,0
,99.89218,18.8248,0
,99.89206,18.82484,0
,99.89199,18.82486,0
,99.89187,18.82486,0
,99.89168,18.82484,0
,99.89154,18.82481,0
,99.8913,18.82473,0
,99.89114,18.82465,0
,99.89106,18.82462,0
,99.89098,18.8246,0
,99.89073,18.82457,0
,99.89055,18.82457,0
,99.89016,18.82461,0
,99.88996,18.82466,0
,99.88989,18.82467,0
,99.88983,18.82469,0
,99.88965,18.82477,0
,99.88952,18.82484,0
,99.88947,18.82486,0
,99.88905,18.82511,0
,99.88897,18.82517,0
,99.8889,18.8252,0
,99.88885,18.82523,0
,99.88869,18.82528,0
,99.88865,18.8253,0
,99.88852,18.82533,0
,99.88851,18.82534,0
,99.88818,18.82542,0
,99.88797,18.82549,0
,99.88796,18.82549,0
,99.88781,18.82555,0
,99.88774,18.82557,0
,99.88755,18.82566,0
,99.88729,18.82589,0
,99.88724,18.82594,0
,99.88713,18.82602,0
,99.88706,18.82605,0
,99.88694,18.82608,0
,99.88679,18.82608,0
,99.88674,18.82607,0
,99.88662,18.82602,0
,99.88644,18.82591,0
,99.88626,18.82577,0
,99.88616,18.82572,0
,99.88613,18.8257,0
,99.88607,18.82569,0
,99.886,18.82566,0
,99.88597,18.82566,0
,99.88582,18.82562,0
,99.88571,18.8256,0
,99.88564,18.82558,0
,99.88563,18.82557,0
,99.88557,18.82556,0
,99.88543,18.8255,0
,99.88509,18.8253,0
,99.88498,18.82521,0
,99.8849,18.82513,0
,99.88477,18.82495,0
,99.8847,18.82489,0
,99.88461,18.82485,0
,99.88454,18.82485,0
,99.88449,18.82486,0
,99.88442,18.82489,0
,99.8844,18.82489,0
,99.88412,18.82503,0
,99.88404,18.82508,0
,99.88373,18.82523,0
,99.88372,18.82524,0
,99.88351,18.82528,0
,99.8833,18.82528,0
,99.88304,18.82524,0
,99.88298,18.82524,0
,99.88288,18.82526,0
,99.88281,18.8253,0
,99.88281,18.82531,0
,99.88279,18.82532,0
,99.88257,18.82564,0
,99.88242,18.82592,0
,99.88239,18.8261,0
,99.8824,18.82628,0
,99.88248,18.82668,0
,99.88248,18.82689,0
,99.88245,18.82713,0
,99.88237,18.82752,0
,99.88237,18.82755,0
,99.88232,18.82779,0
,99.8823,18.82784,0
,99.8823,18.82788,0
,99.88229,18.8279,0
,99.88228,18.82795,0
,99.88225,18.82802,0
,99.88223,18.82804,0
,99.88223,18.82806,0
,99.88219,18.8281,0
,99.88211,18.82816,0
,99.88209,18.82816,0
,99.88208,18.82817,0
,99.88206,18.82818,0
,99.88203,18.82818,0
,99.88173,18.82825,0
,99.88163,18.82826,0
,99.88141,18.82833,0
,99.88119,18.82842,0
,99.881,18.82854,0
,99.88084,18.82871,0
,99.88075,18.82884,0
,99.88073,18.82891,0
,99.88071,18.82894,0
,99.88071,18.82896,0
,99.88068,18.82908,0
,99.88064,18.82934,0
,99.88059,18.82948,0
,99.88057,18.82952,0
,99.88042,18.82972,0
,99.88028,18.82986,0
,99.88013,18.82994,0
,99.87951,18.83014,0
,99.87943,18.83019,0
,99.87909,18.83048,0
,99.87847,18.83084,0
,99.8784,18.8309,0
,99.87837,18.83093,0
,99.87833,18.83103,0
,99.87823,18.83135,0
,99.87818,18.83145,0
,99.8781,18.83156,0
,99.87796,18.83165,0
,99.87747,18.83186,0
,99.87746,18.83186,0
,99.87733,18.83198,0
,99.87732,18.83198,0
,99.87725,18.8321,0
,99.87723,18.83216,0
,99.87719,18.83239,0
,99.87683,18.83348,0
,99.87681,18.83351,0
,99.8767,18.83377,0
,99.87646,18.8341,0
,99.87633,18.83425,0
,99.87607,18.83447,0
,99.87554,18.83484,0
,99.87537,18.83493,0
,99.87528,18.83496,0
,99.87504,18.83501,0
,99.87471,18.83504,0
,99.87466,18.83505,0
,99.8745,18.83515,0
,99.87396,18.83562,0
,99.87379,18.8357,0
,99.87366,18.83575,0
,99.87347,18.83579,0
,99.8734,18.83582,0
,99.87326,18.83586,0
,99.87321,18.8359,0
,99.87309,18.83598,0
,99.87308,18.836,0
,99.87298,18.83611,0
,99.87297,18.83614,0
,99.87294,18.83617,0
,99.87287,18.8363,0
,99.87285,18.83636,0
,99.87279,18.83666,0
,99.87272,18.83696,0
,99.87261,18.83715,0
,99.87249,18.83729,0
,99.87248,18.83731,0
,99.8723,18.83747,0
,99.87174,18.83784,0
,99.87144,18.83801,0
,99.87084,18.83825,0
,99.87071,18.83829,0
,99.87069,18.83829,0
,99.87054,18.83834,0
,99.87052,18.83834,0
,99.87041,18.83836,0
,99.86982,18.83841,0
,99.86977,18.83843,0
,99.86972,18.83844,0
,99.86953,18.83853,0
,99.86933,18.83866,0
,99.8691,18.83885,0
,99.869,18.83889,0
,99.86898,18.83891,0
,99.86886,18.83898,0
,99.86869,18.83913,0
,99.86855,18.83928,0
,99.86848,18.83942,0
,99.86847,18.83943,0
,99.86843,18.83957,0
,99.86842,18.83965,0
,99.86841,18.83978,0
,99.86838,18.8399,0
,99.86831,18.84011,0
,99.86827,18.84018,0
,99.86812,18.84041,0
,99.8681,18.84043,0
,99.86807,18.84048,0
,99.86803,18.84053,0
,99.86795,18.84061,0
,99.86786,18.84067,0
,99.86784,18.84069,0
,99.86765,18.84081,0
,99.86749,18.84088,0
,99.86736,18.84098,0
,99.86732,18.84103,0
,99.86729,18.84112,0
,99.86723,18.84135,0
,99.86722,18.84143,0
,99.86715,18.84163,0
,99.86706,18.84178,0
,99.86703,18.84181,0
,99.86703,18.84182,0
,99.86699,18.84187,0
,99.86696,18.84192,0
,99.86693,18.84211,0
,99.86694,18.84239,0
,99.86693,18.84247,0
,99.86691,18.84251,0
,99.86691,18.84253,0
,99.86688,18.84257,0
,99.86682,18.84263,0
,99.86676,18.84264,0
,99.8667,18.84262,0
,99.86648,18.84238,0
,99.86637,18.84229,0
,99.8663,18.84225,0
,99.8662,18.84222,0
,99.86599,18.84221,0
,99.86584,18.84223,0
,99.86582,18.84224,0
,99.86578,18.84225,0
,99.86549,18.84243,0
,99.8654,18.84246,0
,99.86525,18.84249,0
,99.86513,18.84253,0
,99.86489,18.84259,0
,99.86476,18.84261,0
,99.86468,18.84263,0
,99.8646,18.84263,0
,99.86455,18.84264,0
,99.86439,18.84262,0
,99.86435,18.84261,0
,99.86391,18.84241,0
,99.86378,18.84234,0
,99.86371,18.84231,0
,99.8636,18.8423,0
,99.86356,18.84229,0
,99.86348,18.84231,0
,99.86339,18.84239,0
,99.86332,18.84249,0
,99.8633,18.84254,0
,99.86323,18.84266,0
,99.86299,18.84262,0
,99.86275,18.84253,0
,99.86252,18.8424,0
,99.86223,18.84229,0
,99.8621,18.84227,0
,99.8621,18.84226,0
,99.86201,18.84222,0
,99.86189,18.84211,0
,99.86182,18.84208,0
,99.86177,18.8421,0
,99.8617,18.84214,0
,99.86149,18.84233,0
,99.8614,18.84239,0
,99.8614,18.8424,0
,99.86128,18.84247,0
,99.86124,18.84248,0
,99.86111,18.84248,0
,99.86105,18.84246,0
,99.86098,18.84242,0
,99.8608,18.84235,0
,99.86053,18.84225,0
,99.86023,18.84217,0
,99.85999,18.84214,0
,99.85979,18.84214,0
,99.85926,18.84223,0
,99.85915,18.84227,0
,99.85888,18.84239,0
,99.85884,18.84239,0
,99.8588,18.84237,0
,99.8588,18.84236,0
,99.85872,18.84232,0
,99.85864,18.84227,0
,99.85846,18.84221,0
,99.85841,18.8422,0
,99.85833,18.84222,0
,99.85829,18.84224,0
,99.85828,18.84224,0
,99.85814,18.84238,0
,99.85811,18.84242,0
,99.858,18.84246,0
,99.85799,18.84247,0
,99.85784,18.8425,0
,99.85723,18.8425,0
,99.85714,18.84247,0
,99.85711,18.84245,0
,99.85708,18.84241,0
,99.85707,18.84241,0
,99.85698,18.84228,0
,99.85692,18.84222,0
,99.85686,18.84219,0
,99.85684,18.84217,0
,99.8568,18.84216,0
,99.85668,18.84213,0
,99.85649,18.84214,0
,99.85643,18.84216,0
,99.85635,18.84216,0
,99.85627,18.84214,0
,99.85621,18.8421,0
,99.85618,18.84207,0
,99.85614,18.84199,0
,99.85613,18.84195,0
,99.856,18.84167,0
,99.85596,18.84151,0
,99.85596,18.84139,0
,99.85597,18.84135,0
,99.856,18.8413,0
,99.85611,18.84116,0
,99.85629,18.84098,0
,99.85636,18.84089,0
,99.85641,18.8408,0
,99.85642,18.84073,0
,99.85642,18.8406,0
,99.85641,18.84055,0
,99.85633,18.84038,0
,99.85627,18.8403,0
,99.85621,18.84024,0
,99.85621,18.84023,0
,99.85618,18.8402,0
,99.8561,18.84004,0
,99.85608,18.83998,0
,99.85606,18.83994,0
,99.85606,18.8399,0
,99.85605,18.83985,0
,99.85606,18.83981,0
,99.85606,18.83976,0
,99.85608,18.83971,0
,99.85609,18.83966,0
,99.85615,18.83953,0
,99.85618,18.83943,0
,99.85624,18.83931,0
,99.8564,18.83916,0
,99.85648,18.83906,0
,99.85661,18.83893,0
,99.8568,18.83879,0
,99.85687,18.83876,0
,99.85692,18.83872,0
,99.85704,18.83866,0
,99.8572,18.83855,0
,99.85727,18.83849,0
,99.85745,18.83831,0
,99.85767,18.83807,0
,99.85773,18.83802,0
,99.85776,18.83798,0
,99.85778,18.83795,0
,99.85779,18.83792,0
,99.85779,18.83788,0
,99.85776,18.83783,0
,99.85772,18.83779,0
,99.85765,18.83775,0
,99.85758,18.83773,0
,99.85751,18.83771,0
,99.85744,18.8377,0
,99.85714,18.83771,0
,99.85672,18.83778,0
,99.85663,18.83778,0
,99.85645,18.83775,0
,99.85627,18.83772,0
,99.85615,18.83768,0
,99.85578,18.8375,0
,99.85563,18.83748,0
,99.85557,18.83748,0
,99.85551,18.8375,0
,99.85542,18.83751,0
,99.85539,18.83752,0
,99.85528,18.83752,0
,99.85523,18.83749,0
,99.85521,18.83747,0
,99.85519,18.83743,0
,99.85509,18.83718,0
,99.85497,18.83704,0
,99.85472,18.83679,0
,99.85467,18.83676,0
,99.85467,18.83675,0
,99.8546,18.83672,0
,99.85453,18.8367,0
,99.85447,18.83667,0
,99.85447,18.83661,0
,99.85449,18.83658,0
,99.85451,18.83657,0
,99.85453,18.83655,0
,99.85462,18.83655,0
,99.85468,18.83657,0
,99.85479,18.83659,0
,99.85483,18.83659,0
,99.85491,18.83656,0
,99.85499,18.83649,0
,99.85503,18.83644,0
,99.85505,18.83644,0
,99.85508,18.83642,0
,99.85513,18.83641,0
,99.85523,18.83642,0
,99.85544,18.83642,0
,99.85556,18.83638,0
,99.85561,18.83637,0
,99.85561,18.83636,0
,99.85566,18.83634,0
,99.85571,18.83628,0
,99.85571,18.83621,0
,99.85568,18.83613,0
,99.85559,18.83606,0
,99.85551,18.83598,0
,99.85541,18.83581,0
,99.8554,18.8358,0
,99.85525,18.83548,0
,99.85514,18.83529,0
,99.85505,18.83518,0
,99.85495,18.83513,0
,99.85486,18.83506,0
,99.85484,18.83504,0
,99.85481,18.83493,0
,99.85479,18.83475,0
,99.85479,18.83468,0
,99.85473,18.83433,0
,99.85454,18.83383,0
,99.8545,18.83375,0
,99.85445,18.83368,0
,99.85439,18.83364,0
,99.85436,18.83361,0
,99.85423,18.83357,0
,99.85409,18.83357,0
,99.85404,18.83358,0
,99.85396,18.83358,0
,99.85392,18.83357,0
,99.8539,18.83355,0
,99.85387,18.83353,0
,99.85382,18.83335,0
,99.85378,18.83328,0
,99.85354,18.83301,0
,99.85343,18.83287,0
,99.85325,18.83261,0
,99.85311,18.83228,0
,99.85304,18.83217,0
,99.85291,18.8321,0
,99.85283,18.83208,0
,99.85232,18.83198,0
,99.85197,18.83189,0
,99.85185,18.83188,0
,99.85183,18.83187,0
,99.85168,18.83184,0
,99.85146,18.83176,0
,99.85135,18.8317,0
,99.85131,18.83165,0
,99.85111,18.83147,0
,99.85092,18.83133,0
,99.85088,18.83131,0
,99.85087,18.8313,0
,99.85079,18.83129,0
,99.8506,18.83119,0
,99.85058,18.83117,0
,99.85057,18.83093,0
,99.85056,18.83091,0
,99.85056,18.83088,0
,99.85055,18.83086,0
,99.85053,18.83084,0
,99.85052,18.83084,0
,99.85052,18.83083,0
,99.85047,18.83082,0
,99.85046,18.83081,0
,99.85041,18.83081,0
,99.85039,18.8308,0
,99.85031,18.83081,0
,99.85028,18.83082,0
,99.85028,18.83083,0
,99.85027,18.83083,0
,99.85023,18.83087,0
,99.85023,18.83088,0
,99.85018,18.83095,0
,99.85016,18.83096,0
,99.85014,18.831,0
,99.8501,18.83104,0
,99.84997,18.83114,0
,99.84995,18.83116,0
,99.85004,18.83108,0
,99.8501,18.83104,0
,99.85014,18.831,0
,99.85016,18.83096,0
,99.85017,18.83095,0
,99.85018,18.83095,0
,99.85023,18.83088,0
,99.85023,18.83087,0
,99.85027,18.83083,0
,99.85028,18.83083,0
,99.85028,18.83082,0
,99.85033,18.83081,0
,99.85035,18.8308,0
,99.85039,18.8308,0
,99.85041,18.83081,0
,99.85046,18.83081,0
,99.85047,18.83082,0
,99.85049,18.83082,0
,99.8505,18.83083,0
,99.85052,18.83083,0
,99.85052,18.83084,0
,99.85053,18.83084,0
,99.85055,18.83086,0
,99.85057,18.83093,0
,99.85058,18.83117,0
,99.8506,18.83119,0
,99.85079,18.83129,0
,99.85082,18.83129,0
,99.85084,18.8313,0
,99.85087,18.8313,0
,99.85088,18.83131,0
,99.85092,18.83133,0
,99.85111,18.83147,0
,99.85131,18.83165,0
,99.85135,18.8317,0
,99.85146,18.83176,0
,99.85168,18.83184,0
,99.85183,18.83187,0
,99.85185,18.83188,0
,99.85197,18.83189,0
,99.85232,18.83198,0
,99.85276,18.83207,0
,99.85283,18.83208,0
,99.85291,18.8321,0
,99.85295,18.83212,0
,99.85304,18.83217,0
,99.85311,18.83228,0
,99.85316,18.83241,0
,99.85325,18.83261,0
,99.85343,18.83287,0
,99.85354,18.83301,0
,99.85378,18.83328,0
,99.85382,18.83335,0
,99.85385,18.83346,0
,99.85387,18.83353,0
,99.85392,18.83357,0
,99.85396,18.83358,0
,99.85404,18.83358,0
,99.85409,18.83357,0
,99.85423,18.83357,0
,99.85436,18.83361,0
,99.85439,18.83364,0
,99.85445,18.83368,0
,99.8545,18.83375,0
,99.85454,18.83383,0
,99.85473,18.83433,0
,99.85479,18.83468,0
,99.85479,18.83475,0
,99.85481,18.83493,0
,99.85484,18.83504,0
,99.85492,18.83511,0
,99.85495,18.83513,0
,99.85505,18.83518,0
,99.85514,18.83529,0
,99.85525,18.83548,0
,99.85541,18.83581,0
,99.85551,18.83598,0
,99.85559,18.83606,0
,99.85568,18.83613,0
,99.85571,18.83621,0
,99.85571,18.83628,0
,99.85569,18.83631,0
,99.85566,18.83634,0
,99.85561,18.83636,0
,99.85561,18.83637,0
,99.85556,18.83638,0
,99.85544,18.83642,0
,99.85523,18.83642,0
,99.85513,18.83641,0
,99.85508,18.83642,0
,99.85505,18.83644,0
,99.85503,18.83644,0
,99.85499,18.83649,0
,99.85491,18.83656,0
,99.85483,18.83659,0
,99.85479,18.83659,0
,99.85468,18.83657,0
,99.85462,18.83655,0
,99.85453,18.83655,0
,99.85449,18.83658,0
,99.85447,18.83661,0
,99.85447,18.83667,0
,99.85453,18.8367,0
,99.8546,18.83672,0
,99.85467,18.83675,0
,99.85467,18.83676,0
,99.85472,18.83679,0
,99.85497,18.83704,0
,99.85509,18.83718,0
,99.85521,18.83747,0
,99.85523,18.83749,0
,99.85528,18.83752,0
,99.85539,18.83752,0
,99.85551,18.8375,0
,99.85557,18.83748,0
,99.85563,18.83748,0
,99.85578,18.8375,0
,99.85615,18.83768,0
,99.85627,18.83772,0
,99.85647,18.83775,0
,99.85663,18.83778,0
,99.85672,18.83778,0
,99.85685,18.83776,0
,99.85687,18.83776,0
,99.85714,18.83771,0
,99.85744,18.8377,0
,99.85751,18.83771,0
,99.8576,18.83774,0
,99.85765,18.83775,0
,99.85772,18.83779,0
,99.85776,18.83783,0
,99.85779,18.83788,0
,99.85779,18.83792,0
,99.85778,18.83795,0
,99.85775,18.83799,0
,99.85773,18.83802,0
,99.85767,18.83807,0
,99.85758,18.83816,0
,99.85745,18.83831,0
,99.85727,18.83849,0
,99.8572,18.83855,0
,99.85704,18.83866,0
,99.85692,18.83872,0
,99.85687,18.83876,0
,99.8568,18.83879,0
,99.85661,18.83893,0
,99.85648,18.83906,0
,99.8564,18.83916,0
,99.85624,18.83931,0
,99.85618,18.83943,0
,99.85615,18.83953,0
,99.85609,18.83966,0
,99.85608,18.83971,0
,99.85606,18.83976,0
,99.85606,18.83981,0
,99.85605,18.83985,0
,99.85606,18.8399,0
,99.85606,18.83994,0
,99.8561,18.84004,0
,99.85618,18.8402,0
,99.85627,18.8403,0
,99.85633,18.84038,0
,99.85641,18.84055,0
,99.85642,18.8406,0
,99.85642,18.84073,0
,99.85641,18.8408,0
,99.85636,18.84089,0
,99.85629,18.84098,0
,99.85611,18.84116,0
,99.856,18.8413,0
,99.85597,18.84135,0
,99.85596,18.84139,0
,99.85596,18.84151,0
,99.856,18.84165,0
,99.856,18.84167,0
,99.85618,18.84207,0
,99.85621,18.8421,0
,99.85627,18.84214,0
,99.85635,18.84216,0
,99.85643,18.84216,0
,99.85649,18.84214,0
,99.85654,18.84214,0
,99.85659,18.84213,0
,99.85668,18.84213,0
,99.85681,18.84216,0
,99.85684,18.84217,0
,99.85686,18.84219,0
,99.85692,18.84222,0
,99.85698,18.84228,0
,99.85707,18.84241,0
,99.85708,18.84241,0
,99.85711,18.84245,0
,99.85714,18.84247,0
,99.85718,18.84248,0
,99.85723,18.8425,0
,99.85784,18.8425,0
,99.85799,18.84247,0
,99.85807,18.84243,0
,99.85811,18.84242,0
,99.85814,18.84238,0
,99.85828,18.84224,0
,99.85833,18.84222,0
,99.85841,18.8422,0
,99.85846,18.84221,0
,99.85864,18.84227,0
,99.8588,18.84236,0
,99.8588,18.84237,0
,99.85883,18.84238,0
,99.85884,18.84239,0
,99.85888,18.84239,0
,99.85915,18.84227,0
,99.85926,18.84223,0
,99.85979,18.84214,0
,99.85999,18.84214,0
,99.86023,18.84217,0
,99.86053,18.84225,0
,99.8608,18.84235,0
,99.86081,18.84235,0
,99.86098,18.84242,0
,99.86105,18.84246,0
,99.86111,18.84248,0
,99.86124,18.84248,0
,99.86128,18.84247,0
,99.8614,18.8424,0
,99.8614,18.84239,0
,99.86149,18.84233,0
,99.8617,18.84214,0
,99.86177,18.8421,0
,99.86182,18.84208,0
,99.86189,18.84211,0
,99.86201,18.84222,0
,99.8621,18.84226,0
,99.8621,18.84227,0
,99.86223,18.84229,0
,99.86252,18.8424,0
,99.86275,18.84253,0
,99.86299,18.84262,0
,99.86323,18.84266,0
,99.8633,18.84254,0
,99.86332,18.84249,0
,99.86339,18.84239,0
,99.86348,18.84231,0
,99.86356,18.84229,0
,99.8636,18.8423,0
,99.86365,18.8423,0
,99.86371,18.84231,0
,99.86378,18.84234,0
,99.86391,18.84241,0
,99.86435,18.84261,0
,99.86439,18.84262,0
,99.86455,18.84264,0
,99.8646,18.84263,0
,99.86468,18.84263,0
,99.86476,18.84261,0
,99.86489,18.84259,0
,99.86513,18.84253,0
,99.86525,18.84249,0
,99.8654,18.84246,0
,99.86549,18.84243,0
,99.86578,18.84225,0
,99.86582,18.84224,0
,99.86584,18.84223,0
,99.86599,18.84221,0
,99.8662,18.84222,0
,99.8663,18.84225,0
,99.86637,18.84229,0
,99.86648,18.84238,0
,99.8667,18.84262,0
,99.86676,18.84264,0
,99.86679,18.84263,0
,99.86682,18.84263,0
,99.86688,18.84257,0
,99.86691,18.84253,0
,99.86691,18.84251,0
,99.86693,18.84247,0
,99.86694,18.84239,0
,99.86693,18.84211,0
,99.86696,18.84192,0
,99.86703,18.84182,0
,99.86703,18.84181,0
,99.86706,18.84178,0
,99.86715,18.84163,0
,99.86722,18.84143,0
,99.86723,18.84135,0
,99.86729,18.84112,0
,99.86731,18.84107,0
,99.86732,18.84103,0
,99.86736,18.84098,0
,99.86749,18.84088,0
,99.86765,18.84081,0
,99.86784,18.84069,0
,99.86786,18.84067,0
,99.86795,18.84061,0
,99.86803,18.84053,0
,99.8681,18.84043,0
,99.86812,18.84041,0
,99.86827,18.84018,0
,99.8683,18.84012,0
,99.86831,18.84011,0
,99.86838,18.8399,0
,99.86841,18.83978,0
,99.86843,18.83957,0
,99.86847,18.83943,0
,99.86855,18.83928,0
,99.86869,18.83913,0
,99.86886,18.83898,0
,99.86898,18.83891,0
,99.869,18.83889,0
,99.8691,18.83885,0
,99.86933,18.83866,0
,99.86953,18.83853,0
,99.86972,18.83844,0
,99.86977,18.83843,0
,99.86982,18.83841,0
,99.87041,18.83836,0
,99.87052,18.83834,0
,99.87054,18.83834,0
,99.87069,18.83829,0
,99.87071,18.83829,0
,99.87084,18.83825,0
,99.87144,18.83801,0
,99.87174,18.83784,0
,99.8723,18.83747,0
,99.87248,18.83731,0
,99.87249,18.83729,0
,99.87261,18.83715,0
,99.87272,18.83696,0
,99.87285,18.83636,0
,99.87287,18.8363,0
,99.87294,18.83617,0
,99.87297,18.83614,0
,99.87298,18.83611,0
,99.87308,18.836,0
,99.87309,18.83598,0
,99.87323,18.83588,0
,99.87326,18.83586,0
,99.8734,18.83582,0
,99.87347,18.83579,0
,99.87366,18.83575,0
,99.87379,18.8357,0
,99.87393,18.83563,0
,99.87396,18.83562,0
,99.8745,18.83515,0
,99.87459,18.83509,0
,99.87465,18.83506,0
,99.87466,18.83505,0
,99.87471,18.83504,0
,99.87504,18.83501,0
,99.87528,18.83496,0
,99.87537,18.83493,0
,99.87554,18.83484,0
,99.87556,18.83482,0
,99.87572,18.83472,0
,99.87602,18.8345,0
,99.87607,18.83447,0
,99.87633,18.83425,0
,99.87646,18.8341,0
,99.8767,18.83377,0
,99.87681,18.83351,0
,99.87683,18.83348,0
,99.87719,18.83239,0
,99.87723,18.83216,0
,99.87728,18.83204,0
,99.87732,18.83198,0
,99.87733,18.83198,0
,99.87746,18.83186,0
,99.87796,18.83165,0
,99.8781,18.83156,0
,99.87818,18.83145,0
,99.87822,18.83136,0
,99.87823,18.83135,0
,99.87833,18.83102,0
,99.87837,18.83093,0
,99.87844,18.83087,0
,99.87847,18.83084,0
,99.87909,18.83048,0
,99.87943,18.83019,0
,99.87951,18.83014,0
,99.88013,18.82994,0
,99.88022,18.82989,0
,99.88028,18.82986,0
,99.88042,18.82972,0
,99.88046,18.82966,0
,99.88049,18.82963,0
,99.88057,18.82952,0
,99.88059,18.82948,0
,99.88064,18.82934,0
,99.88068,18.82908,0
,99.88071,18.82896,0
,99.88071,18.82894,0
,99.88073,18.82891,0
,99.88075,18.82884,0
,99.88084,18.82871,0
,99.88092,18.82862,0
,99.881,18.82854,0
,99.88119,18.82842,0
,99.88141,18.82833,0
,99.88163,18.82826,0
,99.88173,18.82825,0
,99.88203,18.82818,0
,99.88206,18.82818,0
,99.88209,18.82816,0
,99.88211,18.82816,0
,99.88219,18.8281,0
,99.88223,18.82806,0
,99.88223,18.82804,0
,99.88225,18.82802,0
,99.88228,18.82795,0
,99.88229,18.8279,0
,99.8823,18.82788,0
,99.8823,18.82784,0
,99.88232,18.82779,0
,99.88245,18.82713,0
,99.88248,18.82689,0
,99.88248,18.82668,0
,99.8824,18.82628,0
,99.88239,18.8261,0
,99.88242,18.82592,0
,99.88257,18.82564,0
,99.88279,18.82532,0
,99.88281,18.82531,0
,99.88281,18.8253,0
,99.88288,18.82526,0
,99.88298,18.82524,0
,99.88304,18.82524,0
,99.8833,18.82528,0
,99.88351,18.82528,0
,99.88372,18.82524,0
,99.88391,18.82514,0
,99.88404,18.82508,0
,99.88412,18.82503,0
,99.8844,18.82489,0
,99.88442,18.82489,0
,99.88449,18.82486,0
,99.88454,18.82485,0
,99.88461,18.82485,0
,99.8847,18.82489,0
,99.88473,18.82492,0
,99.88477,18.82495,0
,99.8849,18.82513,0
,99.88498,18.82521,0
,99.88509,18.8253,0
,99.88514,18.82533,0
,99.88543,18.8255,0
,99.88557,18.82556,0
,99.88597,18.82566,0
,99.886,18.82566,0
,99.88607,18.82569,0
,99.88613,18.8257,0
,99.88616,18.82572,0
,99.88626,18.82577,0
,99.88644,18.82591,0
,99.88662,18.82602,0
,99.88674,18.82607,0
,99.88679,18.82608,0
,99.88694,18.82608,0
,99.88706,18.82605,0
,99.88713,18.82602,0
,99.88724,18.82594,0
,99.88733,18.82586,0
,99.88743,18.82576,0
,99.88755,18.82566,0
,99.88774,18.82557,0
,99.88797,18.82549,0
,99.88818,18.82542,0
,99.88851,18.82534,0
,99.88852,18.82533,0
,99.88865,18.8253,0
,99.88869,18.82528,0
,99.88885,18.82523,0
,99.8889,18.8252,0
,99.88897,18.82517,0
,99.88905,18.82511,0
,99.88947,18.82486,0
,99.88952,18.82484,0
,99.88965,18.82477,0
,99.88983,18.82469,0
,99.88989,18.82467,0
,99.89004,18.82464,0
,99.89016,18.82461,0
,99.89055,18.82457,0
,99.89073,18.82457,0
,99.89098,18.8246,0
,99.89106,18.82462,0
,99.89114,18.82465,0
,99.8913,18.82473,0
,99.89154,18.82481,0
,99.89168,18.82484,0
,99.89187,18.82486,0
,99.89199,18.82486,0
,99.89207,18.82484,0
,99.89218,18.8248,0
,99.89274,18.82446,0
,99.89275,18.82445,0
,99.89279,18.82443,0
,99.8929,18.82439,0
,99.89295,18.82438,0
,99.89312,18.82438,0
,99.89321,18.82441,0
,99.89327,18.82442,0
,99.89407,18.82467,0
,99.89429,18.82476,0
,99.89448,18.82482,0
,99.8945,18.82482,0
,99.89451,18.82483,0
,99.89456,18.82483,0
,99.89462,18.82481,0
,99.89466,18.82479,0
,99.8947,18.82476,0
,99.89475,18.82471,0
,99.89493,18.82444,0
,99.89502,18.82433,0
,99.89509,18.82427,0
,99.89551,18.82397,0
,99.89556,18.82392,0
,99.89569,18.82373,0
,99.89574,18.82363,0
,99.89575,18.82359,0
,99.89586,18.82334,0
,99.89593,18.82315,0
,99.89598,18.82304,0
,99.89601,18.82294,0
,99.89613,18.82271,0
,99.89627,18.82246,0
,99.89632,18.8224,0
,99.89632,18.82239,0
,99.89636,18.82236,0
,99.89639,18.82233,0
,99.89648,18.82229,0
,99.89652,18.82227,0
,99.89665,18.82224,0
,99.89677,18.82222,0
,99.89688,18.82222,0
,99.89698,18.82223,0
,99.89704,18.82224,0
,99.89729,18.82231,0
,99.89737,18.82232,0
,99.89749,18.82235,0
,99.89755,18.82235,0
,99.89759,18.82236,0
,99.89813,18.82236,0
,99.89824,18.82235,0
,99.89837,18.82235,0
,99.89859,18.82232,0
,99.89876,18.82225,0
,99.89884,18.82219,0
,99.89886,18.82217,0
,99.89891,18.8221,0
,99.89894,18.82207,0
,99.899,18.82198,0
,99.89914,18.82172,0
,99.89914,18.8217,0
,99.89915,18.82167,0
,99.89918,18.82161,0
,99.8992,18.82154,0
,99.89921,18.82153,0
,99.89922,18.82148,0
,99.89924,18.82143,0
,99.89924,18.82138,0
,99.89925,18.82134,0
,99.89926,18.82124,0
,99.89928,18.82118,0
,99.8993,18.82107,0
,99.89934,18.82095,0
,99.89937,18.82091,0
,99.89945,18.82083,0
,99.89957,18.82073,0
,99.89961,18.82071,0
,99.8997,18.82065,0
,99.89973,18.82064,0
,99.89993,18.82053,0
,99.89997,18.8205,0
,99.90001,18.82048,0
,99.90005,18.82044,0
,99.90013,18.82038,0
,99.90036,18.82015,0
,99.9006,18.81996,0
,99.90076,18.81986,0
,99.90107,18.8197,0
,99.90127,18.81961,0
,99.90127,18.8196,0
,99.90212,18.81916,0
,99.90224,18.81908,0
,99.90274,18.81861,0
,99.9031,18.81835,0
,99.90338,18.81816,0
,99.90372,18.81795,0
,99.90407,18.81778,0
,99.90424,18.81771,0
,99.90429,18.81768,0
,99.90465,18.81752,0
,99.90492,18.81738,0
,99.90544,18.81717,0
,99.90554,18.81714,0
,99.90562,18.8171,0
,99.90684,18.81665,0
,99.90686,18.81665,0
,99.90734,18.81635,0
,99.90749,18.81622,0
,99.90758,18.81611,0
,99.90763,18.81601,0
,99.90765,18.81587,0
,99.90765,18.81573,0
,99.90763,18.81543,0
,99.90763,18.81488,0
,99.90764,18.8148,0
,99.90768,18.8147,0
,99.90772,18.81463,0
,99.90787,18.81443,0
,99.90794,18.81435,0
,99.90811,18.8141,0
,99.90812,18.81407,0
,99.90838,18.81373,0
,99.90869,18.81338,0
,99.9087,18.81336,0
,99.90933,18.81263,0
,99.90947,18.81244,0
,99.90954,18.81238,0
,99.90963,18.81232,0
,99.90968,18.8123,0
,99.90982,18.81228,0
,99.9099,18.81228,0
,99.91027,18.81233,0
,99.9103,18.81233,0
,99.91063,18.81244,0
,99.91078,18.81247,0
,99.9109,18.81248,0
,99.91101,18.81247,0
,99.91104,18.81246,0
,99.91115,18.81245,0
,99.9112,18.81244,0
,99.91121,18.81243,0
,99.91126,18.81242,0
,99.91137,18.81237,0
,99.91141,18.81236,0
,99.91151,18.81232,0
,99.91175,18.81215,0
,99.91201,18.81199,0
,99.91202,18.81198,0
,99.91224,18.81187,0
,99.91259,18.81172,0
,99.91281,18.81165,0
,99.91315,18.8115,0
,99.91413,18.81095,0
,99.9148,18.81064,0
,99.91499,18.81051,0
,99.91531,18.81024,0
,99.91559,18.80995,0
,99.9158,18.80978,0
,99.91591,18.80966,0
,99.91604,18.80942,0
,99.91609,18.8093,0
,99.9161,18.80922,0
,99.91622,18.80864,0
,99.91626,18.80774,0
,99.91625,18.8074,0
,99.91632,18.80723,0
,99.91632,18.80722,0
,99.91657,18.80682,0
,99.91675,18.80659,0
,99.91729,18.80554,0
,99.91731,18.80548,0
,99.91815,18.80543,0
,99.91835,18.80543,0
,99.91864,18.80546,0
,99.91992,18.80571,0
,99.92013,18.80578,0
,99.92022,18.8058,0
,99.92126,18.80611,0
,99.92165,18.80628,0
,99.92151,18.80662,0
,99.92151,18.80673,0
,99.92154,18.80684,0
,99.92165,18.80701,0
,99.92186,18.8071,0
,99.92262,18.80737,0
,99.9228,18.8075,0
,99.92296,18.80769,0
,99.92299,18.80776,0
,99.92303,18.8079,0
,99.92304,18.80806,0
,99.92315,18.80855,0
,99.92332,18.80897,0
,99.92375,18.80985,0
,99.92414,18.81055,0
,99.92434,18.81081,0
,99.9249,18.81134,0
,99.92517,18.81154,0
,99.92542,18.81169,0
,99.92597,18.81194,0
,99.92601,18.81198,0
,99.92609,18.81204,0
,99.92613,18.81214,0
,99.92615,18.81221,0
,99.92613,18.81274,0
,99.92614,18.8128,0
,99.92615,18.81295,0
,99.92624,18.81331,0
,99.92628,18.81359,0
,99.92628,18.81382,0
,99.92623,18.81401,0
,99.92615,18.81419,0
,99.92605,18.81436,0
,99.92586,18.81457,0
,99.92565,18.81475,0
,99.92547,18.81493,0
,99.92537,18.81513,0
,99.92536,18.81517,0
,99.92535,18.81525,0
,99.92535,18.81538,0
,99.92534,18.81541,0
,99.92537,18.81555,0
,99.9254,18.81601,0
,99.92537,18.8161,0
,99.92532,18.81624,0
,99.92523,18.81642,0
,99.92517,18.81652,0
,99.92507,18.81674,0
,99.92506,18.81674,0
,99.92503,18.81685,0
,99.92502,18.81692,0
,99.92502,18.81728,0
,99.92503,18.81741,0
,99.92503,18.81764,0
,99.92504,18.81773,0
,99.92506,18.81781,0
,99.92506,18.81783,0
,99.92512,18.81798,0
,99.92513,18.81798,0
,99.92536,18.81836,0
,99.92541,18.81848,0
,99.92544,18.81858,0
,99.92544,18.81954,0
,99.92547,18.81974,0
,99.92556,18.82003,0
,99.92584,18.82063,0
,99.9259,18.82086,0
,99.92607,18.82134,0
,99.92614,18.82191,0
,99.9262,18.82209,0
,99.92621,18.82216,0
,99.9262,18.82237,0
,99.92616,18.82255,0
,99.92612,18.82266,0
,99.92605,18.82279,0
,99.92594,18.82295,0
,99.9257,18.82323,0
,99.92562,18.82335,0
,99.92562,18.82336,0
,99.92559,18.82342,0
,99.92557,18.82349,0
,99.92556,18.8235,0
,99.92556,18.82357,0
,99.92558,18.82362,0
,99.92558,18.82366,0
,99.9256,18.82369,0
,99.92566,18.82381,0
,99.92576,18.82388,0
,99.92584,18.8239,0
,99.92588,18.8239,0
,99.92593,18.82389,0
,99.92597,18.82387,0
,99.92635,18.82361,0
,99.92644,18.82356,0
,99.9265,18.82354,0
,99.92657,18.82352,0
,99.92666,18.82351,0
,99.92669,18.8235,0
,99.92699,18.82347,0
,99.9278,18.82346,0
,99.92798,18.82342,0
,99.92801,18.82342,0
,99.92817,18.82338,0
,99.92836,18.82336,0
,99.92848,18.82336,0
,99.9286,18.82339,0
,99.92868,18.82343,0
,99.92887,18.82356,0
,99.92895,18.82363,0
,99.92913,18.82382,0
,99.92928,18.82401,0
,99.92938,18.8242,0
,99.92976,18.82482,0
,99.92985,18.82499,0
,99.92994,18.82521,0
,99.92996,18.82523,0
,99.93001,18.82531,0
,99.93008,18.82537,0
,99.93024,18.82558,0
,99.93031,18.82569,0
,99.93035,18.82579,0
,99.93048,18.82623,0
,99.93056,18.82639,0
,99.93067,18.82647,0
,99.93084,18.82656,0
,99.93099,18.82658,0
,99.93102,18.82659,0
,99.93116,18.82657,0
,99.93126,18.82653,0
,99.93138,18.82643,0
,99.93156,18.82632,0
,99.93162,18.8263,0
,99.93176,18.82629,0
,99.93181,18.8263,0
,99.93186,18.82632,0
,99.93204,18.82643,0
,99.93209,18.82648,0
,99.93235,18.82668,0
,99.93264,18.82689,0
,99.93316,18.82722,0
,99.93352,18.82751,0
,99.93365,18.82759,0
,99.93386,18.82766,0
,99.93402,18.82769,0
,99.93425,18.8277,0
,99.93462,18.82763,0
,99.93483,18.82761,0
,99.93497,18.82763,0
,99.9356,18.8278,0
,99.93691,18.82777,0
,99.93725,18.82781,0
,99.93739,18.82784,0
,99.93792,18.828,0
,99.93814,18.82795,0
,99.93869,18.82789,0
,99.93904,18.82789,0
,99.93936,18.82795,0
,99.9398,18.82808,0
,99.94004,18.82817,0
,99.94019,18.82819,0
,99.94025,18.82821,0
,99.94082,18.8282,0
,99.9421,18.82813,0
,99.94407,18.82807,0
,99.94434,18.82804,0
,99.94471,18.82795,0
,99.94522,18.82803,0
,99.94606,18.82828,0
,99.94618,18.8283,0
,99.94634,18.82834,0
,99.94702,18.82841,0
,99.94751,18.82848,0
,99.94831,18.82855,0
,99.9484,18.82855,0
,99.9488,18.82858,0
,99.94873,18.83079,0
,99.94884,18.8308,0
,99.94896,18.8308,0
,99.949,18.83013,0
,99.94895,18.82462,0
,99.94896,18.82425,0
,99.949,18.82385,0
,99.94908,18.82345,0
,99.94916,18.82313,0
,99.94926,18.8228,0
,99.94931,18.82269,0
,99.9494,18.82243,0
,99.94983,18.82154,0
,99.95092,18.81954,0
,99.95187,18.81776,0
,99.95345,18.81488,0
,99.95399,18.81404,0
,99.95535,18.81211,0
,99.95558,18.81181,0
,99.95538,18.81166,0
,99.95522,18.8119,0
,99.95495,18.81225,0
,99.95445,18.813,0
,99.95443,18.81304,0
,99.95364,18.8142,0
,99.9532,18.81493,0
,99.9525,18.81624,0
,99.95238,18.81643,0
,99.94957,18.82161,0
,99.94912,18.82261,0
,99.94909,18.82272,0
,99.94907,18.82275,0
,99.94906,18.82281,0
,99.94893,18.82323,0
,99.94883,18.82378,0
,99.94878,18.8243,0
,99.94877,18.82547,0
,99.94881,18.82709,0
,99.9488,18.82858,0
,99.94856,18.83483,0
,99.94849,18.83557,0
,99.94821,18.83767,0
,99.94819,18.83777,0
,99.94774,18.84171,0
,99.94765,18.84322,0
,99.94766,18.84388,0
,99.94754,18.85111,0
,99.94751,18.85166,0
,99.94752,18.85255,0
,99.94765,18.85381,0
,99.94777,18.85456,0
,99.94816,18.85596,0
,99.94869,18.85815,0
,99.94875,18.85858,0
,99.94878,18.85927,0
,99.94877,18.85955,0
,99.94869,18.8602,0
,99.94856,18.86176,0
,99.94855,18.86181,0
,99.94852,18.86212,0
,99.94852,18.86224,0
,99.94831,18.86407,0
,99.94778,18.87004,0
,99.94778,18.87011,0
,99.94758,18.87151,0
,99.94742,18.87236,0
,99.94725,18.87303,0
,99.94696,18.87398,0
,99.94694,18.87408,0
,99.94693,18.87409,0
,99.94677,18.87464,0
,99.94676,18.87465,0
,99.94654,18.8754,0
,99.94644,18.87565,0
,99.94616,18.87671,0
,99.94616,18.87672,0
,99.94603,18.87718,0
,99.94601,18.87729,0
,99.94559,18.87882,0
,99.94556,18.8789,0
,99.94517,18.88032,0
,99.94512,18.88046,0
,99.94421,18.88366,0
,99.94417,18.88386,0
,99.94414,18.88396,0
,99.94402,18.88459,0
,99.94397,18.885,0
,99.94395,18.88585,0
,99.94398,18.88663,0
,99.94404,18.88716,0
,99.94412,18.88757,0
,99.94439,18.88853,0
,99.94451,18.88886,0
,99.94602,18.8926,0
,99.94606,18.89266,0
,99.94645,18.89354,0
,99.94667,18.89412,0
,99.9468,18.89487,0
,99.94681,18.89502,0
,99.9468,18.89506,0
,99.94678,18.8956,0
,99.94665,18.8964,0
,99.94645,18.89695,0
,99.94628,18.89732,0
,99.94581,18.89847,0
,99.94537,18.89963,0
,99.94475,18.90105,0
,99.94452,18.90171,0
,99.94438,18.90219,0
,99.94437,18.90226,0
,99.94426,18.90267,0
,99.94408,18.9038,0
,99.94388,18.90467,0
,99.9437,18.90528,0
,99.94237,18.909,0
,99.94163,18.91071,0
,99.93775,18.91853,0
,99.93665,18.92,0
,99.93606,18.92067,0
,99.93583,18.92097,0
,99.93553,18.92131,0
,99.93477,18.92242,0
,99.93429,18.92336,0
,99.93391,18.92422,0
,99.9336,18.92507,0
,99.93341,18.92551,0
,99.93333,18.92566,0
,99.93327,18.92575,0
,99.93311,18.92604,0
,99.93156,18.92822,0
,99.93145,18.92847,0
,99.93139,18.92857,0
,99.9313,18.92887,0
,99.93128,18.92902,0
,99.93127,18.92904,0
,99.93124,18.92941,0
,99.93127,18.92981,0
,99.93174,18.93184,0
,99.93188,18.93255,0
,99.93194,18.93297,0
,99.93194,18.93341,0
,99.93192,18.93378,0
,99.93186,18.93408,0
,99.93174,18.9345,0
,99.93174,18.93451,0
,99.93159,18.93486,0
,99.9314,18.93518,0
,99.93083,18.936,0
,99.9305,18.93639,0
,99.929,18.93838,0
,99.929,18.93839,0
,99.92844,18.93911,0
,99.92829,18.93934,0
,99.92815,18.93959,0
,99.92795,18.94006,0
,99.92768,18.94092,0
,99.92755,18.94124,0
,99.92753,18.94127,0
,99.92739,18.94155,0
,99.92716,18.94194,0
,99.92677,18.94272,0
,99.92611,18.94437,0
,99.92609,18.9444,0
,99.92574,18.94524,0
,99.92485,18.94717,0
,99.92422,18.94844,0
,99.92419,18.94852,0
,99.92356,18.94983,0
,99.92353,18.94988,0
,99.9234,18.95016,0
,99.92333,18.95028,0
,99.92306,18.95082,0
,99.92298,18.951,0
,99.92277,18.95177,0
,99.92258,18.95327,0
,99.92258,18.9533,0
,99.92255,18.95345,0
,99.92252,18.95373,0
,99.9225,18.95381,0
,99.92225,18.95532,0
,99.92218,18.95556,0
,99.92202,18.95599,0
,99.92201,18.95604,0
,99.92191,18.95629,0
,99.92106,18.9578,0
,99.92083,18.95815,0
,99.92075,18.95836,0
,99.92066,18.95852,0
,99.92028,18.95934,0
,99.92017,18.95967,0
,99.92011,18.95999,0
,99.92007,18.96035,0
,99.92006,18.96069,0
,99.9201,18.96181,0
,99.92003,18.96274,0
,99.92005,18.96286,0
,99.91999,18.96541,0
,99.91995,18.9657,0
,99.91995,18.96573,0
,99.91988,18.96601,0
,99.91975,18.96637,0
,99.91953,18.96677,0
,99.91915,18.96733,0
,99.91827,18.96835,0
,99.9178,18.96885,0
,99.91723,18.96935,0
,99.91692,18.96956,0
,99.91656,18.96977,0
,99.91653,18.96978,0
,99.9164,18.96987,0
,99.91617,18.97,0
,99.91551,18.97043,0
,99.91521,18.97071,0
,99.91496,18.97102,0
,99.91485,18.97123,0
,99.91481,18.97135,0
,99.91474,18.97148,0
,99.91464,18.97185,0
,99.9146,18.97211,0
,99.91455,18.97284,0
,99.91447,18.97328,0
,99.91441,18.97351,0
,99.9144,18.97352,0
,99.91434,18.97369,0
,99.91425,18.97388,0
,99.91411,18.97414,0
,99.91311,18.97579,0
,99.91289,18.97609,0
,99.91275,18.97624,0
,99.91261,18.97637,0
,99.91243,18.97651,0
,99.91214,18.97667,0
,99.9119,18.97677,0
,99.91099,18.97706,0
,99.91075,18.97718,0
,99.91045,18.97736,0
,99.91032,18.97747,0
,99.91015,18.97767,0
,99.90948,18.97868,0
,99.90938,18.9788,0
,99.90908,18.97911,0
,99.90782,18.98055,0
,99.90773,18.98064,0
,99.9073,18.98113,0
,99.90719,18.98124,0
,99.90701,18.98148,0
,99.90664,18.98212,0
,99.90653,18.98238,0
,99.90602,18.98375,0
,99.90575,18.98456,0
,99.90566,18.98501,0
,99.90553,18.98675,0
,99.90524,18.98879,0
,99.90512,18.98927,0
,99.90499,18.98959,0
,99.90479,18.98989,0
,99.90451,18.99022,0
,99.90423,18.99052,0
,99.90384,18.99099,0
,99.90368,18.99121,0
,99.90334,18.99176,0
,99.90317,18.99215,0
,99.90316,18.99216,0
,99.90296,18.99274,0
,99.90288,18.99315,0
,99.90277,18.9941,0
,99.90276,18.99412,0
,99.9027,18.99446,0
,99.90259,18.99482,0
,99.90189,18.99648,0
,99.90165,18.99713,0
,99.9014,18.99769,0
,99.90138,18.99771,0
,99.90119,18.99807,0
,99.90104,18.99829,0
,99.90064,18.99876,0
,99.9004,18.99908,0
,99.90014,18.99932,0
,99.89911,19.00016,0
,99.89816,19.00098,0
,99.89801,19.00115,0
,99.89774,19.00153,0
,99.8976,19.00177,0
,99.89751,19.00206,0
,99.89751,19.00207,0
,99.89746,19.00221,0
,99.89739,19.00251,0
,99.89735,19.0028,0
,99.89736,19.00303,0
,99.89741,19.00338,0
,99.89748,19.00366,0
,99.89781,19.00435,0
,99.89809,19.0047,0
,99.89826,19.00487,0
,99.89855,19.0051,0
,99.89877,19.00523,0
,99.89884,19.00528,0
,99.89906,19.0054,0
,99.89928,19.00549,0
,99.90025,19.0058,0
,99.90074,19.00599,0
,99.90105,19.00615,0
,99.90129,19.00631,0
,99.90263,19.00745,0
,99.90338,19.00817,0
,99.90339,19.00817,0
,99.90725,19.01191,0
,99.90803,19.0127,0
,99.91092,19.01536,0
,99.91141,19.01575,0
,99.91141,19.01576,0
,99.912,19.01616,0
,99.91201,19.01616,0
,99.91251,19.01644,0
,99.91731,19.01868,0
,99.91732,19.01868,0
,99.91804,19.01903,0
,99.91807,19.01904,0
,99.91845,19.01924,0
,99.91887,19.01949,0
,99.91934,19.01988,0
,99.91962,19.02017,0
,99.92001,19.02071,0
,99.92192,19.02461,0
,99.92205,19.02483,0
,99.9223,19.02531,0
,99.9225,19.02563,0
,99.92313,19.02646,0
,99.92395,19.02737,0
,99.92414,19.02756,0
,99.92492,19.02846,0
,99.92541,19.02917,0
,99.92552,19.0293,0
,99.92606,19.03027,0
,99.92642,19.03105,0
,99.92706,19.03274,0
,99.9272,19.03306,0
,99.92732,19.03331,0
,99.92783,19.03464,0
,99.92833,19.03585,0
,99.92847,19.03613,0
,99.9287,19.03654,0
,99.92889,19.03684,0
,99.92946,19.03759,0
,99.92955,19.03774,0
,99.92972,19.03796,0
,99.92985,19.03819,0
,99.93015,19.03881,0
,99.93058,19.04003,0
,99.93082,19.04046,0
,99.93098,19.04071,0
,99.9312,19.04098,0
,99.93146,19.04127,0
,99.93176,19.04151,0
,99.93207,19.04174,0
,99.93289,19.0423,0
,99.93383,19.04301,0
,99.9343,19.04349,0
,99.93456,19.04387,0
,99.93472,19.04413,0
,99.93476,19.04418,0
,99.93492,19.04451,0
,99.93499,19.04469,0
,99.93505,19.04496,0
,99.93525,19.0462,0
,99.93526,19.04622,0
,99.93547,19.04756,0
,99.93563,19.04832,0
,99.93564,19.0484,0
,99.93565,19.04844,0
,99.93569,19.04887,0
,99.93571,19.04929,0
,99.9357,19.04933,0
,99.9357,19.04967,0
,99.93563,19.05005,0
,99.93547,19.05054,0
,99.93537,19.05079,0
,99.93518,19.05112,0
,99.93443,19.05206,0
,99.93395,19.05258,0
,99.93273,19.05405,0
,99.93255,19.05431,0
,99.93244,19.05452,0
,99.93244,19.05454,0
,99.93234,19.05476,0
,99.93188,19.05602,0
,99.93183,19.05619,0
,99.9285,19.06558,0
,99.92846,19.06572,0
,99.92747,19.06852,0
,99.92734,19.06906,0
,99.92732,19.06928,0
,99.9273,19.06939,0
,99.92728,19.06993,0
,99.92739,19.07353,0
,99.92739,19.07401,0
,99.92735,19.07441,0
,99.92728,19.07474,0
,99.92717,19.07508,0
,99.92703,19.07539,0
,99.92694,19.07556,0
,99.92693,19.07557,0
,99.92665,19.07602,0
,99.92456,19.07909,0
,99.92431,19.07949,0
,99.92198,19.08294,0
,99.9213,19.08379,0
,99.92083,19.08429,0
,99.92065,19.0845,0
,99.91965,19.08551,0
,99.91963,19.08554,0
,99.91675,19.0885,0
,99.91659,19.08865,0
,99.91657,19.08868,0
,99.91559,19.0897,0
,99.91548,19.0898,0
,99.91356,19.0918,0
,99.91337,19.09205,0
,99.91326,19.09223,0
,99.91294,19.09284,0
,99.91276,19.09329,0
,99.91247,19.09444,0
,99.91245,19.09456,0
,99.91235,19.09494,0
,99.91233,19.09505,0
,99.91209,19.09594,0
,99.91189,19.09679,0
,99.91178,19.09711,0
,99.91175,19.09726,0
,99.91173,19.09732,0
,99.91167,19.0977,0
,99.91079,19.09735,0
,99.91061,19.09729,0
,99.90915,19.09671,0
,99.90887,19.09656,0
,99.90875,19.09648,0
,99.90874,19.09648,0
,99.90838,19.0962,0
,99.90763,19.09566,0

,99.90763,19.09566,0
,99.90708,19.09529,0
,99.90695,19.09517,0
,99.90649,19.09455,0
,99.90607,19.09393,0
,99.90515,19.09265,0
,99.90482,19.09215,0
,99.90465,19.09185,0
,99.90419,19.09095,0
,99.90398,19.09082,0
,99.89812,19.08768,0
,99.89769,19.08747,0
,99.8971,19.08715,0
,99.89659,19.08693,0
,99.89637,19.08685,0
,99.89613,19.08679,0
,99.88904,19.08563,0
,99.88837,19.08555,0
,99.88466,19.08496,0
,99.88352,19.08473,0
,99.88287,19.08457,0
,99.88204,19.08431,0
,99.87691,19.08245,0
,99.87665,19.08237,0
,99.86956,19.07983,0
,99.86952,19.07981,0
,99.86907,19.07966,0
,99.86877,19.07954,0
,99.86836,19.0794,0
,99.86787,19.07928,0
,99.86756,19.07924,0
,99.86715,19.07923,0
,99.86673,19.07927,0
,99.86637,19.07935,0
,99.86608,19.07943,0
,99.86575,19.07958,0
,99.8587,19.08336,0
,99.84976,19.08793,0
,99.84956,19.08805,0
,99.84918,19.08825,0
,99.8489,19.08838,0
,99.8484,19.08858,0
,99.84834,19.08861,0
,99.8476,19.08884,0
,99.84744,19.08888,0
,99.83639,19.09083,0
,99.83632,19.09085,0
,99.82821,19.09227,0
,99.82798,19.09229,0
,99.82778,19.09229,0
,99.82757,19.09227,0
,99.8274,19.09224,0
,99.82698,19.09213,0
,99.82668,19.092,0
,99.82634,19.09178,0
,99.82629,19.09173,0
,99.82619,19.09166,0
,99.82563,19.09105,0
,99.82562,19.09105,0
,99.82514,19.09051,0
,99.82476,19.09012,0
,99.82468,19.09005,0
,99.82451,19.08985,0
,99.82438,19.08973,0
,99.82424,19.08956,0
,99.82371,19.089,0
,99.82348,19.08883,0
,99.82332,19.08874,0
,99.8233,19.08874,0
,99.8232,19.08869,0
,99.82294,19.08862,0
,99.82241,19.08855,0
,99.82191,19.08845,0
,99.82173,19.0884,0
,99.82148,19.08829,0
,99.82147,19.08829,0
,99.82131,19.08821,0
,99.82093,19.08794,0
,99.82074,19.08776,0
,99.82031,19.08731,0
,99.82024,19.08722,0
,99.82011,19.08709,0
,99.81961,19.08653,0
,99.81951,19.08633,0
,99.81946,19.08619,0
,99.81941,19.08593,0
,99.81941,19.08544,0
,99.81939,19.08533,0
,99.81933,19.08517,0
,99.81928,19.08508,0
,99.8192,19.08496,0
,99.81906,19.08481,0
,99.81896,19.08473,0
,99.81879,19.08465,0
,99.81877,19.08465,0
,99.81866,19.08461,0
,99.81856,19.0846,0
,99.81849,19.08459,0
,99.81831,19.0846,0
,99.81824,19.08462,0
,99.8182,19.08462,0
,99.8177,19.08484,0
,99.81722,19.0851,0
,99.81719,19.08511,0
,99.8168,19.08536,0
,99.81659,19.08554,0
,99.81624,19.08594,0
,99.81554,19.08686,0
,99.8154,19.08701,0
,99.8151,19.08738,0
,99.81509,19.08738,0
,99.81451,19.08793,0
,99.81329,19.08894,0
,99.81295,19.08916,0
,99.81272,19.08927,0
,99.81241,19.08937,0
,99.8121,19.08944,0
,99.81185,19.08946,0
,99.8116,19.08946,0
,99.81135,19.08943,0
,99.81082,19.08932,0
,99.81056,19.08924,0
,99.81051,19.08921,0
,99.81031,19.08912,0
,99.81025,19.08908,0
,99.8102,19.08903,0
,99.81011,19.08896,0
,99.81008,19.08893,0
,99.81001,19.08884,0
,99.8099,19.08864,0
,99.80986,19.08852,0
,99.80985,19.08829,0
,99.80989,19.08807,0
,99.80993,19.08796,0
,99.80999,19.08786,0
,99.81006,19.08777,0
,99.81031,19.0876,0
,99.81041,19.08755,0
,99.81052,19.08747,0
,99.81065,19.08736,0
,99.81073,19.08721,0
,99.81075,19.08712,0
,99.81076,19.08702,0
,99.81076,19.08689,0
,99.81072,19.08677,0
,99.81066,19.08666,0
,99.81055,19.08655,0
,99.81048,19.0865,0
,99.81038,19.08645,0
,99.81038,19.08644,0
,99.80995,19.08633,0
,99.80913,19.08616,0
,99.809,19.08611,0
,99.8089,19.08605,0
,99.80882,19.08599,0
,99.80878,19.08595,0
,99.80878,19.08594,0
,99.80874,19.08589,0
,99.80871,19.08583,0
,99.80864,19.08561,0
,99.80864,19.08543,0
,99.8087,19.08523,0
,99.80875,19.08515,0
,99.80887,19.08503,0
,99.80893,19.08498,0
,99.80915,19.08487,0
,99.80926,19.08483,0
,99.80948,19.08468,0
,99.80958,19.08459,0
,99.80967,19.08449,0
,99.80971,19.08442,0
,99.80993,19.08416,0
,99.81007,19.08407,0
,99.81009,19.08405,0
,99.81029,19.084,0
,99.81039,19.08399,0
,99.81065,19.084,0
,99.81075,19.08402,0
,99.81086,19.08403,0
,99.81108,19.08403,0
,99.81116,19.08401,0
,99.81119,19.08401,0
,99.81128,19.08398,0
,99.81158,19.08383,0
,99.81179,19.08363,0
,99.81203,19.08335,0
,99.81204,19.08335,0
,99.8122,19.08314,0
,99.81226,19.08304,0
,99.81233,19.0829,0
,99.8124,19.08258,0
,99.81241,19.08234,0
,99.81242,19.08231,0
,99.8124,19.08216,0
,99.81237,19.08207,0
,99.81222,19.08173,0
,99.81218,19.08166,0
,99.81209,19.0814,0
,99.81206,19.08124,0
,99.81206,19.08108,0
,99.81211,19.08087,0
,99.81216,19.08079,0
,99.81225,19.08063,0
,99.81257,19.08019,0
,99.81286,19.07984,0
,99.81308,19.07965,0
,99.81323,19.07954,0
,99.81347,19.07939,0
,99.81373,19.07928,0
,99.81402,19.0792,0
,99.81428,19.07915,0
,99.81457,19.07907,0
,99.81466,19.07903,0
,99.81475,19.07898,0
,99.81482,19.07893,0
,99.81494,19.07882,0
,99.81501,19.07874,0
,99.81509,19.07862,0
,99.81512,19.07854,0
,99.81523,19.07816,0
,99.81529,19.0779,0
,99.81534,19.07757,0
,99.81533,19.07737,0
,99.81521,19.07618,0
,99.81522,19.07583,0
,99.8153,19.07549,0
,99.81536,19.07534,0
,99.8156,19.07485,0
,99.81566,19.07468,0
,99.81568,19.07455,0
,99.81569,19.07433,0
,99.8156,19.07401,0
,99.81553,19.07388,0
,99.81543,19.07373,0
,99.81536,19.07366,0
,99.81515,19.07348,0
,99.8146,19.07312,0
,99.8141,19.07276,0
,99.81401,19.07268,0
,99.81385,19.07248,0
,99.81379,19.07238,0
,99.81363,19.07205,0
,99.81341,19.07148,0
,99.8132,19.07111,0
,99.81309,19.07098,0
,99.81286,19.07076,0
,99.81276,19.07069,0
,99.81269,19.07062,0
,99.81248,19.07051,0
,99.81228,19.07042,0
,99.81208,19.07035,0
,99.81196,19.07031,0
,99.81156,19.07026,0
,99.81154,19.07025,0
,99.81147,19.07024,0
,99.8113,19.0702,0
,99.81123,19.07017,0
,99.81109,19.07009,0
,99.81104,19.07004,0
,99.81102,19.07003,0
,99.81096,19.06998,0
,99.81089,19.0699,0
,99.81082,19.0698,0
,99.81074,19.06963,0
,99.8107,19.06946,0
,99.8107,19.0694,0
,99.81069,19.06931,0
,99.8107,19.06882,0
,99.81068,19.06853,0
,99.81065,19.06845,0
,99.8106,19.06837,0
,99.8105,19.06826,0
,99.81045,19.06822,0
,99.81044,19.06822,0
,99.81037,19.06818,0
,99.81027,19.06815,0
,99.81023,19.06813,0
,99.81011,19.06813,0
,99.81002,19.06814,0
,99.80986,19.06819,0
,99.80968,19.06823,0
,99.8095,19.06823,0
,99.80941,19.06822,0
,99.8092,19.06812,0
,99.80893,19.06791,0
,99.80888,19.06788,0
,99.80876,19.06777,0
,99.80868,19.06771,0
,99.80862,19.06763,0
,99.80859,19.0676,0
,99.80852,19.06747,0
,99.80848,19.06733,0
,99.80848,19.06724,0
,99.80851,19.0669,0
,99.80853,19.06682,0
,99.80852,19.06674,0
,99.80843,19.06652,0
,99.80837,19.06644,0
,99.80774,19.0658,0
,99.80772,19.06577,0
,99.8076,19.06564,0
,99.80759,19.06564,0
,99.80748,19.0655,0
,99.80746,19.06549,0
,99.80734,19.06533,0
,99.807,19.06499,0
,99.80696,19.06497,0
,99.80665,19.06474,0
,99.80648,19.06466,0
,99.80637,19.06462,0
,99.80626,19.06459,0
,99.80604,19.06456,0
,99.80591,19.06456,0
,99.80567,19.06459,0
,99.80542,19.06467,0
,99.80523,19.06478,0
,99.8052,19.06479,0
,99.80504,19.06494,0
,99.80492,19.06513,0
,99.80485,19.06523,0
,99.80479,19.06536,0
,99.80459,19.06573,0
,99.80442,19.06611,0
,99.80412,19.06704,0
,99.80398,19.06737,0
,99.80398,19.06739,0
,99.80386,19.06764,0
,99.80382,19.0677,0
,99.80369,19.06783,0
,99.80364,19.06787,0
,99.80341,19.06797,0
,99.80325,19.06799,0
,99.8031,19.06799,0
,99.80288,19.06792,0
,99.80275,19.06784,0
,99.80268,19.06778,0
,99.80259,19.06767,0
,99.80256,19.06761,0
,99.80253,19.06752,0
,99.80249,19.06743,0
,99.80249,19.06717,0
,99.80251,19.06709,0
,99.80257,19.06692,0
,99.80262,19.06683,0
,99.80266,19.06673,0
,99.80273,19.06659,0
,99.80274,19.06659,0
,99.80283,19.06644,0
,99.80304,19.06621,0
,99.80331,19.06599,0
,99.8034,19.0659,0
,99.80349,19.06575,0
,99.80351,19.0657,0
,99.80355,19.06556,0
,99.80355,19.06541,0
,99.80353,19.06533,0
,99.80352,19.06525,0
,99.80351,19.06525,0
,99.80345,19.06512,0
,99.80341,19.06506,0
,99.80324,19.06489,0
,99.80315,19.06482,0
,99.80298,19.06464,0
,99.80285,19.06452,0
,99.80271,19.06435,0
,99.80262,19.06419,0
,99.80252,19.06396,0
,99.80252,19.06395,0
,99.80246,19.06384,0
,99.80241,19.06371,0
,99.80223,19.06334,0
,99.80209,19.06309,0
,99.80191,19.06281,0
,99.80163,19.06245,0
,99.80147,19.06221,0
,99.80125,19.06194,0
,99.80111,19.06182,0
,99.80085,19.06167,0
,99.80071,19.06162,0
,99.80062,19.06157,0
,99.80038,19.06146,0
,99.8002,19.06135,0
,99.80009,19.06127,0
,99.79994,19.06113,0
,99.79988,19.06105,0
,99.79972,19.0608,0
,99.79957,19.06061,0
,99.79942,19.06047,0
,99.79939,19.06045,0
,99.79933,19.06039,0
,99.79899,19.06021,0
,99.7989,19.06018,0
,99.79877,19.06015,0
,99.7985,19.06016,0
,99.7984,19.06018,0
,99.79747,19.06046,0
,99.79746,19.06046,0
,99.79726,19.06054,0
,99.79687,19.06063,0
,99.7961,19.06074,0
,99.79593,19.06078,0
,99.79565,19.06087,0
,99.79562,19.06089,0
,99.79458,19.06139,0
,99.79442,19.06145,0
,99.7943,19.06148,0
,99.79419,19.06149,0
,99.79405,19.06149,0
,99.79395,19.06148,0
,99.79386,19.06146,0
,99.79373,19.06142,0
,99.79333,19.06125,0
,99.79321,19.06121,0
,99.79307,19.06118,0
,99.79292,19.06118,0
,99.79259,19.06115,0
,99.79258,19.06114,0
,99.79234,19.06111,0
,99.79212,19.061,0
,99.79198,19.06086,0
,99.79192,19.06077,0
,99.79183,19.06068,0
,99.79165,19.0604,0
,99.79159,19.06024,0
,99.79155,19.06003,0
,99.79152,19.05978,0
,99.79152,19.0596,0
,99.79148,19.05926,0
,99.79145,19.0591,0
,99.79136,19.05888,0
,99.7913,19.05879,0
,99.79098,19.05819,0
,99.79068,19.05771,0
,99.79055,19.05755,0
,99.79042,19.05745,0
,99.79014,19.05738,0
,99.79001,19.05739,0
,99.78976,19.05745,0
,99.78946,19.05748,0
,99.78926,19.05746,0
,99.78897,19.05741,0
,99.78887,19.05738,0
,99.78859,19.05732,0
,99.78815,19.05734,0
,99.78811,19.05735,0
,99.78796,19.05736,0
,99.78793,19.05737,0
,99.78777,19.05738,0
,99.78721,19.05749,0
,99.78719,19.05749,0
,99.78699,19.05755,0
,99.78685,19.05761,0
,99.78681,19.05762,0
,99.78664,19.0577,0
,99.78649,19.05779,0
,99.78636,19.05789,0
,99.78605,19.0581,0
,99.78594,19.05819,0
,99.78383,19.05969,0
,99.78365,19.05986,0
,99.78364,19.05988,0
,99.78357,19.05995,0
,99.78345,19.06011,0
,99.78334,19.06022,0
,99.78321,19.06033,0
,99.78299,19.06046,0
,99.7829,19.0605,0
,99.78272,19.06064,0
,99.78262,19.06074,0
,99.78251,19.06092,0
,99.78242,19.06104,0
,99.78218,19.06166,0
,99.78214,19.06173,0
,99.78209,19.06179,0
,99.78207,19.0618,0
,99.78205,19.06183,0
,99.78193,19.0619,0
,99.78184,19.06192,0
,99.78165,19.06192,0
,99.78158,19.0619,0
,99.78155,19.06188,0
,99.78148,19.06185,0
,99.78139,19.06178,0
,99.78131,19.06168,0
,99.78127,19.06164,0
,99.78117,19.0615,0
,99.78097,19.06127,0
,99.78097,19.06126,0
,99.78055,19.06067,0
,99.78041,19.06053,0
,99.78021,19.0604,0
,99.78015,19.06037,0
,99.77991,19.06033,0
,99.77981,19.06033,0
,99.77966,19.06036,0
,99.77945,19.06042,0
,99.7794,19.06044,0
,99.77817,19.06077,0
,99.77769,19.06092,0
,99.77648,19.06153,0
,99.7764,19.06158,0
,99.77631,19.06162,0
,99.77629,19.06162,0
,99.77622,19.06165,0
,99.77612,19.06167,0
,99.77604,19.0617,0
,99.77573,19.06172,0
,99.77554,19.06175,0
,99.77483,19.06182,0
,99.77471,19.06186,0
,99.77459,19.06193,0
,99.77451,19.06201,0
,99.77445,19.06209,0
,99.77439,19.0622,0
,99.77434,19.06227,0
,99.77431,19.06236,0
,99.77415,19.06273,0
,99.77407,19.06284,0
,99.774,19.06292,0
,99.77391,19.06298,0
,99.77381,19.06303,0
,99.77285,19.06331,0
,99.7727,19.0634,0
,99.77263,19.06347,0
,99.77259,19.06352,0
,99.77253,19.06363,0
,99.77251,19.06369,0
,99.77249,19.0638,0
,99.77251,19.06459,0
,99.77248,19.06496,0
,99.77243,19.06513,0
,99.77243,19.06515,0
,99.7722,19.06583,0
,99.77215,19.06601,0
,99.77204,19.06631,0
,99.77173,19.06734,0
,99.77173,19.06757,0
,99.77174,19.06759,0
,99.77176,19.06767,0
,99.77203,19.06824,0
,99.77269,19.06951,0
,99.77269,19.06952,0
,99.77276,19.06968,0
,99.77278,19.06977,0
,99.7728,19.06996,0
,99.7728,19.07005,0
,99.77279,19.07011,0
,99.77279,19.0702,0
,99.77276,19.07038,0
,99.77271,19.07093,0
,99.7727,19.07094,0
,99.77266,19.07123,0
,99.77263,19.07252,0
,99.7726,19.07268,0
,99.77253,19.07284,0
,99.7725,19.07288,0
,99.77243,19.07295,0
,99.77232,19.07302,0
,99.77221,19.07306,0
,99.77207,19.07308,0
,99.77198,19.07307,0
,99.77182,19.07301,0
,99.77176,19.07297,0
,99.77171,19.07292,0
,99.77168,19.07288,0
,99.77168,19.07287,0
,99.77166,19.07285,0
,99.7716,19.07275,0
,99.77155,19.07263,0
,99.7715,19.07256,0
,99.77144,19.07244,0
,99.77132,19.07229,0
,99.77108,19.07208,0
,99.7708,19.07187,0
,99.77072,19.07179,0
,99.77062,19.07167,0
,99.77057,19.07158,0
,99.77054,19.07149,0
,99.77053,19.07148,0
,99.77046,19.07114,0
,99.77045,19.07113,0
,99.77044,19.07104,0
,99.77034,19.07056,0
,99.77026,19.07037,0
,99.77019,19.07028,0
,99.77003,19.07017,0
,99.76999,19.07015,0
,99.76972,19.07005,0
,99.76957,19.06998,0
,99.76938,19.06991,0
,99.76917,19.06986,0
,99.76906,19.06986,0
,99.76883,19.0699,0
,99.76818,19.07023,0
,99.76807,19.0703,0
,99.76797,19.07039,0
,99.76793,19.07043,0
,99.76789,19.07049,0
,99.76784,19.07059,0
,99.7678,19.07068,0
,99.76778,19.07077,0
,99.76776,19.07094,0
,99.76776,19.07103,0
,99.76778,19.07118,0
,99.7678,19.07124,0
,99.76783,19.07142,0
,99.76789,19.07165,0
,99.76787,19.07185,0
,99.76784,19.07193,0
,99.76778,19.07204,0
,99.76769,19.07213,0
,99.76757,19.07222,0
,99.7675,19.07225,0
,99.7674,19.07228,0
,99.76729,19.07229,0
,99.76719,19.07229,0
,99.7671,19.07228,0
,99.767,19.07224,0
,99.7669,19.07218,0
,99.76674,19.07204,0
,99.76653,19.07183,0
,99.76641,19.07163,0
,99.76634,19.07147,0
,99.76628,19.07129,0
,99.7662,19.07093,0
,99.76617,19.07073,0
,99.7661,19.07048,0
,99.76605,19.07037,0
,99.76597,19.07023,0
,99.76585,19.07008,0
,99.76574,19.06999,0
,99.76554,19.06987,0
,99.76543,19.06983,0
,99.76537,19.0698,0
,99.7652,19.06976,0
,99.76519,19.06975,0
,99.76496,19.0697,0
,99.76491,19.06968,0
,99.76483,19.06963,0
,99.76482,19.06963,0
,99.7647,19.06954,0
,99.76463,19.06948,0
,99.76457,19.06941,0
,99.76445,19.0693,0
,99.76437,19.06921,0
,99.76428,19.06914,0
,99.76403,19.06901,0
,99.76326,19.06872,0
,99.76309,19.06864,0
,99.76292,19.06858,0
,99.76274,19.06854,0
,99.76266,19.06853,0
,99.76258,19.06853,0
,99.7612,19.0687,0
,99.76114,19.06869,0
,99.76107,19.06869,0
,99.76092,19.06862,0
,99.76085,19.06857,0
,99.76078,19.06848,0
,99.76074,19.06841,0
,99.76071,19.0683,0
,99.7607,19.06824,0
,99.76071,19.06806,0
,99.76076,19.0679,0
,99.76077,19.06779,0
,99.76076,19.06771,0
,99.76074,19.06766,0
,99.76067,19.06755,0
,99.76066,19.06755,0
,99.76063,19.06752,0
,99.76051,19.06747,0
,99.76049,19.06747,0
,99.76041,19.06745,0
,99.76032,19.06746,0
,99.75996,19.06759,0
,99.75984,19.06761,0
,99.75971,19.06761,0
,99.7596,19.06758,0
,99.75952,19.06754,0
,99.75942,19.06747,0
,99.75933,19.06736,0
,99.75932,19.06732,0
,99.75932,19.0673,0
,99.7593,19.06719,0
,99.7593,19.06714,0
,99.75929,19.06708,0
,99.75929,19.06692,0
,99.7593,19.06681,0
,99.75928,19.06667,0
,99.75923,19.0665,0
,99.75919,19.06642,0
,99.75906,19.06629,0
,99.75895,19.06622,0
,99.75879,19.06618,0
,99.75869,19.06618,0
,99.75855,19.06623,0
,99.7585,19.06624,0
,99.75818,19.06639,0
,99.758,19.06646,0
,99.75786,19.06649,0
,99.75773,19.0665,0
,99.75749,19.0665,0
,99.75727,19.06646,0
,99.75708,19.06641,0
,99.75696,19.06636,0
,99.75687,19.06629,0
,99.7568,19.0662,0
,99.75679,19.0662,0
,99.75666,19.066,0
,99.75657,19.06579,0
,99.75646,19.06565,0
,99.75636,19.06555,0
,99.75626,19.06548,0
,99.75626,19.06547,0
,99.75619,19.06543,0
,99.75603,19.06539,0
,99.75594,19.06538,0
,99.75551,19.06538,0
,99.75544,19.06537,0
,99.75533,19.06534,0
,99.75522,19.06529,0
,99.75508,19.0652,0
,99.75499,19.06512,0
,99.75492,19.06499,0
,99.75492,19.06498,0
,99.75481,19.0645,0
,99.75481,19.06446,0
,99.75479,19.06437,0
,99.75478,19.06426,0
,99.75472,19.06402,0
,99.75467,19.0639,0
,99.75456,19.06373,0
,99.75442,19.06358,0
,99.75435,19.06353,0
,99.75425,19.06342,0
,99.75407,19.06327,0
,99.75406,19.06327,0
,99.75388,19.06312,0
,99.75362,19.06297,0
,99.75354,19.06294,0
,99.75339,19.0629,0
,99.75332,19.06289,0
,99.75323,19.06289,0
,99.75302,19.06292,0
,99.75275,19.06298,0
,99.7525,19.06307,0
,99.75219,19.06313,0
,99.75208,19.06313,0
,99.75198,19.06311,0
,99.75181,19.06304,0
,99.7517,19.06294,0
,99.75163,19.06285,0
,99.75154,19.0627,0
,99.75153,19.0627,0
,99.75141,19.06257,0
,99.75132,19.06251,0
,99.75119,19.06245,0
,99.75094,19.06243,0
,99.75082,19.06246,0
,99.75066,19.06252,0
,99.74942,19.06332,0
,99.74877,19.06365,0
,99.74712,19.06432,0
,99.74633,19.06472,0
,99.74616,19.06482,0
,99.74554,19.06513,0
,99.74535,19.0652,0
,99.74519,19.06524,0
,99.74494,19.06524,0
,99.74385,19.06516,0
,99.74356,19.06516,0
,99.74345,19.06517,0
,99.74342,19.06518,0
,99.74308,19.06522,0
,99.73566,19.06652,0
,99.73536,19.06654,0
,99.7352,19.06654,0
,99.73476,19.0665,0
,99.73461,19.06646,0
,99.73242,19.06606,0
,99.73233,19.06605,0
,99.73224,19.06603,0
,99.73223,19.06603,0
,99.732,19.06596,0
,99.73182,19.06588,0
,99.7317,19.0658,0
,99.73157,19.06569,0
,99.73154,19.06567,0
,99.73144,19.06556,0
,99.73134,19.06538,0
,99.73127,19.06511,0
,99.73118,19.06455,0
,99.73116,19.06449,0
,99.73114,19.0644,0
,99.7311,19.06433,0
,99.73107,19.06426,0
,99.731,19.06418,0
,99.73095,19.06413,0
,99.7309,19.06409,0
,99.73087,19.06408,0
,99.73071,19.06399,0
,99.72966,19.06364,0
,99.72963,19.06364,0
,99.72956,19.06362,0
,99.72931,19.06359,0
,99.72916,19.06362,0
,99.72907,19.06366,0
,99.72903,19.06369,0
,99.72879,19.06394,0
,99.72829,19.06463,0
,99.72823,19.06475,0
,99.7282,19.06483,0
,99.72818,19.06486,0
,99.7281,19.06508,0
,99.72807,19.0653,0
,99.72807,19.06553,0
,99.72808,19.06558,0
,99.72808,19.06565,0
,99.7282,19.06667,0
,99.72824,19.06687,0
,99.72827,19.06694,0
,99.72827,19.06695,0
,99.72843,19.06727,0
,99.72844,19.06728,0
,99.7288,19.06809,0
,99.72885,19.06826,0
,99.72885,19.06828,0
,99.72886,19.06834,0
,99.72888,19.0684,0
,99.7289,19.06854,0
,99.7289,19.0687,0
,99.72892,19.06899,0
,99.72892,19.06933,0
,99.72889,19.06953,0
,99.72888,19.06955,0
,99.72884,19.06971,0
,99.72877,19.06989,0
,99.72872,19.06997,0
,99.72863,19.07008,0
,99.72856,19.07019,0
,99.72775,19.07129,0
,99.72773,19.07131,0
,99.72752,19.07163,0
,99.72745,19.07172,0
,99.72735,19.07193,0
,99.72735,19.07194,0
,99.72716,19.07244,0
,99.72714,19.07254,0
,99.72689,19.07324,0
,99.72683,19.07336,0
,99.72667,19.07358,0
,99.72658,19.07367,0
,99.72642,19.0738,0
,99.72627,19.07389,0
,99.72562,19.07418,0
,99.72551,19.07422,0
,99.72542,19.07427,0
,99.72503,19.07444,0
,99.725,19.07446,0
,99.72483,19.07454,0
,99.72482,19.07454,0
,99.72454,19.07466,0
,99.72433,19.07472,0
,99.72411,19.07476,0
,99.72356,19.07471,0
,99.72254,19.07455,0
,99.72242,19.07452,0
,99.71998,19.07414,0
,99.71979,19.0741,0
,99.71942,19.07406,0
,99.71928,19.07407,0
,99.71916,19.07409,0
,99.71903,19.07414,0
,99.7189,19.07421,0
,99.7188,19.07429,0
,99.71866,19.07445,0
,99.71859,19.07458,0
,99.71854,19.07471,0
,99.71845,19.07525,0
,99.71835,19.07628,0
,99.71831,19.07646,0
,99.71825,19.07661,0
,99.71821,19.07669,0
,99.71816,19.07675,0
,99.71813,19.0768,0
,99.71807,19.07686,0
,99.71785,19.07701,0
,99.71554,19.07823,0
,99.7152,19.07844,0
,99.71507,19.07855,0
,99.71494,19.07869,0
,99.71485,19.07882,0
,99.71478,19.07896,0
,99.71472,19.07911,0
,99.71467,19.07936,0
,99.71466,19.07945,0
,99.71468,19.07969,0
,99.71474,19.07992,0
,99.71488,19.08022,0
,99.71493,19.08029,0
,99.71571,19.08156,0
,99.71581,19.08183,0
,99.71585,19.08208,0
,99.71584,19.08232,0
,99.71582,19.08243,0
,99.71582,19.08245,0
,99.71578,19.08258,0
,99.71578,19.08261,0
,99.71572,19.08276,0
,99.71552,19.08307,0
,99.71343,19.08585,0
,99.71317,19.08622,0
,99.71309,19.08635,0
,99.71298,19.0866,0
,99.71295,19.08669,0
,99.71294,19.0867,0
,99.71292,19.08687,0
,99.71289,19.0871,0
,99.71286,19.08872,0
,99.71288,19.08905,0
,99.71291,19.08926,0
,99.71291,19.08937,0
,99.71293,19.08949,0
,99.713,19.08971,0
,99.71314,19.09002,0
,99.71324,19.09019,0
,99.71325,19.09022,0
,99.71401,19.09185,0
,99.7141,19.09209,0
,99.71415,19.0923,0
,99.71415,19.09249,0
,99.71414,19.09258,0
,99.71411,19.0927,0
,99.71399,19.09295,0
,99.71388,19.0931,0
,99.71361,19.09335,0
,99.71146,19.09484,0
,99.71126,19.095,0
,99.71111,19.09514,0
,99.71103,19.09524,0
,99.71098,19.09532,0
,99.71093,19.09543,0
,99.71087,19.09562,0
,99.71054,19.09722,0
,99.71048,19.0974,0
,99.71035,19.09766,0
,99.71025,19.09779,0
,99.71018,19.09786,0
,99.70997,19.09804,0
,99.70972,19.09819,0
,99.70969,19.0982,0
,99.70678,19.09975,0
,99.70635,19.09999,0
,99.70576,19.10028,0
,99.70557,19.10034,0
,99.70529,19.10039,0
,99.70474,19.10045,0
,99.70386,19.10049,0
,99.70365,19.10047,0
,99.70333,19.10039,0
,99.70211,19.09993,0
,99.70207,19.09991,0
,99.70048,19.09936,0
,99.70014,19.09926,0
,99.69994,19.09923,0
,99.69971,19.09923,0
,99.69952,19.09926,0
,99.69816,19.09967,0
,99.69787,19.09982,0
,99.69768,19.09997,0
,99.69754,19.10014,0
,99.69749,19.10019,0
,99.6964,19.10164,0
,99.69629,19.10176,0
,99.69608,19.10192,0
,99.69602,19.10197,0
,99.69583,19.10206,0
,99.69529,19.10226,0
,99.69524,19.10227,0
,99.69515,19.10231,0
,99.69319,19.10296,0
,99.69294,19.10306,0
,99.6928,19.10313,0
,99.69264,19.10323,0
,99.69236,19.10347,0
,99.69211,19.10374,0
,99.6921,19.10376,0
,99.692,19.10389,0
,99.69173,19.10437,0
,99.69136,19.10497,0
,99.69023,19.10693,0
,99.69023,19.10694,0
,99.69008,19.10725,0
,99.69006,19.10731,0
,99.69004,19.10734,0
,99.69002,19.10743,0
,99.68994,19.10762,0
,99.68954,19.1093,0
,99.6894,19.10972,0
,99.68913,19.11017,0
,99.68858,19.11091,0
,99.68805,19.11157,0
,99.68765,19.11191,0
,99.68735,19.11208,0
,99.68503,19.113,0
,99.685,19.11302,0
,99.68487,19.11307,0
,99.68471,19.11315,0
,99.68444,19.11332,0
,99.68436,19.11338,0
,99.68436,19.11339,0
,99.68413,19.11361,0
,99.68359,19.11422,0
,99.68358,19.11424,0
,99.68333,19.11453,0
,99.6832,19.11466,0
,99.68309,19.11482,0
,99.68301,19.11498,0
,99.68296,19.11514,0
,99.68289,19.11543,0
,99.68274,19.11656,0
,99.68265,19.11685,0
,99.68247,19.11716,0
,99.68243,19.1172,0
,99.68221,19.11747,0
,99.6822,19.11749,0
,99.68196,19.11777,0
,99.6815,19.1183,0
,99.68118,19.1186,0
,99.68101,19.11871,0
,99.68071,19.11883,0
,99.68055,19.11887,0
,99.6804,19.11889,0
,99.68009,19.11891,0
,99.67914,19.11893,0
,99.67897,19.11892,0
,99.67806,19.11881,0
,99.67805,19.1188,0
,99.67745,19.11872,0
,99.6767,19.11859,0
,99.67595,19.11853,0
,99.67559,19.11859,0
,99.67551,19.11862,0
,99.6753,19.11872,0
,99.67518,19.11879,0
,99.67483,19.11904,0
,99.67461,19.11923,0
,99.66569,19.12635,0
,99.66534,19.1266,0
,99.66503,19.12678,0
,99.6648,19.12688,0
,99.66445,19.12699,0
,99.66423,19.12703,0
,99.66418,19.12703,0
,99.66406,19.12705,0
,99.66399,19.12705,0
,99.66377,19.12707,0
,99.66356,19.12707,0
,99.66249,19.127,0
,99.6621,19.12694,0
,99.66158,19.12683,0
,99.661,19.12667,0
,99.66081,19.12661,0
,99.6605,19.12651,0
,99.65596,19.12538,0
,99.65581,19.12533,0
,99.65543,19.12527,0
,99.65487,19.12526,0
,99.65417,19.12536,0
,99.65278,19.12562,0
,99.65277,19.12563,0
,99.65111,19.12595,0
,99.65109,19.12595,0
,99.65071,19.12601,0
,99.65053,19.12605,0
,99.65015,19.12611,0
,99.64948,19.12633,0
,99.64858,19.12669,0
,99.64828,19.12683,0
,99.64778,19.12699,0
,99.64748,19.12706,0
,99.64725,19.1271,0
,99.64694,19.12709,0
,99.64638,19.12703,0
,99.64581,19.12694,0
,99.64573,19.12692,0
,99.64562,19.12691,0
,99.64525,19.12685,0
,99.6449,19.12681,0
,99.64448,19.1268,0
,99.64416,19.12685,0
,99.64388,19.12695,0
,99.64346,19.12716,0
,99.64165,19.12822,0
,99.64,19.12912,0
,99.63864,19.12991,0
,99.63736,19.13061,0
,99.63721,19.13068,0
,99.63708,19.13072,0
,99.63704,19.13074,0
,99.63654,19.13086,0
,99.63452,19.13113,0
,99.63421,19.1312,0
,99.63403,19.13126,0
,99.63387,19.13134,0
,99.63372,19.13143,0
,99.63351,19.13161,0
,99.63328,19.1319,0
,99.6332,19.13203,0
,99.6331,19.13224,0
,99.63135,19.13683,0
,99.63132,19.13689,0
,99.63067,19.1386,0
,99.63062,19.13871,0
,99.63011,19.14013,0
,99.62985,19.14077,0
,99.6296,19.14165,0
,99.62938,19.14217,0
,99.62904,19.14265,0
,99.62871,19.143,0
,99.62849,19.14316,0
,99.62779,19.14355,0
,99.62724,19.14369,0
,99.62474,19.14418,0
,99.62431,19.14424,0
,99.62161,19.14447,0
,99.62155,19.14447,0
,99.62142,19.14449,0
,99.62106,19.14452,0
,99.62094,19.14452,0
,99.62071,19.14456,0
,99.62037,19.14465,0
,99.62013,19.14473,0
,99.62,19.14479,0
,99.61976,19.14494,0
,99.61954,19.14502,0
,99.61951,19.14505,0
,99.61921,19.14519,0
,99.6188,19.14529,0
,99.61692,19.14548,0
,99.61689,19.14546,0
,99.61682,19.14545,0
,99.61587,19.14552,0
,99.61462,19.14547,0
,99.61431,19.14549,0
,99.61417,19.14548,0
,99.61396,19.14548,0
,99.61355,19.14545,0
,99.61284,19.14535,0
,99.61094,19.14526,0
,99.61087,19.14529,0
,99.61068,19.14528,0
,99.61033,19.14524,0
,99.60656,19.145,0
,99.60615,19.14499,0
,99.60611,19.14498,0
,99.60439,19.1449,0
,99.60342,19.14482,0
,99.60332,19.1448,0
,99.60265,19.1448,0
,99.60211,19.1449,0
,99.60175,19.14502,0
,99.60109,19.14529,0
,99.60101,19.14533,0
,99.601,19.14534,0
,99.59862,19.1463,0
,99.59617,19.1473,0
,99.59571,19.14756,0
,99.59569,19.14759,0
,99.59557,19.14768,0
,99.59555,19.14771,0
,99.59547,19.14779,0
,99.59529,19.14802,0
,99.59516,19.14826,0
,99.59454,19.14964,0
,99.59417,19.15044,0
,99.5941,19.15052,0
,99.59405,19.15061,0
,99.59404,19.15061,0
,99.59394,19.15072,0
,99.5937,19.15092,0
,99.59356,19.151,0
,99.59073,19.15211,0
,99.59048,19.15224,0
,99.59029,19.15239,0
,99.59005,19.15264,0
,99.58987,19.15304,0
,99.58832,19.15742,0
,99.58825,19.15757,0
,99.58796,19.15802,0
,99.58716,19.15894,0
,99.58643,19.1596,0
,99.5863,19.15973,0
,99.58606,19.15994,0
,99.58549,19.16034,0
,99.58528,19.16043,0
,99.58485,19.16055,0
,99.58469,19.16056,0
,99.5827,19.16047,0
,99.58238,19.1605,0
,99.58219,19.16053,0
,99.58198,19.16059,0
,99.58167,19.16071,0
,99.57785,19.16328,0
,99.57778,19.16332,0
,99.57744,19.16348,0
,99.57726,19.16354,0
,99.57669,19.16365,0
,99.57557,19.1638,0
,99.57424,19.16391,0
,99.56588,19.16485,0
,99.56568,19.16491,0
,99.56556,19.16496,0
,99.56555,19.16496,0
,99.56542,19.16504,0
,99.56523,19.16514,0
,99.565,19.16533,0
,99.56489,19.16544,0
,99.5648,19.16555,0
,99.56316,19.16731,0
,99.56249,19.16807,0
,99.56182,19.16876,0
,99.56158,19.16899,0
,99.56114,19.16931,0
,99.56098,19.1694,0
,99.55905,19.17066,0
,99.55839,19.17106,0
,99.55814,19.17117,0
,99.55558,19.17209,0
,99.55511,19.17235,0
,99.55495,19.17247,0
,99.55482,19.1726,0
,99.55466,19.17281,0
,99.55462,19.17289,0
,99.55309,19.17713,0
,99.55224,19.17949,0
,99.55213,19.17975,0
,99.55203,19.17993,0
,99.55192,19.18006,0
,99.55179,19.18019,0
,99.55153,19.18041,0
,99.55125,19.18056,0
,99.55121,19.18057,0
,99.54767,19.18227,0
,99.54729,19.18242,0
,99.54698,19.18251,0
,99.54539,19.18285,0
,99.54446,19.18312,0
,99.54339,19.1835,0
,99.54204,19.18407,0
,99.54202,19.18407,0
,99.5419,19.18412,0
,99.54058,19.18455,0
,99.54057,19.18455,0
,99.53954,19.18499,0
,99.53919,19.18516,0
,99.53872,19.18544,0
,99.53822,19.1859,0
,99.53698,19.18752,0
,99.53633,19.18758,0
,99.53598,19.18764,0
,99.53525,19.18786,0
,99.53501,19.18792,0
,99.53478,19.18793,0
,99.53455,19.18789,0
,99.53406,19.18761,0
,99.53383,19.18743,0
,99.53367,19.18724,0
,99.53323,19.18658,0
,99.53297,19.18625,0
,99.53269,19.18598,0
,99.53241,19.18575,0
,99.5321,19.18542,0
,99.53176,19.18499,0
,99.53151,19.18483,0
,99.53103,19.18473,0
,99.53084,19.18472,0
,99.53064,19.18476,0
,99.5302,19.18488,0
,99.5299,19.18499,0
,99.5293,19.18524,0
,99.529,19.18542,0
,99.52813,19.18579,0
,99.5278,19.18585,0
,99.52734,19.18588,0
,99.52664,19.18608,0
,99.52621,19.18628,0
,99.52601,19.18652,0
,99.52523,19.18803,0
,99.52452,19.1893,0
,99.52449,19.18937,0
,99.52145,19.19482,0
,99.5211,19.1954,0
,99.52102,19.19566,0
,99.52101,19.19566,0
,99.52098,19.19592,0
,99.52084,19.196,0
,99.52021,19.19651,0
,99.51993,19.19694,0
,99.51947,19.19718,0
,99.51851,19.19759,0
,99.51817,19.19776,0
,99.51711,19.19815,0
,99.51678,19.19824,0
,99.51642,19.1983,0
,99.51626,19.19731,0
,99.51581,19.19589,0
,99.51566,19.19563,0
,99.51566,19.19561,0
,99.51525,19.1951,0
,99.51439,19.19428,0
,99.51389,19.1936,0
,99.51403,19.19346,0
,99.51409,19.19341,0
,99.51428,19.19333,0
,99.51415,19.19309,0
,99.51404,19.19314,0
,99.51371,19.19337,0
,99.51244,19.19167,0
,99.51199,19.19099,0
,99.51139,19.18998,0
,99.51119,19.18968,0
,99.51081,19.18924,0
,99.51006,19.18815,0
,99.50975,19.18743,0
,99.50954,19.18704,0
,99.50951,19.187,0
,99.50927,19.1868,0
,99.50889,19.18657,0
,99.50854,19.1864,0
,99.50785,19.18609,0
,99.50773,19.18598,0
,99.50743,19.18584,0
,99.507,19.1856,0
,99.50681,19.18548,0
,99.50661,19.18531,0
,99.50636,19.18502,0
,99.50541,19.18361,0
,99.50434,19.18214,0
,99.50409,19.18158,0
,99.50399,19.1812,0
,99.50397,19.181,0
,99.50399,19.18076,0
,99.50404,19.18052,0
,99.50415,19.18023,0
,99.50422,19.18,0
,99.50469,19.17907,0
,99.50502,19.17835,0
,99.5051,19.17801,0
,99.50511,19.17792,0
,99.50516,19.1777,0
,99.50518,19.17751,0
,99.50517,19.1771,0
,99.50514,19.17685,0
,99.50512,19.17642,0
,99.50508,19.17601,0
,99.50508,19.1759,0
,99.50506,19.17575,0
,99.50506,19.17567,0
,99.50485,19.17319,0
,99.50484,19.1729,0
,99.50515,19.16756,0
,99.50516,19.16752,0
,99.50519,19.16688,0
,99.50525,19.16617,0
,99.50521,19.1655,0
,99.50515,19.16511,0
,99.50515,19.16508,0
,99.50499,19.16458,0
,99.50487,19.16429,0
,99.50465,19.16387,0
,99.50142,19.15828,0
,99.50113,19.15765,0
,99.50096,19.15702,0
,99.50081,19.15581,0
,99.5008,19.1553,0
,99.50079,19.15527,0
,99.50064,19.15383,0
,99.50055,19.15323,0
,99.5,19.15044,0
,99.49982,19.1499,0
,99.49943,19.14898,0
,99.49938,19.14884,0
,99.49826,19.14644,0
,99.49825,19.1464,0
,99.49649,19.14253,0
,99.49647,19.14247,0
,99.49645,19.14245,0
,99.49597,19.14142,0
,99.49596,19.14139,0
,99.49592,19.14133,0
,99.49569,19.14091,0
,99.49474,19.13946,0
,99.49459,19.1392,0
,99.49439,19.13873,0
,99.49434,19.13834,0
,99.49435,19.1383,0
,99.49435,19.13812,0
,99.49436,19.13801,0
,99.49522,19.13479,0
,99.49527,19.13454,0
,99.49528,19.1343,0
,99.49526,19.13407,0
,99.49523,19.13389,0
,99.49517,19.13368,0
,99.49504,19.13333,0
,99.49491,19.13303,0
,99.49461,19.13225,0
,99.49447,19.13193,0
,99.49421,19.13126,0
,99.4942,19.13122,0
,99.49395,19.13064,0
,99.49391,19.13057,0
,99.49372,19.13016,0
,99.49357,19.12991,0
,99.49347,19.12977,0
,99.49332,19.12959,0
,99.49298,19.12923,0
,99.49284,19.1291,0
,99.4928,19.12905,0
,99.4918,19.12801,0
,99.49142,19.12765,0
,99.49124,19.12751,0
,99.49121,19.1275,0
,99.49105,19.12738,0
,99.4907,19.12719,0
,99.4874,19.12567,0
,99.48687,19.12546,0
,99.48603,19.12518,0
,99.48537,19.125,0
,99.48429,19.12469,0
,99.48429,19.12468,0
,99.48388,19.12453,0
,99.48357,19.12439,0
,99.48308,19.12412,0
,99.48307,19.12412,0
,99.48279,19.12394,0
,99.48231,19.12355,0
,99.48147,19.12277,0
,99.48099,19.12236,0
,99.48042,19.12183,0
,99.48036,19.12179,0
,99.48011,19.12157,0
,99.47999,19.12148,0
,99.47999,19.12147,0
,99.47984,19.12137,0
,99.47939,19.12111,0
,99.47926,19.12105,0
,99.47835,19.12052,0
,99.47743,19.12004,0
,99.47724,19.11996,0
,99.47695,19.11989,0
,99.47665,19.11986,0
,99.47634,19.11988,0
,99.47577,19.11997,0
,99.47557,19.12001,0
,99.47527,19.12009,0
,99.47516,19.12013,0
,99.47487,19.1203,0
,99.47412,19.12095,0
,99.47405,19.121,0
,99.47387,19.1211,0
,99.4737,19.12118,0
,99.47352,19.12124,0
,99.47323,19.12128,0
,99.47224,19.12136,0
,99.47192,19.12139,0
,99.47158,19.12136,0
,99.47135,19.12132,0
,99.47104,19.12121,0
,99.47083,19.1211,0
,99.47073,19.12106,0
,99.47013,19.12075,0
,99.47003,19.12069,0
,99.46968,19.12052,0
,99.46948,19.1204,0
,99.46922,19.12022,0
,99.46908,19.1201,0
,99.46886,19.11986,0
,99.46853,19.11941,0
,99.46837,19.11923,0
,99.46824,19.1191,0
,99.46807,19.11898,0
,99.46782,19.11883,0
,99.46671,19.11824,0
,99.46633,19.11802,0
,99.46604,19.11781,0
,99.46573,19.11755,0
,99.46547,19.11727,0
,99.46516,19.11689,0
,99.46457,19.116,0
,99.46441,19.11578,0
,99.46423,19.11557,0
,99.46403,19.11538,0
,99.46331,19.11487,0
,99.46301,19.11471,0
,99.46105,19.11339,0
,99.46052,19.11306,0
,99.46011,19.11283,0
,99.45952,19.11265,0
,99.45937,19.11262,0
,99.45861,19.11251,0
,99.45827,19.11241,0
,99.45813,19.11235,0
,99.45788,19.1122,0
,99.45776,19.1121,0
,99.45758,19.11192,0
,99.45751,19.11183,0
,99.45739,19.11164,0
,99.4566,19.10981,0
,99.45652,19.10948,0
,99.45639,19.10907,0
,99.45628,19.10879,0
,99.4562,19.1087,0
,99.45611,19.10862,0
,99.45578,19.10849,0
,99.45549,19.10843,0
,99.45488,19.10846,0
,99.45407,19.10846,0
,99.45348,19.10843,0
,99.45321,19.10843,0
,99.45291,19.10837,0
,99.45276,19.10829,0
,99.45247,19.108,0
,99.45216,19.10765,0
,99.45196,19.10736,0
,99.45152,19.10686,0
,99.45062,19.10574,0
,99.45045,19.10551,0
,99.45034,19.10538,0
,99.45013,19.10507,0
,99.45006,19.10494,0
,99.44997,19.10459,0
,99.44993,19.10401,0
,99.44995,19.10342,0
,99.44995,19.10216,0
,99.44988,19.10186,0
,99.44982,19.1017,0
,99.44976,19.10153,0
,99.44952,19.10118,0
,99.44891,19.10047,0
,99.4485,19.09995,0
,99.44705,19.09826,0
,99.44689,19.0981,0
,99.44674,19.09799,0
,99.44642,19.09785,0
,99.4461,19.09774,0
,99.44591,19.09769,0
,99.44567,19.09766,0
,99.44486,19.0977,0
,99.44484,19.09771,0
,99.44369,19.09777,0
,99.44316,19.09776,0
,99.44274,19.09771,0
,99.44236,19.09762,0
,99.44201,19.09749,0
,99.44163,19.09728,0
,99.44127,19.09699,0
,99.44098,19.09672,0
,99.44022,19.09587,0
,99.43975,19.09548,0
,99.43952,19.09534,0
,99.43933,19.09527,0
,99.43864,19.09519,0
,99.43815,19.09516,0
,99.4369,19.09515,0
,99.43636,19.09512,0
,99.43598,19.09507,0
,99.43552,19.09496,0
,99.43454,19.09466,0
,99.43453,19.09466,0
,99.43392,19.09451,0
,99.43314,19.09429,0
,99.43306,19.09426,0
,99.43259,19.09413,0
,99.43167,19.09392,0
,99.43141,19.09389,0
,99.43117,19.0939,0
,99.43083,19.09399,0
,99.43057,19.09412,0
,99.43024,19.09438,0
,99.42986,19.09463,0
,99.42969,19.0947,0
,99.42954,19.09473,0
,99.42941,19.09472,0
,99.42925,19.09468,0
,99.42913,19.09462,0
,99.42903,19.09454,0
,99.42901,19.09453,0
,99.42882,19.09435,0
,99.42863,19.09412,0
,99.4284,19.09391,0
,99.42811,19.0937,0
,99.42788,19.09356,0
,99.4276,19.09344,0
,99.42733,19.09336,0
,99.42689,19.09332,0
,99.42593,19.09331,0
,99.42563,19.09332,0
,99.42537,19.09338,0
,99.42493,19.09356,0
,99.42469,19.09369,0
,99.42432,19.09381,0
,99.42417,19.09383,0
,99.42386,19.09377,0
,99.42376,19.09373,0
,99.42367,19.09367,0
,99.42355,19.09354,0
,99.42336,19.09323,0
,99.4232,19.093,0
,99.42302,19.09286,0
,99.42289,19.09279,0
,99.42278,19.09275,0
,99.42252,19.09271,0
,99.42207,19.09269,0
,99.42188,19.09264,0
,99.42179,19.0926,0
,99.42173,19.09256,0
,99.42161,19.09243,0
,99.42142,19.09216,0
,99.42126,19.09185,0
,99.42111,19.0917,0
,99.42089,19.09158,0
,99.4208,19.09155,0
,99.42017,19.09152,0
,99.42004,19.0915,0
,99.41988,19.09146,0
,99.41971,19.09135,0
,99.41959,19.09125,0
,99.41959,19.09124,0
,99.41914,19.09059,0
,99.41885,19.09027,0
,99.41847,19.08994,0
,99.41759,19.08942,0
,99.41732,19.08931,0
,99.41701,19.08916,0
,99.41587,19.08887,0
,99.41585,19.08886,0
,99.4154,19.08873,0
,99.41514,19.08867,0
,99.41485,19.08864,0
,99.41462,19.08866,0
,99.41427,19.08874,0
,99.41425,19.08875,0
,99.41409,19.08879,0
,99.41362,19.08896,0
,99.41332,19.08903,0
,99.41319,19.08905,0
,99.41309,19.08905,0
,99.41298,19.08903,0
,99.41283,19.08897,0
,99.4128,19.08895,0
,99.41268,19.08885,0
,99.41261,19.08875,0
,99.41257,19.08871,0
,99.41239,19.08836,0
,99.41226,19.08814,0
,99.41208,19.08794,0
,99.41192,19.0878,0
,99.4116,19.08764,0
,99.41158,19.08764,0
,99.4115,19.08761,0
,99.41087,19.08745,0
,99.41086,19.08745,0
,99.41085,19.08744,0
,99.41069,19.08739,0
,99.41067,19.08739,0
,99.41052,19.08734,0
,99.41051,19.08733,0
,99.4102,19.08718,0
,99.40987,19.08697,0
,99.40959,19.08671,0
,99.40914,19.08634,0
,99.40843,19.08565,0
,99.40812,19.08543,0
,99.40785,19.08529,0
,99.4074,19.08511,0
,99.4072,19.08505,0
,99.40571,19.08486,0
,99.40555,19.08485,0
,99.40528,19.08478,0
,99.40526,19.08478,0
,99.40505,19.0847,0
,99.40467,19.08442,0
,99.40429,19.08422,0
,99.40415,19.08419,0
,99.40402,19.08418,0
,99.4038,19.0842,0
,99.40337,19.08427,0
,99.40318,19.08429,0
,99.40299,19.08428,0
,99.4029,19.08426,0
,99.40269,19.08419,0
,99.40229,19.08402,0
,99.40206,19.08389,0
,99.402,19.08384,0
,99.40177,19.08372,0
,99.40154,19.08356,0
,99.40129,19.08331,0
,99.40121,19.08319,0
,99.4011,19.08305,0
,99.40088,19.08287,0
,99.40063,19.08273,0
,99.40038,19.08262,0
,99.40006,19.08252,0
,99.39979,19.0824,0
,99.39961,19.08227,0
,99.39958,19.08226,0
,99.39947,19.08213,0
,99.39937,19.08191,0
,99.39933,19.08178,0
,99.39932,19.08168,0
,99.39935,19.0815,0
,99.39946,19.08127,0
,99.39968,19.08101,0
,99.39994,19.08074,0
,99.40005,19.0806,0
,99.40011,19.08054,0
,99.40016,19.08045,0
,99.4002,19.08036,0
,99.40033,19.07994,0
,99.40035,19.07981,0
,99.40033,19.07937,0
,99.40023,19.07911,0
,99.39993,19.07873,0
,99.39982,19.07865,0
,99.39968,19.07849,0
,99.39939,19.07827,0
,99.39911,19.07812,0
,99.39886,19.07804,0
,99.39833,19.07797,0
,99.39774,19.07808,0
,99.39726,19.0782,0
,99.39663,19.07832,0
,99.39622,19.07838,0
,99.39608,19.07836,0
,99.39587,19.0783,0
,99.39571,19.07821,0
,99.39558,19.07808,0
,99.39546,19.07793,0
,99.39537,19.07779,0
,99.39537,19.07778,0
,99.39512,19.07714,0
,99.39499,19.07692,0
,99.3947,19.0765,0
,99.39448,19.07621,0
,99.39402,19.07569,0
,99.39377,19.07549,0
,99.39355,19.07529,0
,99.39274,19.0747,0
,99.39252,19.07452,0
,99.39245,19.07448,0
,99.39237,19.07441,0
,99.39178,19.07396,0
,99.39145,19.07373,0
,99.39112,19.07345,0
,99.39084,19.07326,0
,99.38967,19.07257,0
,99.38925,19.0723,0
,99.38921,19.07226,0
,99.38908,19.07216,0
,99.38906,19.07215,0
,99.38784,19.07117,0
,99.38734,19.07083,0
,99.38704,19.07057,0
,99.38679,19.07031,0
,99.38667,19.07013,0
,99.38636,19.06954,0
,99.38614,19.06926,0
,99.38584,19.06897,0
,99.38556,19.0688,0
,99.38531,19.06872,0
,99.3853,19.06871,0
,99.38433,19.06854,0
,99.38402,19.06842,0
,99.38384,19.06833,0
,99.38367,19.06824,0
,99.38336,19.06795,0
,99.38296,19.06765,0
,99.38257,19.06742,0
,99.38113,19.0667,0
,99.38054,19.06657,0
,99.37888,19.06655,0
,99.37811,19.06658,0
,99.37713,19.06678,0
,99.3768,19.06678,0
,99.37641,19.0667,0
,99.37585,19.06647,0
,99.37558,19.06633,0
,99.37534,19.06616,0
,99.37485,19.0657,0
,99.3748,19.06567,0
,99.37462,19.06549,0
,99.37434,19.06528,0
,99.37394,19.06506,0
,99.37377,19.06498,0
,99.3729,19.06465,0
,99.37262,19.06453,0
,99.37241,19.0644,0
,99.3724,19.0644,0
,99.37224,19.06428,0
,99.37219,19.06425,0
,99.37192,19.06397,0
,99.3715,19.06358,0
,99.37123,19.0634,0
,99.3711,19.06334,0
,99.37086,19.06322,0
,99.36989,19.06282,0
,99.36914,19.06254,0
,99.36825,19.06245,0
,99.36807,19.06241,0
,99.36783,19.06233,0
,99.36754,19.0622,0
,99.36727,19.06201,0
,99.36675,19.0617,0
,99.36644,19.06147,0
,99.3664,19.06145,0
,99.36617,19.06125,0
,99.366,19.06107,0
,99.36592,19.06096,0
,99.36556,19.06055,0
,99.36512,19.06019,0
,99.36413,19.05945,0
,99.36373,19.05924,0
,99.36336,19.05919,0
,99.36313,19.05921,0
,99.36279,19.05922,0
,99.36265,19.0592,0
,99.36259,19.0592,0
,99.36239,19.05913,0
,99.36167,19.05868,0
,99.36126,19.05853,0
,99.36055,19.05831,0
,99.36015,19.05813,0
,99.35992,19.05797,0
,99.3599,19.05795,0
,99.35989,19.05795,0
,99.35872,19.05717,0
,99.35864,19.05713,0
,99.3578,19.05674,0
,99.35729,19.05658,0
,99.35643,19.05642,0
,99.35567,19.05632,0
,99.35536,19.05623,0
,99.35509,19.0561,0
,99.35495,19.05599,0
,99.35478,19.05578,0
,99.3547,19.05557,0
,99.35465,19.05537,0
,99.3546,19.0546,0
,99.35458,19.05382,0
,99.35455,19.05362,0
,99.35451,19.05344,0
,99.35442,19.05322,0
,99.35434,19.05309,0
,99.35422,19.05296,0
,99.354,19.05279,0
,99.35386,19.0527,0
,99.35363,19.0526,0
,99.35334,19.05254,0
,99.35289,19.05249,0
,99.35238,19.05247,0
,99.35199,19.05243,0
,99.35126,19.05223,0
,99.35107,19.05216,0
,99.35056,19.05192,0
,99.35036,19.05179,0
,99.35014,19.0516,0
,99.35008,19.05152,0
,99.35004,19.05142,0
,99.34998,19.05106,0
,99.34994,19.05066,0
,99.34984,19.05031,0
,99.34963,19.04986,0
,99.34944,19.04957,0
,99.34921,19.04929,0
,99.34908,19.04919,0
,99.34895,19.04911,0
,99.34875,19.04903,0
,99.34833,19.04883,0
,99.34815,19.04872,0
,99.3479,19.04854,0
,99.34763,19.04831,0
,99.34728,19.04815,0
,99.34702,19.04806,0
,99.34636,19.04789,0
,99.34598,19.04777,0
,99.3456,19.04759,0
,99.34302,19.04585,0
,99.3413,19.04446,0
,99.34074,19.04396,0
,99.34037,19.04358,0
,99.34023,19.04341,0
,99.34011,19.04328,0
,99.34011,19.04327,0
,99.33968,19.04281,0
,99.33934,19.04251,0
,99.33904,19.0423,0
,99.33901,19.04229,0
,99.33743,19.04128,0
,99.33739,19.04126,0
,99.3373,19.0412,0
,99.33727,19.04119,0
,99.33623,19.04054,0
,99.33555,19.04015,0
,99.3346,19.03967,0
,99.33327,19.03916,0
,99.33268,19.03903,0
,99.33262,19.03901,0
,99.33212,19.03889,0
,99.33063,19.0386,0
,99.33039,19.03858,0
,99.3302,19.03855,0
,99.32931,19.03849,0
,99.32925,19.03848,0
,99.32898,19.03847,0
,99.32869,19.03841,0
,99.32867,19.03841,0
,99.32831,19.03828,0
,99.32802,19.03809,0
,99.32769,19.03793,0
,99.32665,19.0373,0
,99.32615,19.03702,0
,99.32534,19.03649,0
,99.32506,19.03622,0
,99.32482,19.03589,0
,99.32449,19.0353,0
,99.3242,19.03483,0
,99.32386,19.03433,0
,99.32354,19.03373,0
,99.32291,19.03277,0
,99.32228,19.03183,0
,99.32149,19.03043,0
,99.32017,19.02822,0
,99.31982,19.02769,0
,99.31946,19.02725,0
,99.31945,19.02722,0
,99.31942,19.0272,0
,99.31906,19.02687,0
,99.31891,19.02676,0
,99.31858,19.02648,0
,99.31816,19.02621,0
,99.31752,19.02588,0
,99.31697,19.02564,0
,99.3163,19.0253,0
,99.31532,19.02484,0
,99.31462,19.02446,0
,99.3116,19.02235,0
,99.31124,19.02212,0
,99.30965,19.021,0
,99.30904,19.0205,0
,99.30902,19.02049,0
,99.30873,19.02008,0
,99.30831,19.01923,0
,99.3081,19.01888,0
,99.30782,19.01859,0
,99.30744,19.01832,0
,99.30728,19.01822,0
,99.30647,19.0178,0
,99.30595,19.01747,0
,99.30564,19.01723,0
,99.30541,19.01707,0
,99.30423,19.01607,0
,99.3041,19.01601,0
,99.30387,19.01593,0
,99.30365,19.01589,0
,99.30342,19.01587,0
,99.30319,19.01588,0
,99.30289,19.01593,0
,99.30231,19.01614,0
,99.30221,19.01616,0
,99.3021,19.01617,0
,99.30192,19.01616,0
,99.30165,19.01612,0
,99.30148,19.01608,0
,99.30124,19.01598,0
,99.30115,19.01593,0
,99.30108,19.01587,0
,99.30014,19.01524,0
,99.29781,19.0136,0
,99.29616,19.01229,0
,99.29569,19.01183,0
,99.29494,19.01118,0
,99.29456,19.01088,0
,99.29373,19.01034,0
,99.29372,19.01033,0
,99.29307,19.00992,0
,99.29251,19.00949,0
,99.2923,19.00928,0
,99.28983,19.00645,0
,99.2898,19.0064,0
,99.2891,19.00557,0
,99.28883,19.00519,0
,99.28866,19.00464,0
,99.28864,19.0044,0
,99.28865,19.00416,0
,99.28892,19.00303,0
,99.28894,19.00279,0
,99.28894,19.00259,0
,99.28891,19.00237,0
,99.28883,19.00208,0
,99.28876,19.0019,0
,99.28864,19.0017,0
,99.28859,19.0016,0
,99.28847,19.00146,0
,99.28716,19.00009,0
,99.28716,19.00008,0
,99.28666,18.99965,0
,99.28638,18.99946,0
,99.28596,18.99921,0
,99.28563,18.99907,0
,99.28444,18.99855,0
,99.28441,18.99853,0
,99.28399,18.99834,0
,99.28077,18.99634,0
,99.28067,18.99626,0
,99.27996,18.99578,0
,99.27972,18.99567,0
,99.27969,18.99565,0
,99.27938,18.99551,0
,99.27937,18.99551,0
,99.27866,18.99528,0
,99.27863,18.99528,0
,99.2783,18.99516,0
,99.2781,18.99504,0
,99.27791,18.99491,0
,99.27772,18.99471,0
,99.27759,18.99455,0
,99.27753,18.9944,0
,99.27752,18.99439,0
,99.2774,18.99399,0
,99.27738,18.99387,0
,99.27737,18.99369,0
,99.27738,18.99348,0
,99.2774,18.99334,0
,99.27754,18.99271,0
,99.27755,18.99258,0
,99.27753,18.9924,0
,99.2775,18.99226,0
,99.27739,18.99196,0
,99.27734,18.99185,0
,99.27727,18.99165,0
,99.27725,18.99163,0
,99.27721,18.99155,0
,99.27701,18.99133,0
,99.27672,18.99113,0
,99.27645,18.99099,0
,99.27621,18.99089,0
,99.27555,18.99074,0
,99.27487,18.99063,0
,99.27395,18.99052,0
,99.27338,18.99041,0
,99.27256,18.9903,0
,99.27217,18.99023,0
,99.27187,18.99016,0
,99.27139,18.98996,0
,99.27114,18.98979,0
,99.27102,18.98966,0
,99.27079,18.98936,0
,99.27025,18.98854,0
,99.27,18.98825,0
,99.26952,18.98781,0
,99.26929,18.98765,0
,99.26888,18.98741,0
,99.2677,18.98666,0
,99.26704,18.98621,0
,99.26634,18.98569,0
,99.26601,18.98541,0
,99.26557,18.98507,0
,99.26482,18.9844,0
,99.26436,18.98403,0
,99.26434,18.98402,0
,99.26365,18.98336,0
,99.26342,18.98316,0
,99.26286,18.98261,0
,99.26248,18.98221,0
,99.26239,18.98213,0
,99.26158,18.98128,0
,99.261,18.98074,0
,99.26073,18.98053,0
,99.26035,18.98027,0
,99.25915,18.97956,0
,99.2562,18.97773,0
,99.25587,18.97749,0
,99.25563,18.97724,0
,99.25552,18.97706,0
,99.25552,18.97705,0
,99.25546,18.97695,0
,99.25544,18.97689,0
,99.25539,18.97678,0
,99.25533,18.97654,0
,99.25531,18.97636,0
,99.25532,18.97606,0
,99.25535,18.97587,0
,99.25539,18.97537,0
,99.25537,18.97517,0
,99.25529,18.9749,0
,99.25524,18.97477,0
,99.25524,18.97475,0
,99.25517,18.9746,0
,99.25516,18.9746,0
,99.25507,18.97444,0
,99.25481,18.97416,0
,99.25438,18.97383,0
,99.25433,18.9738,0
,99.25423,18.97372,0
,99.25418,18.97369,0
,99.25381,18.97343,0
,99.25351,18.97324,0
,99.25318,18.97306,0
,99.25261,18.97278,0
,99.25255,18.97276,0
,99.25204,18.97252,0
,99.25091,18.97193,0
,99.25,18.97151,0
,99.24938,18.97127,0
,99.24935,18.97127,0
,99.24931,18.97125,0
,99.24917,18.9712,0
,99.24897,18.9711,0
,99.24887,18.97104,0
,99.24886,18.97104,0
,99.24873,18.97095,0
,99.24871,18.97094,0
,99.24781,18.97027,0
,99.24755,18.9701,0
,99.24473,18.96841,0
,99.24421,18.96813,0
,99.2434,18.96764,0
,99.2428,18.96727,0
,99.24277,18.96726,0
,99.24212,18.96688,0
,99.24211,18.96687,0
,99.24168,18.96663,0
,99.24136,18.96642,0
,99.24041,18.96591,0
,99.2397,18.96561,0
,99.23922,18.96544,0
,99.23902,18.96535,0
,99.23888,18.9653,0
,99.23853,18.96513,0
,99.2383,18.96499,0
,99.23806,18.96479,0
,99.2379,18.96463,0
,99.2377,18.96439,0
,99.23717,18.96352,0
,99.23679,18.96284,0
,99.23621,18.96192,0
,99.23617,18.96187,0
,99.2359,18.96162,0
,99.23572,18.96148,0
,99.23519,18.96114,0
,99.23496,18.96096,0
,99.23474,18.96073,0
,99.23462,18.96056,0
,99.23442,18.96017,0
,99.23437,18.95997,0
,99.23432,18.95968,0
,99.2343,18.9594,0
,99.2343,18.95908,0
,99.23434,18.95859,0
,99.23441,18.95827,0
,99.2349,18.95698,0
,99.23499,18.95657,0
,99.23498,18.95607,0
,99.23492,18.95573,0
,99.23484,18.95542,0
,99.2346,18.9549,0
,99.23434,18.95452,0
,99.23397,18.95418,0
,99.23394,18.95416,0
,99.23343,18.9537,0
,99.23338,18.95368,0
,99.23245,18.95319,0
,99.23195,18.95286,0
,99.23182,18.95273,0
,99.23179,18.95271,0
,99.23172,18.95264,0
,99.23151,18.95232,0
,99.23141,18.95213,0
,99.23135,18.95199,0
,99.23129,18.9518,0
,99.23129,18.95175,0
,99.23126,18.95157,0
,99.23126,18.95125,0
,99.2313,18.95099,0
,99.23134,18.95086,0
,99.23134,18.95083,0
,99.23142,18.95066,0
,99.23154,18.95036,0
,99.23235,18.94857,0
,99.23245,18.94839,0
,99.23273,18.94795,0
,99.23346,18.94712,0
,99.23396,18.94651,0
,99.23413,18.94628,0
,99.23428,18.94599,0
,99.23432,18.94589,0
,99.23437,18.94565,0
,99.23439,18.94534,0
,99.23436,18.94493,0
,99.23436,18.94476,0
,99.23438,18.94462,0
,99.23445,18.9444,0
,99.23452,18.94425,0
,99.23474,18.94402,0
,99.23492,18.94389,0
,99.23494,18.94387,0
,99.23507,18.9438,0
,99.23508,18.94379,0
,99.23525,18.94371,0
,99.2353,18.94368,0
,99.23634,18.94318,0
,99.23646,18.94311,0
,99.23655,18.94304,0
,99.23663,18.94295,0
,99.23679,18.94272,0
,99.23684,18.94266,0
,99.23685,18.94262,0
,99.23687,18.94258,0
,99.23687,18.94256,0
,99.23689,18.94246,0
,99.23689,18.94238,0
,99.23687,18.94218,0
,99.23673,18.94131,0
,99.23671,18.9412,0
,99.23672,18.94065,0
,99.23673,18.9406,0
,99.23674,18.94048,0
,99.23679,18.94026,0
,99.23679,18.94024,0
,99.23683,18.94008,0
,99.23684,18.94007,0
,99.23689,18.93993,0
,99.23793,18.93797,0
,99.23813,18.93743,0
,99.23845,18.93509,0
,99.23853,18.934,0
,99.23855,18.93348,0
,99.23852,18.93327,0
,99.23841,18.93279,0
,99.23817,18.93227,0
,99.23805,18.93207,0
,99.23751,18.93134,0
,99.23728,18.93095,0
,99.23718,18.93073,0
,99.23712,18.93039,0
,99.23718,18.92992,0
,99.23724,18.92968,0
,99.23744,18.92917,0
,99.23791,18.9282,0
,99.2385,18.92709,0
,99.23888,18.92643,0
,99.2391,18.92597,0
,99.2397,18.92476,0
,99.24021,18.92365,0
,99.24035,18.92308,0
,99.24036,18.92292,0
,99.24033,18.92249,0
,99.24031,18.92238,0
,99.24021,18.92215,0
,99.24012,18.92199,0
,99.23977,18.92154,0
,99.23739,18.91966,0
,99.23729,18.91956,0
,99.2356,18.9182,0
,99.23552,18.91812,0
,99.2356,18.91803,0
,99.23561,18.91768,0
,99.23565,18.91748,0
,99.2357,18.91713,0
,99.23574,18.91695,0
,99.23583,18.91641,0
,99.23591,18.91577,0
,99.23609,18.9147,0
,99.23613,18.91453,0
,99.23615,18.9145,0
,99.23621,18.91436,0
,99.23631,18.91418,0
,99.23655,18.91381,0
,99.23706,18.91312,0
,99.23709,18.91306,0
,99.23713,18.91295,0
,99.23715,18.91285,0
,99.23715,18.91275,0
,99.23708,18.91219,0
,99.23706,18.91174,0
,99.23707,18.91124,0
,99.23709,18.91116,0
,99.23716,18.91097,0
,99.23721,18.91086,0
,99.23722,18.91086,0
,99.23727,18.91077,0
,99.2373,18.91073,0
,99.23746,18.91056,0
,99.23748,18.91053,0
,99.23773,18.91027,0
,99.23865,18.90945,0
,99.23878,18.90938,0
,99.23892,18.90933,0
,99.23898,18.9093,0
,99.23955,18.90917,0
,99.23962,18.9091,0
,99.23965,18.90904,0
,99.23966,18.90892,0
,99.24047,18.90848,0
,99.24075,18.90835,0
,99.24081,18.90833,0
,99.24137,18.90822,0
,99.24243,18.90798,0
,99.24263,18.90796,0
,99.24265,18.90795,0
,99.2428,18.90795,0
,99.24341,18.90807,0
,99.24378,18.90816,0
,99.24435,18.90825,0
,99.24482,18.90829,0
,99.24563,18.90841,0
,99.24606,18.90852,0
,99.24667,18.90864,0
,99.24737,18.90873,0
,99.24849,18.90874,0
,99.24872,18.90872,0
,99.24971,18.90868,0
,99.24994,18.90864,0
,99.25007,18.9086,0
,99.25032,18.90849,0
,99.25047,18.90839,0
,99.25083,18.9082,0
,99.25101,18.90804,0
,99.25136,18.90766,0
,99.25144,18.90753,0
,99.25153,18.90741,0
,99.25166,18.90703,0
,99.25169,18.9069,0
,99.25169,18.90679,0
,99.25162,18.9066,0
,99.25153,18.90646,0
,99.25149,18.90634,0
,99.25148,18.90625,0
,99.25149,18.9062,0
,99.25153,18.90614,0
,99.25159,18.90607,0
,99.25198,18.90578,0
,99.2524,18.90551,0
,99.25244,18.90547,0
,99.25246,18.90546,0
,99.25259,18.90533,0
,99.2527,18.9052,0
,99.25321,18.90467,0
,99.25329,18.90452,0
,99.25332,18.90442,0
,99.25337,18.90418,0
,99.25343,18.90403,0
,99.25348,18.90397,0
,99.25351,18.90397,0
,99.25357,18.90396,0
,99.25359,18.90397,0
,99.25372,18.904,0
,99.25377,18.90399,0
,99.2538,18.90399,0
,99.2539,18.90396,0
,99.25405,18.90387,0
,99.25431,18.90368,0
,99.25468,18.90337,0
,99.25483,18.90318,0
,99.25539,18.90238,0
,99.25552,18.90222,0
,99.25558,18.90216,0
,99.25558,18.90215,0
,99.25599,18.90186,0
,99.25695,18.90125,0
,99.25733,18.90096,0
,99.25735,18.90095,0
,99.25747,18.90083,0
,99.25789,18.90047,0
,99.25831,18.90006,0
,99.25856,18.89978,0
,99.25857,18.89975,0
,99.25875,18.89951,0
,99.25899,18.89906,0
,99.25927,18.89846,0
,99.25939,18.89824,0
,99.25956,18.89787,0
,99.2599,18.89722,0
,99.25992,18.89717,0
,99.26003,18.89706,0
,99.26036,18.89696,0
,99.26051,18.89685,0
,99.26055,18.89683,0
,99.26061,18.89681,0
,99.26066,18.89681,0
,99.26078,18.89685,0
,99.26091,18.89693,0
,99.26105,18.89699,0
,99.2611,18.897,0
,99.26113,18.897,0
,99.26118,18.89699,0
,99.26126,18.89693,0
,99.2613,18.89689,0
,99.26134,18.89682,0
,99.26146,18.89661,0
,99.2615,18.89651,0
,99.26151,18.8965,0
,99.26169,18.89585,0
,99.26203,18.89445,0
,99.26203,18.89442,0
,99.26219,18.89404,0
,99.2623,18.89383,0
,99.26234,18.89373,0
,99.26238,18.89359,0
,99.26253,18.89269,0
,99.26254,18.89257,0
,99.26259,18.89236,0
,99.2628,18.89108,0
,99.26292,18.89054,0
,99.26304,18.89002,0
,99.26305,18.89001,0
,99.26308,18.88985,0
,99.26309,18.88974,0
,99.26309,18.88964,0
,99.26305,18.88949,0
,99.26304,18.88919,0
,99.26307,18.8891,0
,99.26315,18.88896,0
,99.26343,18.88853,0
,99.26349,18.88838,0
,99.26359,18.88786,0
,99.26364,18.88771,0
,99.26381,18.88736,0
,99.26399,18.8868,0
,99.26428,18.88623,0
,99.26437,18.88608,0
,99.26481,18.88543,0
,99.26488,18.88528,0
,99.26495,18.88503,0
,99.26507,18.88448,0
,99.26521,18.88406,0
,99.26522,18.88401,0
,99.26523,18.884,0
,99.26551,18.88332,0
,99.26577,18.88257,0
,99.26581,18.88242,0
,99.26583,18.8823,0
,99.26582,18.8822,0
,99.26559,18.88169,0
,99.26552,18.88124,0
,99.26551,18.88093,0
,99.26552,18.88057,0
,99.26554,18.88033,0
,99.26554,18.87988,0
,99.26551,18.87961,0
,99.2654,18.87934,0
,99.26512,18.87883,0
,99.26506,18.87874,0
,99.26495,18.8786,0
,99.26403,18.87767,0
,99.26387,18.87744,0
,99.26386,18.87743,0
,99.26382,18.87736,0
,99.26366,18.87694,0
,99.26364,18.87685,0
,99.26364,18.87679,0
,99.26363,18.87676,0
,99.26362,18.87659,0
,99.26363,18.87652,0
,99.26367,18.87641,0
,99.26367,18.8764,0
,99.26378,18.8763,0
,99.26385,18.87627,0
,99.26393,18.87627,0
,99.26411,18.87629,0
,99.26427,18.87633,0
,99.26435,18.87636,0
,99.26453,18.87639,0
,99.26467,18.87639,0
,99.26476,18.87636,0
,99.26489,18.8763,0
,99.26501,18.87623,0
,99.26531,18.87601,0
,99.26544,18.87589,0
,99.26547,18.87584,0
,99.2655,18.87576,0
,99.2655,18.87569,0
,99.26543,18.87554,0
,99.26539,18.87546,0
,99.26536,18.8753,0
,99.26537,18.8752,0
,99.2654,18.87511,0
,99.26559,18.87476,0
,99.26562,18.87472,0
,99.26587,18.87421,0
,99.26602,18.87384,0
,99.26608,18.87363,0
,99.26611,18.87348,0
,99.26607,18.87257,0
,99.26604,18.8723,0
,99.26604,18.87212,0
,99.26606,18.87181,0
,99.26622,18.87142,0
,99.26656,18.87084,0
,99.26664,18.87072,0
,99.26676,18.87057,0
,99.267,18.87038,0
,99.26724,18.87023,0
,99.26724,18.87022,0
,99.26751,18.87007,0
,99.26753,18.87007,0
,99.26759,18.87003,0
,99.26804,18.86979,0
,99.26832,18.86962,0
,99.26833,18.86962,0
,99.26879,18.86926,0
,99.26914,18.86891,0
,99.26951,18.86858,0
,99.26958,18.8685,0
,99.2696,18.86849,0
,99.27004,18.86804,0
,99.27015,18.86791,0
,99.27029,18.86768,0
,99.27032,18.8676,0
,99.27049,18.86726,0
,99.27091,18.86667,0
,99.27094,18.86665,0
,99.27097,18.86661,0
,99.27144,18.86621,0
,99.27193,18.86573,0
,99.27239,18.86533,0
,99.27294,18.86495,0
,99.27323,18.86462,0
,99.27335,18.86442,0
,99.27361,18.86416,0
,99.27365,18.86411,0
,99.2737,18.86403,0
,99.274,18.86335,0
,99.27417,18.86308,0
,99.27428,18.86293,0
,99.27449,18.86269,0
,99.27512,18.86205,0
,99.27519,18.86196,0
,99.27554,18.8614,0
,99.27569,18.8611,0
,99.27572,18.86098,0
,99.27571,18.86072,0
,99.27568,18.86045,0
,99.27566,18.86036,0
,99.27563,18.86028,0
,99.27559,18.86021,0
,99.27549,18.85998,0
,99.27545,18.85985,0
,99.27544,18.85978,0
,99.27543,18.85977,0
,99.27543,18.85976,0
,99.27542,18.85976,0
,99.27494,18.85965,0
,99.27478,18.85957,0
,99.27466,18.85949,0
,99.27353,18.85856,0
,99.27353,18.8585,0
,99.27354,18.85846,0
,99.27354,18.85841,0
,99.27377,18.85689,0
,99.2738,18.85641,0
,99.27375,18.85619,0
,99.27374,18.85617,0
,99.27367,18.85546,0
,99.2737,18.85478,0
,99.27369,18.85475,0
,99.27368,18.85465,0
,99.27359,18.85435,0
,99.27356,18.85429,0
,99.27307,18.85348,0
,99.2726,18.8528,0
,99.2719,18.85216,0
,99.2712,18.85159,0
,99.27114,18.85155,0
,99.27045,18.85094,0
,99.27016,18.8506,0
,99.27003,18.85042,0
,99.26981,18.85004,0
,99.26938,18.84918,0
,99.26925,18.84901,0
,99.27046,18.84838,0
,99.27048,18.84838,0
,99.27075,18.84826,0
,99.27081,18.84822,0
,99.27089,18.84814,0
,99.27094,18.84807,0
,99.27108,18.84764,0
,99.27114,18.84751,0
,99.27121,18.84743,0
,99.27127,18.84738,0
,99.27142,18.84728,0
,99.27214,18.84695,0
,99.27222,18.84693,0
,99.27274,18.84687,0
,99.27285,18.84682,0
,99.27297,18.84675,0
,99.27326,18.84648,0
,99.274,18.84569,0
,99.27467,18.84493,0
,99.27482,18.84482,0
,99.27503,18.84469,0
,99.27592,18.84426,0
,99.27634,18.84411,0
,99.27643,18.84409,0
,99.27665,18.84407,0
,99.27673,18.84408,0
,99.2768,18.84408,0
,99.27684,18.84409,0
,99.27701,18.84417,0
,99.27715,18.84423,0
,99.27764,18.84439,0
,99.27789,18.84444,0
,99.27863,18.84452,0
,99.27881,18.84452,0
,99.27889,18.84451,0
,99.27893,18.8445,0
,99.27901,18.84446,0
,99.27904,18.84445,0
,99.27918,18.8443,0
,99.27928,18.84418,0
,99.2798,18.84348,0
,99.27987,18.84335,0
,99.27991,18.84323,0
,99.28004,18.84195,0
,99.28004,18.84187,0
,99.2801,18.84164,0
,99.28019,18.84141,0
,99.28106,18.83945,0
,99.28135,18.83879,0
,99.2816,18.8381,0
,99.28184,18.83753,0
,99.28242,18.83634,0
,99.28296,18.83535,0
,99.28318,18.835,0
,99.28382,18.83415,0
,99.2841,18.83382,0
,99.28432,18.8336,0
,99.28469,18.83319,0
,99.28482,18.83303,0
,99.28488,18.83297,0
,99.28522,18.83245,0
,99.28556,18.8317,0
,99.28566,18.83151,0
,99.28581,18.8313,0
,99.28606,18.83104,0
,99.28641,18.83072,0
,99.28642,18.83072,0
,99.28669,18.83045,0
,99.28701,18.83006,0
,99.28712,18.82986,0
,99.28731,18.82944,0
,99.28749,18.82889,0
,99.28792,18.82716,0
,99.28813,18.82643,0
,99.28858,18.82518,0
,99.28879,18.8247,0
,99.28893,18.82443,0
,99.289,18.82432,0
,99.28907,18.82425,0
,99.28914,18.8242,0
,99.28914,18.82419,0
,99.28923,18.82415,0
,99.28948,18.82407,0
,99.28949,18.82406,0
,99.29005,18.82395,0
,99.29006,18.82394,0
,99.29023,18.82391,0
,99.29042,18.82389,0
,99.29042,18.82388,0
,99.2907,18.82386,0
,99.29099,18.82389,0
,99.29116,18.82396,0
,99.29149,18.82415,0
,99.29155,18.82419,0
,99.29177,18.82438,0
,99.29202,18.82466,0
,99.29223,18.82496,0
,99.29237,18.82542,0
,99.2925,18.82563,0
,99.29262,18.82576,0
,99.29263,18.82576,0
,99.29268,18.82581,0
,99.29292,18.82598,0
,99.29293,18.82598,0
,99.29303,18.82603,0
,99.29319,18.82607,0
,99.29328,18.82608,0
,99.29339,18.82608,0
,99.29357,18.82604,0
,99.29366,18.82601,0
,99.29397,18.8259,0
,99.294,18.82588,0
,99.29418,18.82581,0
,99.29418,18.8258,0
,99.2943,18.82575,0
,99.2944,18.82568,0
,99.29449,18.8256,0
,99.29458,18.82549,0
,99.29475,18.82517,0
,99.29479,18.82515,0
,99.29479,18.82514,0
,99.29484,18.8251,0
,99.29552,18.82467,0
,99.29556,18.82463,0
,99.29557,18.82463,0
,99.29569,18.8245,0
,99.29569,18.82449,0
,99.29577,18.8244,0
,99.29582,18.82436,0
,99.29588,18.82433,0
,99.29594,18.82431,0
,99.29599,18.82431,0
,99.29611,18.82433,0
,99.29631,18.82438,0
,99.29684,18.82458,0
,99.29689,18.82459,0
,99.29692,18.82459,0
,99.29699,18.82461,0
,99.29706,18.82461,0
,99.29715,18.8246,0
,99.29727,18.82456,0
,99.29743,18.82448,0
,99.29774,18.82427,0
,99.29775,18.82427,0
,99.29789,18.82416,0
,99.2979,18.82416,0
,99.29809,18.82403,0
,99.29822,18.82398,0
,99.29832,18.82397,0
,99.29838,18.82398,0
,99.29851,18.82402,0
,99.29875,18.82412,0
,99.29882,18.82412,0
,99.2989,18.8241,0
,99.29896,18.82407,0
,99.29902,18.82402,0
,99.2993,18.82372,0
,99.29946,18.82351,0
,99.29953,18.8234,0
,99.29956,18.82331,0
,99.29972,18.82248,0
,99.29974,18.82229,0
,99.29977,18.82213,0
,99.29982,18.82197,0
,99.29997,18.82164,0
,99.29997,18.82163,0
,99.3001,18.82146,0
,99.30022,18.82137,0
,99.30026,18.82133,0
,99.30048,18.82121,0
,99.3008,18.82105,0
,99.301,18.8209,0
,99.301,18.82089,0
,99.30113,18.82074,0
,99.3013,18.8205,0
,99.30167,18.8198,0
,99.30185,18.81944,0
,99.30191,18.81934,0
,99.30209,18.81911,0
,99.3022,18.819,0
,99.30223,18.81896,0
,99.30227,18.81893,0
,99.30231,18.81891,0
,99.30252,18.81884,0
,99.30272,18.81879,0
,99.30289,18.81875,0
,99.30289,18.81874,0
,99.30311,18.81868,0
,99.30377,18.81841,0
,99.30379,18.81841,0
,99.30409,18.81831,0
,99.30413,18.81829,0
,99.30425,18.81821,0
,99.30431,18.81815,0
,99.30444,18.81799,0
,99.30449,18.81788,0
,99.30452,18.81778,0
,99.30455,18.81771,0
,99.30458,18.81751,0
,99.30459,18.81738,0
,99.30474,18.81694,0
,99.30476,18.81682,0
,99.30477,18.81669,0
,99.30472,18.81642,0
,99.30471,18.81624,0
,99.30469,18.81608,0
,99.30471,18.81558,0
,99.30472,18.81553,0
,99.30471,18.8154,0
,99.30469,18.8153,0
,99.30469,18.81526,0
,99.3046,18.81499,0
,99.30457,18.81478,0
,99.3046,18.81427,0
,99.30456,18.81417,0
,99.30453,18.81407,0
,99.30447,18.81399,0
,99.30442,18.81395,0
,99.30424,18.81384,0
,99.30417,18.8138,0
,99.30404,18.81363,0
,99.30401,18.81357,0
,99.304,18.81357,0
,99.30394,18.81349,0
,99.3039,18.81347,0
,99.3038,18.81345,0
,99.30375,18.81345,0
,99.30365,18.81347,0
,99.30353,18.81351,0
,99.30349,18.81351,0
,99.30338,18.81353,0
,99.30321,18.81352,0
,99.30308,18.81348,0
,99.30272,18.81326,0
,99.30257,18.81319,0
,99.30145,18.81285,0
,99.3012,18.81277,0
,99.30119,18.81276,0
,99.30113,18.81272,0
,99.3011,18.81271,0
,99.30102,18.81266,0
,99.30101,18.81266,0
,99.30084,18.81235,0
,99.30078,18.81228,0
,99.30075,18.81223,0
,99.30064,18.81215,0
,99.30056,18.81212,0
,99.3005,18.81212,0
,99.30039,18.81214,0
,99.30026,18.81221,0
,99.29999,18.81238,0
,99.29991,18.81241,0
,99.29988,18.81241,0
,99.29987,18.81242,0
,99.29982,18.81242,0
,99.29968,18.81239,0
,99.29961,18.81235,0
,99.29956,18.8123,0
,99.29953,18.81225,0
,99.29952,18.8122,0
,99.29952,18.81211,0
,99.29956,18.81199,0
,99.29961,18.81188,0
,99.29963,18.81186,0
,99.29972,18.8117,0
,99.29977,18.81158,0
,99.29978,18.81153,0
,99.29982,18.81143,0
,99.29984,18.81129,0
,99.29983,18.81127,0
,99.29982,18.81118,0
,99.29979,18.8111,0
,99.29978,18.81105,0
,99.29966,18.81076,0
,99.2996,18.81052,0
,99.2996,18.81049,0
,99.29964,18.8102,0
,99.29972,18.80993,0
,99.29988,18.80964,0
,99.29997,18.80951,0
,99.30012,18.80936,0
,99.30026,18.80927,0
,99.30036,18.80923,0
,99.30044,18.80925,0
,99.30046,18.80925,0
,99.30049,18.80927,0
,99.3006,18.80937,0
,99.30114,18.80999,0
,99.30123,18.81008,0
,99.30133,18.81011,0
,99.30137,18.81011,0
,99.30142,18.81008,0
,99.30144,18.81006,0
,99.30146,18.80998,0
,99.30146,18.80991,0
,99.30144,18.80987,0
,99.30144,18.80986,0
,99.30136,18.80973,0
,99.30131,18.8096,0
,99.30129,18.80949,0
,99.3013,18.80944,0
,99.30132,18.80938,0
,99.30136,18.80934,0
,99.30142,18.8093,0
,99.30148,18.80927,0
,99.30162,18.80918,0
,99.30173,18.80913,0
,99.30174,18.80912,0
,99.30182,18.80909,0
,99.302,18.80905,0
,99.30222,18.80902,0
,99.30228,18.80899,0
,99.30229,18.80899,0
,99.30234,18.80894,0
,99.30234,18.80893,0
,99.30238,18.80884,0
,99.3024,18.80873,0
,99.30247,18.80854,0
,99.30265,18.8082,0
,99.30277,18.808,0
,99.30288,18.80789,0
,99.30291,18.80787,0
,99.30308,18.80779,0
,99.30339,18.80769,0
,99.30348,18.80763,0
,99.30363,18.8075,0
,99.30376,18.80725,0
,99.30376,18.80723,0
,99.30387,18.80704,0
,99.30396,18.80693,0
,99.30398,18.8069,0
,99.3041,18.80682,0
,99.30411,18.80682,0
,99.30482,18.80641,0
,99.30482,18.8064,0
,99.30498,18.80631,0
,99.30511,18.80618,0
,99.30513,18.80614,0
,99.30518,18.80601,0
,99.30518,18.80596,0
,99.3052,18.80582,0
,99.30521,18.80555,0
,99.30519,18.8054,0
,99.30509,18.805,0
,99.30508,18.80488,0
,99.30509,18.80477,0
,99.30512,18.80461,0
,99.3052,18.80443,0
,99.30521,18.80443,0
,99.30532,18.80421,0
,99.30534,18.80415,0
,99.30537,18.80392,0
,99.30548,18.80362,0
,99.3055,18.80354,0
,99.3055,18.8035,0
,99.30549,18.80344,0
,99.30544,18.80338,0
,99.30533,18.8033,0
,99.30517,18.80322,0
,99.30512,18.80317,0
,99.3051,18.80316,0
,99.30497,18.80305,0
,99.3049,18.80302,0
,99.30462,18.80297,0
,99.30453,18.80294,0
,99.30428,18.8028,0
,99.30412,18.80268,0
,99.30402,18.80258,0
,99.30393,18.80245,0
,99.30342,18.80139,0
,99.30339,18.80124,0
,99.30339,18.80112,0
,99.30342,18.80087,0
,99.30343,18.80059,0
,99.30342,18.8005,0
,99.30336,18.80035,0
,99.30326,18.80024,0
,99.30321,18.80015,0
,99.30322,18.79999,0
,99.30326,18.7999,0
,99.30332,18.79983,0
,99.30343,18.79973,0
,99.30348,18.7997,0
,99.3036,18.79965,0
,99.30368,18.79963,0
,99.30378,18.79964,0
,99.30386,18.79967,0
,99.30408,18.7998,0
,99.3042,18.79989,0
,99.3043,18.79992,0
,99.30439,18.79992,0
,99.30446,18.79988,0
,99.30448,18.79983,0
,99.30448,18.79977,0
,99.30446,18.79971,0
,99.30429,18.79939,0
,99.30416,18.79911,0
,99.30402,18.79888,0
,99.30388,18.79871,0
,99.30368,18.79853,0
,99.30342,18.79835,0
,99.30318,18.79828,0
,99.30292,18.79826,0
,99.3027,18.7983,0
,99.30205,18.79849,0
,99.3019,18.79849,0
,99.30181,18.79847,0
,99.30169,18.79839,0
,99.30152,18.79828,0
,99.30129,18.79821,0
,99.30118,18.79821,0
,99.30111,18.79823,0
,99.30109,18.79824,0
,99.30107,18.79827,0
,99.30106,18.79833,0
,99.30106,18.79838,0
,99.30107,18.79842,0
,99.30112,18.79851,0
,99.30116,18.79857,0
,99.30116,18.79864,0
,99.30114,18.79871,0
,99.30111,18.79875,0
,99.30103,18.79881,0
,99.30087,18.79889,0
,99.30078,18.79897,0
,99.30077,18.79903,0
,99.30076,18.79904,0
,99.30075,18.79911,0
,99.30075,18.79915,0
,99.30078,18.79932,0
,99.30088,18.79968,0
,99.30088,18.79973,0
,99.30087,18.79977,0
,99.30082,18.79985,0
,99.30081,18.79987,0
,99.30077,18.79991,0
,99.30072,18.79994,0
,99.30063,18.79998,0
,99.30052,18.80001,0
,99.30049,18.80001,0
,99.30044,18.80002,0
,99.30042,18.80001,0
,99.30038,18.80001,0
,99.30034,18.8,0
,99.30027,18.79995,0
,99.30026,18.79995,0
,99.30021,18.79988,0
,99.30018,18.79981,0
,99.30018,18.79973,0
,99.3002,18.79965,0
,99.3002,18.79962,0
,99.3003,18.79931,0
,99.30032,18.7992,0
,99.30033,18.79908,0
,99.3003,18.79897,0
,99.29992,18.79813,0
,99.29992,18.79809,0
,99.29988,18.79792,0
,99.29986,18.79772,0
,99.2999,18.79755,0
,99.29997,18.79741,0
,99.29998,18.7974,0
,99.3001,18.79711,0
,99.30012,18.79704,0
,99.30012,18.79636,0
,99.30016,18.79609,0
,99.30026,18.79594,0
,99.30033,18.79586,0
,99.30042,18.79578,0
,99.30167,18.79518,0
,99.30182,18.79509,0
,99.30194,18.79499,0
,99.30201,18.7949,0
,99.30213,18.79471,0
,99.30223,18.79452,0
,99.30235,18.79437,0
,99.30245,18.79428,0
,99.30251,18.79424,0
,99.30252,18.79423,0
,99.30273,18.79415,0
,99.30302,18.794,0
,99.30325,18.79385,0
,99.30341,18.79376,0
,99.30351,18.79372,0
,99.30366,18.79369,0
,99.30376,18.79369,0
,99.30389,18.79371,0
,99.30406,18.79377,0
,99.30436,18.79392,0
,99.3044,18.79393,0
,99.30454,18.79393,0
,99.3046,18.79391,0
,99.30481,18.79381,0
,99.30495,18.7937,0
,99.30499,18.79364,0
,99.30501,18.79359,0
,99.30503,18.7935,0
,99.30506,18.79304,0
,99.30512,18.79287,0
,99.30516,18.79282,0
,99.30555,18.7925,0
,99.3058,18.79224,0
,99.30594,18.79213,0
,99.30612,18.79207,0
,99.3063,18.79203,0
,99.30696,18.79195,0
,99.30701,18.79193,0
,99.30704,18.79191,0
,99.30709,18.79186,0
,99.30723,18.79159,0
,99.30726,18.79154,0
,99.3073,18.79143,0
,99.3073,18.79138,0
,99.30729,18.79134,0
,99.30727,18.79131,0
,99.30721,18.79128,0
,99.30718,18.79127,0
,99.3071,18.79126,0
,99.30699,18.79127,0
,99.3069,18.79126,0
,99.30675,18.79123,0
,99.30666,18.79119,0
,99.30666,18.79118,0
,99.30659,18.79113,0
,99.30654,18.79108,0
,99.30653,18.79106,0
,99.30651,18.79104,0
,99.3065,18.79099,0
,99.3065,18.79089,0
,99.30654,18.79075,0
,99.30666,18.79056,0
,99.30669,18.79053,0
,99.30689,18.79028,0
,99.3069,18.79021,0
,99.30689,18.79009,0
,99.30685,18.78999,0
,99.30675,18.78992,0
,99.3067,18.7899,0
,99.30665,18.7899,0
,99.30662,18.78991,0
,99.30655,18.78991,0
,99.30642,18.78994,0
,99.30625,18.78996,0
,99.30608,18.78991,0
,99.30606,18.7899,0
,99.30602,18.78986,0
,99.30592,18.78978,0
,99.30584,18.78962,0
,99.30584,18.7896,0
,99.30574,18.78938,0
,99.30562,18.78895,0
,99.30562,18.78893,0
,99.30556,18.78872,0
,99.30552,18.78865,0
,99.30537,18.78856,0
,99.30511,18.78849,0
,99.30492,18.78847,0
,99.3049,18.78846,0
,99.30476,18.78845,0
,99.30453,18.78845,0
,99.3043,18.78848,0
,99.30419,18.78855,0
,99.30418,18.78855,0
,99.3041,18.78864,0
,99.30407,18.78869,0
,99.30404,18.78872,0
,99.3039,18.78896,0
,99.3037,18.78923,0
,99.30362,18.78932,0
,99.30361,18.78932,0
,99.30347,18.78941,0
,99.30331,18.78948,0
,99.3031,18.78954,0
,99.30277,18.78961,0
,99.30272,18.78963,0
,99.30256,18.78972,0
,99.30242,18.78982,0
,99.30231,18.78992,0
,99.30224,18.78997,0
,99.30213,18.79002,0
,99.30207,18.79003,0
,99.30198,18.79003,0
,99.30183,18.78995,0
,99.30165,18.78983,0
,99.30106,18.78929,0
,99.30015,18.78837,0
,99.29993,18.78813,0
,99.29984,18.78807,0
,99.29972,18.78802,0
,99.29947,18.78805,0
,99.29926,18.78809,0
,99.29916,18.78809,0
,99.29907,18.78808,0
,99.29899,18.78805,0
,99.29892,18.78801,0
,99.29877,18.78789,0
,99.29877,18.78788,0
,99.29866,18.78776,0
,99.29866,18.78775,0
,99.29844,18.78725,0
,99.29826,18.78698,0
,99.29814,18.78685,0
,99.29804,18.78683,0
,99.29793,18.78683,0
,99.2978,18.78688,0
,99.29775,18.78693,0
,99.29759,18.78706,0
,99.29736,18.78736,0
,99.29728,18.78749,0
,99.29728,18.7875,0
,99.29725,18.78763,0
,99.29725,18.78785,0
,99.29726,18.78798,0
,99.29725,18.7885,0
,99.29723,18.78857,0
,99.29722,18.78865,0
,99.2972,18.78868,0
,99.29713,18.78874,0
,99.29705,18.78877,0
,99.29698,18.78878,0
,99.29695,18.78879,0
,99.29653,18.78884,0
,99.29646,18.78886,0
,99.29635,18.78891,0
,99.29609,18.78908,0
,99.29601,18.78913,0
,99.29594,18.78916,0
,99.29584,18.78922,0
,99.29574,18.78922,0
,99.29569,18.7892,0
,99.29565,18.78919,0
,99.29558,18.78912,0
,99.29555,18.78907,0
,99.29554,18.78901,0
,99.29553,18.78839,0
,99.29545,18.78825,0
,99.29541,18.7882,0
,99.29534,18.78814,0
,99.29525,18.78808,0
,99.29514,18.78802,0
,99.29504,18.78798,0
,99.29495,18.78798,0
,99.29487,18.78799,0
,99.29466,18.78808,0
,99.29465,18.78808,0
,99.29447,18.78814,0
,99.29446,18.78815,0
,99.29437,18.78818,0
,99.29419,18.7882,0
,99.29406,18.7882,0
,99.29399,18.78818,0
,99.29366,18.78792,0
,99.29346,18.78773,0
,99.29336,18.78758,0
,99.29317,18.78734,0
,99.29306,18.78719,0
,99.29297,18.78709,0
,99.29284,18.78701,0
,99.29258,18.78691,0
,99.2923,18.78684,0
,99.29202,18.78684,0
,99.29197,18.78685,0
,99.29192,18.78687,0
,99.29187,18.78691,0
,99.29187,18.78693,0
,99.29186,18.78695,0
,99.2919,18.78702,0
,99.29197,18.78706,0
,99.29212,18.78709,0
,99.29222,18.78709,0
,99.29242,18.78713,0
,99.29252,18.78718,0
,99.29253,18.78718,0
,99.29283,18.78754,0
,99.29286,18.78761,0
,99.29295,18.78776,0
,99.293,18.78786,0
,99.29312,18.78823,0
,99.29317,18.78835,0
,99.29317,18.78845,0
,99.29308,18.78853,0
,99.29295,18.78857,0
,99.29195,18.78857,0
,99.29189,18.78856,0
,99.2917,18.78855,0
,99.29155,18.78853,0
,99.29106,18.7884,0
,99.29075,18.78829,0
,99.29035,18.78814,0
,99.28991,18.78793,0
,99.28958,18.78771,0
,99.28952,18.78758,0
,99.28953,18.78751,0
,99.28953,18.78738,0
,99.28955,18.78722,0
,99.28954,18.78703,0
,99.2895,18.78686,0
,99.28943,18.78675,0
,99.28937,18.7867,0
,99.28927,18.78667,0
,99.28892,18.7866,0
,99.28884,18.78657,0
,99.28873,18.78654,0
,99.28867,18.78651,0
,99.28851,18.78646,0
,99.28849,18.78646,0
,99.2883,18.78642,0
,99.28821,18.78641,0
,99.28811,18.78641,0
,99.28778,18.78638,0
,99.28766,18.78633,0
,99.2876,18.78628,0
,99.28759,18.78626,0
,99.28756,18.78622,0
,99.28755,18.78608,0
,99.28754,18.786,0
,99.28761,18.78555,0
,99.28767,18.78464,0
,99.2877,18.78453,0
,99.28772,18.78448,0
,99.28773,18.78448,0
,99.28774,18.78444,0
,99.28777,18.78442,0
,99.28784,18.78439,0
,99.28795,18.78436,0
,99.28811,18.78433,0
,99.28834,18.78426,0
,99.28841,18.78421,0
,99.28848,18.78412,0
,99.2885,18.784,0
,99.28848,18.78388,0
,99.28841,18.78378,0
,99.28827,18.78371,0
,99.28813,18.78361,0
,99.2881,18.78358,0
,99.28805,18.78351,0
,99.28746,18.7824,0
,99.2874,18.78231,0
,99.28735,18.78221,0
,99.28732,18.78212,0
,99.28732,18.78207,0
,99.28731,18.78205,0
,99.28731,18.782,0
,99.28733,18.78189,0
,99.28734,18.78188,0
,99.28737,18.78178,0
,99.28742,18.78167,0
,99.28745,18.78164,0
,99.28751,18.78162,0
,99.28778,18.78162,0
,99.28783,18.78161,0
,99.28787,18.78159,0
,99.2879,18.78156,0
,99.28793,18.78146,0
,99.28791,18.78122,0
,99.28797,18.78096,0
,99.28807,18.78078,0
,99.28815,18.78069,0
,99.28824,18.78062,0
,99.28833,18.78058,0
,99.28848,18.78048,0
,99.28861,18.78037,0
,99.28864,18.78032,0
,99.28867,18.78025,0
,99.28867,18.78008,0
,99.28866,18.78001,0
,99.28864,18.77995,0
,99.28861,18.7799,0
,99.28854,18.77984,0
,99.28838,18.77975,0
,99.28819,18.77962,0
,99.28811,18.77954,0
,99.28799,18.77939,0
,99.28791,18.77931,0
,99.2879,18.77929,0
,99.28789,18.77925,0
,99.2879,18.77921,0
,99.28793,18.77916,0
,99.28824,18.77888,0
,99.28829,18.77882,0
,99.28831,18.77876,0
,99.2883,18.77852,0
,99.28832,18.77847,0
,99.28837,18.77841,0
,99.28853,18.77828,0
,99.28862,18.77817,0
,99.28865,18.77811,0
,99.28867,18.778,0
,99.2886,18.77751,0
,99.2886,18.77744,0
,99.28863,18.77726,0
,99.2887,18.77708,0
,99.28884,18.7769,0
,99.28895,18.77686,0
,99.28896,18.77685,0
,99.28906,18.77684,0
,99.28945,18.77684,0
,99.2895,18.77681,0
,99.28959,18.77672,0
,99.28962,18.77664,0
,99.28963,18.77654,0
,99.28962,18.77629,0
,99.28964,18.77516,0
,99.2896,18.77493,0
,99.28949,18.77469,0
,99.28945,18.77462,0
,99.28918,18.77423,0
,99.28882,18.77382,0
,99.28882,18.77381,0
,99.2887,18.77368,0
,99.28865,18.77354,0
,99.28865,18.77342,0
,99.28866,18.7733,0
,99.28874,18.77313,0
,99.28878,18.773,0
,99.28878,18.77293,0
,99.28877,18.77285,0
,99.28873,18.77278,0
,99.28855,18.77252,0
,99.28855,18.77251,0
,99.28849,18.7724,0
,99.28849,18.77229,0
,99.2885,18.77218,0
,99.28857,18.77206,0
,99.28893,18.77161,0
,99.28902,18.77141,0
,99.28908,18.77124,0
,99.2891,18.77115,0
,99.28912,18.77098,0
,99.28912,18.77087,0
,99.28911,18.77076,0
,99.28908,18.77059,0
,99.28894,18.77013,0
,99.28887,18.76964,0
,99.28885,18.76931,0
,99.28886,18.76927,0
,99.28891,18.76917,0
,99.28904,18.76903,0
,99.28915,18.76897,0
,99.2893,18.76891,0
,99.28955,18.76883,0
,99.29022,18.76867,0
,99.29031,18.76864,0
,99.29043,18.76862,0
,99.29059,18.76861,0
,99.29071,18.76862,0
,99.29086,18.76866,0
,99.29093,18.76867,0
,99.29101,18.76866,0
,99.29108,18.76866,0
,99.29124,18.76862,0
,99.29147,18.76854,0
,99.29151,18.76852,0
,99.29179,18.76845,0
,99.29187,18.76842,0
,99.29227,18.76831,0
,99.29263,18.76824,0
,99.29278,18.76819,0
,99.29279,18.76819,0
,99.29288,18.76813,0
,99.29293,18.76808,0
,99.29293,18.76807,0
,99.29297,18.76802,0
,99.29299,18.76798,0
,99.293,18.76791,0
,99.29301,18.76788,0
,99.29312,18.76702,0
,99.29319,18.76666,0
,99.29321,18.76659,0
,99.29356,18.76591,0
,99.29358,18.76586,0
,99.29384,18.76542,0
,99.29387,18.76538,0
,99.2941,18.76491,0
,99.29415,18.76475,0
,99.29417,18.76472,0
,99.2942,18.76459,0
,99.2942,18.76444,0
,99.29417,18.76436,0
,99.29413,18.76421,0
,99.29397,18.76385,0
,99.29391,18.76369,0
,99.29388,18.76339,0
,99.29388,18.76303,0
,99.29396,18.76244,0
,99.29422,18.76139,0
,99.29423,18.76139,0
,99.29427,18.76122,0
,99.29427,18.76121,0
,99.29432,18.76105,0
,99.29438,18.76097,0
,99.29452,18.76087,0
,99.29461,18.76082,0
,99.29461,18.76081,0
,99.29472,18.76076,0
,99.29486,18.76066,0
,99.29499,18.76053,0
,99.29504,18.76046,0
,99.29513,18.7603,0
,99.29516,18.76023,0
,99.29549,18.7597,0
,99.29565,18.75934,0
,99.29567,18.75917,0
,99.29568,18.75914,0
,99.29569,18.75906,0
,99.29568,18.7589,0
,99.29563,18.7587,0
,99.2956,18.75865,0
,99.29549,18.75855,0
,99.29539,18.75849,0
,99.29526,18.75839,0
,99.29524,18.75836,0
,99.29524,18.75831,0
,99.29526,18.75827,0
,99.29527,18.75823,0
,99.29532,18.75817,0
,99.29537,18.75807,0
,99.29537,18.75804,0
,99.29538,18.75799,0
,99.29538,18.75788,0
,99.29531,18.75747,0
,99.29529,18.7574,0
,99.29529,18.75735,0
,99.29528,18.75729,0
,99.29532,18.757,0
,99.29542,18.75668,0
,99.29554,18.75636,0
,99.29571,18.75609,0
,99.29581,18.756,0
,99.29597,18.75587,0
,99.2962,18.75574,0
,99.29638,18.75567,0
,99.29647,18.75562,0
,99.29655,18.75556,0
,99.29663,18.7554,0
,99.29674,18.75507,0
,99.29675,18.75506,0
,99.29678,18.75497,0
,99.29694,18.75467,0
,99.29724,18.75427,0
,99.29726,18.75423,0
,99.2975,18.75386,0
,99.29754,18.75376,0
,99.29769,18.75346,0
,99.29777,18.75325,0
,99.29786,18.75306,0
,99.29787,18.75302,0
,99.29792,18.75294,0
,99.29796,18.75286,0
,99.29802,18.75279,0
,99.2981,18.75271,0
,99.29832,18.75256,0
,99.29844,18.7525,0
,99.29867,18.75244,0
,99.29872,18.75242,0
,99.29917,18.75234,0
,99.2994,18.75225,0
,99.29959,18.75215,0
,99.30031,18.7516,0
,99.3005,18.75144,0
,99.30121,18.75092,0
,99.30147,18.75078,0
,99.30285,18.74993,0
,99.30288,18.7499,0
,99.30293,18.74987,0
,99.30297,18.74982,0
,99.30302,18.74963,0
,99.3031,18.74893,0
,99.30309,18.7487,0
,99.30307,18.74858,0
,99.30285,18.74776,0
,99.30269,18.74745,0
,99.30268,18.74744,0
,99.30245,18.74694,0
,99.30143,18.74484,0
,99.30119,18.74424,0
,99.30117,18.74417,0
,99.30114,18.74386,0
,99.30114,18.74379,0
,99.30117,18.74367,0
,99.30129,18.74346,0
,99.30226,18.74231,0
,99.30232,18.74218,0
,99.30238,18.74209,0
,99.30246,18.74191,0
,99.30254,18.74167,0
,99.30263,18.7409,0
,99.30279,18.74019,0
,99.30279,18.74016,0
,99.30288,18.73959,0
,99.3029,18.73912,0
,99.30291,18.73908,0
,99.30292,18.73897,0
,99.3032,18.73752,0
,99.3032,18.7375,0
,99.30328,18.73729,0
,99.30342,18.73707,0
,99.30367,18.73679,0
,99.30386,18.73664,0
,99.30403,18.73647,0
,99.30405,18.73643,0
,99.30409,18.73628,0
,99.30411,18.7361,0
,99.30411,18.73579,0
,99.30404,18.73539,0
,99.30404,18.73536,0
,99.30395,18.73511,0
,99.30386,18.7349,0
,99.30366,18.73456,0
,99.30354,18.73426,0
,99.30344,18.73391,0
,99.30328,18.73353,0
,99.30324,18.73319,0
,99.30326,18.7328,0
,99.30336,18.73222,0
,99.30337,18.73206,0
,99.30326,18.73072,0
,99.3032,18.73034,0
,99.30308,18.73003,0
,99.30302,18.72991,0
,99.30296,18.72973,0
,99.30288,18.72954,0
,99.3028,18.72941,0
,99.30278,18.7294,0
,99.30225,18.7287,0
,99.30218,18.72858,0
,99.30216,18.72832,0
,99.30216,18.72806,0
,99.30209,18.72755,0
,99.30174,18.72612,0
,99.30159,18.72529,0
,99.30159,18.72509,0
,99.30163,18.72484,0
,99.30205,18.72383,0
,99.30207,18.72376,0
,99.30208,18.72368,0
,99.30208,18.72363,0
,99.30204,18.72335,0
,99.30202,18.72326,0
,99.30174,18.7226,0
,99.30152,18.72214,0
,99.30149,18.72204,0
,99.30149,18.7219,0
,99.30151,18.72175,0
,99.30155,18.72163,0
,99.30174,18.72118,0
,99.30179,18.72103,0
,99.30184,18.72078,0
,99.30186,18.72062,0
,99.30185,18.72025,0
,99.30186,18.7201,0
,99.3019,18.71987,0
,99.30194,18.71975,0
,99.30205,18.71954,0
,99.30211,18.71946,0
,99.30214,18.71944,0
,99.30218,18.71939,0
,99.30233,18.71901,0
,99.30234,18.71887,0
,99.30236,18.7188,0
,99.30241,18.71847,0
,99.30247,18.7182,0
,99.30257,18.71787,0
,99.30263,18.71775,0
,99.30264,18.71774,0
,99.30275,18.71744,0
,99.30308,18.71669,0
,99.30319,18.71639,0
,99.30324,18.71598,0
,99.30325,18.7158,0
,99.30324,18.7157,0
,99.30324,18.71556,0
,99.30321,18.71532,0
,99.30321,18.71527,0
,99.30318,18.71506,0
,99.30318,18.71499,0
,99.30316,18.71486,0
,99.30315,18.71463,0
,99.30309,18.71409,0
,99.30299,18.71386,0
,99.30293,18.71375,0
,99.30292,18.71372,0
,99.30275,18.71353,0
,99.30229,18.71285,0
,99.30213,18.7125,0
,99.30207,18.71233,0
,99.30202,18.71223,0
,99.30196,18.71206,0
,99.30193,18.71189,0
,99.30192,18.71168,0
,99.30197,18.71134,0
,99.30201,18.71118,0
,99.30201,18.71117,0
,99.3024,18.70994,0
,99.30246,18.70972,0
,99.30248,18.70957,0
,99.30246,18.70943,0
,99.30241,18.7092,0
,99.30233,18.70891,0
,99.30223,18.70868,0
,99.30179,18.70752,0
,99.30166,18.70737,0
,99.30159,18.70734,0
,99.3013,18.70728,0
,99.3012,18.70727,0
,99.30104,18.70724,0
,99.30094,18.7072,0
,99.30076,18.7071,0
,99.30067,18.70696,0
,99.30055,18.70681,0
,99.30042,18.70655,0
,99.30034,18.70644,0
,99.30022,18.70617,0
,99.29999,18.70532,0
,99.29998,18.705,0
,99.30009,18.70476,0
,99.30023,18.70455,0
,99.30025,18.70451,0
,99.30032,18.70432,0
,99.30039,18.70398,0
,99.30044,18.70349,0
,99.30042,18.70216,0
,99.30043,18.70193,0
,99.30045,18.70176,0
,99.30052,18.70153,0
,99.30055,18.7014,0
,99.30056,18.70126,0
,99.30056,18.70121,0
,99.30043,18.70083,0
,99.30033,18.70049,0
,99.30032,18.70048,0
,99.30021,18.70009,0
,99.30032,18.69959,0
,99.30044,18.69922,0
,99.30051,18.69906,0
,99.30064,18.69882,0
,99.30085,18.69849,0
,99.30123,18.698,0
,99.3014,18.6978,0
,99.30147,18.69769,0
,99.30159,18.69741,0
,99.30151,18.69717,0
,99.30138,18.69693,0
,99.30084,18.69606,0
,99.30074,18.69587,0
,99.30018,18.69492,0
,99.30008,18.69472,0
,99.30003,18.69456,0
,99.30002,18.69455,0
,99.30005,18.69407,0
,99.30011,18.69354,0
,99.30011,18.69342,0
,99.30012,18.6933,0
,99.30008,18.69318,0
,99.3,18.69309,0
,99.29984,18.69274,0
,99.29981,18.69263,0
,99.29974,18.69153,0
,99.29973,18.69099,0
,99.29968,18.6906,0
,99.2994,18.68898,0
,99.29908,18.68784,0
,99.29908,18.68781,0
,99.29883,18.68679,0
,99.29869,18.68605,0
,99.29865,18.68589,0
,99.29861,18.68516,0
,99.29862,18.68408,0
,99.29861,18.68393,0
,99.2986,18.6839,0
,99.29859,18.68381,0
,99.29855,18.68368,0
,99.29848,18.68355,0
,99.29796,18.68273,0
,99.2978,18.6825,0
,99.29772,18.68236,0
,99.29766,18.68222,0
,99.29762,18.6821,0
,99.2976,18.68194,0
,99.29764,18.68167,0
,99.29767,18.68129,0
,99.2977,18.68113,0
,99.2977,18.68107,0
,99.29767,18.68097,0
,99.29744,18.68055,0
,99.29693,18.67977,0
,99.2969,18.67971,0
,99.29671,18.67948,0
,99.29653,18.67934,0
,99.29611,18.67912,0
,99.29449,18.6784,0
,99.29431,18.67827,0
,99.29421,18.67816,0
,99.29417,18.67809,0
,99.29414,18.67801,0
,99.29412,18.6778,0
,99.2941,18.67728,0
,99.2941,18.67675,0
,99.29419,18.67395,0
,99.29417,18.67385,0
,99.29417,18.67381,0
,99.29415,18.67364,0
,99.29414,18.6736,0
,99.29412,18.67355,0
,99.29406,18.67331,0
,99.294,18.67313,0
,99.29385,18.67282,0
,99.2932,18.67177,0
,99.2931,18.67146,0
,99.29312,18.67129,0
,99.29319,18.67105,0
,99.29334,18.67068,0
,99.2934,18.67046,0
,99.29359,18.66945,0
,99.2936,18.6688,0
,99.29357,18.66861,0
,99.29347,18.66832,0
,99.29347,18.6683,0
,99.29324,18.66779,0
,99.29314,18.66748,0
,99.29306,18.66713,0
,99.29304,18.66697,0
,99.29298,18.66583,0
,99.29283,18.66496,0
,99.29282,18.66494,0
,99.29282,18.66491,0
,99.29273,18.66459,0
,99.29265,18.66436,0
,99.29181,18.66234,0
,99.29168,18.66217,0
,99.29155,18.66204,0
,99.29154,18.66202,0
,99.29141,18.66192,0
,99.29141,18.66191,0
,99.29109,18.66168,0
,99.29085,18.6615,0
,99.29043,18.66115,0
,99.29011,18.66083,0
,99.28989,18.66058,0
,99.28967,18.66018,0
,99.28913,18.65899,0
,99.28907,18.65883,0
,99.28905,18.65862,0
,99.28907,18.65834,0
,99.28929,18.65691,0
,99.28929,18.65686,0
,99.28949,18.65562,0
,99.2895,18.65546,0
,99.2896,18.65505,0
,99.28967,18.6549,0
,99.28976,18.65476,0
,99.28984,18.65457,0
,99.29002,18.65389,0
,99.29002,18.65385,0
,99.29005,18.65367,0
,99.29006,18.65367,0
,99.29008,18.65329,0
,99.29023,18.65199,0
,99.29031,18.65159,0
,99.29044,18.65115,0
,99.29047,18.65098,0
,99.29048,18.65083,0
,99.2905,18.65069,0
,99.29051,18.65046,0
,99.2905,18.65017,0
,99.29041,18.64958,0
,99.29034,18.64929,0
,99.29025,18.64905,0
,99.29006,18.64865,0
,99.29001,18.64849,0
,99.28999,18.64839,0
,99.28995,18.64825,0
,99.28993,18.6481,0
,99.28994,18.64786,0
,99.29001,18.64718,0
,99.29,18.64714,0
,99.29,18.64697,0
,99.28991,18.6465,0
,99.2899,18.6465,0
,99.28974,18.64569,0
,99.28965,18.64524,0
,99.28962,18.64517,0
,99.28962,18.64515,0
,99.28957,18.64505,0
,99.28941,18.64479,0
,99.28889,18.64408,0
,99.28877,18.64389,0
,99.28871,18.64377,0
,99.28869,18.64371,0
,99.28866,18.64365,0
,99.28844,18.64304,0
,99.28841,18.64299,0
,99.2883,18.64275,0
,99.28779,18.64201,0
,99.28762,18.64172,0
,99.28745,18.6413,0
,99.28736,18.64101,0
,99.28701,18.64025,0
,99.28682,18.63993,0
,99.28658,18.63961,0
,99.28641,18.63944,0
,99.28611,18.63918,0
,99.28561,18.63885,0
,99.2855,18.63876,0
,99.28535,18.63856,0
,99.28499,18.63795,0
,99.28489,18.6378,0
,99.28489,18.63779,0
,99.28471,18.63745,0
,99.28468,18.63735,0
,99.28467,18.63727,0
,99.28468,18.63715,0
,99.28501,18.63635,0
,99.28508,18.63614,0
,99.28509,18.63603,0
,99.28507,18.63527,0
,99.28509,18.63491,0
,99.28515,18.63443,0
,99.28517,18.63436,0
,99.28524,18.63419,0
,99.28529,18.63402,0
,99.2853,18.6339,0
,99.28527,18.63378,0
,99.28492,18.63313,0
,99.28481,18.63285,0
,99.28479,18.63276,0
,99.28478,18.63263,0
,99.28479,18.63254,0
,99.28484,18.6324,0
,99.28485,18.63235,0
,99.28505,18.63187,0
,99.28509,18.63174,0
,99.28511,18.63163,0
,99.28511,18.63153,0
,99.28506,18.6313,0
,99.2849,18.63091,0
,99.2848,18.63072,0
,99.28458,18.63022,0
,99.28455,18.63013,0
,99.28454,18.63012,0
,99.28444,18.62988,0
,99.28437,18.62975,0
,99.28419,18.62948,0
,99.2839,18.62912,0
,99.28375,18.62898,0
,99.28327,18.62863,0
,99.28315,18.62856,0
,99.28301,18.6285,0
,99.28271,18.62843,0
,99.28249,18.62836,0
,99.2824,18.62831,0
,99.28209,18.62804,0
,99.28164,18.62752,0
,99.28155,18.62737,0
,99.28149,18.62724,0
,99.28134,18.62679,0
,99.28134,18.62677,0
,99.28094,18.6251,0
,99.28083,18.62481,0
,99.28068,18.62458,0
,99.28041,18.62426,0
,99.28036,18.62418,0
,99.28031,18.62407,0
,99.28027,18.62394,0
,99.27975,18.62169,0
,99.27967,18.62148,0
,99.27954,18.62127,0
,99.27932,18.62103,0
,99.27875,18.62056,0
,99.27845,18.62029,0
,99.27783,18.61966,0
,99.27771,18.61952,0
,99.2776,18.61932,0
,99.27757,18.61923,0
,99.27744,18.6186,0
,99.27738,18.61821,0
,99.27727,18.6178,0
,99.27717,18.61751,0
,99.27695,18.61706,0
,99.27626,18.61581,0
,99.27484,18.61278,0
,99.27477,18.61258,0
,99.27472,18.61238,0
,99.2747,18.61224,0
,99.27452,18.60995,0
,99.2744,18.60961,0
,99.27432,18.60945,0
,99.27419,18.60924,0
,99.2741,18.60913,0
,99.27396,18.60893,0
,99.27348,18.60831,0
,99.27342,18.60821,0
,99.27338,18.60816,0
,99.27322,18.60784,0
,99.27294,18.6071,0
,99.27293,18.60709,0
,99.27265,18.6063,0
,99.27264,18.60624,0
,99.2726,18.60612,0
,99.27258,18.60602,0
,99.27257,18.60589,0
,99.27253,18.60562,0
,99.27252,18.60542,0
,99.27241,18.60441,0
,99.27209,18.6024,0
,99.27208,18.60228,0
,99.27201,18.60188,0
,99.27196,18.60161,0
,99.27195,18.60143,0
,99.27193,18.60127,0
,99.27192,18.60099,0
,99.27193,18.60081,0
,99.27192,18.60068,0
,99.27189,18.60058,0
,99.27176,18.60032,0
,99.27144,18.59976,0
,99.27121,18.59922,0
,99.27114,18.59909,0
,99.27063,18.59841,0
,99.27032,18.59792,0
,99.27021,18.59777,0
,99.27019,18.59772,0
,99.26982,18.59711,0
,99.26949,18.59611,0
,99.26937,18.59579,0
,99.26924,18.59549,0
,99.26784,18.59269,0
,99.2677,18.59245,0
,99.2677,18.59244,0
,99.26763,18.59235,0
,99.26762,18.59232,0
,99.26753,18.59221,0
,99.26723,18.59192,0
,99.26658,18.59145,0
,99.26652,18.59138,0
,99.26644,18.59126,0
,99.26624,18.59085,0
,99.26615,18.59066,0
,99.26612,18.59055,0
,99.26607,18.59042,0
,99.26597,18.59009,0
,99.26587,18.58967,0
,99.26574,18.58925,0
,99.26562,18.58895,0
,99.26548,18.58866,0
,99.26514,18.58815,0
,99.26493,18.58789,0
,99.26483,18.58781,0
,99.26471,18.58773,0
,99.26458,18.58766,0
,99.26434,18.58756,0
,99.26395,18.58737,0
,99.26379,18.58728,0
,99.26344,18.587,0
,99.263,18.5866,0
,99.26284,18.58643,0
,99.26275,18.58629,0
,99.26253,18.58586,0
,99.26232,18.58552,0
,99.26225,18.58543,0
,99.26222,18.58526,0
,99.26221,18.58493,0
,99.26219,18.58478,0
,99.26218,18.58459,0
,99.2621,18.58415,0
,99.26206,18.58376,0
,99.26204,18.58365,0
,99.26207,18.58327,0
,99.26207,18.58319,0
,99.26213,18.58243,0
,99.26213,18.5822,0
,99.2621,18.582,0
,99.26202,18.58176,0
,99.26186,18.58141,0
,99.26176,18.58125,0
,99.26165,18.5811,0
,99.26143,18.58088,0
,99.26141,18.58085,0
,99.2611,18.58048,0
,99.26083,18.58007,0
,99.26078,18.58002,0
,99.26027,18.57933,0
,99.26002,18.57901,0
,99.25976,18.57858,0
,99.25976,18.57857,0
,99.25967,18.57838,0
,99.25961,18.57822,0
,99.2595,18.57785,0
,99.25945,18.57751,0
,99.25944,18.57719,0
,99.25938,18.57645,0
,99.25937,18.5764,0
,99.25935,18.57619,0
,99.25923,18.57574,0
,99.25903,18.57527,0
,99.25888,18.57487,0
,99.25865,18.57442,0
,99.25854,18.57428,0
,99.25824,18.57385,0
,99.25819,18.57379,0
,99.25808,18.57368,0
,99.25789,18.57346,0
,99.25754,18.57312,0
,99.25742,18.57295,0
,99.25732,18.57277,0
,99.2573,18.57272,0
,99.25727,18.57259,0
,99.2573,18.57253,0
,99.25734,18.57237,0
,99.25738,18.57229,0
,99.2574,18.57219,0
,99.25741,18.57209,0
,99.25741,18.57199,0
,99.2574,18.57189,0
,99.25732,18.57159,0
,99.25721,18.57102,0
,99.25719,18.57098,0
,99.25716,18.57083,0
,99.2569,18.57029,0
,99.25676,18.57006,0
,99.25668,18.56995,0
,99.25664,18.56987,0
,99.2566,18.56975,0
,99.25656,18.56958,0
,99.25655,18.56943,0
,99.25655,18.5685,0
,99.25671,18.56798,0
,99.2568,18.56753,0
,99.25683,18.56698,0
,99.25683,18.56655,0
,99.25684,18.56648,0
,99.2569,18.56627,0
,99.25698,18.56611,0
,99.25707,18.566,0
,99.25709,18.56596,0
,99.25719,18.56583,0
,99.2573,18.56572,0
,99.25732,18.56571,0
,99.25734,18.56569,0
,99.25762,18.56556,0
,99.25766,18.56555,0
,99.25795,18.56539,0
,99.25802,18.56534,0
,99.25806,18.56532,0
,99.25813,18.56527,0
,99.25821,18.56515,0
,99.25823,18.56509,0
,99.25823,18.565,0
,99.25821,18.56493,0
,99.25819,18.56489,0
,99.25814,18.56469,0
,99.25803,18.56406,0
,99.25798,18.56359,0
,99.25785,18.56317,0
,99.25762,18.56256,0
,99.25742,18.56191,0
,99.25742,18.56188,0
,99.25737,18.56173,0
,99.25729,18.56141,0
,99.25729,18.56138,0
,99.25705,18.56019,0
,99.25704,18.56006,0
,99.25686,18.5593,0
,99.25679,18.55916,0
,99.25671,18.55903,0
,99.25661,18.5589,0
,99.25646,18.55875,0
,99.25632,18.55864,0
,99.25612,18.55841,0
,99.25552,18.5578,0
,99.25519,18.55757,0
,99.25498,18.55746,0
,99.25462,18.55734,0
,99.25363,18.5571,0
,99.25314,18.55695,0
,99.25273,18.55675,0
,99.25199,18.5562,0
,99.2518,18.55608,0
,99.25142,18.55578,0
,99.25129,18.55566,0
,99.25123,18.55562,0
,99.25076,18.55515,0
,99.25052,18.55487,0
,99.24992,18.55436,0
,99.24884,18.55356,0
,99.24872,18.55345,0
,99.24764,18.55262,0
,99.24712,18.55232,0
,99.24703,18.55225,0
,99.24695,18.55216,0
,99.24681,18.55196,0
,99.24677,18.55192,0
,99.24644,18.55147,0
,99.24635,18.55138,0
,99.24631,18.55132,0
,99.24627,18.55127,0
,99.24619,18.55105,0
,99.24618,18.55101,0
,99.24605,18.55068,0
,99.24579,18.55,0
,99.24526,18.54891,0
,99.24525,18.54891,0
,99.24439,18.5472,0
,99.24433,18.54706,0
,99.24425,18.54682,0
,99.24421,18.54635,0
,99.2442,18.5463,0
,99.24419,18.54585,0
,99.24416,18.54542,0
,99.24414,18.54527,0
,99.24409,18.5451,0
,99.244,18.54486,0
,99.24382,18.54461,0
,99.24369,18.54446,0
,99.24357,18.5444,0
,99.24329,18.54432,0
,99.24304,18.54428,0
,99.24302,18.54427,0
,99.24205,18.54407,0
,99.24161,18.54396,0
,99.24121,18.54391,0
,99.24085,18.54382,0
,99.24047,18.5437,0
,99.24018,18.54357,0
,99.23997,18.54342,0
,99.23979,18.54325,0
,99.23888,18.54218,0
,99.23872,18.54197,0
,99.23865,18.5419,0
,99.23818,18.54125,0
,99.23787,18.54087,0
,99.23781,18.54078,0
,99.23776,18.54073,0
,99.23738,18.54028,0
,99.2367,18.53957,0
,99.2365,18.53943,0
,99.23621,18.53921,0
,99.2362,18.53921,0
,99.23577,18.53886,0
,99.23548,18.5386,0
,99.23537,18.53853,0
,99.23514,18.53841,0
,99.235,18.53836,0
,99.23489,18.53831,0
,99.23442,18.53818,0
,99.23419,18.53813,0
,99.23379,18.53809,0
,99.2335,18.53808,0
,99.23347,18.53807,0
,99.23323,18.53812,0
,99.23316,18.53814,0
,99.23308,18.53814,0
,99.23299,18.53816,0
,99.23282,18.53818,0
,99.23265,18.53818,0
,99.23254,18.53817,0
,99.23243,18.53814,0
,99.23227,18.53807,0
,99.23222,18.53804,0
,99.23201,18.53787,0
,99.23189,18.53773,0
,99.23189,18.53767,0
,99.2319,18.53764,0
,99.23197,18.53754,0
,99.23207,18.53745,0
,99.23223,18.53735,0
,99.23227,18.53731,0
,99.23236,18.53724,0
,99.23244,18.53716,0
,99.23302,18.53666,0
,99.23313,18.53654,0
,99.23315,18.53653,0
,99.2332,18.53647,0
,99.23322,18.53646,0
,99.23333,18.53635,0
,99.23339,18.5363,0
,99.23341,18.53627,0
,99.23351,18.53617,0
,99.23353,18.53613,0
,99.23359,18.53605,0
,99.23366,18.53592,0
,99.23373,18.53573,0
,99.23379,18.53552,0
,99.23382,18.53536,0
,99.23383,18.53519,0
,99.23381,18.53499,0
,99.23378,18.53483,0
,99.23362,18.53446,0
,99.23356,18.53436,0
,99.23345,18.53413,0
,99.23279,18.53316,0
,99.23221,18.53242,0
,99.23088,18.53098,0
,99.23083,18.53094,0
,99.23078,18.53088,0
,99.23017,18.53026,0
,99.22982,18.52984,0
,99.22961,18.52956,0
,99.22961,18.52951,0
,99.22963,18.52947,0
,99.22968,18.52943,0
,99.22974,18.52936,0
,99.23216,18.52754,0
,99.23261,18.52724,0
,99.23298,18.52696,0
,99.23363,18.52652,0
,99.23388,18.52637,0
,99.23393,18.52632,0
,99.23394,18.52629,0
,99.23394,18.52626,0
,99.23388,18.52608,0
,99.23383,18.52597,0
,99.2338,18.52581,0
,99.23381,18.52574,0
,99.23382,18.52572,0
,99.23385,18.5257,0
,99.23389,18.5257,0
,99.23403,18.52567,0
,99.2341,18.52564,0
,99.23414,18.5256,0
,99.23414,18.52559,0
,99.23418,18.52552,0
,99.23418,18.52541,0
,99.23412,18.52528,0
,99.2332,18.52431,0
,99.23237,18.52337,0
,99.23222,18.52324,0
,99.231,18.5223,0
,99.23068,18.52211,0
,99.22887,18.52146,0
,99.22596,18.52032,0
,99.2259,18.52029,0
,99.22398,18.51956,0
,99.22396,18.51956,0
,99.2215,18.51858,0
,99.22068,18.51823,0
,99.21852,18.51701,0
,99.21642,18.51569,0
,99.21629,18.51562,0
,99.2162,18.51555,0
,99.2159,18.51535,0
,99.21568,18.51522,0
,99.21545,18.51504,0
,99.21524,18.51482,0
,99.21512,18.51463,0
,99.21505,18.51447,0
,99.215,18.51431,0
,99.215,18.51429,0
,99.21498,18.51422,0
,99.21496,18.51407,0
,99.21494,18.51365,0
,99.21486,18.5131,0
,99.21474,18.51272,0
,99.21461,18.51243,0
,99.21453,18.51229,0
,99.21405,18.51155,0
,99.21386,18.51129,0
,99.21291,18.5119,0
,99.21271,18.512,0
,99.21196,18.51217,0
,99.21147,18.51228,0
,99.21135,18.51229,0
,99.21134,18.5123,0
,99.21122,18.5123,0
,99.21111,18.51229,0
,99.21079,18.51219,0
,99.21069,18.51217,0
,99.21043,18.51207,0
,99.21042,18.51207,0
,99.21034,18.51203,0
,99.21022,18.51195,0
,99.20999,18.51176,0
,99.20998,18.51174,0
,99.20922,18.51097,0
,99.20921,18.51095,0
,99.20902,18.51075,0
,99.20895,18.51066,0
,99.20882,18.51052,0
,99.20857,18.51029,0
,99.20849,18.51023,0
,99.20837,18.51016,0
,99.20828,18.51012,0
,99.20811,18.51008,0
,99.20726,18.51001,0
,99.20697,18.50995,0
,99.20664,18.50984,0
,99.20648,18.50976,0
,99.2061,18.50949,0
,99.2058,18.50924,0
,99.20568,18.50912,0
,99.20549,18.50888,0
,99.20539,18.50877,0
,99.20482,18.50798,0
,99.20425,18.5072,0
,99.2025,18.50535,0
,99.20236,18.50517,0
,99.2012,18.50428,0
,99.20093,18.50405,0
,99.20079,18.50391,0
,99.20068,18.50374,0
,99.20043,18.50325,0
,99.20021,18.50286,0
,99.19944,18.50133,0
,99.1993,18.50102,0
,99.19922,18.5009,0
,99.19914,18.50072,0
,99.19906,18.50058,0
,99.19895,18.50046,0
,99.19887,18.50039,0
,99.19879,18.50035,0
,99.1987,18.50032,0
,99.19835,18.5003,0
,99.19819,18.50031,0
,99.19786,18.50031,0
,99.19762,18.50029,0
,99.1975,18.50029,0
,99.19736,18.50026,0
,99.19727,18.50023,0
,99.19715,18.50017,0
,99.19705,18.5001,0
,99.1969,18.49997,0
,99.19669,18.49974,0
,99.19668,18.49974,0
,99.1964,18.49941,0
,99.19613,18.49904,0
,99.19597,18.49885,0
,99.19559,18.49826,0
,99.19499,18.49744,0
,99.19438,18.49653,0
,99.19355,18.49549,0
,99.19283,18.49457,0
,99.19238,18.49415,0
,99.19205,18.49393,0
,99.19204,18.49393,0
,99.19053,18.49286,0
,99.18988,18.49247,0
,99.18967,18.49233,0
,99.18944,18.4922,0
,99.18925,18.49211,0
,99.18909,18.49205,0
,99.18908,18.49204,0
,99.18884,18.49196,0
,99.18883,18.49195,0
,99.18865,18.4919,0
,99.18744,18.49148,0
,99.1874,18.49146,0
,99.18701,18.49134,0
,99.18678,18.49127,0
,99.18677,18.49126,0
,99.18651,18.49116,0
,99.1865,18.49116,0
,99.18634,18.49107,0
,99.18629,18.49105,0
,99.18517,18.49043,0
,99.18496,18.49034,0
,99.18495,18.49034,0
,99.18455,18.4902,0
,99.1844,18.49016,0
,99.1841,18.49005,0
,99.18393,18.48996,0
,99.18373,18.48981,0
,99.18363,18.48971,0
,99.18341,18.48939,0
,99.18327,18.48911,0
,99.18302,18.48872,0
,99.18281,18.48844,0
,99.18079,18.48663,0
,99.18063,18.48646,0
,99.1804,18.48613,0
,99.1791,18.48376,0
,99.17853,18.48266,0
,99.17838,18.4824,0
,99.17828,18.48226,0
,99.17827,18.48226,0
,99.17815,18.48212,0
,99.17803,18.482,0
,99.17667,18.48099,0
,99.17391,18.47907,0
,99.17368,18.47889,0
,99.17168,18.47754,0
,99.17037,18.4766,0
,99.16998,18.47641,0
,99.169,18.47612,0
,99.1688,18.47603,0
,99.16856,18.47588,0
,99.16823,18.47561,0
,99.16792,18.47539,0
,99.16792,18.47538,0
,99.16758,18.4752,0
,99.16736,18.47513,0
,99.16657,18.47497,0
,99.16648,18.47496,0
,99.16485,18.47466,0
,99.16449,18.47458,0
,99.16424,18.4745,0
,99.16402,18.47439,0
,99.16388,18.4743,0
,99.16363,18.47411,0
,99.16299,18.47358,0
,99.16277,18.47346,0
,99.16264,18.47342,0
,99.16119,18.47311,0
,99.16111,18.4731,0
,99.16068,18.47298,0
,99.16033,18.47286,0
,99.15919,18.47236,0
,99.15883,18.47217,0
,99.15877,18.47212,0
,99.15866,18.47198,0
,99.1586,18.47187,0
,99.15857,18.47174,0
,99.15833,18.4709,0
,99.15826,18.47077,0
,99.1582,18.47069,0
,99.15804,18.47056,0
,99.15789,18.47047,0
,99.1552,18.46904,0
,99.1542,18.46866,0
,99.15353,18.46844,0
,99.15331,18.4684,0
,99.15317,18.46839,0
,99.15304,18.4684,0
,99.15272,18.46845,0
,99.15224,18.46855,0
,99.1521,18.46855,0
,99.15197,18.46852,0
,99.151,18.46814,0
,99.1508,18.46805,0
,99.14837,18.4671,0
,99.14824,18.46704,0
,99.14805,18.46691,0
,99.14804,18.46691,0
,99.14799,18.46686,0
,99.14792,18.46675,0
,99.14792,18.46667,0
,99.14797,18.46658,0
,99.14798,18.46654,0
,99.14834,18.46636,0
,99.14873,18.46613,0
,99.1489,18.46606,0
,99.14908,18.466,0
,99.14925,18.46596,0
,99.14946,18.46593,0
,99.14963,18.46592,0
,99.1504,18.46597,0
,99.15226,18.46621,0
,99.15267,18.46624,0
,99.15293,18.46624,0
,99.15352,18.4662,0
,99.15375,18.46617,0
,99.15432,18.46606,0
,99.15484,18.46591,0
,99.15507,18.46582,0
,99.1554,18.46567,0
,99.15581,18.46546,0
,99.15582,18.46544,0
,99.15635,18.46508,0
,99.15687,18.46464,0
,99.15672,18.46448,0
,99.15664,18.46458,0
,99.15643,18.46478,0
,99.15624,18.46494,0
,99.15589,18.46519,0
,99.15545,18.46546,0
,99.15533,18.46552,0
,99.15497,18.46567,0
,99.15417,18.46593,0
,99.15346,18.46605,0
,99.15263,18.46606,0
,99.15245,18.46605,0
,99.15036,18.4658,0
,99.15035,18.46579,0
,99.14997,18.46576,0
,99.14992,18.46575,0
,99.14969,18.46574,0
,99.14946,18.46575,0
,99.149,18.46584,0
,99.14878,18.46592,0
,99.14851,18.46604,0
,99.14814,18.46624,0
,99.14789,18.46635,0
,99.14774,18.46644,0
,99.14756,18.46653,0
,99.14725,18.46658,0
,99.14715,18.46658,0
,99.14699,18.4666,0
,99.14656,18.46678,0
,99.14629,18.46686,0
,99.14596,18.46694,0
,99.14527,18.46705,0
,99.14466,18.46706,0
,99.14398,18.46701,0
,99.14344,18.4669,0
,99.14269,18.46665,0
,99.14256,18.46659,0
,99.14245,18.46655,0
,99.14207,18.46636,0
,99.14019,18.46508,0
,99.13922,18.46448,0
,99.1387,18.46421,0
,99.1382,18.46398,0
,99.13746,18.46371,0
,99.13638,18.46337,0
,99.13586,18.46316,0
,99.13556,18.46302,0
,99.13445,18.46236,0
,99.13412,18.46224,0
,99.13381,18.46216,0
,99.13355,18.46212,0
,99.13312,18.46213,0
,99.13275,18.46219,0
,99.13249,18.46225,0
,99.13225,18.46233,0
,99.13195,18.46248,0
,99.13164,18.46268,0
,99.13161,18.46271,0
,99.13073,18.46339,0
,99.13064,18.46343,0
,99.13059,18.46341,0
,99.13054,18.46337,0
,99.1305,18.46335,0
,99.13045,18.4633,0
,99.13043,18.46327,0
,99.13017,18.46277,0
,99.13004,18.46243,0
,99.12998,18.46217,0
,99.12996,18.4619,0
,99.12996,18.4618,0
,99.13002,18.46099,0
,99.12995,18.46064,0
,99.12988,18.46041,0
,99.12983,18.46032,0
,99.12969,18.46014,0
,99.12959,18.46003,0
,99.12957,18.46002,0
,99.12946,18.45994,0
,99.12909,18.45973,0
,99.12801,18.45922,0
,99.12792,18.45917,0
,99.12785,18.45915,0
,99.12769,18.45908,0
,99.12703,18.45871,0
,99.12643,18.45833,0
,99.12623,18.45818,0
,99.12616,18.45811,0
,99.12611,18.45808,0
,99.12569,18.45775,0
,99.12547,18.45752,0
,99.12537,18.45738,0
,99.12529,18.45724,0
,99.12527,18.45719,0
,99.12499,18.45618,0
,99.12494,18.45604,0
,99.12482,18.45587,0
,99.12452,18.45553,0
,99.12431,18.45527,0
,99.12421,18.45511,0
,99.12405,18.45475,0
,99.12403,18.45472,0
,99.12392,18.45445,0
,99.12367,18.45396,0
,99.12352,18.45369,0
,99.12331,18.45342,0
,99.12315,18.45325,0
,99.12298,18.45309,0
,99.12282,18.45296,0
,99.1226,18.45282,0
,99.1224,18.45272,0
,99.12227,18.45267,0
,99.12213,18.45264,0
,99.12197,18.45263,0
,99.11674,18.45268,0
,99.11667,18.45264,0
,99.11663,18.45261,0
,99.11661,18.45258,0
,99.11658,18.45255,0
,99.11656,18.4525,0
,99.11655,18.45192,0
,99.11667,18.45176,0
,99.11676,18.45169,0
,99.1168,18.45165,0
,99.11711,18.45146,0
,99.11738,18.45127,0
,99.11741,18.45123,0
,99.11744,18.4512,0
,99.11748,18.45113,0
,99.11753,18.451,0
,99.11754,18.4509,0
,99.11753,18.45079,0
,99.11738,18.45011,0
,99.11721,18.44954,0
,99.11703,18.44921,0
,99.11688,18.44904,0
,99.11677,18.44894,0
,99.11674,18.4489,0
,99.11662,18.44878,0
,99.11565,18.44815,0
,99.11526,18.44792,0
,99.11492,18.44774,0
,99.11442,18.44749,0
,99.11337,18.44694,0
,99.11322,18.44684,0
,99.11294,18.44668,0
,99.11292,18.44666,0
,99.11275,18.44657,0
,99.1125,18.4464,0
,99.11204,18.44613,0
,99.11193,18.44605,0
,99.11188,18.44603,0
,99.11037,18.44502,0
,99.11004,18.44484,0
,99.10998,18.4448,0
,99.10987,18.44476,0
,99.10979,18.44472,0
,99.10959,18.44464,0
,99.10929,18.44449,0
,99.10859,18.44419,0
,99.10813,18.44402,0
,99.10811,18.44402,0
,99.1079,18.44395,0
,99.10757,18.44386,0
,99.10721,18.44381,0
,99.10525,18.44365,0
,99.10236,18.44317,0
,99.1018,18.44314,0
,99.10138,18.44315,0
,99.10105,18.44312,0
,99.10066,18.44301,0
,99.10051,18.44295,0
,99.10032,18.44289,0
,99.10006,18.44275,0
,99.09964,18.44258,0
,99.09943,18.44251,0
,99.09917,18.44246,0
,99.09817,18.44237,0
,99.09724,18.44223,0
,99.09676,18.44205,0
,99.09554,18.44152,0
,99.09525,18.44137,0
,99.09524,18.44137,0
,99.09501,18.44116,0
,99.09464,18.44079,0
,99.09427,18.44047,0
,99.09377,18.4401,0
,99.09292,18.43959,0
,99.09259,18.43932,0
,99.09197,18.43877,0
,99.09096,18.43799,0
,99.09048,18.43754,0
,99.0897,18.43667,0
,99.08936,18.43626,0
,99.08905,18.43564,0
,99.08872,18.43508,0
,99.08854,18.43482,0
,99.08838,18.43469,0
,99.08826,18.43461,0
,99.088,18.43455,0
,99.088,18.43454,0
,99.08704,18.43445,0
,99.08681,18.4344,0
,99.08649,18.43428,0
,99.08588,18.43401,0
,99.08557,18.43389,0
,99.0851,18.43378,0
,99.08481,18.43382,0
,99.0845,18.4339,0
,99.084,18.43407,0
,99.08385,18.4341,0
,99.08373,18.4341,0
,99.08356,18.43407,0
,99.08277,18.43384,0
,99.08252,18.43379,0
,99.08246,18.43377,0
,99.0817,18.43382,0
,99.08121,18.43391,0
,99.08093,18.43398,0
,99.0807,18.43407,0
,99.08019,18.4343,0
,99.08003,18.43436,0
,99.07986,18.43439,0
,99.07967,18.43441,0
,99.07943,18.43442,0
,99.07916,18.43449,0
,99.079,18.43459,0
,99.07888,18.43475,0
,99.07862,18.43516,0
,99.0782,18.43589,0
,99.0781,18.43609,0
,99.07802,18.43629,0
,99.07796,18.43648,0
,99.07787,18.43719,0
,99.07784,18.43734,0
,99.07776,18.43748,0
,99.07767,18.4376,0
,99.07758,18.43766,0
,99.07749,18.4377,0
,99.07728,18.43775,0
,99.07635,18.43786,0
,99.07577,18.43788,0
,99.07501,18.43787,0
,99.07264,18.43766,0
,99.07216,18.43751,0
,99.07178,18.43736,0
,99.07143,18.43718,0
,99.07087,18.43692,0
,99.07046,18.43678,0
,99.07,18.43667,0
,99.06957,18.43654,0
,99.06944,18.43648,0
,99.06916,18.43625,0
,99.06674,18.43397,0
,99.06606,18.43352,0
,99.06603,18.43349,0
,99.06586,18.43336,0
,99.06563,18.43309,0
,99.06544,18.43276,0
,99.06525,18.43218,0
,99.06506,18.43168,0
,99.06494,18.43149,0
,99.06487,18.4314,0
,99.06466,18.43123,0
,99.0644,18.43109,0
,99.06414,18.43102,0
,99.06389,18.43099,0
,99.06362,18.43098,0
,99.06338,18.43101,0
,99.06317,18.43111,0
,99.06272,18.4314,0
,99.06259,18.43145,0
,99.06258,18.43146,0
,99.06239,18.43151,0
,99.0604,18.43185,0
,99.06006,18.43188,0
,99.05896,18.43191,0
,99.05806,18.4321,0
,99.05622,18.43224,0
,99.05583,18.43224,0
,99.05474,18.43215,0
,99.05353,18.43198,0
,99.05346,18.43196,0
,99.05263,18.4318,0
,99.05099,18.43139,0
,99.05091,18.43138,0
,99.05009,18.43117,0
,99.04905,18.43095,0
,99.04851,18.43089,0
,99.04829,18.43085,0
,99.04742,18.43074,0
,99.04688,18.43065,0
,99.04646,18.43061,0
,99.04605,18.43053,0
,99.04562,18.43041,0
,99.0454,18.43032,0
,99.04497,18.43005,0
,99.04475,18.42988,0
,99.04387,18.42927,0
,99.04312,18.42876,0
,99.04279,18.42859,0
,99.04203,18.42827,0
,99.04126,18.428,0
,99.04018,18.42769,0
,99.03992,18.42765,0
,99.0389,18.42741,0
,99.03819,18.42729,0
,99.03695,18.42715,0
,99.03592,18.4271,0
,99.03471,18.42708,0
,99.03442,18.42705,0
,99.03374,18.42686,0
,99.03305,18.42664,0
,99.03227,18.42635,0
,99.03033,18.42565,0
,99.02978,18.4255,0
,99.02898,18.42534,0
,99.02828,18.42527,0
,99.02646,18.42518,0
,99.02577,18.42511,0
,99.0248,18.42496,0
,99.02459,18.42491,0
,99.02412,18.42474,0
,99.02363,18.42453,0
,99.02315,18.42437,0
,99.02295,18.42434,0
,99.02262,18.42432,0
,99.02146,18.42431,0
,99.01983,18.42421,0
,99.01935,18.42416,0
,99.01874,18.42403,0
,99.01794,18.42374,0
,99.01767,18.4237,0
,99.01727,18.42367,0
,99.01673,18.4236,0
,99.01652,18.42355,0
,99.01602,18.42338,0
,99.01544,18.42305,0
,99.01588,18.42203,0
,99.0159,18.42197,0
,99.01595,18.42188,0
,99.01655,18.42218,0
,99.01666,18.42221,0
,99.01675,18.4222,0
,99.01701,18.42237,0
,99.01718,18.42245,0
,99.01736,18.42248,0
,99.01755,18.42246,0
,99.01757,18.42245,0
,99.01782,18.42241,0
,99.01804,18.42233,0
,99.01809,18.42232,0
,99.01804,18.42233,0
,99.01782,18.42241,0
,99.01757,18.42245,0
,99.01755,18.42246,0
,99.01736,18.42248,0
,99.01718,18.42245,0
,99.01701,18.42237,0
,99.01675,18.4222,0
,99.01666,18.42221,0
,99.01655,18.42218,0
,99.01595,18.42188,0
,99.0159,18.42197,0
,99.01588,18.42203,0
,99.01544,18.42305,0
,99.01476,18.42263,0
,99.01436,18.42241,0
,99.01426,18.42237,0
,99.0141,18.42233,0
,99.01398,18.42231,0
,99.01381,18.42226,0
,99.01341,18.42208,0
,99.0131,18.42198,0
,99.01297,18.42196,0
,99.01295,18.42196,0
,99.01277,18.42192,0
,99.01276,18.42192,0
,99.0123,18.42177,0
,99.01214,18.42175,0
,99.012,18.42175,0
,99.01193,18.42177,0
,99.01187,18.42178,0
,99.01157,18.42188,0
,99.01139,18.42192,0
,99.01088,18.42191,0
,99.01002,18.42182,0
,99.00944,18.4218,0
,99.00943,18.42181,0
,99.00902,18.42183,0
,99.0085,18.42195,0
,99.008,18.42202,0
,99.00783,18.42203,0
,99.00661,18.422,0
,99.00626,18.42192,0
,99.00612,18.4219,0
,99.00566,18.42191,0
,99.00563,18.42192,0
,99.00534,18.42194,0
,99.00464,18.42203,0
,99.00453,18.42206,0
,99.00435,18.42209,0
,99.00425,18.42212,0
,99.00227,18.42293,0
,99.00147,18.42317,0
,99.00118,18.42324,0
,99.00074,18.42329,0
,99.00032,18.42328,0
,99.00029,18.42327,0
,99.00012,18.42325,0
,98.99976,18.42323,0
,98.99941,18.42323,0
,98.99909,18.42325,0
,98.99855,18.42331,0
,98.99832,18.42335,0
,98.9983,18.42336,0
,98.99809,18.4234,0
,98.99784,18.42348,0
,98.99744,18.42358,0
,98.99723,18.42361,0
,98.99699,18.42363,0
,98.99672,18.42363,0
,98.99587,18.4235,0
,98.99566,18.42348,0
,98.99542,18.42348,0
,98.99494,18.42352,0
,98.9945,18.42361,0
,98.99418,18.42365,0
,98.99346,18.4237,0
,98.99309,18.42375,0
,98.99297,18.42378,0
,98.99273,18.42388,0
,98.99258,18.42396,0
,98.99108,18.42488,0
,98.99062,18.42512,0
,98.99053,18.42524,0
,98.99033,18.42568,0
,98.98971,18.42744,0
,98.98952,18.42792,0
,98.9893,18.42841,0
,98.98828,18.43039,0
,98.98815,18.43057,0
,98.98811,18.43064,0
,98.98783,18.43092,0
,98.9876,18.4311,0
,98.98678,18.43159,0
,98.98623,18.43199,0
,98.98604,18.43215,0
,98.98561,18.43257,0
,98.98542,18.43273,0
,98.98507,18.43295,0
,98.98226,18.4342,0
,98.98153,18.43448,0
,98.98081,18.43463,0
,98.98067,18.43467,0
,98.9806,18.43467,0
,98.98014,18.4348,0
,98.97986,18.43494,0
,98.9788,18.43556,0
,98.97878,18.43558,0
,98.97833,18.43587,0
,98.97811,18.43605,0
,98.97747,18.43664,0
,98.97736,18.43676,0
,98.97606,18.43801,0
,98.97344,18.4401,0
,98.97303,18.44047,0
,98.97232,18.44122,0
,98.97182,18.4417,0
,98.97063,18.44292,0
,98.96927,18.44442,0
,98.96913,18.44454,0
,98.96903,18.44464,0
,98.96862,18.44495,0
,98.96803,18.44532,0
,98.96798,18.44534,0
,98.96794,18.44537,0
,98.96777,18.44544,0
,98.96715,18.44575,0
,98.96629,18.44629,0
,98.96521,18.44707,0
,98.96433,18.44767,0
,98.96328,18.44843,0
,98.96302,18.44859,0
,98.96269,18.44875,0
,98.96215,18.44897,0
,98.96184,18.44908,0
,98.96153,18.44925,0
,98.96131,18.4494,0
,98.96116,18.44956,0
,98.96055,18.45043,0
,98.96037,18.45065,0
,98.95926,18.45185,0
,98.95899,18.45205,0
,98.95885,18.45213,0
,98.95859,18.45223,0
,98.9581,18.45236,0
,98.95795,18.45238,0
,98.95748,18.45248,0
,98.9574,18.45249,0
,98.95717,18.45254,0
,98.95716,18.45255,0
,98.95646,18.45267,0
,98.95638,18.45266,0
,98.95625,18.45266,0
,98.95589,18.45259,0
,98.95541,18.45244,0
,98.95476,18.45215,0
,98.95459,18.45211,0
,98.95455,18.45212,0
,98.9545,18.45212,0
,98.95437,18.45216,0
,98.95425,18.45221,0
,98.95416,18.45226,0
,98.95411,18.4523,0
,98.95377,18.45265,0
,98.95367,18.45272,0
,98.95356,18.45277,0
,98.95352,18.45278,0
,98.95347,18.45278,0
,98.95338,18.45279,0
,98.95288,18.45275,0
,98.95272,18.45275,0
,98.95266,18.45276,0
,98.95263,18.45277,0
,98.95258,18.45281,0
,98.95256,18.45283,0
,98.95254,18.45288,0
,98.95253,18.45292,0
,98.95254,18.45302,0
,98.95254,18.45308,0
,98.95342,18.45996,0
,98.95428,18.46579,0
,98.95447,18.46643,0
,98.95559,18.47029,0
,98.95557,18.47033,0
,98.95578,18.47112,0
,98.95581,18.47119,0
,98.95608,18.4721,0
,98.95612,18.47214,0
,98.95703,18.47532,0
,98.95705,18.47537,0
,98.95707,18.47554,0
,98.95708,18.47581,0
,98.95695,18.47744,0
,98.95691,18.47776,0
,98.95691,18.47784,0
,98.95671,18.47865,0
,98.95663,18.47892,0
,98.95652,18.47923,0
,98.95641,18.47945,0
,98.95628,18.47964,0
,98.95605,18.47994,0
,98.95579,18.48032,0
,98.95555,18.48072,0
,98.95538,18.48112,0
,98.95535,18.48123,0
,98.95534,18.48159,0
,98.95564,18.4837,0
,98.95576,18.48433,0
,98.95594,18.48505,0
,98.95646,18.48673,0
,98.95651,18.48693,0
,98.95658,18.48713,0
,98.95726,18.48992,0
,98.95786,18.49293,0
,98.95787,18.49301,0
,98.95824,18.49472,0
,98.95833,18.49505,0
,98.95843,18.49533,0
,98.95851,18.4955,0
,98.9587,18.49584,0
,98.95926,18.49666,0
,98.95934,18.4968,0
,98.95995,18.49771,0
,98.96022,18.49815,0
,98.96047,18.49881,0
,98.9605,18.49894,0
,98.96083,18.49991,0
,98.96086,18.49998,0
,98.96103,18.50048,0
,98.96148,18.50167,0
,98.96156,18.50194,0
,98.96181,18.50263,0
,98.96185,18.50276,0
,98.96187,18.50281,0
,98.96242,18.50507,0
,98.96244,18.50519,0
,98.96257,18.50571,0
,98.96259,18.50583,0
,98.96264,18.50603,0
,98.96282,18.50667,0
,98.96392,18.51167,0
,98.96398,18.512,0
,98.96432,18.5134,0
,98.96443,18.51397,0
,98.96451,18.5143,0
,98.96501,18.51699,0
,98.96518,18.51791,0
,98.96568,18.51966,0
,98.9661,18.52095,0
,98.96612,18.52104,0
,98.96624,18.52143,0
,98.96636,18.52173,0
,98.96675,18.52304,0
,98.9679,18.52786,0
,98.96798,18.52813,0
,98.96815,18.52888,0
,98.96906,18.53207,0
,98.9691,18.53218,0
,98.96944,18.53345,0
,98.96956,18.53384,0
,98.96958,18.53393,0
,98.96961,18.53401,0
,98.97036,18.53665,0
,98.97039,18.53688,0
,98.9704,18.5372,0
,98.97033,18.53786,0
,98.97025,18.53836,0
,98.97015,18.53873,0
,98.96973,18.53975,0
,98.96924,18.54082,0
,98.9691,18.54123,0
,98.96907,18.54127,0
,98.96889,18.54177,0
,98.96875,18.54235,0
,98.96861,18.54383,0
,98.96857,18.54404,0
,98.97003,18.54433,0
,98.97021,18.54435,0
,98.97036,18.54439,0
,98.97062,18.54448,0
,98.97095,18.54463,0
,98.97145,18.54495,0
,98.97177,18.54524,0
,98.97179,18.54525,0
,98.97209,18.54554,0
,98.97264,18.54588,0
,98.97325,18.54634,0
,98.97374,18.54678,0
,98.97377,18.54682,0
,98.97383,18.54687,0
,98.97493,18.548,0
,98.97582,18.54923,0
,98.97716,18.55123,0
,98.97718,18.55125,0
,98.97751,18.55175,0
,98.9777,18.55207,0
,98.97809,18.55261,0
,98.97901,18.55355,0
,98.97996,18.55444,0
,98.98033,18.55483,0
,98.98041,18.5549,0
,98.98054,18.55504,0
,98.98077,18.55525,0
,98.98106,18.55556,0
,98.98134,18.55582,0
,98.98136,18.55583,0
,98.98209,18.55654,0
,98.98235,18.55675,0
,98.98306,18.55723,0
,98.98355,18.55751,0
,98.98553,18.55889,0
,98.9902,18.56186,0
,98.99027,18.56192,0
,98.99081,18.5622,0
,98.99089,18.56225,0
,98.99116,18.56245,0
,98.99142,18.56281,0
,98.99169,18.56326,0
,98.9919,18.56303,0
,98.99232,18.5624,0
,98.99237,18.56234,0
,98.99246,18.56227,0
,98.99259,18.5622,0
,98.9927,18.56211,0
,98.99276,18.56205,0
,98.9928,18.56199,0
,98.99293,18.56143,0
,98.99339,18.56104,0
,98.99368,18.56082,0
,98.99397,18.56057,0
,98.99415,18.56046,0
,98.99483,18.5601,0
,98.99504,18.55996,0
,98.9951,18.55991,0
,98.99527,18.55974,0
,98.99548,18.55946,0
,98.99554,18.55935,0
,98.99629,18.55985,0
,98.9972,18.56041,0

,98.9972,18.56041,0
,98.99554,18.55935,0
,98.99548,18.55946,0
,98.99527,18.55974,0
,98.99504,18.55996,0
,98.99483,18.5601,0
,98.99397,18.56057,0
,98.99293,18.56143,0
,98.9928,18.56199,0
,98.99276,18.56205,0
,98.99259,18.5622,0
,98.99246,18.56227,0
,98.99237,18.56234,0
,98.99232,18.5624,0
,98.9919,18.56303,0
,98.99169,18.56326,0
,98.99142,18.56281,0
,98.99116,18.56245,0
,98.99081,18.5622,0
,98.99027,18.56192,0
,98.9902,18.56186,0
,98.98945,18.56138,0
,98.98939,18.56135,0
,98.98553,18.55889,0
,98.98355,18.55751,0
,98.98306,18.55723,0
,98.98235,18.55675,0
,98.98211,18.55655,0
,98.98209,18.55654,0
,98.98136,18.55583,0
,98.98134,18.55582,0
,98.98106,18.55556,0
,98.98077,18.55525,0
,98.98054,18.55504,0
,98.98041,18.5549,0
,98.98033,18.55483,0
,98.97996,18.55444,0
,98.97901,18.55355,0
,98.97809,18.55261,0
,98.9777,18.55207,0
,98.97718,18.55125,0
,98.97716,18.55123,0
,98.97582,18.54923,0
,98.97493,18.548,0
,98.97383,18.54687,0
,98.97377,18.54682,0
,98.97374,18.54678,0
,98.97325,18.54634,0
,98.97264,18.54588,0
,98.97209,18.54554,0
,98.97179,18.54525,0
,98.97177,18.54524,0
,98.97145,18.54495,0
,98.97095,18.54463,0
,98.97062,18.54448,0
,98.97021,18.54435,0
,98.9701,18.5443,0
,98.96921,18.54408,0
,98.96918,18.54408,0
,98.96723,18.54365,0
,98.9672,18.54365,0
,98.96707,18.54369,0
,98.96629,18.54354,0
,98.96604,18.54352,0
,98.96534,18.54353,0
,98.965,18.54356,0
,98.96371,18.54359,0
,98.96336,18.54357,0
,98.96256,18.54345,0
,98.96181,18.54327,0
,98.96116,18.54298,0
,98.96104,18.54295,0
,98.96011,18.54293,0
,98.95977,18.5429,0
,98.95698,18.54235,0
,98.9558,18.54201,0
,98.95508,18.54185,0
,98.95398,18.54174,0
,98.9536,18.54165,0
,98.95282,18.54137,0
,98.95229,18.54115,0
,98.95099,18.54072,0
,98.94909,18.54028,0
,98.94878,18.54024,0
,98.94863,18.54024,0
,98.94825,18.54029,0
,98.94284,18.54149,0
,98.94261,18.54157,0
,98.94246,18.54164,0
,98.94216,18.54181,0
,98.94204,18.54191,0
,98.94178,18.54218,0
,98.94119,18.54299,0
,98.94095,18.54325,0
,98.94083,18.54332,0
,98.94067,18.54338,0
,98.94044,18.54343,0
,98.94013,18.5434,0
,98.94,18.54337,0
,98.9398,18.54324,0
,98.93957,18.54302,0
,98.93938,18.54306,0
,98.93842,18.54313,0
,98.93825,18.54311,0
,98.93813,18.54308,0
,98.93782,18.54294,0
,98.93766,18.54291,0
,98.9375,18.54292,0
,98.93699,18.54307,0
,98.93633,18.54332,0
,98.93598,18.54339,0
,98.93585,18.54345,0
,98.93569,18.54354,0
,98.93555,18.54369,0
,98.93532,18.54403,0
,98.93514,18.5442,0
,98.93489,18.54438,0
,98.93386,18.54492,0
,98.93358,18.54511,0
,98.93341,18.54534,0
,98.93336,18.54543,0
,98.93329,18.54562,0
,98.93322,18.54598,0
,98.93322,18.54617,0
,98.93329,18.54651,0
,98.93358,18.54742,0
,98.93379,18.54822,0
,98.93383,18.54831,0
,98.93389,18.5484,0
,98.93394,18.54845,0
,98.93418,18.54858,0
,98.93424,18.54865,0
,98.93427,18.54876,0
,98.93422,18.54962,0
,98.93421,18.54965,0
,98.93414,18.55141,0
,98.93412,18.55148,0
,98.93411,18.55158,0
,98.93406,18.55179,0
,98.93398,18.55203,0
,98.93391,18.55218,0
,98.93356,18.55275,0
,98.93354,18.55283,0
,98.93341,18.55398,0
,98.93341,18.55409,0
,98.93343,18.55422,0
,98.93351,18.55441,0
,98.93356,18.5545,0
,98.93374,18.55466,0
,98.93415,18.55497,0
,98.93422,18.55499,0
,98.93565,18.55579,0
,98.93599,18.55604,0
,98.93606,18.55611,0
,98.93529,18.55682,0
,98.93537,18.55693,0
,98.93551,18.55719,0
,98.9356,18.55749,0
,98.93593,18.55961,0
,98.93606,18.56028,0
,98.93606,18.5603,0
,98.93609,18.56039,0
,98.93609,18.5604,0
,98.93616,18.56055,0
,98.9363,18.56073,0
,98.93691,18.56137,0
,98.93697,18.56146,0
,98.93713,18.56183,0
,98.93734,18.56246,0
,98.93741,18.56273,0
,98.93791,18.56366,0
,98.93795,18.5638,0
,98.93795,18.564,0
,98.93788,18.56426,0
,98.93778,18.56445,0
,98.93663,18.56612,0
,98.93646,18.56632,0
,98.9363,18.56644,0
,98.93617,18.5665,0
,98.93522,18.56678,0
,98.93497,18.56689,0
,98.93439,18.56731,0
,98.93419,18.56749,0
,98.93406,18.56763,0
,98.93399,18.56769,0
,98.93381,18.56788,0
,98.93297,18.56898,0
,98.93218,18.57016,0
,98.93181,18.57056,0
,98.93151,18.57072,0
,98.93061,18.57114,0
,98.92985,18.57145,0
,98.92919,18.57166,0
,98.9286,18.57196,0
,98.92849,18.572,0
,98.92818,18.57206,0
,98.92767,18.57223,0
,98.92746,18.57228,0
,98.92739,18.57228,0
,98.92735,18.57229,0
,98.92679,18.57229,0
,98.92655,18.57232,0
,98.92622,18.57241,0
,98.9261,18.57246,0
,98.92587,18.5726,0
,98.9251,18.57316,0
,98.92509,18.57318,0
,98.9249,18.57331,0
,98.92464,18.57357,0
,98.9237,18.57464,0
,98.92321,18.57505,0
,98.92276,18.57549,0
,98.9222,18.57594,0
,98.92144,18.57661,0
,98.92109,18.57698,0
,98.92102,18.57708,0
,98.92058,18.57792,0
,98.92039,18.5785,0
,98.92012,18.5793,0
,98.91959,18.582,0
,98.91958,18.58202,0
,98.91949,18.5826,0
,98.91946,18.58295,0
,98.91941,18.58314,0
,98.9193,18.58373,0
,98.91929,18.58373,0
,98.91928,18.58388,0
,98.91927,18.58391,0
,98.91914,18.58471,0
,98.91913,18.58491,0
,98.91914,18.58526,0
,98.91911,18.58556,0
,98.91892,18.58624,0
,98.91866,18.58671,0
,98.91828,18.58718,0
,98.91793,18.58755,0
,98.91714,18.58803,0
,98.91685,18.58826,0
,98.91659,18.58852,0
,98.91641,18.5886,0
,98.91602,18.58882,0
,98.91584,18.58889,0
,98.91568,18.58893,0
,98.91538,18.58897,0
,98.91515,18.58894,0
,98.91497,18.5889,0
,98.91489,18.58887,0
,98.91471,18.58885,0
,98.91459,18.58885,0
,98.91406,18.58894,0
,98.91405,18.58895,0
,98.91339,18.58912,0
,98.91325,18.58919,0
,98.91303,18.58935,0
,98.91296,18.58942,0
,98.91295,18.58944,0
,98.91276,18.58969,0
,98.91232,18.59005,0
,98.91219,18.5902,0
,98.91196,18.59073,0
,98.91196,18.59075,0
,98.91179,18.59109,0
,98.91179,18.59111,0
,98.91173,18.59123,0
,98.91168,18.5914,0
,98.91179,18.59222,0
,98.91182,18.59264,0
,98.91177,18.59285,0
,98.91157,18.59358,0
,98.91155,18.59385,0
,98.91147,18.59429,0
,98.9114,18.59455,0
,98.91109,18.59543,0
,98.91057,18.59648,0
,98.91045,18.59689,0
,98.91031,18.59768,0
,98.91024,18.59823,0
,98.91025,18.59834,0
,98.91039,18.59916,0
,98.91042,18.5996,0
,98.91036,18.60002,0
,98.91005,18.60077,0
,98.9094,18.602,0
,98.90937,18.60203,0
,98.90937,18.60204,0
,98.90924,18.60211,0
,98.90894,18.60215,0
,98.90883,18.60215,0
,98.90855,18.60209,0
,98.90804,18.60205,0
,98.90773,18.60211,0
,98.90743,18.60225,0
,98.9072,18.6024,0
,98.90718,18.60243,0
,98.90711,18.60249,0
,98.90705,18.60257,0
,98.907,18.60266,0
,98.90697,18.60284,0
,98.90697,18.60302,0
,98.90699,18.60325,0
,98.90641,18.60339,0
,98.90629,18.60347,0
,98.90626,18.60348,0
,98.90624,18.6035,0
,98.90608,18.60359,0
,98.90566,18.60375,0
,98.90558,18.60379,0
,98.90547,18.60389,0
,98.90543,18.60394,0
,98.90533,18.60413,0
,98.90523,18.60448,0
,98.90518,18.60461,0
,98.90508,18.60474,0
,98.90503,18.60478,0
,98.9043,18.60514,0
,98.90416,18.60525,0
,98.90412,18.6053,0
,98.90396,18.60566,0
,98.90385,18.60575,0
,98.90321,18.60603,0
,98.90295,18.60625,0
,98.90307,18.60677,0
,98.90308,18.60692,0
,98.90307,18.60697,0
,98.90302,18.60711,0
,98.90287,18.60728,0
,98.90243,18.60761,0
,98.90237,18.60767,0
,98.90228,18.6078,0
,98.90225,18.60787,0
,98.90052,18.61381,0
,98.90044,18.61402,0
,98.90035,18.61413,0
,98.90014,18.61427,0
,98.90006,18.61429,0
,98.89993,18.61434,0
,98.89975,18.61436,0
,98.89945,18.61442,0
,98.89915,18.61452,0
,98.89876,18.6148,0
,98.89837,18.61516,0
,98.89829,18.61527,0
,98.89825,18.61539,0
,98.89822,18.61556,0
,98.89821,18.61572,0
,98.89833,18.61739,0
,98.8983,18.61779,0
,98.89821,18.61813,0
,98.89813,18.61831,0
,98.89721,18.62007,0
,98.89741,18.62012,0
,98.89721,18.62007,0
,98.8963,18.622,0
,98.89626,18.62211,0
,98.89625,18.62222,0
,98.89626,18.62244,0
,98.8963,18.6226,0
,98.89637,18.62273,0
,98.89646,18.62284,0
,98.89662,18.62298,0
,98.89787,18.62384,0
,98.89796,18.62395,0
,98.89811,18.62418,0
,98.89819,18.62442,0
,98.89822,18.62448,0
,98.89894,18.6265,0
,98.89906,18.62699,0
,98.89916,18.62884,0
,98.89915,18.62911,0
,98.89912,18.62925,0
,98.89905,18.62942,0
,98.89896,18.62959,0
,98.89811,18.63044,0
,98.89787,18.63056,0
,98.89715,18.63081,0
,98.89718,18.63086,0
,98.89639,18.63113,0
,98.89589,18.6312,0
,98.89562,18.63117,0
,98.89506,18.631,0
,98.89106,18.62999,0
,98.89067,18.62987,0
,98.89048,18.62976,0
,98.89033,18.62964,0
,98.8902,18.62949,0
,98.88977,18.62873,0
,98.88969,18.62856,0
,98.88952,18.6284,0
,98.88934,18.62829,0
,98.88919,18.62825,0
,98.889,18.62824,0
,98.8889,18.62825,0
,98.88463,18.62831,0
,98.88448,18.62834,0
,98.88434,18.6284,0
,98.88425,18.62847,0
,98.88394,18.62877,0
,98.88329,18.62958,0
,98.88262,18.63034,0
,98.88245,18.6305,0
,98.88229,18.6306,0
,98.88204,18.63069,0
,98.88184,18.63072,0
,98.88212,18.63155,0
,98.88266,18.63362,0
,98.88317,18.63614,0
,98.88317,18.63628,0
,98.88327,18.63627,0
,98.88332,18.63625,0
,98.88337,18.63619,0
,98.88341,18.63617,0
,98.88346,18.63616,0
,98.88354,18.63619,0
,98.88346,18.63616,0
,98.88341,18.63617,0
,98.88337,18.63619,0
,98.88332,18.63625,0
,98.88327,18.63627,0
,98.88317,18.63628,0
,98.88318,18.63637,0
,98.8832,18.63645,0
,98.88334,18.63679,0
,98.88333,18.63684,0
,98.88284,18.63711,0
,98.88279,18.63717,0
,98.88276,18.63723,0
,98.88277,18.6376,0
,98.88256,18.63764,0
,98.88248,18.63768,0
,98.88228,18.63781,0
,98.88221,18.63789,0
,98.88211,18.63797,0
,98.88207,18.63798,0
,98.88196,18.63793,0
,98.88182,18.63783,0
,98.88178,18.63779,0
,98.88174,18.63777,0
,98.88157,18.63775,0
,98.88144,18.63772,0
,98.88127,18.63772,0
,98.88118,18.63771,0
,98.88109,18.63768,0
,98.88071,18.63762,0
,98.88056,18.63761,0
,98.88029,18.63766,0
,98.88021,18.63766,0
,98.8804,18.63809,0
,98.88048,18.63885,0
,98.8806,18.63886,0
,98.88085,18.63893,0
,98.88085,18.63894,0
,98.88096,18.639,0
,98.88104,18.63907,0
,98.88109,18.63914,0
,98.88124,18.63926,0
,98.88146,18.63938,0
,98.8816,18.63943,0
,98.8824,18.63962,0
,98.88261,18.63981,0
,98.88268,18.63992,0
,98.88281,18.64031,0
,98.88288,18.64101,0
,98.88291,18.64115,0
,98.88305,18.64143,0
,98.88306,18.64144,0
,98.88372,18.64307,0
,98.88377,18.64323,0
,98.88388,18.64345,0
,98.88411,18.64381,0
,98.88418,18.6439,0
,98.88418,18.64406,0
,98.8842,18.64425,0
,98.88431,18.64468,0
,98.88432,18.64471,0
,98.88431,18.64477,0
,98.88426,18.64537,0
,98.88426,18.64567,0
,98.88427,18.64569,0
,98.88427,18.64572,0
,98.88433,18.64588,0
,98.88445,18.6461,0
,98.88541,18.64745,0
,98.88559,18.64765,0
,98.8857,18.64773,0
,98.88574,18.64774,0
,98.88587,18.64782,0
,98.88617,18.64821,0
,98.88626,18.64837,0
,98.88635,18.64875,0
,98.88636,18.64885,0
,98.88639,18.64894,0
,98.88635,18.64896,0
,98.88632,18.649,0
,98.88627,18.64914,0
,98.88622,18.64969,0
,98.88613,18.65014,0
,98.88612,18.65016,0
,98.88611,18.65023,0
,98.88613,18.65095,0
,98.88609,18.65131,0
,98.88604,18.65147,0
,98.88601,18.65163,0
,98.88601,18.6517,0
,98.88608,18.65233,0
,98.88613,18.6525,0
,98.8862,18.65264,0
,98.88624,18.6527,0
,98.88658,18.65307,0
,98.8869,18.65358,0
,98.887,18.6538,0
,98.88706,18.65397,0
,98.8872,18.65465,0
,98.8872,18.65495,0
,98.88719,18.655,0
,98.8873,18.65551,0
,98.88738,18.65574,0
,98.88741,18.6558,0
,98.88754,18.65599,0
,98.8877,18.65627,0
,98.88774,18.6564,0
,98.88776,18.65665,0
,98.88777,18.65666,0
,98.88778,18.6573,0
,98.88777,18.65748,0
,98.88769,18.65806,0
,98.88769,18.65837,0
,98.8877,18.65843,0
,98.8877,18.65891,0
,98.88766,18.65903,0
,98.88764,18.65905,0
,98.88729,18.65964,0
,98.88727,18.65971,0
,98.8873,18.66018,0
,98.88726,18.66061,0
,98.8872,18.66076,0
,98.88694,18.66118,0
,98.88652,18.66165,0
,98.88648,18.66172,0
,98.88645,18.66184,0
,98.88644,18.66204,0
,98.88626,18.66349,0
,98.88622,18.66367,0
,98.88614,18.66391,0
,98.88607,18.66405,0
,98.88596,18.66422,0
,98.88552,18.66502,0
,98.88531,18.66573,0
,98.8852,18.66593,0
,98.88511,18.6665,0
,98.885,18.667,0
,98.88452,18.66796,0
,98.8842,18.66888,0
,98.88419,18.66889,0
,98.88413,18.6692,0
,98.88412,18.66939,0
,98.88413,18.66977,0
,98.88411,18.67002,0
,98.88313,18.66937,0
,98.88311,18.66938,0
,98.88308,18.66938,0
,98.88306,18.66937,0
,98.88304,18.66937,0
,98.88293,18.66929,0
,98.8829,18.66928,0
,98.88278,18.6692,0
,98.88274,18.66919,0
,98.88268,18.66919,0
,98.88263,18.66922,0
,98.88261,18.66925,0
,98.8826,18.66928,0
,98.8826,18.66931,0
,98.88263,18.66936,0
,98.88266,18.66939,0
,98.88297,18.66959,0
,98.88299,18.66961,0
,98.883,18.66968,0
,98.88397,18.67031,0
,98.88395,18.67038,0
,98.88395,18.67044,0
,98.88399,18.67075,0
,98.88417,18.67145,0
,98.88426,18.67165,0
,98.88431,18.6719,0
,98.88431,18.6721,0
,98.88426,18.67241,0
,98.88416,18.67272,0
,98.88391,18.67311,0
,98.88358,18.67356,0
,98.88336,18.67393,0
,98.88318,18.67439,0
,98.88309,18.67458,0
,98.88283,18.6749,0
,98.88265,18.67518,0
,98.88262,18.67529,0
,98.88262,18.67533,0
,98.88264,18.67539,0
,98.88265,18.67548,0
,98.88268,18.67557,0
,98.8827,18.67614,0
,98.88273,18.67633,0
,98.88284,18.67667,0
,98.88293,18.67689,0
,98.88315,18.67728,0
,98.88318,18.67732,0
,98.88338,18.67774,0
,98.88356,18.67793,0
,98.88364,18.67799,0
,98.88372,18.67803,0
,98.88371,18.67817,0
,98.88372,18.67834,0
,98.88376,18.6786,0
,98.88387,18.67895,0
,98.88409,18.67944,0
,98.8841,18.6795,0
,98.8841,18.67952,0
,98.88408,18.67956,0
,98.88406,18.67959,0
,98.88401,18.67964,0
,98.88399,18.67965,0
,98.88348,18.67976,0
,98.88295,18.68004,0
,98.88277,18.6801,0
,98.88275,18.6801,0
,98.88042,18.68059,0
,98.87961,18.68073,0
,98.87912,18.68084,0
,98.87904,18.68088,0
,98.87901,18.68093,0
,98.87899,18.68099,0
,98.87898,18.68127,0
,98.87905,18.68169,0
,98.87906,18.68172,0
,98.87909,18.68196,0
,98.87899,18.68258,0
,98.87927,18.68277,0
,98.87961,18.68292,0
,98.87971,18.68298,0
,98.87981,18.68307,0
,98.88004,18.68368,0
,98.88015,18.68386,0
,98.88032,18.68404,0
,98.88083,18.68434,0
,98.88129,18.68469,0
,98.88167,18.68504,0
,98.88188,18.68517,0
,98.88189,18.68518,0
,98.88217,18.68534,0
,98.88237,18.68549,0
,98.88243,18.68552,0
,98.88293,18.68566,0
,98.88307,18.68573,0
,98.88331,18.68592,0
,98.88355,18.68625,0
,98.88358,18.68628,0
,98.88378,18.68657,0
,98.88389,18.68677,0
,98.88396,18.68701,0
,98.88396,18.68703,0
,98.88405,18.68728,0
,98.88407,18.68731,0
,98.88441,18.68804,0
,98.88461,18.6884,0
,98.88547,18.68979,0
,98.88566,18.69003,0
,98.88664,18.69092,0
,98.88672,18.69097,0
,98.88695,18.69123,0
,98.88718,18.69142,0
,98.8873,18.6915,0
,98.88766,18.69181,0
,98.88767,18.69183,0
,98.88794,18.69207,0
,98.88854,18.69246,0
,98.8888,18.69266,0
,98.88894,18.6928,0
,98.88935,18.69331,0
,98.89084,18.6948,0
,98.89107,18.69496,0
,98.89142,18.69529,0
,98.89155,18.69544,0
,98.89196,18.6958,0
,98.89201,18.69583,0
,98.89207,18.69588,0
,98.89253,18.69618,0
,98.89277,18.69638,0
,98.89315,18.69676,0
,98.89329,18.69694,0
,98.89337,18.69701,0
,98.89354,18.69713,0
,98.89355,18.69713,0
,98.89379,18.69731,0
,98.89438,18.69784,0
,98.89439,18.69786,0
,98.89551,18.69897,0
,98.89591,18.69945,0
,98.89592,18.69947,0
,98.89602,18.69959,0
,98.89635,18.70006,0
,98.8971,18.70128,0
,98.89751,18.70165,0
,98.89758,18.70174,0
,98.89762,18.70181,0
,98.89784,18.70236,0
,98.89803,18.70271,0
,98.8981,18.70279,0
,98.89818,18.70291,0
,98.89865,18.70348,0
,98.89885,18.70367,0
,98.89911,18.70397,0
,98.8992,18.70412,0
,98.89921,18.70413,0
,98.89938,18.70451,0
,98.89956,18.70509,0
,98.8999,18.70566,0
,98.90089,18.70718,0
,98.90227,18.70894,0
,98.90322,18.71005,0
,98.904,18.7112,0
,98.90406,18.71135,0
,98.9041,18.7115,0
,98.90413,18.71172,0
,98.90414,18.71208,0
,98.90435,18.71369,0
,98.9044,18.71389,0
,98.90452,18.71421,0
,98.90477,18.71465,0
,98.90479,18.71467,0
,98.90497,18.715,0
,98.90517,18.71552,0
,98.90519,18.71597,0
,98.90513,18.71639,0
,98.90512,18.71658,0
,98.9051,18.71665,0
,98.90509,18.71666,0
,98.90508,18.7167,0
,98.90495,18.71694,0
,98.90489,18.71708,0
,98.90488,18.71716,0
,98.90491,18.71733,0
,98.90506,18.71774,0
,98.9051,18.71798,0
,98.9051,18.71814,0
,98.90519,18.71894,0
,98.90524,18.71966,0
,98.90527,18.71984,0
,98.90546,18.72053,0
,98.90551,18.72084,0
,98.90555,18.72125,0
,98.90553,18.72139,0
,98.90552,18.72228,0
,98.90555,18.72279,0
,98.90551,18.72287,0
,98.9055,18.72299,0
,98.90529,18.72361,0
,98.90525,18.7237,0
,98.90511,18.7239,0
,98.90508,18.724,0
,98.90506,18.72417,0
,98.90504,18.72539,0
,98.90482,18.72627,0
,98.90482,18.72634,0
,98.90481,18.72637,0
,98.90477,18.72707,0
,98.90478,18.72724,0
,98.90476,18.72744,0
,98.90477,18.72794,0
,98.9048,18.72813,0
,98.9049,18.72843,0
,98.90494,18.72848,0
,98.90494,18.72849,0
,98.90519,18.72873,0
,98.90528,18.72879,0
,98.90535,18.72882,0
,98.90541,18.72887,0
,98.90544,18.72894,0
,98.90545,18.72901,0
,98.90544,18.72945,0
,98.90543,18.7295,0
,98.90536,18.72959,0
,98.9053,18.72974,0
,98.90529,18.72979,0
,98.90529,18.72989,0
,98.9053,18.72992,0
,98.90532,18.73017,0
,98.90533,18.73085,0
,98.90527,18.73119,0
,98.90527,18.73126,0
,98.9053,18.73138,0
,98.90532,18.73142,0
,98.90533,18.73152,0
,98.90534,18.73157,0
,98.9053,18.73181,0
,98.90528,18.73185,0
,98.90528,18.73187,0
,98.90521,18.73196,0
,98.90505,18.73223,0
,98.90501,18.73235,0
,98.905,18.73243,0
,98.90499,18.73246,0
,98.90499,18.73268,0
,98.905,18.73269,0
,98.905,18.73273,0
,98.90508,18.73292,0
,98.90516,18.73302,0
,98.90524,18.73309,0
,98.90521,18.73311,0
,98.90505,18.73334,0
,98.90504,18.73337,0
,98.90489,18.73358,0
,98.90486,18.73365,0
,98.90484,18.73368,0
,98.90481,18.73376,0
,98.90477,18.73392,0
,98.90476,18.73402,0
,98.90477,18.7341,0
,98.90477,18.7343,0
,98.90472,18.7345,0
,98.90465,18.73463,0
,98.90455,18.73478,0
,98.90443,18.73492,0
,98.90443,18.73493,0
,98.90429,18.73506,0
,98.90412,18.73518,0
,98.90395,18.73528,0
,98.90343,18.73552,0
,98.90335,18.73536,0
,98.90329,18.73528,0
,98.90335,18.73536,0
,98.90343,18.73552,0
,98.9025,18.73595,0
,98.90192,18.73616,0
,98.90057,18.73647,0
,98.90044,18.73652,0
,98.90021,18.73664,0
,98.898,18.7382,0
,98.89766,18.7384,0
,98.89747,18.73846,0
,98.89738,18.73846,0
,98.89724,18.73843,0
,98.89721,18.73843,0
,98.89675,18.73833,0
,98.89582,18.738,0
,98.89501,18.73779,0
,98.89471,18.73768,0
,98.89454,18.73759,0
,98.89433,18.73745,0
,98.8941,18.73726,0
,98.89386,18.73701,0
,98.89371,18.7368,0
,98.89349,18.73644,0
,98.89337,18.7363,0
,98.89318,18.73612,0
,98.89225,18.73539,0
,98.89193,18.7352,0
,98.89177,18.73515,0
,98.89156,18.73513,0
,98.89144,18.73514,0
,98.89095,18.73524,0
,98.89088,18.73524,0
,98.89077,18.73521,0
,98.89067,18.73517,0
,98.89057,18.73509,0
,98.89049,18.73504,0
,98.89037,18.73493,0
,98.89015,18.73477,0
,98.89006,18.73472,0
,98.88985,18.73466,0
,98.88972,18.73464,0
,98.88949,18.73466,0
,98.88933,18.73473,0
,98.88926,18.73478,0
,98.88918,18.73486,0
,98.88914,18.73493,0
,98.8891,18.73512,0
,98.8891,18.73531,0
,98.88913,18.73558,0
,98.88932,18.7366,0
,98.8894,18.73687,0
,98.88957,18.73761,0
,98.8896,18.73788,0
,98.8896,18.738,0
,98.88958,18.7382,0
,98.88952,18.73851,0
,98.88946,18.73907,0
,98.88922,18.74064,0
,98.8892,18.74088,0
,98.88919,18.74092,0
,98.88918,18.74107,0
,98.88923,18.74203,0
,98.88931,18.74253,0
,98.88938,18.74277,0
,98.88943,18.74286,0
,98.88958,18.74304,0
,98.88963,18.74308,0
,98.88976,18.74315,0
,98.88987,18.74318,0
,98.88991,18.74318,0
,98.89016,18.74324,0
,98.8907,18.7433,0
,98.89076,18.74332,0
,98.8909,18.74339,0
,98.89107,18.74353,0
,98.89115,18.74366,0
,98.89122,18.74381,0
,98.89128,18.74402,0
,98.89129,18.74411,0
,98.89126,18.74432,0
,98.89123,18.74439,0
,98.89063,18.74529,0
,98.89033,18.74588,0
,98.8903,18.74602,0
,98.89025,18.74642,0
,98.89022,18.74695,0
,98.89021,18.74699,0
,98.89021,18.74712,0
,98.89023,18.74726,0
,98.89039,18.74773,0
,98.89042,18.74792,0
,98.89042,18.74807,0
,98.89034,18.74874,0
,98.89022,18.74924,0
,98.89012,18.74953,0
,98.89005,18.74967,0
,98.88984,18.75026,0
,98.88966,18.75069,0
,98.88958,18.75083,0
,98.88953,18.75088,0
,98.88952,18.7509,0
,98.88942,18.75099,0
,98.88933,18.75104,0
,98.88918,18.75107,0
,98.88912,18.75106,0
,98.88899,18.75106,0
,98.88889,18.75108,0
,98.8888,18.75112,0
,98.88875,18.7512,0
,98.88874,18.75124,0
,98.88874,18.75131,0
,98.88875,18.75136,0
,98.88905,18.75201,0
,98.88906,18.75202,0
,98.88908,18.75213,0
,98.88908,18.75219,0
,98.88907,18.75222,0
,98.88905,18.75225,0
,98.88922,18.75231,0
,98.88929,18.75232,0
,98.88937,18.75232,0
,98.8894,18.75231,0
,98.88964,18.75218,0
,98.88966,18.75218,0
,98.88971,18.75216,0
,98.88988,18.75214,0
,98.88995,18.75211,0
,98.89015,18.75183,0
,98.8902,18.75178,0
,98.89028,18.75173,0
,98.89031,18.75173,0
,98.89035,18.75172,0
,98.89048,18.75175,0
,98.89076,18.75187,0
,98.89094,18.75191,0
,98.89113,18.75194,0
,98.8914,18.75204,0
,98.89152,18.75213,0
,98.89158,18.75213,0
,98.8916,18.75212,0
,98.89162,18.7521,0
,98.89162,18.75209,0
,98.89163,18.75206,0
,98.89162,18.75193,0
,98.89156,18.75174,0
,98.89151,18.75166,0
,98.89144,18.7516,0
,98.89141,18.75156,0
,98.89125,18.75146,0
,98.89117,18.75138,0
,98.89116,18.75136,0
,98.89112,18.75131,0
,98.89108,18.75121,0
,98.89107,18.75102,0
,98.89104,18.75091,0
,98.89104,18.75084,0
,98.89106,18.75079,0
,98.89116,18.75065,0
,98.89132,18.75051,0
,98.89142,18.75046,0
,98.8916,18.75034,0
,98.89172,18.75024,0
,98.89173,18.75024,0
,98.89186,18.75012,0
,98.89202,18.75002,0
,98.89221,18.75001,0
,98.89232,18.75004,0
,98.89245,18.7501,0
,98.89252,18.75015,0
,98.89276,18.7504,0
,98.89296,18.75057,0
,98.89299,18.75058,0
,98.89305,18.75058,0
,98.8931,18.75057,0
,98.89328,18.75046,0
,98.8933,18.75044,0
,98.89336,18.7504,0
,98.89343,18.75037,0
,98.89353,18.75037,0
,98.89357,18.75039,0
,98.89373,18.75053,0
,98.89376,18.75054,0
,98.89383,18.75059,0
,98.89391,18.75063,0
,98.89411,18.75067,0
,98.8942,18.7507,0
,98.89435,18.7508,0
,98.89443,18.75084,0
,98.89454,18.75084,0
,98.89461,18.75082,0
,98.89473,18.75075,0
,98.89479,18.75073,0
,98.89506,18.75074,0
,98.89517,18.75072,0
,98.89519,18.75071,0
,98.89526,18.75071,0
,98.89535,18.75075,0
,98.89581,18.75102,0
,98.89583,18.75104,0
,98.8963,18.75134,0
,98.89646,18.7514,0
,98.89675,18.75146,0
,98.89742,18.75153,0
,98.8976,18.7516,0
,98.8977,18.75166,0
,98.89814,18.75199,0
,98.89826,18.75212,0
,98.8983,18.75219,0
,98.89831,18.75219,0
,98.89835,18.75228,0
,98.89848,18.75285,0
,98.89851,18.75293,0
,98.89859,18.75303,0
,98.8986,18.75303,0
,98.89864,18.75306,0
,98.8987,18.75308,0
,98.89899,18.75312,0
,98.89913,18.75312,0
,98.89933,18.75317,0
,98.90015,18.75353,0
,98.90061,18.75387,0
,98.90166,18.75458,0
,98.90205,18.75481,0
,98.90245,18.755,0
,98.903,18.75517,0
,98.90313,18.75519,0
,98.90323,18.75522,0
,98.90349,18.75535,0
,98.90366,18.75549,0
,98.9041,18.75565,0
,98.90428,18.75568,0
,98.90451,18.75573,0
,98.90514,18.75574,0
,98.90535,18.75578,0
,98.90547,18.75579,0
,98.90561,18.75587,0
,98.90564,18.75591,0
,98.90582,18.75609,0
,98.90603,18.75619,0
,98.90625,18.75625,0
,98.90631,18.75628,0
,98.90635,18.75631,0
,98.90683,18.75693,0
,98.90696,18.75704,0
,98.90722,18.75722,0
,98.90741,18.7573,0
,98.9077,18.75737,0
,98.90823,18.75746,0
,98.90879,18.75765,0
,98.90893,18.75768,0
,98.90916,18.75768,0
,98.90952,18.75765,0
,98.91013,18.75767,0
,98.91018,18.75768,0
,98.91035,18.75768,0
,98.91037,18.75769,0
,98.91049,18.75771,0
,98.9106,18.75775,0
,98.9107,18.7578,0
,98.91082,18.75789,0
,98.91086,18.75793,0
,98.91099,18.75811,0
,98.91111,18.75832,0
,98.91132,18.75879,0
,98.9122,18.75951,0
,98.91237,18.7596,0
,98.91253,18.75966,0
,98.91266,18.75968,0
,98.9128,18.75972,0
,98.91303,18.75982,0
,98.91324,18.75988,0
,98.91329,18.75987,0
,98.91335,18.75987,0
,98.9134,18.75986,0
,98.91343,18.75986,0
,98.91346,18.75987,0
,98.91353,18.75987,0
,98.91365,18.75989,0
,98.91378,18.75999,0
,98.91386,18.76004,0
,98.914,18.76019,0
,98.91424,18.76069,0
,98.91434,18.76083,0
,98.91446,18.76093,0
,98.91457,18.76099,0
,98.91473,18.76105,0
,98.91483,18.76106,0
,98.91499,18.76111,0
,98.91507,18.76116,0
,98.91509,18.76116,0
,98.91559,18.76153,0
,98.91585,18.76177,0
,98.91603,18.76187,0
,98.91633,18.762,0
,98.91644,18.76206,0
,98.91679,18.76219,0
,98.91761,18.7624,0
,98.9179,18.76247,0
,98.91813,18.76257,0
,98.91833,18.76268,0
,98.91852,18.76273,0
,98.91882,18.76274,0
,98.91891,18.76276,0
,98.91962,18.7627,0
,98.91966,18.76269,0
,98.9198,18.76263,0
,98.91988,18.76257,0
,98.91993,18.7625,0
,98.91993,18.76249,0
,98.92003,18.76229,0
,98.92013,18.762,0
,98.92015,18.76189,0
,98.92026,18.7616,0
,98.92034,18.76145,0
,98.92037,18.76142,0
,98.92049,18.76124,0
,98.92071,18.76102,0
,98.92123,18.7607,0
,98.92202,18.76054,0
,98.92225,18.76053,0
,98.92263,18.76056,0
,98.92309,18.76068,0
,98.92334,18.76078,0
,98.92384,18.76104,0
,98.92398,18.76106,0
,98.92432,18.76103,0
,98.92471,18.76103,0
,98.92509,18.76108,0
,98.92526,18.76116,0
,98.92556,18.76133,0
,98.92558,18.76135,0
,98.92683,18.7622,0
,98.9269,18.76221,0
,98.92695,18.76223,0
,98.92718,18.76219,0
,98.92743,18.76212,0
,98.93053,18.76427,0
,98.93214,18.76215,0
,98.93234,18.76184,0
,98.93235,18.76176,0
,98.93237,18.76156,0
,98.93282,18.76195,0
,98.93335,18.76228,0
,98.93346,18.7623,0
,98.93357,18.7623,0
,98.93372,18.76222,0
,98.93373,18.76222,0
,98.93427,18.76175,0
,98.93445,18.76169,0
,98.93533,18.7613,0
,98.93553,18.76175,0
,98.9357,18.76211,0
,98.93587,18.76252,0
,98.93589,18.76259,0
,98.93593,18.76286,0
,98.93592,18.76308,0
,98.93572,18.76366,0
,98.93617,18.76369,0
,98.93653,18.76369,0
,98.93676,18.76371,0
,98.93884,18.76372,0
,98.93894,18.76374,0
,98.93899,18.76377,0
,98.93915,18.76393,0
,98.93969,18.7646,0
,98.93889,18.76572,0
,98.93931,18.76568,0
,98.93949,18.76568,0
,98.93958,18.7657,0
,98.93965,18.76573,0
,98.93966,18.76573,0
,98.94033,18.76636,0
,98.94072,18.76668,0
,98.94069,18.76686,0
,98.94067,18.7669,0
,98.94061,18.76698,0
,98.94055,18.76703,0
,98.94047,18.76708,0
,98.94045,18.7671,0
,98.94044,18.76713,0
,98.94043,18.76715,0
,98.94043,18.76729,0
,98.94058,18.76753,0
,98.941,18.7681,0
,98.94138,18.76844,0
,98.94159,18.76857,0
,98.94195,18.76869,0
,98.94254,18.7688,0
,98.94279,18.76883,0
,98.9431,18.76889,0
,98.94317,18.76889,0
,98.94347,18.76902,0
,98.94376,18.76904,0
,98.94438,18.76915,0
,98.94534,18.76951,0
,98.94532,18.76974,0
,98.94534,18.77009,0
,98.94571,18.77069,0
,98.94601,18.77111,0
,98.94612,18.77133,0
,98.94615,18.77141,0
,98.94616,18.77151,0
,98.94613,18.77167,0
,98.94598,18.77207,0
,98.94595,18.77221,0
,98.94595,18.77226,0
,98.94599,18.77243,0
,98.9461,18.77273,0
,98.94611,18.77274,0
,98.94639,18.77372,0
,98.94648,18.7739,0
,98.94685,18.77445,0
,98.94774,18.77536,0
,98.94812,18.77585,0
,98.94821,18.77593,0
,98.94833,18.77601,0
,98.94847,18.77603,0
,98.94946,18.77633,0
,98.94982,18.77648,0
,98.95034,18.77687,0
,98.95058,18.77737,0
,98.95069,18.77779,0
,98.95075,18.77833,0
,98.95074,18.7788,0
,98.95075,18.77889,0
,98.95073,18.77923,0
,98.95075,18.77932,0
,98.95095,18.7796,0
,98.95116,18.77985,0
,98.95119,18.77986,0
,98.95152,18.78007,0
,98.95227,18.78003,0
,98.9524,18.78001,0
,98.95248,18.78004,0
,98.95257,18.7801,0
,98.9526,18.78013,0
,98.9536,18.78162,0
,98.95378,18.78195,0
,98.95386,18.78207,0
,98.95401,18.78238,0
,98.95407,18.78248,0
,98.9542,18.78255,0
,98.95428,18.78258,0
,98.95434,18.78259,0
,98.9544,18.78262,0
,98.95457,18.7828,0
,98.9548,18.78332,0
,98.9546,18.7834,0
,98.95402,18.78352,0
,98.95389,18.7836,0
,98.95381,18.78368,0
,98.95377,18.78374,0
,98.95374,18.78376,0
,98.95372,18.78374,0
,98.9536,18.78372,0
,98.95343,18.78363,0
,98.95337,18.78356,0
,98.95336,18.78348,0
,98.95336,18.78336,0
,98.95338,18.78321,0
,98.95342,18.78306,0
,98.95344,18.78288,0
,98.9534,18.78263,0
,98.95333,18.78257,0
,98.95317,18.78248,0
,98.95292,18.78249,0
,98.95272,18.78253,0
,98.95266,18.78261,0
,98.9526,18.78281,0
,98.9526,18.78289,0
,98.95265,18.78306,0
,98.95268,18.78324,0
,98.95283,18.78335,0
,98.95299,18.78358,0
,98.95305,18.78364,0
,98.95336,18.78374,0
,98.95339,18.78392,0
,98.95374,18.78376,0
,98.95377,18.78374,0
,98.95381,18.78388,0
,98.95393,18.78414,0
,98.95401,18.78427,0
,98.95447,18.78539,0
,98.95461,18.78586,0
,98.95467,18.78621,0
,98.95465,18.78631,0
,98.95457,18.78743,0
,98.95457,18.78761,0
,98.9547,18.78842,0
,98.95474,18.78849,0
,98.95477,18.78857,0
,98.95498,18.78893,0
,98.95529,18.78932,0
,98.95536,18.78939,0
,98.9555,18.78949,0
,98.95553,18.78952,0
,98.95577,18.7897,0
,98.9558,18.78971,0
,98.95598,18.78997,0
,98.95601,18.79004,0
,98.95605,18.79024,0
,98.95605,18.79035,0
,98.9561,18.79047,0
,98.95613,18.79052,0
,98.95623,18.79064,0
,98.95636,18.79083,0
,98.95638,18.79094,0
,98.95639,18.79113,0
,98.95644,18.79138,0
,98.95682,18.7923,0
,98.95365,18.79326,0
,98.95329,18.79335,0
,98.95328,18.79346,0
,98.95327,18.79639,0
,98.95325,18.79639,0
,98.95323,18.79641,0
,98.95322,18.79641,0
,98.95322,18.79642,0
,98.95321,18.79642,0
,98.9532,18.79644,0
,98.95319,18.79644,0
,98.95319,18.79646,0
,98.95318,18.79646,0
,98.95318,18.79648,0
,98.95317,18.79649,0
,98.95317,18.79654,0
,98.95318,18.79655,0
,98.95318,18.79657,0
,98.9532,18.79659,0
,98.9532,18.7966,0
,98.95321,18.7966,0
,98.95321,18.79661,0
,98.95322,18.79661,0
,98.95324,18.79663,0
,98.95326,18.79663,0
,98.95326,18.79664,0
,98.9533,18.79664,0
,98.95329,18.79905,0
,98.95333,18.79952,0
,98.9533,18.79989,0
,98.95331,18.80003,0
,98.95338,18.80032,0
,98.9536,18.80091,0
,98.95363,18.80095,0
,98.95373,18.80103,0
,98.9539,18.80109,0
,98.95402,18.80111,0
,98.95445,18.8011,0
,98.95455,18.80115,0
,98.95461,18.80125,0
,98.95467,18.80155,0
,98.95467,18.80157,0
,98.95475,18.80173,0
,98.95476,18.80179,0
,98.95477,18.80182,0
,98.95449,18.80219,0
,98.95445,18.80226,0
,98.95444,18.80227,0
,98.95443,18.8023,0
,98.95441,18.80233,0
,98.95437,18.80257,0
,98.95434,18.8029,0
,98.95428,18.80326,0
,98.95417,18.80354,0
,98.9541,18.80364,0
,98.95407,18.80367,0
,98.95402,18.80374,0
,98.95397,18.80376,0
,98.95388,18.80384,0
,98.95385,18.80389,0
,98.9538,18.80389,0
,98.9538,18.8039,0
,98.95379,18.8039,0
,98.95379,18.80392,0
,98.95378,18.80392,0
,98.95378,18.80395,0
,98.95379,18.80395,0
,98.95379,18.80397,0
,98.9538,18.80397,0
,98.95381,18.80398,0
,98.95382,18.80402,0
,98.95398,18.8044,0
,98.95404,18.80445,0
,98.95454,18.8051,0
,98.95457,18.80522,0
,98.95456,18.80522,0
,98.95456,18.80524,0
,98.95455,18.80524,0
,98.95455,18.80527,0
,98.95454,18.80527,0
,98.95438,18.80546,0
,98.95348,18.80593,0
,98.95328,18.806,0
,98.95437,18.80792,0
,98.95465,18.80837,0
,98.95252,18.80948,0
,98.95201,18.80972,0
,98.95042,18.81022,0
,98.95036,18.81028,0
,98.94909,18.81058,0
,98.94897,18.81062,0
,98.94876,18.81065,0
,98.94822,18.81066,0
,98.94764,18.81064,0
,98.94752,18.81067,0
,98.94752,18.81068,0
,98.94749,18.8107,0
,98.94745,18.81076,0
,98.94742,18.81083,0
,98.94732,18.81122,0
,98.94724,18.81142,0
,98.94704,18.81182,0
,98.94676,18.81226,0
,98.94648,18.81263,0
,98.94633,18.81279,0
,98.94626,18.81291,0
,98.94623,18.81305,0
,98.94622,18.81306,0
,98.94622,18.81331,0
,98.94654,18.81405,0
,98.94654,18.81409,0
,98.94656,18.81418,0
,98.94655,18.81436,0
,98.94656,18.81442,0
,98.94652,18.8148,0
,98.94654,18.81496,0
,98.94655,18.81498,0
,98.94657,18.8151,0
,98.94664,18.81536,0
,98.94665,18.81556,0
,98.9466,18.8157,0
,98.94655,18.81577,0
,98.94639,18.81592,0
,98.9463,18.81597,0
,98.94622,18.816,0
,98.94556,18.8161,0
,98.9455,18.81613,0
,98.94542,18.81619,0
,98.94538,18.81623,0
,98.94535,18.81625,0
,98.94528,18.81634,0
,98.94521,18.81647,0
,98.94515,18.81662,0
,98.94509,18.81688,0
,98.94509,18.81699,0
,98.94511,18.81706,0
,98.94516,18.81714,0
,98.94541,18.81746,0
,98.94545,18.81764,0
,98.94544,18.81787,0
,98.9454,18.81802,0
,98.94535,18.81809,0
,98.94529,18.81815,0
,98.94522,18.8182,0
,98.94515,18.81823,0
,98.94508,18.81824,0
,98.94495,18.81822,0
,98.94486,18.81818,0
,98.94466,18.81805,0
,98.94445,18.81783,0
,98.94431,18.81762,0
,98.94412,18.8172,0
,98.94403,18.81706,0
,98.94396,18.81699,0
,98.94386,18.81693,0
,98.94357,18.81681,0
,98.94355,18.81679,0
,98.94354,18.81679,0
,98.94352,18.81676,0
,98.9435,18.81671,0
,98.94349,18.81666,0
,98.94349,18.8166,0
,98.94351,18.8165,0
,98.94354,18.81642,0
,98.94358,18.81636,0
,98.94364,18.81623,0
,98.94365,18.81597,0
,98.94364,18.81596,0
,98.9436,18.81584,0
,98.94331,18.81518,0
,98.94327,18.81511,0
,98.9432,18.81504,0
,98.9431,18.81499,0
,98.94298,18.81496,0
,98.94297,18.81495,0
,98.94294,18.81494,0
,98.94288,18.81488,0
,98.94285,18.81482,0
,98.94284,18.81473,0
,98.94286,18.81459,0
,98.94295,18.81424,0
,98.94295,18.81408,0
,98.94289,18.81331,0
,98.94287,18.81325,0
,98.94279,18.81311,0
,98.94268,18.81301,0
,98.94208,18.8126,0
,98.94188,18.81249,0
,98.94185,18.81249,0
,98.94182,18.81248,0
,98.94174,18.81248,0
,98.94172,18.81249,0
,98.94167,18.81251,0
,98.94164,18.81254,0
,98.94161,18.81256,0
,98.94122,18.81314,0
,98.94095,18.81344,0
,98.94073,18.81364,0
,98.94058,18.81372,0
,98.94053,18.81373,0
,98.94051,18.81374,0
,98.94033,18.81371,0
,98.94018,18.81361,0
,98.93946,18.81298,0
,98.93932,18.81292,0
,98.93913,18.81289,0
,98.93904,18.8129,0
,98.93897,18.81292,0
,98.93887,18.81298,0
,98.93882,18.81303,0
,98.93871,18.81319,0
,98.93867,18.81323,0
,98.93838,18.81374,0
,98.93819,18.81403,0
,98.93804,18.81413,0
,98.93795,18.81416,0
,98.93784,18.81416,0
,98.93781,18.81415,0
,98.93774,18.81411,0
,98.93711,18.81347,0
,98.93702,18.81334,0
,98.93702,18.81333,0
,98.93698,18.81329,0
,98.93696,18.81323,0
,98.93696,18.81316,0
,98.93697,18.8131,0
,98.93703,18.81301,0
,98.93707,18.81297,0
,98.93718,18.81291,0
,98.93745,18.8128,0
,98.93751,18.81275,0
,98.93757,18.81258,0
,98.93755,18.81239,0
,98.93751,18.81223,0
,98.93751,18.81213,0
,98.93753,18.81205,0
,98.93763,18.81194,0
,98.93776,18.81187,0
,98.93839,18.81169,0
,98.93845,18.81165,0
,98.93848,18.81162,0
,98.93851,18.81153,0
,98.93852,18.81145,0
,98.9385,18.81137,0
,98.93848,18.81133,0
,98.9384,18.81124,0
,98.93834,18.81122,0
,98.93818,18.81122,0
,98.93772,18.81134,0
,98.93759,18.81135,0
,98.93744,18.8113,0
,98.93738,18.81126,0
,98.93731,18.81117,0
,98.93727,18.81104,0
,98.93725,18.81093,0
,98.93724,18.8106,0
,98.93725,18.81041,0
,98.93729,18.81016,0
,98.93732,18.81007,0
,98.93757,18.80956,0
,98.93766,18.8093,0
,98.93768,18.80909,0
,98.93768,18.80891,0
,98.9376,18.80836,0
,98.9376,18.80827,0
,98.93769,18.80746,0
,98.93767,18.80715,0
,98.93758,18.80683,0
,98.93713,18.80568,0
,98.93711,18.80553,0
,98.93711,18.80542,0
,98.93716,18.80517,0
,98.93723,18.80485,0
,98.93722,18.80467,0
,98.9372,18.80459,0
,98.93718,18.80456,0
,98.93664,18.80419,0
,98.9363,18.80399,0
,98.9362,18.80397,0
,98.93616,18.80397,0
,98.93607,18.80399,0
,98.93599,18.80403,0
,98.93596,18.80406,0
,98.93595,18.80406,0
,98.93586,18.80419,0
,98.93562,18.80466,0
,98.93554,18.80476,0
,98.93547,18.80482,0
,98.93538,18.80486,0
,98.93534,18.80487,0
,98.93498,18.80475,0
,98.93465,18.80472,0
,98.93458,18.80469,0
,98.93454,18.80466,0
,98.93448,18.80454,0
,98.93446,18.80436,0
,98.93446,18.80421,0
,98.9345,18.80407,0
,98.9346,18.80396,0
,98.9347,18.80389,0
,98.93482,18.80378,0
,98.93489,18.80364,0
,98.9349,18.80364,0
,98.9349,18.80359,0
,98.93492,18.80353,0
,98.93493,18.80344,0
,98.9349,18.80328,0
,98.93459,18.8023,0
,98.93437,18.80189,0
,98.93429,18.80178,0
,98.93379,18.80121,0
,98.93283,18.80021,0
,98.93256,18.79987,0
,98.93254,18.79982,0
,98.93255,18.79966,0
,98.93257,18.79958,0
,98.93264,18.79944,0
,98.93266,18.79934,0
,98.93262,18.7992,0
,98.93257,18.79915,0
,98.93251,18.79913,0
,98.93182,18.79899,0
,98.93172,18.79896,0
,98.93162,18.79889,0
,98.9316,18.79885,0
,98.93159,18.79873,0
,98.93161,18.79864,0
,98.93189,18.79833,0
,98.93198,18.79819,0
,98.93201,18.79811,0
,98.93202,18.79803,0
,98.93201,18.79797,0
,98.93194,18.79786,0
,98.93177,18.79764,0
,98.93175,18.7976,0
,98.93173,18.79753,0
,98.93174,18.79746,0
,98.93177,18.79739,0
,98.93194,18.79721,0
,98.93199,18.79711,0
,98.932,18.79705,0
,98.932,18.79699,0
,98.93197,18.79686,0
,98.93191,18.79671,0
,98.93188,18.79666,0
,98.9318,18.79621,0
,98.93174,18.79607,0
,98.9317,18.79602,0
,98.93161,18.79596,0
,98.93108,18.79573,0
,98.93102,18.79568,0
,98.93099,18.7956,0
,98.931,18.79552,0
,98.93103,18.79548,0
,98.93105,18.79544,0
,98.93116,18.79536,0
,98.9314,18.79512,0
,98.93146,18.79503,0
,98.93151,18.79491,0
,98.93154,18.79466,0
,98.93153,18.79443,0
,98.93155,18.79426,0
,98.93157,18.79422,0
,98.93157,18.79421,0
,98.9316,18.79417,0
,98.9316,18.79416,0
,98.93167,18.79413,0
,98.93168,18.79412,0
,98.93176,18.79412,0
,98.93184,18.79414,0
,98.93199,18.79422,0
,98.93281,18.79483,0
,98.9329,18.79487,0
,98.93297,18.79488,0
,98.93305,18.79488,0
,98.93312,18.79486,0
,98.93315,18.79484,0
,98.93319,18.7948,0
,98.93322,18.79473,0
,98.93322,18.7946,0
,98.93319,18.79444,0
,98.93318,18.79444,0
,98.93288,18.79387,0
,98.93268,18.7936,0
,98.9326,18.79346,0
,98.93253,18.79324,0
,98.93247,18.79287,0
,98.93247,18.79259,0
,98.93249,18.79247,0
,98.93255,18.79237,0
,98.93286,18.79205,0
,98.93303,18.79185,0
,98.93303,18.79183,0
,98.93304,18.79181,0
,98.93303,18.79176,0
,98.93303,18.79163,0
,98.93301,18.79159,0
,98.93296,18.79154,0
,98.93294,18.79153,0
,98.93285,18.79152,0
,98.93282,18.79153,0
,98.93272,18.7916,0
,98.93241,18.79195,0
,98.93229,18.79202,0
,98.93208,18.79206,0
,98.93177,18.79207,0
,98.93141,18.79219,0
,98.93119,18.79222,0
,98.93098,18.79222,0
,98.93086,18.79225,0
,98.93075,18.7923,0
,98.93066,18.79236,0
,98.93061,18.79243,0
,98.93056,18.79253,0
,98.93048,18.79285,0
,98.93044,18.79292,0
,98.93038,18.79296,0
,98.9303,18.79299,0
,98.93029,18.793,0
,98.93019,18.79302,0
,98.93005,18.79302,0
,98.92991,18.79305,0
,98.92983,18.79309,0
,98.92979,18.79312,0
,98.92951,18.79342,0
,98.92923,18.79365,0
,98.92914,18.79371,0
,98.92904,18.79374,0
,98.92895,18.79375,0
,98.92889,18.79373,0
,98.92886,18.7937,0
,98.92884,18.79366,0
,98.92881,18.79327,0
,98.92879,18.79321,0
,98.92879,18.7932,0
,98.92875,18.79315,0
,98.9287,18.79311,0
,98.92862,18.79309,0
,98.92853,18.79309,0
,98.92812,18.79316,0
,98.92803,18.79316,0
,98.92801,18.79315,0
,98.92799,18.79313,0
,98.92782,18.79281,0
,98.92778,18.79276,0
,98.92764,18.79268,0
,98.92753,18.79266,0
,98.92746,18.79266,0
,98.9274,18.79267,0
,98.9273,18.79271,0
,98.92724,18.79275,0
,98.92711,18.79281,0
,98.92706,18.79282,0
,98.92704,18.79283,0
,98.92689,18.79283,0
,98.92672,18.79278,0
,98.92651,18.79264,0
,98.92641,18.79254,0
,98.92637,18.79247,0
,98.9263,18.79226,0
,98.92626,18.79218,0
,98.9262,18.79212,0
,98.92613,18.79208,0
,98.92607,18.79206,0
,98.92599,18.79206,0
,98.92593,18.79205,0
,98.92586,18.79208,0
,98.92572,18.7922,0
,98.92563,18.79232,0
,98.92554,18.79238,0
,98.92548,18.79239,0
,98.92543,18.79239,0
,98.92538,18.79237,0
,98.9252,18.79222,0
,98.92499,18.79192,0
,98.92499,18.79191,0
,98.92496,18.79186,0
,98.92492,18.79182,0
,98.92483,18.79177,0
,98.92477,18.79175,0
,98.92467,18.79176,0
,98.92441,18.79189,0
,98.92423,18.7919,0
,98.92385,18.79183,0
,98.92372,18.79182,0
,98.92348,18.79192,0
,98.92307,18.79202,0
,98.92295,18.79202,0
,98.92289,18.79198,0
,98.92283,18.79192,0
,98.92259,18.79158,0
,98.92255,18.79144,0
,98.92259,18.79135,0
,98.92262,18.79131,0
,98.9229,18.79107,0
,98.92292,18.79097,0
,98.92289,18.79091,0
,98.92285,18.79086,0
,98.9228,18.79083,0
,98.92268,18.79081,0
,98.92255,18.79083,0
,98.92248,18.79082,0
,98.92244,18.79079,0
,98.92242,18.79076,0
,98.92241,18.79072,0
,98.92247,18.79054,0
,98.92256,18.79032,0
,98.92261,18.79015,0
,98.92263,18.78998,0
,98.92263,18.78983,0
,98.92262,18.78979,0
,98.92261,18.78961,0
,98.92265,18.78953,0
,98.92269,18.78948,0
,98.92353,18.789,0
,98.92361,18.78898,0
,98.9237,18.78897,0
,98.92371,18.78896,0
,98.9239,18.78893,0
,98.92399,18.78889,0
,98.92409,18.78878,0
,98.92412,18.78867,0
,98.92412,18.78858,0
,98.92408,18.78831,0
,98.92399,18.78796,0
,98.92392,18.78778,0
,98.92386,18.78767,0
,98.92378,18.78761,0
,98.92373,18.7876,0
,98.92361,18.7876,0
,98.92356,18.78762,0
,98.9235,18.78766,0
,98.92346,18.78771,0
,98.92335,18.78791,0
,98.92331,18.78794,0
,98.92318,18.78798,0
,98.92303,18.788,0
,98.92291,18.78806,0
,98.92285,18.78813,0
,98.92283,18.78818,0
,98.92274,18.78859,0
,98.92267,18.78875,0
,98.92251,18.78896,0
,98.9223,18.78917,0
,98.92219,18.7893,0
,98.92211,18.78948,0
,98.92209,18.7896,0
,98.92207,18.78988,0
,98.92204,18.78997,0
,98.92202,18.78999,0
,98.92186,18.79025,0
,98.92158,18.7906,0
,98.92144,18.79088,0
,98.9214,18.79099,0
,98.92139,18.79111,0
,98.92144,18.79137,0
,98.92143,18.79153,0
,98.92136,18.79166,0
,98.92128,18.79176,0
,98.92113,18.79191,0
,98.92112,18.79198,0
,98.92113,18.79207,0
,98.92116,18.79215,0
,98.92123,18.79221,0
,98.92134,18.79226,0
,98.92164,18.79235,0
,98.92174,18.7924,0
,98.92183,18.79246,0
,98.92187,18.79253,0
,98.92188,18.79267,0
,98.92184,18.79272,0
,98.92171,18.79282,0
,98.92153,18.7929,0
,98.9215,18.79293,0
,98.9215,18.79302,0
,98.92155,18.79311,0
,98.92168,18.79326,0
,98.92181,18.79336,0
,98.92188,18.7934,0
,98.92204,18.79342,0
,98.92243,18.79339,0
,98.92259,18.7934,0
,98.92264,18.79342,0
,98.92272,18.79347,0
,98.92278,18.79354,0
,98.92286,18.79367,0
,98.92294,18.79387,0
,98.923,18.79407,0
,98.92301,18.79435,0
,98.92298,18.79457,0
,98.92293,18.7947,0
,98.92273,18.79495,0
,98.92231,18.7953,0
,98.92202,18.79561,0
,98.92199,18.7957,0
,98.92198,18.79571,0
,98.92198,18.79579,0
,98.922,18.79584,0
,98.92207,18.79592,0
,98.92301,18.79644,0
,98.92303,18.79646,0
,98.92306,18.79653,0
,98.92308,18.79661,0
,98.92306,18.79678,0
,98.92292,18.79709,0
,98.92285,18.7972,0
,98.92257,18.79744,0
,98.9225,18.79748,0
,98.92243,18.7975,0
,98.92225,18.79758,0
,98.92215,18.79767,0
,98.92209,18.79775,0
,98.92201,18.79792,0
,98.92186,18.79818,0
,98.92181,18.79837,0
,98.92182,18.79862,0
,98.92199,18.79895,0
,98.92226,18.79923,0
,98.92242,18.79936,0
,98.92257,18.79952,0
,98.92266,18.79972,0
,98.92265,18.79988,0
,98.92258,18.79998,0
,98.92245,18.80008,0
,98.92226,18.80013,0
,98.92215,18.80011,0
,98.92189,18.79998,0
,98.92182,18.79997,0
,98.92174,18.79998,0
,98.92155,18.80007,0
,98.92132,18.80025,0
,98.92131,18.80027,0
,98.92121,18.80037,0
,98.92117,18.80043,0
,98.92108,18.80065,0
,98.92106,18.8008,0
,98.92107,18.80093,0
,98.92103,18.80129,0
,98.92098,18.80141,0
,98.92095,18.80152,0
,98.9209,18.80159,0
,98.92089,18.80159,0
,98.92085,18.80164,0
,98.92083,18.80169,0
,98.92082,18.80179,0
,98.92088,18.80192,0
,98.92127,18.80253,0
,98.92127,18.80254,0
,98.92133,18.80261,0
,98.92137,18.80262,0
,98.92142,18.80262,0
,98.92145,18.80261,0
,98.92148,18.80258,0
,98.92152,18.80256,0
,98.92166,18.80241,0
,98.92176,18.80233,0
,98.92184,18.80229,0
,98.92192,18.80228,0
,98.92195,18.80229,0
,98.92198,18.80231,0
,98.92199,18.80237,0
,98.92201,18.80243,0
,98.922,18.80245,0
,98.92168,18.80276,0
,98.92144,18.80292,0
,98.92133,18.80296,0
,98.92124,18.80295,0
,98.9212,18.80293,0
,98.92115,18.80287,0
,98.92108,18.80276,0
,98.92096,18.80264,0
,98.92095,18.80264,0
,98.92082,18.80258,0
,98.92062,18.80258,0
,98.92041,18.80265,0
,98.9203,18.80272,0
,98.92024,18.8028,0
,98.92028,18.80282,0
,98.92024,18.803,0
,98.92016,18.80331,0
,98.92014,18.80336,0
,98.92007,18.80345,0
,98.92001,18.80369,0
,98.92,18.8037,0
,98.91983,18.80436,0
,98.91977,18.80445,0
,98.91963,18.80453,0
,98.91983,18.8045,0
,98.91995,18.80441,0
,98.92003,18.8042,0
,98.92015,18.8036,0
,98.92016,18.80344,0
,98.92014,18.80336,0
,98.92016,18.80331,0
,98.92021,18.80331,0
,98.92031,18.80327,0
,98.92032,18.80325,0
,98.92055,18.80299,0
,98.92057,18.80298,0
,98.92062,18.80298,0
,98.92064,18.80299,0
,98.92065,18.80301,0
,98.92067,18.80303,0
,98.92069,18.80312,0
,98.9207,18.80315,0
,98.92076,18.80325,0
,98.92077,18.80326,0
,98.92078,18.80329,0
,98.92078,18.80333,0
,98.92083,18.80345,0
,98.92086,18.80348,0
,98.92093,18.80352,0
,98.92094,18.80352,0
,98.92101,18.80344,0
,98.92103,18.80334,0
,98.92122,18.80333,0
,98.92172,18.8034,0
,98.92182,18.80343,0
,98.92192,18.80353,0
,98.92202,18.80379,0
,98.92183,18.80382,0
,98.9218,18.80383,0
,98.92172,18.8039,0
,98.92169,18.8039,0
,98.92158,18.80393,0
,98.92148,18.80398,0
,98.92147,18.80403,0
,98.92149,18.80406,0
,98.92156,18.80411,0
,98.92158,18.80412,0
,98.92167,18.80423,0
,98.9218,18.80436,0
,98.92202,18.8045,0